-- Automatically generated, do not edit.

SET client_min_messages TO 'warning';

-- Temporarily drop triggers.
DROP TRIGGER deny_deprecated ON link;

INSERT INTO area (begin_date_day, begin_date_month, begin_date_year, comment, edits_pending, end_date_day, end_date_month, end_date_year, ended, gid, id, last_updated, name, type) VALUES
	(NULL, NULL, NULL, '', 0, NULL, NULL, NULL, '0', '8a754a16-0027-3a29-b6d7-2b40ea0481ed', 221, '2013-05-16 11:06:19.67235+00', 'United Kingdom', 1),
	(NULL, NULL, NULL, '', 0, NULL, NULL, NULL, '0', 'c249c30e-88ab-4b2f-a745-96a25bd7afee', 3924, '2013-05-23 23:29:52.855232+00', 'Liverpool', 3);
INSERT INTO artist (area, begin_area, begin_date_day, begin_date_month, begin_date_year, comment, edits_pending, end_area, end_date_day, end_date_month, end_date_year, ended, gender, gid, id, last_updated, name, sort_name, type) VALUES
	(221, 3924, NULL, 3, 1957, '', 0, NULL, 10, 4, 1970, '1', NULL, 'b10bbbfc-cf9e-42e0-be17-e2c3e1d2600d', 303, '2015-02-13 11:00:11.161064+00', 'The Beatles', 'Beatles, The', 2);
INSERT INTO artist_alias (artist, begin_date_day, begin_date_month, begin_date_year, edits_pending, end_date_day, end_date_month, end_date_year, ended, id, last_updated, locale, name, primary_for_locale, sort_name, type) VALUES
	(303, NULL, NULL, NULL, 0, NULL, NULL, NULL, '0', 106844, '2012-06-12 10:12:49.001008+00', 'ru', 'Битлз', '1', 'Битлз', NULL),
	(303, NULL, NULL, NULL, 0, NULL, NULL, NULL, '0', 76592, '2012-06-12 10:12:49.001008+00', 'ko', '더 비틀즈', '1', '더 비틀즈', NULL),
	(303, NULL, NULL, NULL, 0, NULL, NULL, NULL, '0', 106841, '2012-06-12 10:12:49.001008+00', 'es', 'Los Beatles', '1', 'Los Beatles', NULL),
	(303, NULL, NULL, NULL, 0, NULL, NULL, NULL, '0', 130, '2015-09-29 17:33:19.138328+00', 'en', 'Beatles', '0', 'Beatles', 1),
	(303, NULL, NULL, NULL, 0, NULL, NULL, NULL, '0', 10389, '2015-09-29 17:33:56.969817+00', NULL, 'fab four', '0', 'fab four', 3),
	(303, NULL, NULL, NULL, 0, NULL, NULL, NULL, '0', 115264, '2012-06-12 10:12:49.001008+00', 'zh_Hans', '披头士', '1', '披头士', NULL),
	(303, NULL, NULL, NULL, 0, NULL, NULL, NULL, '0', 117401, '2012-06-12 10:12:49.001008+00', 'zh_Hant', '披頭四', '1', '披頭四', NULL),
	(303, NULL, NULL, NULL, 0, NULL, NULL, NULL, '0', 76594, '2015-02-06 09:10:57.556771+00', 'ja', 'ザ・ビートルズ', '1', 'ビートルズ (ザ)', NULL),
	(303, NULL, NULL, NULL, 0, NULL, NULL, NULL, '0', 165662, '2015-09-29 17:33:19.138328+00', 'en', 'The Beatles', '1', 'Beatles, The', 1),
	(303, NULL, NULL, NULL, 0, NULL, NULL, NULL, '0', 1126, '2015-09-29 17:33:41.479987+00', NULL, 'Beetles', '0', 'Beetles', 3);
INSERT INTO tag (id, name, ref_count) VALUES
	(7, 'rock', 65222),
	(19, 'pop', 21043),
	(29, 'progressive rock', 3633),
	(41, '80s', 619),
	(43, 'heavy metal', 3753),
	(159, 'pop-rock', 55),
	(163, 'orchestral', 209),
	(166, 'experimental', 7253),
	(171, 'british', 2262),
	(237, 'uk', 3876),
	(270, '60s', 115),
	(271, 'hard rock', 5935),
	(284, 'indie rock', 4412),
	(343, 'folk rock', 2954),
	(709, 'psychedelic rock', 2155),
	(710, 'psychedelic', 522),
	(712, 'blues rock', 1033),
	(714, 'britpop', 236),
	(782, 'art rock', 625),
	(937, 'folk-rock', 1269),
	(1062, 'psychedelic pop', 17),
	(1091, 'pop rock', 3967),
	(1151, 'british invasion', 17),
	(1164, 'rock and roll', 847),
	(1312, 'rock roll', 2100),
	(1391, 'english', 1334),
	(1399, 'sunshine pop', 3),
	(1409, 'folk pop', 21),
	(1595, 'liverpool', 20),
	(1669, 'parlophone', 7),
	(2105, 'united kingdom', 86),
	(2552, 'hair metal', 41),
	(3624, '1', 25),
	(4125, 'bbc', 19),
	(4663, 'classic pop and rock', 2022),
	(4720, 'singer songwriter', 97),
	(5822, 'classical pop', 4),
	(5823, 'instrumental pop', 5),
	(5824, 'merseybeat', 3),
	(5825, 'adult alternative pop rock', 1),
	(5826, 'tribute albums', 1),
	(5827, 'british psychedelia', 1),
	(5828, 'orchestral pop', 2),
	(5829, 'pop-metal', 4),
	(21284, 'male vocalists', 204),
	(25801, 'the-beatles', 1),
	(38060, 'boys band', 0),
	(40899, 'rock & roll', 0),
	(41014, 'pop/rock', 0),
	(41437, 'rhythm & blues', 0),
	(42587, 'overrated', 0),
	(49112, 'art pop', 0),
	(51459, 'one beatles', 0),
	(74521, 'a filk artist', 0),
	(77579, 'british rhythm & blues', 0),
	(77711, 'beat music', 0);
INSERT INTO artist_tag (artist, count, last_updated, tag) VALUES
	(303, 1, '2015-08-16 18:31:01.740175+00', 237),
	(303, 9, '2015-08-16 18:38:20.87034+00', 7),
	(303, 0, '2015-08-16 18:31:01.759103+00', 1391),
	(303, 0, '2015-07-17 09:03:37.378238+00', 42587),
	(303, 0, '2015-07-17 09:03:32.708638+00', 1669),
	(303, 0, '2015-08-16 18:31:01.750094+00', 270),
	(303, 0, '2015-07-17 09:03:22.967426+00', 159),
	(303, 0, '2015-07-17 09:03:17.17092+00', 41014),
	(303, 2, '2015-08-16 18:38:01.875243+00', 1062),
	(303, 2, '2015-08-16 18:36:26.194656+00', 40899),
	(303, 0, '2015-07-17 09:03:53.962657+00', 43),
	(303, 1, '2015-08-16 18:39:23.819468+00', 5822),
	(303, 0, '2015-07-17 09:05:14.624207+00', 5823),
	(303, 0, '2015-09-09 17:10:25.40571+00', 937),
	(303, 0, '2015-07-17 09:05:03.25569+00', 163),
	(303, 0, '2015-07-17 09:05:47.602994+00', 710),
	(303, 0, '2015-07-17 09:03:07.499763+00', 1312),
	(303, 0, '2015-07-17 09:04:11.002473+00', 5825),
	(303, 0, '2015-07-17 09:03:12.992715+00', 5826),
	(303, 0, '2015-07-17 09:04:22.184496+00', 5827),
	(303, 0, '2015-07-17 09:05:09.35812+00', 5828),
	(303, 0, '2015-08-16 18:31:12.648959+00', 4720),
	(303, 0, '2015-07-17 09:03:50.464191+00', 284),
	(303, 1, '2015-07-17 09:02:44.825064+00', 1151),
	(303, 0, '2015-07-17 09:03:25.919547+00', 5829),
	(303, 0, '2015-07-17 09:04:25.654482+00', 4663),
	(303, 0, '2015-07-17 09:04:33.164321+00', 714),
	(303, 0, '2015-07-17 09:05:42.252165+00', 29),
	(303, 0, '2015-07-17 09:05:21.200558+00', 3624),
	(303, 0, '2015-08-16 18:31:04.335612+00', 2105),
	(303, 0, '2015-08-16 18:39:04.210252+00', 21284),
	(303, 2, '2015-08-16 18:38:20.905432+00', 166),
	(303, 0, '2015-07-17 09:03:02.529428+00', 1164),
	(303, 9, '2015-09-21 09:51:44.778485+00', 19),
	(303, 1, '2015-08-16 18:30:58.146138+00', 1595),
	(303, 0, '2015-07-17 09:03:43.441525+00', 51459),
	(303, 5, '2015-08-16 18:30:55.304351+00', 171),
	(303, 3, '2015-09-21 09:51:10.663227+00', 1091),
	(303, 0, '2015-07-17 09:04:06.738601+00', 74521),
	(303, 0, '2015-07-17 09:04:01.92892+00', 2552),
	(303, 2, '2015-08-16 18:38:20.878882+00', 709),
	(303, 0, '2015-07-17 09:05:27.544588+00', 41),
	(303, 0, '2015-07-17 09:03:10.16412+00', 25801),
	(303, 0, '2015-07-17 09:04:17.481802+00', 4125),
	(303, 3, '2015-08-16 18:36:26.179398+00', 5824),
	(303, 1, '2015-08-16 18:36:01.278921+00', 41437),
	(303, 1, '2015-08-16 18:35:32.700162+00', 77579),
	(303, 1, '2015-08-16 18:37:19.146186+00', 343),
	(303, 1, '2015-08-16 18:36:44.369732+00', 1409),
	(303, 1, '2015-08-16 18:38:20.897666+00', 782),
	(303, 1, '2015-08-16 18:38:01.897146+00', 1399),
	(303, 1, '2015-08-16 18:38:01.963502+00', 49112),
	(303, 1, '2015-08-16 18:38:45.214959+00', 712),
	(303, 2, '2015-08-16 18:38:20.916422+00', 271),
	(303, 1, '2015-09-21 09:51:33.574499+00', 77711),
	(303, 1, '2015-10-20 19:02:36.752013+00', 38060);
INSERT INTO area (begin_date_day, begin_date_month, begin_date_year, comment, edits_pending, end_date_day, end_date_month, end_date_year, ended, gid, id, last_updated, name, type) VALUES
	(NULL, NULL, NULL, '', 0, NULL, NULL, NULL, '0', '106e0bec-b638-3b37-b731-f53d507dc00e', 13, '2013-05-27 12:20:27.507257+00', 'Australia', 1),
	(1, 1, 1993, '', 0, NULL, NULL, NULL, '0', '51d34c28-61bf-3d21-849f-7492672a9d44', 56, '2013-05-27 13:10:11.632366+00', 'Czech Republic', 1),
	(NULL, NULL, NULL, '', 0, NULL, NULL, NULL, '0', '11a44e18-a2e5-43a9-bee9-aa4f7c83f967', 331, '2013-11-26 11:38:37.555733+00', 'Hamburg', 3),
	(NULL, NULL, NULL, '', 0, NULL, NULL, NULL, '0', '6658f787-692d-417f-852c-dcca728d5849', 3822, '2013-05-23 23:26:08.989902+00', 'Edinburgh', 3),
	(NULL, NULL, NULL, '', 0, NULL, NULL, NULL, '0', 'a03385a0-da43-41f9-bbfc-741b949c2e0c', 5089, '2013-11-26 06:48:32.997783+00', 'Chennai', 3),
	(NULL, NULL, NULL, '', 0, NULL, NULL, NULL, '0', '1f40c6e1-47ba-4e35-996f-fe6ee5840e62', 7703, '2014-12-11 12:34:38.893537+00', 'Los Angeles', 3),
	(NULL, NULL, NULL, '', 0, NULL, NULL, NULL, '0', '261962ea-d8c2-4eaf-a80c-f14376ffadb0', 10862, '2013-08-28 13:49:03.230143+00', 'Manhattan', 5);
INSERT INTO artist (area, begin_area, begin_date_day, begin_date_month, begin_date_year, comment, edits_pending, end_area, end_date_day, end_date_month, end_date_year, ended, gender, gid, id, last_updated, name, sort_name, type) VALUES
	(221, 3924, 9, 10, 1940, 'Beatle', 0, 10862, 8, 12, 1980, '1', 1, '4d5447d7-c61c-4120-ba1b-d7f471d385b9', 815, '2015-07-05 20:02:38.465771+00', 'John Lennon', 'Lennon, John', 1),
	(221, 3924, 18, 6, 1942, '', 0, NULL, NULL, NULL, NULL, '0', 1, 'ba550d0e-adac-4864-b88b-407cab5e76af', 2122, '2015-08-22 09:02:20.286837+00', 'Paul McCartney', 'McCartney, Paul', 1),
	(221, 3924, 24, 2, 1943, 'The Beatles', 0, 7703, 29, 11, 2001, '1', 1, '42a8f507-8412-4611-854f-926571049fa0', 2863, '2014-09-28 20:51:56.215123+00', 'George Harrison', 'Harrison, George', 1),
	(221, 3924, 7, 7, 1940, '', 0, NULL, NULL, NULL, NULL, '0', 1, '300c4c73-33ac-4255-9d57-4e32627f5e13', 48504, '2015-02-03 05:01:26.77061+00', 'Ringo Starr', 'Starr, Ringo', 1),
	(3924, 5089, 24, 11, 1941, 'original drummer in The Beatles', 0, NULL, NULL, NULL, NULL, '0', 1, '0d4ab0f9-bbda-4ab1-ae2c-f772ffcfbea9', 321116, '2014-09-28 20:53:07.869521+00', 'Pete Best', 'Best, Pete', 1),
	(221, 3822, 23, 6, 1940, '', 0, 331, 10, 4, 1962, '1', 1, '49a51491-650e-44b3-8085-2f07ac2986dd', 321117, '2014-09-28 20:52:39.474121+00', 'Stuart Sutcliffe', 'Sutcliffe, Stuart', 1),
	(NULL, NULL, NULL, NULL, NULL, 'Beatles Tribute Band', 0, NULL, NULL, NULL, NULL, '0', NULL, 'abdd68e9-cd78-453e-a0d6-315dc73cf0e4', 832962, '2012-03-07 18:53:15.613722+00', 'Liverpool Lads a Beatles Tribute', 'Liverpool Lads', 2),
	(56, NULL, NULL, NULL, NULL, 'Czech ''The Beatles'' tribute band', 0, NULL, NULL, NULL, NULL, '0', NULL, '5153cd90-37c6-4fa0-8da6-dbf5513b4a44', 952739, '2012-12-29 21:00:21.026392+00', 'The Beatles Revival', 'Beatles Revival, The', 2),
	(NULL, NULL, NULL, NULL, 1975, 'Beatles Tribute Band', 0, NULL, NULL, NULL, NULL, '0', NULL, 'd4617e66-94f7-41c2-83ad-86c6e446f3a9', 1123429, '2014-06-11 12:08:08.60329+00', 'Rain: A Tribute to the Beatles', 'Rain', 2),
	(NULL, NULL, NULL, NULL, 1998, '', 0, NULL, NULL, NULL, NULL, '0', NULL, 'f540dcbe-4ae8-45c7-817b-372241202276', 1130848, '2014-07-09 10:29:49.207187+00', 'Not The Beatles', 'Not The Beatles', 2),
	(221, NULL, NULL, NULL, NULL, 'The Beatles tribute band', 0, NULL, NULL, NULL, NULL, '0', NULL, 'ad60d963-44f1-4b41-b785-8284edcaaffe', 1134399, '2014-07-22 01:42:38.550739+00', 'Counterfeit Beatles', 'Counterfeit Beatles', 2),
	(13, NULL, NULL, NULL, 2011, 'The Beatles tribute band', 0, NULL, NULL, NULL, NULL, '0', NULL, '7cac6d47-ef4e-4347-8835-63ed3f2e74a7', 1136094, '2014-07-27 14:29:10.7815+00', 'Beatles Back2Back', 'Beatles Back2Back', 2),
	(3924, 3924, NULL, NULL, 1989, 'Beatles Cover Band', 0, NULL, NULL, NULL, NULL, '0', NULL, '31f6812d-12ab-406f-a13d-ad54976e49c6', 1189874, '2015-01-21 16:02:46.748346+00', 'The Cavern Beatles', 'Beatles Cover Band', 2),
	(NULL, NULL, NULL, NULL, 1994, 'Beatles cover band', 0, NULL, NULL, NULL, 2005, '1', NULL, '3d45df45-d73b-4366-a47d-b4ffb81cef3d', 1223953, '2015-04-23 13:00:38.494075+00', 'The Beetles', 'Beetles, The', 2);
INSERT INTO artist_alias (artist, begin_date_day, begin_date_month, begin_date_year, edits_pending, end_date_day, end_date_month, end_date_year, ended, id, last_updated, locale, name, primary_for_locale, sort_name, type) VALUES
	(815, NULL, NULL, 1969, 0, NULL, NULL, NULL, '0', 155046, '2014-12-24 18:13:26.737324+00', NULL, 'John Ono Lennon', '0', 'Lennon, John Ono', 2),
	(815, NULL, NULL, NULL, 0, NULL, NULL, NULL, '0', 129325, '2013-02-05 17:00:15.699764+00', 'ru', 'Джон', '0', 'Джон', NULL),
	(815, NULL, NULL, NULL, 0, NULL, NULL, NULL, '0', 128443, '2013-01-17 14:00:08.611834+00', 'ja_JP', 'ジョン・レノン', '1', 'ジョン・レノン', 1),
	(815, NULL, NULL, NULL, 0, NULL, NULL, NULL, '0', 152364, '2014-09-28 20:51:02.641448+00', 'en', 'John Lennon', '1', 'Lennon, John', 1),
	(815, NULL, NULL, NULL, 0, NULL, NULL, NULL, '0', 61530, '2012-05-15 18:57:13.252186+00', NULL, 'J. Lennon', '0', 'J. Lennon', NULL),
	(815, NULL, NULL, NULL, 0, NULL, NULL, NULL, '0', 4847, '2012-05-15 18:57:13.252186+00', NULL, 'Lennon', '0', 'Lennon', NULL),
	(815, NULL, NULL, NULL, 0, NULL, NULL, NULL, '0', 149501, '2014-07-06 17:00:23.009137+00', 'ru', 'Джон Леннон', '0', 'Леннон, Джон', 1),
	(815, NULL, NULL, NULL, 0, NULL, NULL, 1969, '1', 121619, '2014-12-24 18:13:48.316639+00', NULL, 'John Winston Lennon', '0', 'Lennon, John Winston', 2),
	(815, NULL, NULL, NULL, 0, NULL, NULL, NULL, '0', 136072, '2013-07-28 23:00:37.780172+00', NULL, 'Lennon, John', '0', 'Lennon, John', 3),
	(815, NULL, NULL, NULL, 0, NULL, NULL, NULL, '0', 108425, '2012-05-15 18:57:13.252186+00', NULL, 'John Winston Ono Lennon', '0', 'John Winston Ono Lennon', NULL),
	(2122, NULL, NULL, NULL, 0, NULL, NULL, NULL, '0', 49237, '2015-02-20 17:22:20.562456+00', NULL, 'James Paul McCartney', '0', 'McCartney, James Paul', 2),
	(2122, NULL, NULL, NULL, 0, NULL, NULL, NULL, '0', 128444, '2013-01-17 14:00:08.656325+00', 'ja_JP', 'ポール・マッカートニー', '1', 'ポール・マッカートニー', 1),
	(2122, NULL, NULL, NULL, 0, NULL, NULL, NULL, '0', 129326, '2013-02-05 17:00:15.740727+00', 'ru', 'Пол', '0', 'Пол', NULL),
	(2122, NULL, NULL, NULL, 0, NULL, NULL, NULL, '0', 48208, '2012-05-15 18:57:13.252186+00', NULL, 'Sir James Paul McCartney', '0', 'Sir James Paul McCartney', NULL),
	(2122, NULL, NULL, NULL, 0, NULL, NULL, NULL, '0', 61181, '2012-05-15 18:57:13.252186+00', NULL, 'P. McCartney', '0', 'P. McCartney', NULL),
	(2122, NULL, NULL, NULL, 0, NULL, NULL, NULL, '0', 9421, '2012-05-15 18:57:13.252186+00', NULL, 'McCARTNEY, Paul', '0', 'McCARTNEY, Paul', NULL),
	(2122, NULL, NULL, NULL, 0, NULL, NULL, NULL, '0', 9967, '2012-05-15 18:57:13.252186+00', NULL, 'Paul Mc Cartney', '0', 'Paul Mc Cartney', NULL),
	(2122, NULL, NULL, NULL, 0, NULL, NULL, NULL, '0', 152363, '2014-09-28 20:49:46.66431+00', 'en', 'Paul McCartney', '1', 'McCartney, Paul', 1),
	(2863, NULL, NULL, NULL, 0, NULL, NULL, NULL, '0', 152365, '2014-09-28 20:51:56.215123+00', 'en', 'George Harrison', '1', 'Harrison, George', 1),
	(2863, NULL, NULL, NULL, 0, NULL, NULL, NULL, '0', 11029, '2012-05-15 18:57:13.252186+00', NULL, 'George Harrison and Friends', '0', 'George Harrison and Friends', NULL),
	(2863, NULL, NULL, NULL, 0, NULL, NULL, NULL, '0', 1100, '2012-05-15 18:57:13.252186+00', NULL, 'Harrison, George', '0', 'Harrison, George', NULL),
	(2863, NULL, NULL, NULL, 0, NULL, NULL, NULL, '0', 129324, '2013-02-05 17:00:15.634736+00', 'ru', 'Джордж', '0', 'Джордж', NULL),
	(2863, NULL, NULL, NULL, 0, NULL, NULL, NULL, '0', 129349, '2013-02-05 23:00:30.950887+00', 'ru', 'Харрисон', '0', 'Харрисон', NULL),
	(2863, NULL, NULL, NULL, 0, NULL, NULL, NULL, '0', 50669, '2012-05-15 18:57:13.252186+00', NULL, 'George Harrysong', '0', 'George Harrysong', NULL),
	(48504, NULL, NULL, NULL, 0, NULL, NULL, NULL, '0', 129330, '2013-02-05 17:00:16.725497+00', 'ru', 'Ринго', '0', 'Ринго', NULL),
	(48504, NULL, NULL, NULL, 0, NULL, NULL, NULL, '0', 152368, '2014-09-28 20:53:41.822611+00', 'en', 'Ringo Starr', '1', 'Starr, Ringo', 1),
	(48504, NULL, NULL, NULL, 0, NULL, NULL, NULL, '0', 149283, '2014-07-01 15:00:13.570343+00', 'ru', 'Ринго Старр', '0', 'Старр, Ринго', 1),
	(48504, NULL, NULL, NULL, 0, NULL, NULL, NULL, '0', 134245, '2013-06-02 23:00:15.468546+00', NULL, 'Richard Starkey', '0', 'Starkey, Richard', 2),
	(321116, NULL, NULL, NULL, 0, NULL, NULL, NULL, '0', 108326, '2012-05-15 18:57:13.252186+00', NULL, 'Peter Best', '0', 'Peter Best', NULL),
	(321116, NULL, NULL, NULL, 0, NULL, NULL, NULL, '0', 150266, '2014-08-01 01:00:17.290204+00', NULL, 'Randolph Peter Best', '0', 'Best, Randolph Peter', 2),
	(321116, NULL, NULL, NULL, 0, NULL, NULL, NULL, '0', 152367, '2014-09-28 20:53:07.869521+00', 'en', 'Pete Best', '1', 'Best, Pete', 1),
	(321117, NULL, NULL, NULL, 0, NULL, NULL, NULL, '0', 152366, '2014-09-28 20:52:39.474121+00', 'en', 'Stuart Sutcliffe', '1', 'Sutcliffe, Stuart', 1);
INSERT INTO tag (id, name, ref_count) VALUES
	(11, 'electronic', 59991),
	(15, 'classical', 10467),
	(37, '70s', 290),
	(61, '90s', 366),
	(75, 'folk', 7076),
	(186, 'singer-songwriter', 309),
	(280, 'britannique', 450),
	(3754, '00s', 195),
	(22321, 'the beatles', 3),
	(25058, 'my sweet lord', 1),
	(25214, 'standards', 3),
	(37589, 'death by brain hemorrhage', 0),
	(37615, 'death by murder', 0),
	(37624, 'death by gun', 0),
	(37796, 'death by lung cancer', 0),
	(38963, 'death by brain aneurysm', 0),
	(40695, 'singer/songwriter', 0),
	(42092, 'western classical music', 0),
	(78155, 'wifebeater', 0),
	(78575, 'murdered', 0);
INSERT INTO artist_tag (artist, count, last_updated, tag) VALUES
	(815, 3, '2015-07-25 12:05:00.790941+00', 19),
	(815, 2, '2011-07-13 16:03:10.058926+00', 237),
	(815, 1, '2011-07-13 16:03:10.058926+00', 2105),
	(815, 1, '2011-07-13 16:03:10.058926+00', 75),
	(815, 2, '2015-07-25 12:05:00.778441+00', 166),
	(815, 0, '2015-07-02 04:18:37.464093+00', 280),
	(815, 0, '2015-07-23 19:45:05.528233+00', 37615),
	(815, 1, '2015-08-17 20:16:41.604381+00', 78155),
	(815, 1, '2015-08-17 20:16:41.702998+00', 78575),
	(815, 1, '2015-07-25 12:05:00.79745+00', 40899),
	(815, 1, '2015-07-25 12:05:00.752085+00', 40695),
	(815, 1, '2015-07-25 12:05:00.72378+00', 1091),
	(815, 0, '2015-07-23 19:45:06.726471+00', 37624),
	(815, 0, '2015-07-02 04:19:15.085215+00', 4663),
	(815, 3, '2015-07-25 12:05:00.770824+00', 7),
	(815, 1, '2011-07-13 16:03:10.058926+00', 1391),
	(815, 3, '2011-07-13 16:03:10.058926+00', 171),
	(2122, 1, '2011-05-16 14:57:06.530063+00', 4663),
	(2122, 3, '2012-08-10 08:09:30.167406+00', 7),
	(2122, 1, '2011-05-16 14:57:06.530063+00', 1091),
	(2122, 1, '2011-05-16 14:57:06.530063+00', 15),
	(2122, 1, '2011-05-16 14:57:06.530063+00', 1164),
	(2122, 1, '2011-05-16 14:57:06.530063+00', 237),
	(2122, 1, '2011-05-16 14:57:06.530063+00', 1391),
	(2122, 3, '2011-05-16 14:57:06.530063+00', 171),
	(2122, 1, '2011-05-18 19:51:22.194913+00', 186),
	(2122, 1, '2011-05-16 14:57:06.530063+00', 270),
	(2122, 1, '2011-05-16 14:57:06.530063+00', 37),
	(2122, 1, '2011-05-16 14:57:06.530063+00', 3754),
	(2122, 1, '2011-05-16 14:57:06.530063+00', 61),
	(2122, 1, '2011-05-16 14:57:06.530063+00', 41),
	(2122, 1, '2011-05-16 14:57:06.530063+00', 22321),
	(2122, 1, '2011-05-16 14:57:06.530063+00', 75),
	(2122, 1, '2011-05-16 14:57:06.530063+00', 21284),
	(2122, 3, '2012-08-10 08:09:30.167406+00', 19),
	(2122, 1, '2011-05-16 14:57:06.530063+00', 2105),
	(2122, 1, '2012-08-10 08:09:30.167406+00', 41014),
	(2122, 1, '2012-08-10 08:09:30.167406+00', 40695),
	(2122, 1, '2012-08-10 08:09:30.167406+00', 40899),
	(2122, 1, '2012-08-10 08:09:30.167406+00', 42092),
	(2122, 1, '2012-08-10 08:09:30.167406+00', 25214),
	(2863, 0, '2015-07-31 17:26:04.642798+00', 25058),
	(2863, 0, '2015-07-31 17:20:37.542991+00', 4663),
	(2863, 1, '2015-08-16 17:58:39.644694+00', 171),
	(2863, 1, '2011-05-16 14:57:06.530063+00', 19),
	(2863, 1, '2011-05-16 14:57:06.530063+00', 75),
	(2863, 0, '2015-08-16 17:58:47.775947+00', 2105),
	(2863, 1, '2015-07-31 17:25:48.643378+00', 1091),
	(2863, 0, '2015-07-31 17:20:37.487165+00', 37796),
	(2863, 0, '2015-07-31 17:26:06.763739+00', 41014),
	(2863, 2, '2015-07-31 17:25:48.653407+00', 40695),
	(2863, 2, '2012-08-10 05:14:42.953277+00', 7),
	(2863, 2, '2015-07-31 17:25:48.671047+00', 11),
	(2863, 1, '2015-07-31 17:25:48.690085+00', 166),
	(2863, 1, '2015-07-31 17:25:48.723178+00', 709),
	(2863, 1, '2015-07-31 17:25:48.750185+00', 1409),
	(2863, 0, '2015-08-16 17:58:44.32413+00', 1391),
	(2863, 0, '2015-08-16 17:58:49.389134+00', 237),
	(48504, 1, '2011-05-16 14:57:06.530063+00', 2105),
	(48504, 1, '2011-05-16 14:57:06.530063+00', 171),
	(48504, 1, '2011-05-16 14:57:06.530063+00', 237),
	(48504, 1, '2011-05-16 14:57:06.530063+00', 1391),
	(48504, 1, '2011-05-16 14:57:06.530063+00', 4663),
	(321117, 0, '2015-07-23 19:36:54.564938+00', 37589),
	(321117, 0, '2015-07-23 19:36:54.549742+00', 38963);
INSERT INTO link (attribute_count, begin_date_day, begin_date_month, begin_date_year, created, end_date_day, end_date_month, end_date_year, ended, id, link_type) VALUES
	(3, NULL, NULL, NULL, '2013-04-21 18:25:52.65466+00', 10, 4, 1970, '1', 115354, 103),
	(1, 12, 8, 1960, '2013-04-21 18:26:35.194068+00', 16, 8, 1962, '1', 115356, 103),
	(1, NULL, 8, 1962, '2013-04-21 18:26:50.990436+00', 10, 4, 1970, '1', 115357, 103),
	(2, NULL, 4, 1958, '2013-06-11 22:00:08.453718+00', 10, 4, 1970, '1', 121509, 103),
	(2, NULL, 7, 1957, '2013-06-11 22:00:08.755763+00', 10, 4, 1970, '1', 121510, 103),
	(1, NULL, 1, 1960, '2013-06-11 22:00:10.916205+00', NULL, NULL, 1962, '1', 121511, 103),
	(0, NULL, NULL, NULL, '2014-02-13 08:07:46.425345+00', NULL, NULL, NULL, '0', 153273, 728);
INSERT INTO link_attribute (attribute_type, created, link) VALUES
	(525, '2013-04-21 18:25:52.65466+00', 115354),
	(4, '2013-04-21 18:25:52.65466+00', 115354),
	(229, '2013-04-21 18:25:52.65466+00', 115354),
	(125, '2013-04-21 18:26:35.194068+00', 115356),
	(125, '2013-04-21 18:26:50.990436+00', 115357),
	(4, '2013-06-11 22:00:08.453718+00', 121509),
	(229, '2013-06-11 22:00:08.453718+00', 121509),
	(4, '2013-06-11 22:00:08.755763+00', 121510),
	(277, '2013-06-11 22:00:08.755763+00', 121510),
	(277, '2013-06-11 22:00:10.916205+00', 121511);
INSERT INTO l_artist_artist (edits_pending, entity0, entity0_credit, entity1, entity1_credit, id, last_updated, link, link_order) VALUES
	(0, 2863, '', 303, '', 35464, '2013-06-11 22:00:08.453718+00', 121509, 0),
	(0, 321116, '', 303, '', 35565, '2013-04-21 18:26:35.194068+00', 115356, 0),
	(0, 321117, '', 303, '', 35568, '2013-06-11 22:00:10.916205+00', 121511, 0),
	(0, 815, '', 303, '', 105744, '2013-04-21 18:25:52.65466+00', 115354, 0),
	(0, 2122, '', 303, '', 131689, '2013-06-11 22:00:08.755763+00', 121510, 0),
	(0, 48504, '', 303, '', 131720, '2013-04-21 18:26:50.990436+00', 115357, 0),
	(0, 1130848, '', 303, '', 256664, '2015-01-16 12:08:54.504563+00', 153273, 0),
	(0, 1134399, '', 303, '', 256665, '2015-01-16 12:14:08.7923+00', 153273, 0),
	(0, 1136094, '', 303, '', 256666, '2015-01-16 12:14:08.7923+00', 153273, 0),
	(0, 952739, '', 303, '', 256667, '2015-01-16 12:14:08.7923+00', 153273, 0),
	(0, 1189874, '', 303, '', 256668, '2015-01-16 12:14:08.7923+00', 153273, 0),
	(0, 1123429, '', 303, '', 256669, '2015-01-16 12:14:08.7923+00', 153273, 0),
	(0, 832962, '', 303, '', 256670, '2015-01-16 12:14:08.7923+00', 153273, 0),
	(0, 1223953, '', 303, '', 265925, '2015-04-23 13:00:38.547068+00', 153273, 0);
INSERT INTO label (area, begin_date_day, begin_date_month, begin_date_year, comment, edits_pending, end_date_day, end_date_month, end_date_year, ended, gid, id, label_code, last_updated, name, type) VALUES
	(221, NULL, NULL, 1968, '', 0, NULL, NULL, NULL, '0', 'cf7fc5cf-e011-4ef4-b511-cd0188537910', 484, 1074, '2011-10-29 00:35:56.466383+00', 'Apple Records', 4);
INSERT INTO link (attribute_count, begin_date_day, begin_date_month, begin_date_year, created, end_date_day, end_date_month, end_date_year, ended, id, link_type) VALUES
	(0, NULL, NULL, NULL, '2011-05-16 15:03:23.368437+00', NULL, NULL, NULL, '0', 12132, 116);
INSERT INTO l_artist_label (edits_pending, entity0, entity0_credit, entity1, entity1_credit, id, last_updated, link, link_order) VALUES
	(0, 303, '', 484, '', 1961, '2011-05-16 15:03:23.368437+00', 12132, 0);
INSERT INTO url (edits_pending, gid, id, last_updated, url) VALUES
	(0, '7bea8a51-7f45-4941-8c9c-b20d975199b1', 142, '2012-10-12 21:35:51.131636+00', 'http://www.thebeatles.com/'),
	(0, '20d528f8-dbad-45fa-a3d0-c48a5a9f47fc', 143, '2011-05-16 16:31:52+00', 'http://en.wikipedia.org/wiki/The_Beatles'),
	(0, '7c3c8677-b843-4300-8002-62d4a2a9f969', 144, '2011-05-16 16:31:52+00', 'http://musicmoz.org/Bands_and_Artists/B/Beatles,_The/'),
	(0, '4327d342-5545-4168-a4c9-f8a740099d5d', 14999, '2014-02-09 22:33:45.219526+00', 'http://www.discogs.com/artist/82730'),
	(0, '3aeb82b2-2a1c-474e-abb2-bf4f67316cf2', 145314, '2011-05-16 16:31:52+00', 'http://www.aboutthebeatles.com/'),
	(0, '00788bbc-11f2-4445-a53e-d2ce36128822', 300145, '2011-05-16 16:31:52+00', 'https://www.imdb.com/name/nm1397313/'),
	(0, '45db1b46-1848-456f-bb27-7f72b66ffe11', 530568, '2011-05-16 16:31:52+00', 'http://www.dmbeatles.com/'),
	(0, 'f57c02f1-4e21-49a9-82f7-b9735279b147', 547632, '2013-08-15 03:00:47.122626+00', 'https://myspace.com/thebeatles'),
	(0, '85e5480a-f7ae-4d03-bbd2-d0c372bd2dc4', 584325, '2011-05-16 16:31:52+00', 'https://www.bbc.co.uk/music/artists/b10bbbfc-cf9e-42e0-be17-e2c3e1d2600d'),
	(0, '6eb6e76f-3954-4c5f-a745-dc241d13585f', 756042, '2012-10-07 20:31:27.399043+00', 'http://www.britishbeatlesfanclub.co.uk/'),
	(0, '2d8ccf0f-9840-4cb8-9f17-5e79812c9186', 832353, '2013-08-04 10:36:58.912236+00', 'https://twitter.com/thebeatles'),
	(0, '82a6b2f6-7d0a-4777-b7bd-44ab4b6ce26f', 832356, '2011-05-16 16:31:52+00', 'http://www.youtube.com/user/thebeatles'),
	(0, 'a6080060-611f-4dff-a91d-d0cc61fb74b9', 832357, '2013-03-11 11:26:27.363998+00', 'https://www.facebook.com/thebeatles'),
	(0, 'b1e3f0b8-eee0-4ced-87b9-d7088481ae10', 948298, '2011-08-13 18:06:45.386922+00', 'http://lyrics.fandom.com/The_Beatles'),
	(0, 'b1e974fb-3872-4344-abc2-6abd6a9e4b46', 955556, '2012-11-01 01:56:53.376067+00', 'https://www.allmusic.com/artist/mn0000754032'),
	(0, '3307c5e9-b873-4f70-a516-08df0cb4f54c', 1447659, '2012-07-25 13:41:55.167607+00', 'https://www.last.fm/music/The+Beatles'),
	(0, '91c7742e-cb41-4bf6-8ae5-e4dd9634899d', 1575371, '2013-01-02 06:27:41.792618+00', 'http://www.beatlesfanclub.nl/'),
	(0, '787c5ab9-5546-4753-8280-fb4eec8df66b', 1598325, '2013-01-30 22:38:20.049699+00', 'http://viaf.org/viaf/141205608'),
	(0, '7a14a19d-17d6-452e-8741-6ace4eea275c', 1699619, '2013-05-09 10:42:08.624588+00', 'http://www.wikidata.org/wiki/Q1299'),
	(0, 'ce11dac4-3aa0-4980-b828-c982865085e9', 1739259, '2013-05-26 19:04:33.316374+00', 'http://www.45cat.com/artist/the-beatles'),
	(0, 'b4b3477b-92fa-46bb-b8f6-00458ed8c278', 1739261, '2013-05-26 19:05:13.290719+00', 'http://rateyourmusic.com/artist/the_beatles'),
	(0, '043fa87a-7b70-405d-9881-daf6c0e60472', 1813105, '2013-07-08 16:22:17.660424+00', 'https://plus.google.com/111520018934389590684'),
	(0, '9fa78c08-2c45-4135-851e-3e642bc32633', 1813107, '2013-07-08 16:23:25.095818+00', 'http://www.secondhandsongs.com/artist/41'),
	(0, 'd0ccbd13-6622-4798-8b36-c82d13210b05', 1813110, '2013-07-08 16:25:18.667107+00', 'https://soundcloud.com/thebeatles'),
	(0, 'a83dee2a-fe4b-44ce-8007-88c34c34a91e', 2044822, '2013-10-25 22:14:34.64262+00', 'http://www.beatles.ru/'),
	(0, '2d52342e-8321-4f94-89c1-6f902107aa91', 2213164, '2013-11-19 12:13:09.239232+00', 'https://commons.wikimedia.org/wiki/File:The_Fabs.JPG'),
	(0, 'bee9493d-ed07-44cf-895c-7a0581408789', 2351823, '2014-01-17 21:42:30.884136+00', 'https://itunes.apple.com/artist/id136975'),
	(0, '28f763a2-ad86-4adc-8a4a-ef5c1a666861', 2405301, '2014-03-04 13:57:57.805118+00', 'http://muzikum.eu/en/122-3389/the-beatles/lyrics.html'),
	(0, 'f056116b-17dd-4574-8a92-954442b4a0a4', 3038473, '2015-03-30 15:13:28.131978+00', 'https://www.deezer.com/artist/1'),
	(0, 'ddec3fa9-1775-4c9c-a9ca-8b447fc8c5e9', 3075102, '2015-04-25 16:32:38.78447+00', 'https://open.spotify.com/artist/3WrFJ7ztbogyGnTHbHJFl2'),
	(0, 'fb3e8117-18d1-4858-bb8f-ade6f4f42bf6', 3171975, '2015-07-01 01:37:01.782986+00', 'http://www.whosampled.com/The-Beatles/'),
	(0, '798c0711-1dbe-4faa-bd50-9774652b0d0d', 3171976, '2015-07-01 01:37:01.782986+00', 'http://www.amazon.co.uk/-/e/B000APTK6K'),
	(0, '5f3d83eb-6ad6-4db7-a6ed-d4f437db91c6', 3219264, '2015-08-03 12:44:40.047715+00', 'http://genius.com/artists/The-beatles');
INSERT INTO link (attribute_count, begin_date_day, begin_date_month, begin_date_year, created, end_date_day, end_date_month, end_date_year, ended, id, link_type) VALUES
	(0, NULL, NULL, NULL, '2011-05-16 15:03:23.368437+00', NULL, NULL, NULL, '0', 26038, 180),
	(0, NULL, NULL, NULL, '2011-05-16 15:03:23.368437+00', NULL, NULL, NULL, '0', 26039, 189),
	(0, NULL, NULL, NULL, '2011-05-16 15:03:23.368437+00', NULL, NULL, NULL, '0', 26040, 178),
	(0, NULL, NULL, NULL, '2011-05-16 15:03:23.368437+00', NULL, NULL, NULL, '0', 26041, 179),
	(0, NULL, NULL, NULL, '2011-05-16 15:03:23.368437+00', NULL, NULL, NULL, '0', 26042, 183),
	(0, NULL, NULL, NULL, '2011-05-16 15:03:23.368437+00', NULL, NULL, NULL, '0', 26044, 173),
	(0, NULL, NULL, NULL, '2011-05-16 15:03:23.368437+00', NULL, NULL, NULL, '0', 26045, 172),
	(0, NULL, NULL, NULL, '2011-05-16 15:03:23.368437+00', NULL, NULL, NULL, '0', 26046, 190),
	(0, NULL, NULL, NULL, '2011-05-16 15:03:23.368437+00', NULL, NULL, NULL, '0', 26047, 175),
	(0, NULL, NULL, NULL, '2011-05-16 15:03:23.368437+00', NULL, NULL, NULL, '0', 26052, 176),
	(0, NULL, NULL, NULL, '2011-05-16 15:03:23.368437+00', NULL, NULL, NULL, '0', 26055, 193),
	(0, NULL, NULL, NULL, '2011-05-16 15:03:23.368437+00', NULL, NULL, NULL, '0', 26056, 192),
	(0, NULL, NULL, NULL, '2011-05-16 15:03:23.368437+00', NULL, NULL, NULL, '0', 26062, 197),
	(0, NULL, NULL, NULL, '2011-05-16 15:03:23.368437+00', NULL, NULL, NULL, '0', 26316, 194),
	(0, NULL, NULL, NULL, '2011-07-28 21:05:31.894988+00', NULL, NULL, NULL, '0', 28613, 283),
	(0, NULL, NULL, NULL, '2011-10-07 02:17:24.134728+00', NULL, NULL, NULL, '0', 30134, 291),
	(0, NULL, NULL, NULL, '2012-05-28 19:09:02.61578+00', NULL, NULL, NULL, '0', 49052, 188),
	(0, NULL, NULL, NULL, '2012-12-09 16:27:34.907312+00', NULL, NULL, NULL, '0', 94979, 307),
	(0, NULL, NULL, NULL, '2013-01-30 01:44:45.99329+00', NULL, NULL, NULL, '0', 106477, 310),
	(0, NULL, NULL, NULL, '2013-05-09 09:31:21.507442+00', NULL, NULL, NULL, '0', 117675, 352),
	(0, NULL, NULL, NULL, '2015-02-03 11:01:37.730965+00', NULL, NULL, NULL, '0', 215573, 840);
INSERT INTO l_artist_url (edits_pending, entity0, entity0_credit, entity1, entity1_credit, id, last_updated, link, link_order) VALUES
	(0, 303, '', 530568, '', 36865, '2011-05-16 16:31:52.155025+00', 26045, 0),
	(0, 303, '', 300145, '', 62132, '2011-05-16 16:31:52.155025+00', 26040, 0),
	(0, 303, '', 145314, '', 103334, '2011-05-16 16:31:52.155025+00', 26045, 0),
	(0, 303, '', 756042, '', 168569, '2011-05-16 16:31:52.155025+00', 26045, 0),
	(0, 303, '', 14999, '', 214204, '2011-05-16 16:31:52.155025+00', 26038, 0),
	(0, 303, '', 584325, '', 235066, '2011-05-16 16:31:52.155025+00', 26046, 0),
	(0, 303, '', 547632, '', 235779, '2011-05-16 16:31:52.155025+00', 26039, 0),
	(0, 303, '', 143, '', 239043, '2011-05-16 16:31:52.155025+00', 26041, 0),
	(0, 303, '', 142, '', 239044, '2011-05-16 16:31:52.155025+00', 26042, 0),
	(0, 303, '', 144, '', 239064, '2014-03-10 10:56:53.342845+00', 49052, 0),
	(0, 303, '', 832357, '', 306385, '2011-05-16 16:31:52.155025+00', 26056, 0),
	(0, 303, '', 832353, '', 306387, '2015-07-01 01:37:01.782986+00', 26056, 0),
	(0, 303, '', 832356, '', 306548, '2011-05-16 16:31:52.155025+00', 26055, 0),
	(0, 303, '', 948298, '', 345691, '2011-08-13 18:06:46.556709+00', 26062, 0),
	(0, 303, '', 955556, '', 348210, '2011-08-28 06:02:27.92583+00', 28613, 0),
	(0, 303, '', 1447659, '', 506730, '2015-02-15 08:39:04.359083+00', 215573, 0),
	(0, 303, '', 1575371, '', 566474, '2013-01-16 07:00:17.870919+00', 26045, 0),
	(0, 303, '', 1598325, '', 576317, '2013-01-30 22:38:20.088877+00', 106477, 0),
	(0, 303, '', 1699619, '', 627477, '2013-05-11 22:00:36.615144+00', 117675, 0),
	(0, 303, '', 1739259, '', 642364, '2013-06-02 20:00:09.171281+00', 49052, 0),
	(0, 303, '', 1739261, '', 642366, '2013-06-02 20:00:09.356479+00', 49052, 0),
	(0, 303, '', 1813105, '', 674011, '2013-07-15 17:00:13.974404+00', 26056, 0),
	(0, 303, '', 1813107, '', 674013, '2013-07-15 17:00:14.008594+00', 94979, 0),
	(0, 303, '', 1813110, '', 674016, '2013-07-15 17:00:14.093422+00', 30134, 0),
	(0, 303, '', 2044822, '', 764213, '2013-11-01 23:00:22.494729+00', 26045, 0),
	(0, 303, '', 2213164, '', 777892, '2013-11-19 12:13:09.249375+00', 26044, 0),
	(0, 303, '', 2351823, '', 818890, '2014-01-24 22:00:17.782+00', 26052, 0),
	(0, 303, '', 2405301, '', 841345, '2014-03-11 14:00:32.281512+00', 26062, 0),
	(0, 303, '', 3038473, '', 1069104, '2015-04-06 16:02:08.951965+00', 26316, 0),
	(0, 303, '', 3075102, '', 1082965, '2015-05-02 17:00:36.034981+00', 26316, 0),
	(0, 303, '', 3171975, '', 1124759, '2015-07-08 02:04:39.642992+00', 49052, 0),
	(0, 303, '', 3171976, '', 1124760, '2015-07-08 02:04:42.617916+00', 26047, 0),
	(0, 303, '', 3219264, '', 1145792, '2015-08-03 12:44:40.047715+00', 26062, 0);

-- Restore triggers.
CREATE TRIGGER deny_deprecated BEFORE UPDATE OR INSERT ON link FOR EACH ROW EXECUTE PROCEDURE deny_deprecated_links();
