BEGIN;
SET client_min_messages TO 'warning';
SET search_path TO musicbrainz_test;

TRUNCATE release_group_type CASCADE;
TRUNCATE release_name CASCADE;
TRUNCATE artist_name CASCADE;
TRUNCATE artist_credit CASCADE;
TRUNCATE artist_type CASCADE;
TRUNCATE artist CASCADE;
TRUNCATE artist_alias CASCADE;
TRUNCATE artist_credit_name CASCADE;
TRUNCATE release_group CASCADE;
TRUNCATE release_status CASCADE;
TRUNCATE country CASCADE;
TRUNCATE language CASCADE;
TRUNCATE script CASCADE;
TRUNCATE release CASCADE;
TRUNCATE medium_format CASCADE;
TRUNCATE tracklist CASCADE;
TRUNCATE track_name CASCADE;
TRUNCATE recording CASCADE;
TRUNCATE clientversion CASCADE;
TRUNCATE puid CASCADE;
TRUNCATE recording_puid CASCADE;
TRUNCATE isrc CASCADE;
TRUNCATE track CASCADE;
TRUNCATE medium CASCADE;
TRUNCATE cdtoc CASCADE;
TRUNCATE medium_cdtoc CASCADE;
TRUNCATE label_type CASCADE;
TRUNCATE label_name CASCADE;
TRUNCATE label CASCADE;
TRUNCATE release_label CASCADE;
TRUNCATE label_alias CASCADE;
TRUNCATE link_type CASCADE;
TRUNCATE link CASCADE;
TRUNCATE l_artist_recording CASCADE;
TRUNCATE link_attribute_type CASCADE;
TRUNCATE link_attribute CASCADE;
TRUNCATE l_artist_release CASCADE;
TRUNCATE url CASCADE;
TRUNCATE l_artist_url CASCADE;
TRUNCATE l_recording_recording CASCADE;
TRUNCATE l_release_group_url CASCADE;
TRUNCATE l_release_release CASCADE;
TRUNCATE l_release_url CASCADE;
TRUNCATE l_label_label CASCADE;
TRUNCATE l_label_url CASCADE;
TRUNCATE link_type_attribute_type CASCADE;

INSERT INTO release_group_type (name, id) VALUES ('Single', 3);
INSERT INTO release_name (name, id) VALUES ('サマーれげぇ!レインボー', 1134);
INSERT INTO artist_name (name, id) VALUES ('7人祭', 9878);
INSERT INTO artist_credit (artistcount, refcount, name, id) VALUES (1, 16, 9878, 265420);
INSERT INTO artist_name (name, id) VALUES ('7nin Matsuri', 9788);
INSERT INTO artist_type (name, id) VALUES ('Group', 2);
INSERT INTO artist (country, sortname, name, enddate_day, begindate_day, comment, begindate_year, begindate_month, enddate_year, type, id, editpending, gender, enddate_month, gid) VALUES (NULL, 9788, 9878, NULL, NULL, NULL, NULL, NULL, NULL, 2, 265420, 0, NULL, NULL, '802673f0-9b88-4e8a-bb5c-dd01d68b086f');
INSERT INTO artist_name (name, id) VALUES ('ななにんまつり', 4932);
INSERT INTO artist_name (name, id) VALUES ('7닌마츠리', 9616);
INSERT INTO artist_name (name, id) VALUES ('7 nin matsuri', 9787);
INSERT INTO artist_alias (artist, name, locale, id, editpending) VALUES (265420, 4932, NULL, 48153, 0);
INSERT INTO artist_alias (artist, name, locale, id, editpending) VALUES (265420, 9616, NULL, 48154, 0);
INSERT INTO artist_alias (artist, name, locale, id, editpending) VALUES (265420, 9787, NULL, 48155, 0);
INSERT INTO artist_alias (artist, name, locale, id, editpending) VALUES (265420, 9788, NULL, 48156, 0);
INSERT INTO artist_credit_name (artist, name, position, artist_credit, joinphrase) VALUES (265420, 9878, 0, 265420, NULL);
INSERT INTO release_group (comment, name, type, artist_credit, id, editpending, gid) VALUES (NULL, 1134, 3, 265420, 377462, 0, 'b84625af-6229-305f-9f1b-59c0185df016');
INSERT INTO release_status (name, id) VALUES ('Official', 1);
INSERT INTO country (isocode, name, id) VALUES ('JP', 'Japan', 107);
INSERT INTO language (frequency, isocode_3t, isocode_2, name, id, isocode_3b) VALUES (2, 'jpn', 'ja', 'Japanese', 198, 'jpn');
INSERT INTO script (frequency, isonumber, isocode, name, id) VALUES (4, '413', 'Jpan', 'Japanese', 85);
INSERT INTO release_status (name, id) VALUES ('Pseudo-Release', 4);
INSERT INTO script (frequency, isonumber, isocode, name, id) VALUES (4, '215', 'Latn', 'Latin', 28);
INSERT INTO release_name (name, id) VALUES ('Summer Reggae! Rainbow', 529835);
INSERT INTO release (date_day, status, release_group, packaging, id, quality, country, script, language, name, artist_credit, barcode, comment, date_year, date_month, gid, editpending) VALUES (4, 1, 377462, NULL, 49161, -1, 107, 85, 198, 1134, 265420, '4942463511227', NULL, 2001, 7, '0385f276-5f4f-4c81-a7a4-6bd7b8d85a7e', 0);
INSERT INTO release (date_day, status, release_group, packaging, id, quality, country, script, language, name, artist_credit, barcode, comment, date_year, date_month, gid, editpending) VALUES (4, 4, 377462, NULL, 123054, -1, 107, 28, 198, 529835, 265420, '4942463511227', NULL, 2001, 7, 'b3b7e934-445b-4c68-a097-730c6a6d47e6', 0);
INSERT INTO medium_format (name, id, year) VALUES ('CD', 1, 1982);
INSERT INTO tracklist (trackcount, id) VALUES (0, 377462);
INSERT INTO track_name (name, id) VALUES ('サマーれげぇ!レインボー', 11743);
INSERT INTO recording (length, comment, name, artist_credit, id, editpending, gid) VALUES (296026, NULL, 11743, 265420, 4223059, 0, '162630d9-36d2-4a8d-ade1-1c77440b34e7');
INSERT INTO clientversion (version, id) VALUES ('puid_submit.py-0.0.1', 130);
INSERT INTO puid (version, puid, id) VALUES (130, 'cdec3fe2-0473-073c-3cbb-bfb0c01a87ff', 679814);
INSERT INTO recording_puid (recording, puid, id, editpending) VALUES (4223059, 679814, 872389, 0);
INSERT INTO isrc (source, recording, isrc, id, editpending) VALUES (0, 4223059, 'JPA600102450', 4255, 0);
INSERT INTO track_name (name, id) VALUES ('HELLO! また会おうね (7人祭 version)', 1556038);
INSERT INTO recording (length, comment, name, artist_credit, id, editpending, gid) VALUES (213106, NULL, 1556038, 265420, 4223060, 0, '487cac92-eed5-4efa-8563-c9a818079b9a');
INSERT INTO puid (version, puid, id) VALUES (130, '251bd265-84c7-ed8f-aecf-1d9918582399', 679811);
INSERT INTO recording_puid (recording, puid, id, editpending) VALUES (4223060, 679811, 966032, 0);
INSERT INTO isrc (source, recording, isrc, id, editpending) VALUES (0, 4223060, 'JPA600102460', 4256, 0);
INSERT INTO track_name (name, id) VALUES ('サマーれげぇ!レインボー (instrumental)', 1791007);
INSERT INTO recording (length, comment, name, artist_credit, id, editpending, gid) VALUES (292800, NULL, 1791007, 265420, 4223061, 0, 'eb818aa4-d472-4d2b-b1a9-7fe5f1c7d26e');
INSERT INTO clientversion (version, id) VALUES ('MusicBrainz Picard-0.7.0', 134);
INSERT INTO puid (version, puid, id) VALUES (134, '7b8a868f-1e67-852b-5141-ad1edfb1e492', 857414);
INSERT INTO recording_puid (recording, puid, id, editpending) VALUES (4223061, 857414, 1089480, 0);
INSERT INTO isrc (source, recording, isrc, id, editpending) VALUES (0, 4223061, 'JPA600102459', 4257, 0);
INSERT INTO track (length, recording, name, position, artist_credit, id, tracklist, editpending) VALUES (296026, 4223059, 11743, 1, 265420, 4223059, 377462, 0);
INSERT INTO track (length, recording, name, position, artist_credit, id, tracklist, editpending) VALUES (213106, 4223060, 1556038, 2, 265420, 4223060, 377462, 0);
INSERT INTO track (length, recording, name, position, artist_credit, id, tracklist, editpending) VALUES (292800, 4223061, 1791007, 3, 265420, 4223061, 377462, 0);
INSERT INTO medium (format, name, position, release, id, tracklist, editpending) VALUES (1, NULL, 1, 49161, 49161, 377462, 0);
INSERT INTO cdtoc (discid, leadoutoffset, degraded, trackoffset, trackcount, freedbid, id) VALUES ('W01Qvrvwkaz2Cm.IQm55_RHoRxs-', 60295, '0', '{150,22352,38335}', 3, '1c032103', 129807);
INSERT INTO medium_cdtoc (medium, id, cdtoc, editpending) VALUES (49161, 417188, 129807, 0);
INSERT INTO label_type (name, id) VALUES ('Original Production', 4);
INSERT INTO label_name (name, id) VALUES ('zetima', 44727);
INSERT INTO label (country, sortname, labelcode, name, enddate_day, begindate_day, comment, begindate_year, begindate_month, enddate_year, type, id, editpending, enddate_month, gid) VALUES (107, 44727, NULL, 44727, NULL, NULL, NULL, NULL, NULL, NULL, 4, 381, 0, NULL, '6bb73458-6c5f-4c26-8367-66fcef562955');
INSERT INTO release_label (catno, label, release, id) VALUES ('EPCE-5112', 381, 49161, 118562);
INSERT INTO tracklist (trackcount, id) VALUES (0, 494491);
INSERT INTO track_name (name, id) VALUES ('Summer Reggae! Rainbow', 3551655);
INSERT INTO track_name (name, id) VALUES ('Hello! Mata Aou Ne (7nin Matsuri version)', 1555213);
INSERT INTO track_name (name, id) VALUES ('Summer Reggae! Rainbow (Instrumental)', 3551656);
INSERT INTO track (length, recording, name, position, artist_credit, id, tracklist, editpending) VALUES (296026, 4223059, 3551655, 1, 265420, 5590796, 494491, 0);
INSERT INTO track (length, recording, name, position, artist_credit, id, tracklist, editpending) VALUES (213106, 4223060, 1555213, 2, 265420, 5590797, 494491, 0);
INSERT INTO track (length, recording, name, position, artist_credit, id, tracklist, editpending) VALUES (292800, 4223061, 3551656, 3, 265420, 5590798, 494491, 0);
INSERT INTO medium (format, name, position, release, id, tracklist, editpending) VALUES (1, NULL, 1, 123054, 123054, 494491, 0);
INSERT INTO medium_cdtoc (medium, id, cdtoc, editpending) VALUES (123054, 433529, 129807, 0);
INSERT INTO release_label (catno, label, release, id) VALUES ('EPCE-5112', 381, 123054, 119181);
INSERT INTO release_group_type (name, id) VALUES ('Album', 2);
INSERT INTO release_name (name, id) VALUES ('For Beginner Piano', 216910);
INSERT INTO artist_name (name, id) VALUES ('Plone', 591913);
INSERT INTO artist_credit (artistcount, refcount, name, id) VALUES (1, 81, 591913, 11545);
INSERT INTO artist (country, sortname, name, enddate_day, begindate_day, comment, begindate_year, begindate_month, enddate_year, type, id, editpending, gender, enddate_month, gid) VALUES (NULL, 591913, 591913, NULL, NULL, NULL, NULL, NULL, NULL, 2, 11545, 0, NULL, NULL, '3088b672-fba9-4b4b-8ae0-dce13babfbb4');
INSERT INTO artist_credit_name (artist, name, position, artist_credit, joinphrase) VALUES (11545, 591913, 0, 11545, NULL);
INSERT INTO release_group (comment, name, type, artist_credit, id, editpending, gid) VALUES (NULL, 216910, 2, 11545, 155364, 0, '202cad78-a2e1-3fa7-b8bc-77c1f737e3da');
INSERT INTO country (isocode, name, id) VALUES ('GB', 'United Kingdom', 221);
INSERT INTO language (frequency, isocode_3t, isocode_2, name, id, isocode_3b) VALUES (2, 'eng', 'en', 'English', 120, 'eng');
INSERT INTO country (isocode, name, id) VALUES ('US', 'United States', 222);
INSERT INTO release (date_day, status, release_group, packaging, id, quality, country, script, language, name, artist_credit, barcode, comment, date_year, date_month, gid, editpending) VALUES (13, 1, 155364, NULL, 24752, -1, 221, 28, 120, 216910, 11545, '5021603064126', NULL, 1999, 9, '4f5a6b97-a09b-4893-80d1-eae1f3bfa221', 0);
INSERT INTO release (date_day, status, release_group, packaging, id, quality, country, script, language, name, artist_credit, barcode, comment, date_year, date_month, gid, editpending) VALUES (23, 1, 155364, NULL, 243064, -1, 222, 28, 120, 216910, 11545, NULL, NULL, 1999, 9, 'fbe4eb72-0f24-3875-942e-f581589713d4', 0);
INSERT INTO release (date_day, status, release_group, packaging, id, quality, country, script, language, name, artist_credit, barcode, comment, date_year, date_month, gid, editpending) VALUES (13, 1, 155364, NULL, 654729, -1, 221, 28, 120, 216910, 11545, NULL, NULL, 1999, 9, 'dd66bfdd-6097-32e3-91b6-67f47ba25d4c', 0);
INSERT INTO tracklist (trackcount, id) VALUES (0, 155364);
INSERT INTO track_name (name, id) VALUES ('On My Bus', 2734593);
INSERT INTO recording (length, comment, name, artist_credit, id, editpending, gid) VALUES (267560, NULL, 2734593, 11545, 1542682, 0, '44704dda-b877-4551-a2a8-c1f764476e65');
INSERT INTO clientversion (version, id) VALUES ('unknown', 1);
INSERT INTO puid (version, puid, id) VALUES (1, '138f0487-85eb-5fe9-355d-9b94a60ff1dc', 86037);
INSERT INTO puid (version, puid, id) VALUES (1, '59963809-99c6-86c8-246a-85c1779bed07', 310223);
INSERT INTO recording_puid (recording, puid, id, editpending) VALUES (1542682, 86037, 4464373, 0);
INSERT INTO recording_puid (recording, puid, id, editpending) VALUES (1542682, 310223, 399193, 0);
INSERT INTO track_name (name, id) VALUES ('Top & Low Rent', 3953751);
INSERT INTO recording (length, comment, name, artist_credit, id, editpending, gid) VALUES (230506, NULL, 3953751, 11545, 1542683, 0, '8920288e-7541-48a7-b23b-f80447c8b1ab');
INSERT INTO puid (version, puid, id) VALUES (1, '1d8cf2de-4e31-2043-cbb2-9d61d000e5da', 129843);
INSERT INTO puid (version, puid, id) VALUES (1, '45aa205f-1fdb-b441-a97b-17d95c786cc0', 272070);
INSERT INTO recording_puid (recording, puid, id, editpending) VALUES (1542683, 129843, 4464424, 0);
INSERT INTO recording_puid (recording, puid, id, editpending) VALUES (1542683, 272070, 350047, 0);
INSERT INTO track_name (name, id) VALUES ('Plock', 2901134);
INSERT INTO recording (length, comment, name, artist_credit, id, editpending, gid) VALUES (237133, NULL, 2901134, 11545, 1542684, 0, '6e89c516-b0b6-4735-a758-38e31855dcb6');
INSERT INTO puid (version, puid, id) VALUES (1, 'e21f9f94-85cd-5e40-d158-0cea7e4b5877', 571418);
INSERT INTO recording_puid (recording, puid, id, editpending) VALUES (1542684, 86037, 110914, 0);
INSERT INTO recording_puid (recording, puid, id, editpending) VALUES (1542684, 571418, 4464385, 0);
INSERT INTO track_name (name, id) VALUES ('Marbles', 2337544);
INSERT INTO recording (length, comment, name, artist_credit, id, editpending, gid) VALUES (229826, NULL, 2337544, 11545, 1542685, 0, '791d9b27-ae1a-4295-8943-ded4284f2122');
INSERT INTO puid (version, puid, id) VALUES (1, '53760233-32b0-09f6-131d-5f796ffd4b52', 298486);
INSERT INTO recording_puid (recording, puid, id, editpending) VALUES (1542685, 272070, 4464398, 0);
INSERT INTO recording_puid (recording, puid, id, editpending) VALUES (1542685, 298486, 384117, 0);
INSERT INTO track_name (name, id) VALUES ('Busy Working', 549782);
INSERT INTO recording (length, comment, name, artist_credit, id, editpending, gid) VALUES (217440, NULL, 549782, 11545, 1542686, 0, '4f392ffb-d3df-4f8a-ba74-fdecbb1be877');
INSERT INTO recording_puid (recording, puid, id, editpending) VALUES (1542686, 129843, 167018, 0);
INSERT INTO track_name (name, id) VALUES ('The Greek Alphabet', 3754543);
INSERT INTO recording (length, comment, name, artist_credit, id, editpending, gid) VALUES (227293, NULL, 3754543, 11545, 1542687, 0, 'dc891eca-bf42-4103-8682-86068fe732a5');
INSERT INTO puid (version, puid, id) VALUES (1, 'a8c39df5-8d8c-0cce-1538-2760ad1bbb1c', 461612);
INSERT INTO recording_puid (recording, puid, id, editpending) VALUES (1542687, 461612, 594011, 0);
INSERT INTO track_name (name, id) VALUES ('Press a Key', 2949854);
INSERT INTO recording (length, comment, name, artist_credit, id, editpending, gid) VALUES (244506, NULL, 2949854, 11545, 1542688, 0, '25e9ae0f-8b7d-4230-9cde-9a07f7680e4a');
INSERT INTO recording_puid (recording, puid, id, editpending) VALUES (1542688, 571418, 734736, 0);
INSERT INTO track_name (name, id) VALUES ('Bibi Plone', 425243);
INSERT INTO recording (length, comment, name, artist_credit, id, editpending, gid) VALUES (173960, NULL, 425243, 11545, 1542689, 0, '6f9c8c32-3aae-4dad-b023-56389361cf6b');
INSERT INTO puid (version, puid, id) VALUES (1, 'a1f6892c-8cf4-150f-3e42-2d32c7652460', 448619);
INSERT INTO recording_puid (recording, puid, id, editpending) VALUES (1542689, 448619, 577301, 0);
INSERT INTO track_name (name, id) VALUES ('Be Rude to Your School', 413978);
INSERT INTO recording (length, comment, name, artist_credit, id, editpending, gid) VALUES (208706, NULL, 413978, 11545, 1542690, 0, '7e379a1d-f2bc-47b8-964e-00723df34c8a');
INSERT INTO puid (version, puid, id) VALUES (1, '7038d263-9736-015b-e43d-4e6e7bb85138', 353525);
INSERT INTO puid (version, puid, id) VALUES (130, '24dd0c12-3f22-955d-f35e-d3d8867eee8d', 2063146);
INSERT INTO recording_puid (recording, puid, id, editpending) VALUES (1542690, 353525, 454791, 0);
INSERT INTO recording_puid (recording, puid, id, editpending) VALUES (1542690, 2063146, 2577207, 0);
INSERT INTO track_name (name, id) VALUES ('Summer Plays Out', 3551566);
INSERT INTO recording (length, comment, name, artist_credit, id, editpending, gid) VALUES (320067, NULL, 3551566, 11545, 1542691, 0, 'a8614bda-42dc-43c7-ac5f-4067acb6f1c5');
INSERT INTO puid (version, puid, id) VALUES (1, 'b36a3d42-b725-6461-a4ef-e94a2011b6aa', 482017);
INSERT INTO clientversion (version, id) VALUES ('MusicBrainz Picard-0.7.0beta2', 129);
INSERT INTO puid (version, puid, id) VALUES (129, '7aa785e9-0bcc-5ec1-34c0-597399e489aa', 651225);
INSERT INTO recording_puid (recording, puid, id, editpending) VALUES (1542691, 482017, 620196, 0);
INSERT INTO recording_puid (recording, puid, id, editpending) VALUES (1542691, 651225, 838310, 0);
INSERT INTO track (length, recording, name, position, artist_credit, id, tracklist, editpending) VALUES (267560, 1542682, 2734593, 1, 11545, 1542682, 155364, 0);
INSERT INTO track (length, recording, name, position, artist_credit, id, tracklist, editpending) VALUES (230506, 1542683, 3953751, 2, 11545, 1542683, 155364, 0);
INSERT INTO track (length, recording, name, position, artist_credit, id, tracklist, editpending) VALUES (237133, 1542684, 2901134, 3, 11545, 1542684, 155364, 0);
INSERT INTO track (length, recording, name, position, artist_credit, id, tracklist, editpending) VALUES (229826, 1542685, 2337544, 4, 11545, 1542685, 155364, 0);
INSERT INTO track (length, recording, name, position, artist_credit, id, tracklist, editpending) VALUES (217440, 1542686, 549782, 5, 11545, 1542686, 155364, 0);
INSERT INTO track (length, recording, name, position, artist_credit, id, tracklist, editpending) VALUES (227293, 1542687, 3754543, 6, 11545, 1542687, 155364, 0);
INSERT INTO track (length, recording, name, position, artist_credit, id, tracklist, editpending) VALUES (244506, 1542688, 2949854, 7, 11545, 1542688, 155364, 0);
INSERT INTO track (length, recording, name, position, artist_credit, id, tracklist, editpending) VALUES (173960, 1542689, 425243, 8, 11545, 1542689, 155364, 0);
INSERT INTO track (length, recording, name, position, artist_credit, id, tracklist, editpending) VALUES (208706, 1542690, 413978, 9, 11545, 1542690, 155364, 0);
INSERT INTO track (length, recording, name, position, artist_credit, id, tracklist, editpending) VALUES (320067, 1542691, 3551566, 10, 11545, 1542691, 155364, 0);
INSERT INTO medium (format, name, position, release, id, tracklist, editpending) VALUES (1, NULL, 1, 24752, 24752, 155364, 0);
INSERT INTO cdtoc (discid, leadoutoffset, degraded, trackoffset, trackcount, freedbid, id) VALUES ('4Fzv46Cx17XbCG5hQ1xo6KmQojk-', 177766, '0', '{150,20190,37441,55229,72498,88781,105874,124205,137213,152863}', 10, '9509400a', 96188);
INSERT INTO cdtoc (discid, leadoutoffset, degraded, trackoffset, trackcount, freedbid, id) VALUES ('VkX.hmODEJMV9FhQnxkWzQSX8iE-', 176980, '0', '{150,20217,37505,55290,72527,88835,105882,124220,137267,152920}', 10, '7f09350a', 114635);
INSERT INTO medium_cdtoc (medium, id, cdtoc, editpending) VALUES (24752, 247712, 96188, 0);
INSERT INTO medium_cdtoc (medium, id, cdtoc, editpending) VALUES (24752, 247713, 114635, 0);
INSERT INTO label_name (name, id) VALUES ('Warp Records', 43256);
INSERT INTO label (country, sortname, labelcode, name, enddate_day, begindate_day, comment, begindate_year, begindate_month, enddate_year, type, id, editpending, enddate_month, gid) VALUES (221, 43256, 2070, 43256, NULL, NULL, NULL, 1989, NULL, NULL, 4, 46, 0, NULL, '46f0f4cd-8aab-4b33-b698-f459faf64190');
INSERT INTO release_label (catno, label, release, id) VALUES ('WARPCD64', 46, 24752, 413239);
INSERT INTO medium (format, name, position, release, id, tracklist, editpending) VALUES (1, NULL, 1, 243064, 243064, 155364, 0);
INSERT INTO medium_cdtoc (medium, id, cdtoc, editpending) VALUES (243064, 429135, 96188, 0);
INSERT INTO medium_cdtoc (medium, id, cdtoc, editpending) VALUES (243064, 429136, 114635, 0);
INSERT INTO label_name (name, id) VALUES ('Matador Records', 24074);
INSERT INTO label (country, sortname, labelcode, name, enddate_day, begindate_day, comment, begindate_year, begindate_month, enddate_year, type, id, editpending, enddate_month, gid) VALUES (222, 24074, 11552, 24074, NULL, NULL, NULL, 1989, NULL, NULL, 4, 124, 0, NULL, '229bd4be-8cd7-442c-85b0-5007ea353abc');
INSERT INTO release_label (catno, label, release, id) VALUES ('OLE 358-2', 124, 243064, 54432);
INSERT INTO medium_format (name, id, year) VALUES ('Vinyl', 7, 1895);
INSERT INTO medium (format, name, position, release, id, tracklist, editpending) VALUES (7, NULL, 1, 654729, 654729, 155364, 0);
INSERT INTO release_label (catno, label, release, id) VALUES ('WARPLP64', 46, 654729, 405755);
INSERT INTO release_name (name, id) VALUES ('My Demons', 388860);
INSERT INTO artist_name (name, id) VALUES ('Distance', 194779);
INSERT INTO artist_credit (artistcount, refcount, name, id) VALUES (1, 173, 194779, 427385);
INSERT INTO artist_type (name, id) VALUES ('Person', 1);
INSERT INTO artist (country, sortname, name, enddate_day, begindate_day, comment, begindate_year, begindate_month, enddate_year, type, id, editpending, gender, enddate_month, gid) VALUES (NULL, 194779, 194779, NULL, NULL, 'UK dubstep artist Greg Sanders', NULL, NULL, NULL, 1, 427385, 0, NULL, NULL, '472bc127-8861-45e8-bc9e-31e8dd32de7a');
INSERT INTO artist_name (name, id) VALUES ('DJ Distance', 197097);
INSERT INTO artist_alias (artist, name, locale, id, editpending) VALUES (427385, 194779, NULL, 65226, 0);
INSERT INTO artist_alias (artist, name, locale, id, editpending) VALUES (427385, 197097, NULL, 65227, 0);
INSERT INTO artist_credit_name (artist, name, position, artist_credit, joinphrase) VALUES (427385, 194779, 0, 427385, NULL);
INSERT INTO release_group (comment, name, type, artist_credit, id, editpending, gid) VALUES (NULL, 388860, 2, 427385, 597897, 0, '22b54315-6e51-350b-bb34-e6e16f7688bd');
INSERT INTO release (date_day, status, release_group, packaging, id, quality, country, script, language, name, artist_credit, barcode, comment, date_year, date_month, gid, editpending) VALUES (29, 1, 597897, NULL, 246898, -1, 221, 28, 120, 388860, 427385, NULL, NULL, 2007, 1, 'adcf7b48-086e-48ee-b420-1001f88d672f', 0);
INSERT INTO tracklist (trackcount, id) VALUES (0, 597897);
INSERT INTO track_name (name, id) VALUES ('Night Vision', 2608461);
INSERT INTO recording (length, comment, name, artist_credit, id, editpending, gid) VALUES (369000, NULL, 2608461, 427385, 6750260, 0, 'c4ef59be-bfa1-4601-81f8-9a65e3d8c1c9');
INSERT INTO clientversion (version, id) VALUES ('MusicBrainz Picard-0.7.2', 140);
INSERT INTO puid (version, puid, id) VALUES (140, '3f8c1f24-428e-c2d8-6456-b5f41a63bee2', 1582677);
INSERT INTO recording_puid (recording, puid, id, editpending) VALUES (6750260, 1582677, 3948009, 0);
INSERT INTO track_name (name, id) VALUES ('My Demons', 2527121);
INSERT INTO recording (length, comment, name, artist_credit, id, editpending, gid) VALUES (291000, NULL, 2527121, 427385, 6750261, 0, '290792d5-5b32-4ba7-bd06-272589ab9669');
INSERT INTO puid (version, puid, id) VALUES (140, 'b762db11-ff7e-943a-f102-951a66208b86', 1582679);
INSERT INTO recording_puid (recording, puid, id, editpending) VALUES (6750261, 1582679, 1978374, 0);
INSERT INTO track_name (name, id) VALUES ('Weigh Down', 4209127);
INSERT INTO recording (length, comment, name, artist_credit, id, editpending, gid) VALUES (348000, NULL, 4209127, 427385, 6750262, 0, 'ccb347ea-5123-4bc8-a1a8-f60cf5fee9ad');
INSERT INTO puid (version, puid, id) VALUES (140, 'f8041a67-c449-978e-7acc-fcc6c289df7a', 1582675);
INSERT INTO recording_puid (recording, puid, id, editpending) VALUES (6750262, 1582675, 1978370, 0);
INSERT INTO track_name (name, id) VALUES ('Traffic', 3971076);
INSERT INTO recording (length, comment, name, artist_credit, id, editpending, gid) VALUES (319000, NULL, 3971076, 427385, 6750263, 0, '03144356-5c08-47f8-8590-39a623cc5f36');
INSERT INTO puid (version, puid, id) VALUES (130, '2654aef9-0f71-86e6-d8d2-f1e01b807249', 870276);
INSERT INTO puid (version, puid, id) VALUES (140, 'a8cd011c-e17c-5b6e-f9c9-012f8c005ab7', 1582678);
INSERT INTO recording_puid (recording, puid, id, editpending) VALUES (6750263, 870276, 5123775, 0);
INSERT INTO recording_puid (recording, puid, id, editpending) VALUES (6750263, 1582678, 3948008, 0);
INSERT INTO track_name (name, id) VALUES ('Mistral', 2449005);
INSERT INTO recording (length, comment, name, artist_credit, id, editpending, gid) VALUES (280000, NULL, 2449005, 427385, 6750264, 0, '35db5502-4937-4653-8494-c4291f1f22fe');
INSERT INTO puid (version, puid, id) VALUES (140, '0ba766ca-dbeb-a765-5c61-682be4ab69f6', 1582671);
INSERT INTO recording_puid (recording, puid, id, editpending) VALUES (6750264, 1582671, 1978366, 0);
INSERT INTO track_name (name, id) VALUES ('Cyclops', 819608);
INSERT INTO recording (length, comment, name, artist_credit, id, editpending, gid) VALUES (265000, NULL, 819608, 427385, 6750265, 0, 'a4eb6323-519d-44e4-8ab7-df0a0f9df349');
INSERT INTO puid (version, puid, id) VALUES (140, '5a911797-156d-b56d-084b-506bca56bc82', 1582673);
INSERT INTO recording_puid (recording, puid, id, editpending) VALUES (6750265, 1582673, 1978368, 0);
INSERT INTO track_name (name, id) VALUES ('Cella', 620783);
INSERT INTO recording (length, comment, name, artist_credit, id, editpending, gid) VALUES (334000, NULL, 620783, 427385, 6750266, 0, '7a356856-9483-42c2-bed9-dc07cb555952');
INSERT INTO puid (version, puid, id) VALUES (140, '56ec3406-ec65-bb55-902b-f5c2b6643d4b', 1582676);
INSERT INTO recording_puid (recording, puid, id, editpending) VALUES (6750266, 1582676, 1978371, 0);
INSERT INTO track_name (name, id) VALUES ('Ska', 3336196);
INSERT INTO recording (length, comment, name, artist_credit, id, editpending, gid) VALUES (300000, NULL, 3336196, 427385, 6750267, 0, '3b869875-6f4e-40e8-abda-d14184b073cd');
INSERT INTO puid (version, puid, id) VALUES (140, '0ae37f6c-ed30-3b69-e5d3-8790304b1ae9', 1582674);
INSERT INTO recording_puid (recording, puid, id, editpending) VALUES (6750267, 1582674, 1978369, 0);
INSERT INTO track_name (name, id) VALUES ('Fractured', 1322242);
INSERT INTO recording (length, comment, name, artist_credit, id, editpending, gid) VALUES (311000, NULL, 1322242, 427385, 6750268, 0, '34061710-6ed8-4999-9ee6-177bad0af0a3');
INSERT INTO puid (version, puid, id) VALUES (140, '3131e5e0-b220-c6cb-0569-15e5eb086a79', 1582670);
INSERT INTO recording_puid (recording, puid, id, editpending) VALUES (6750268, 1582670, 1978365, 0);
INSERT INTO track_name (name, id) VALUES ('Tuning', 4013459);
INSERT INTO recording (length, comment, name, artist_credit, id, editpending, gid) VALUES (272000, NULL, 4013459, 427385, 6750269, 0, '4ce2ac82-56f6-4a8a-af9b-33af6c67f30d');
INSERT INTO puid (version, puid, id) VALUES (140, '784d6623-823e-f4e9-7f40-1b2fb0375897', 1582669);
INSERT INTO recording_puid (recording, puid, id, editpending) VALUES (6750269, 1582669, 1978364, 0);
INSERT INTO track_name (name, id) VALUES ('Confined', 760694);
INSERT INTO recording (length, comment, name, artist_credit, id, editpending, gid) VALUES (314000, NULL, 760694, 427385, 6750270, 0, 'e5a5847b-451b-4051-a09b-8295329097e3');
INSERT INTO puid (version, puid, id) VALUES (140, 'd3ac810a-50b9-5427-a298-f8166c05d278', 1582680);
INSERT INTO recording_puid (recording, puid, id, editpending) VALUES (6750270, 1582680, 1978375, 0);
INSERT INTO track_name (name, id) VALUES ('Delight', 891265);
INSERT INTO recording (length, comment, name, artist_credit, id, editpending, gid) VALUES (339000, NULL, 891265, 427385, 6750271, 0, '9011e90d-b7e3-400b-b932-305f94608772');
INSERT INTO puid (version, puid, id) VALUES (140, '62d982b6-ee26-9275-0797-8e2829faf5e0', 1582672);
INSERT INTO recording_puid (recording, puid, id, editpending) VALUES (6750271, 1582672, 1978367, 0);
INSERT INTO track (length, recording, name, position, artist_credit, id, tracklist, editpending) VALUES (369000, 6750260, 2608461, 1, 427385, 6750260, 597897, 0);
INSERT INTO track (length, recording, name, position, artist_credit, id, tracklist, editpending) VALUES (291000, 6750261, 2527121, 2, 427385, 6750261, 597897, 0);
INSERT INTO track (length, recording, name, position, artist_credit, id, tracklist, editpending) VALUES (348000, 6750262, 4209127, 3, 427385, 6750262, 597897, 0);
INSERT INTO track (length, recording, name, position, artist_credit, id, tracklist, editpending) VALUES (319000, 6750263, 3971076, 4, 427385, 6750263, 597897, 0);
INSERT INTO track (length, recording, name, position, artist_credit, id, tracklist, editpending) VALUES (280000, 6750264, 2449005, 5, 427385, 6750264, 597897, 0);
INSERT INTO track (length, recording, name, position, artist_credit, id, tracklist, editpending) VALUES (265000, 6750265, 819608, 6, 427385, 6750265, 597897, 0);
INSERT INTO track (length, recording, name, position, artist_credit, id, tracklist, editpending) VALUES (334000, 6750266, 620783, 7, 427385, 6750266, 597897, 0);
INSERT INTO track (length, recording, name, position, artist_credit, id, tracklist, editpending) VALUES (300000, 6750267, 3336196, 8, 427385, 6750267, 597897, 0);
INSERT INTO track (length, recording, name, position, artist_credit, id, tracklist, editpending) VALUES (311000, 6750268, 1322242, 9, 427385, 6750268, 597897, 0);
INSERT INTO track (length, recording, name, position, artist_credit, id, tracklist, editpending) VALUES (272000, 6750269, 4013459, 10, 427385, 6750269, 597897, 0);
INSERT INTO track (length, recording, name, position, artist_credit, id, tracklist, editpending) VALUES (314000, 6750270, 760694, 11, 427385, 6750270, 597897, 0);
INSERT INTO track (length, recording, name, position, artist_credit, id, tracklist, editpending) VALUES (339000, 6750271, 891265, 12, 427385, 6750271, 597897, 0);
INSERT INTO medium (format, name, position, release, id, tracklist, editpending) VALUES (1, NULL, 1, 246898, 246898, 597897, 0);
INSERT INTO cdtoc (discid, leadoutoffset, degraded, trackoffset, trackcount, freedbid, id) VALUES ('75S7Yp3IiqPVREQhjAjMXPhwz0Y-', 281289, '0', '{150,27852,49751,75876,99845,120876,140765,165856,188422,211757,232229,255810}', 12, '7f0ea40c', 269350);
INSERT INTO medium_cdtoc (medium, id, cdtoc, editpending) VALUES (246898, 328959, 269350, 0);
INSERT INTO label_name (name, id) VALUES ('Planet Mu', 30096);
INSERT INTO label (country, sortname, labelcode, name, enddate_day, begindate_day, comment, begindate_year, begindate_month, enddate_year, type, id, editpending, enddate_month, gid) VALUES (221, 30096, NULL, 30096, NULL, NULL, NULL, 1995, NULL, NULL, 4, 132, 0, NULL, 'b4edce40-090f-4956-b82a-5d9d285da40b');
INSERT INTO label_name (name, id) VALUES ('Planet µ', 30072);
INSERT INTO label_alias (name, locale, label, id, editpending) VALUES (30072, NULL, 132, 99, 0);
INSERT INTO release_label (catno, label, release, id) VALUES ('ZIQ170CD', 132, 246898, 28776);
INSERT INTO release_name (name, id) VALUES ('Repercussions', 463036);
INSERT INTO release_group (comment, name, type, artist_credit, id, editpending, gid) VALUES (NULL, 463036, 2, 427385, 761939, 0, '56683a0b-45b8-3664-a231-5b68efe2e7e2');
INSERT INTO release (date_day, status, release_group, packaging, id, quality, country, script, language, name, artist_credit, barcode, comment, date_year, date_month, gid, editpending) VALUES (17, 1, 761939, NULL, 446581, -1, 221, 28, 120, 463036, 427385, NULL, NULL, 2008, 11, '3b3d130a-87a8-4a47-b9fb-920f2530d134', 0);
INSERT INTO tracklist (trackcount, id) VALUES (0, 761939);
INSERT INTO track_name (name, id) VALUES ('Magnesium', 2305824);
INSERT INTO recording (length, comment, name, artist_credit, id, editpending, gid) VALUES (308706, NULL, 2305824, 427385, 8509231, 0, '4f3321a6-7277-4c0e-808f-423b81e083e0');
INSERT INTO clientversion (version, id) VALUES ('MusicBrainz Picard-0.10', 194);
INSERT INTO puid (version, puid, id) VALUES (194, 'cd3710ed-dbaa-1e71-a6ad-27e8cdd58c98', 3015596);
INSERT INTO recording_puid (recording, puid, id, editpending) VALUES (8509231, 3015596, 3788564, 0);
INSERT INTO track_name (name, id) VALUES ('Out of Mind', 2773183);
INSERT INTO recording (length, comment, name, artist_credit, id, editpending, gid) VALUES (340626, NULL, 2773183, 427385, 8509232, 0, '1468c415-12bd-4fb9-b9e9-ca8d3f1df161');
INSERT INTO puid (version, puid, id) VALUES (194, '2c20b367-15a5-05ca-6131-91b43a57bd31', 3015600);
INSERT INTO recording_puid (recording, puid, id, editpending) VALUES (8509232, 3015600, 3788568, 0);
INSERT INTO track_name (name, id) VALUES ('Free Me', 1331394);
INSERT INTO recording (length, comment, name, artist_credit, id, editpending, gid) VALUES (326066, NULL, 1331394, 427385, 8509233, 0, '4abc57ff-035a-4612-9b53-6962f8216c9b');
INSERT INTO puid (version, puid, id) VALUES (194, 'adced382-ae08-9c84-d2de-31a051787242', 3015597);
INSERT INTO recording_puid (recording, puid, id, editpending) VALUES (8509233, 3015597, 3788565, 0);
INSERT INTO track_name (name, id) VALUES ('Koncrete', 2021860);
INSERT INTO recording (length, comment, name, artist_credit, id, editpending, gid) VALUES (340133, NULL, 2021860, 427385, 8509234, 0, 'cd836930-a4c7-45ac-821f-5642e99d4428');
INSERT INTO puid (version, puid, id) VALUES (194, '539d1944-201a-0d91-2780-0f7c37af0dbc', 3015603);
INSERT INTO recording_puid (recording, puid, id, editpending) VALUES (8509234, 3015603, 3788571, 0);
INSERT INTO track_name (name, id) VALUES ('Loosen My Grip', 2240657);
INSERT INTO recording (length, comment, name, artist_credit, id, editpending, gid) VALUES (353773, NULL, 2240657, 427385, 8509235, 0, 'cbd9e885-b160-4c3c-9b87-468914839d45');
INSERT INTO puid (version, puid, id) VALUES (194, 'fbcbefcd-7e67-3d05-3616-a63a2501c46d', 3015604);
INSERT INTO recording_puid (recording, puid, id, editpending) VALUES (8509235, 3015604, 3788572, 0);
INSERT INTO track_name (name, id) VALUES ('Repercussions', 3069280);
INSERT INTO recording (length, comment, name, artist_credit, id, editpending, gid) VALUES (296000, NULL, 3069280, 427385, 8509236, 0, '5a9d7af8-b149-4764-ad98-cf839a376a60');
INSERT INTO puid (version, puid, id) VALUES (194, '28d4c255-e64a-b33d-25a2-8b804dc63056', 3015599);
INSERT INTO recording_puid (recording, puid, id, editpending) VALUES (8509236, 3015599, 3788567, 0);
INSERT INTO track_name (name, id) VALUES ('Mirror Tell', 2438970);
INSERT INTO recording (length, comment, name, artist_credit, id, editpending, gid) VALUES (329026, NULL, 2438970, 427385, 8509237, 0, '7e97f000-b36d-463e-bc86-795999fc9146');
INSERT INTO puid (version, puid, id) VALUES (194, '98322fdf-2600-37d8-aa34-6074666b7a75', 3015605);
INSERT INTO recording_puid (recording, puid, id, editpending) VALUES (8509237, 3015605, 3788573, 0);
INSERT INTO track_name (name, id) VALUES ('Sending Chills', 3239155);
INSERT INTO recording (length, comment, name, artist_credit, id, editpending, gid) VALUES (295786, NULL, 3239155, 427385, 8509238, 0, 'f08c7c21-252b-46a3-9af1-ee53fb07fb56');
INSERT INTO puid (version, puid, id) VALUES (194, 'e9a78c04-f7b6-6bb3-bbc4-f8180d4169ba', 3015606);
INSERT INTO recording_puid (recording, puid, id, editpending) VALUES (8509238, 3015606, 3788574, 0);
INSERT INTO track_name (name, id) VALUES ('Skeleton Grin', 3338154);
INSERT INTO recording (length, comment, name, artist_credit, id, editpending, gid) VALUES (276373, NULL, 3338154, 427385, 8509239, 0, '9e57a454-076e-4c2f-91f5-7c95efd3e05e');
INSERT INTO puid (version, puid, id) VALUES (194, '6c5e8e69-ee9d-5c86-b349-369a7c7892be', 3015602);
INSERT INTO recording_puid (recording, puid, id, editpending) VALUES (8509239, 3015602, 3788570, 0);
INSERT INTO track (length, recording, name, position, artist_credit, id, tracklist, editpending) VALUES (308706, 8509231, 2305824, 1, 427385, 8509231, 761939, 0);
INSERT INTO track (length, recording, name, position, artist_credit, id, tracklist, editpending) VALUES (340626, 8509232, 2773183, 2, 427385, 8509232, 761939, 0);
INSERT INTO track (length, recording, name, position, artist_credit, id, tracklist, editpending) VALUES (326066, 8509233, 1331394, 3, 427385, 8509233, 761939, 0);
INSERT INTO track (length, recording, name, position, artist_credit, id, tracklist, editpending) VALUES (340133, 8509234, 2021860, 4, 427385, 8509234, 761939, 0);
INSERT INTO track (length, recording, name, position, artist_credit, id, tracklist, editpending) VALUES (353773, 8509235, 2240657, 5, 427385, 8509235, 761939, 0);
INSERT INTO track (length, recording, name, position, artist_credit, id, tracklist, editpending) VALUES (296000, 8509236, 3069280, 6, 427385, 8509236, 761939, 0);
INSERT INTO track (length, recording, name, position, artist_credit, id, tracklist, editpending) VALUES (329026, 8509237, 2438970, 7, 427385, 8509237, 761939, 0);
INSERT INTO track (length, recording, name, position, artist_credit, id, tracklist, editpending) VALUES (295786, 8509238, 3239155, 8, 427385, 8509238, 761939, 0);
INSERT INTO track (length, recording, name, position, artist_credit, id, tracklist, editpending) VALUES (276373, 8509239, 3338154, 9, 427385, 8509239, 761939, 0);
INSERT INTO tracklist (trackcount, id) VALUES (0, 778874);
INSERT INTO track_name (name, id) VALUES ('V', 4088543);
INSERT INTO recording (length, comment, name, artist_credit, id, editpending, gid) VALUES (355346, NULL, 4088543, 427385, 8692017, 0, 'a242aea7-7eff-41b2-9c83-a41f7e7b2c84');
INSERT INTO puid (version, puid, id) VALUES (194, '7e27f67d-8daf-e198-339e-7102b9b90889', 3015598);
INSERT INTO recording_puid (recording, puid, id, editpending) VALUES (8692017, 3015598, 3788566, 0);
INSERT INTO track_name (name, id) VALUES ('Headstrung', 1536749);
INSERT INTO recording (length, comment, name, artist_credit, id, editpending, gid) VALUES (209826, NULL, 1536749, 427385, 8692018, 0, '11536500-0baa-492d-a821-3075ed66a3bc');
INSERT INTO puid (version, puid, id) VALUES (194, '9b8605bc-47d0-e989-85b9-722ba91bba30', 3015607);
INSERT INTO recording_puid (recording, puid, id, editpending) VALUES (8692018, 3015607, 3788575, 0);
INSERT INTO track_name (name, id) VALUES ('Misfit', 2440657);
INSERT INTO recording (length, comment, name, artist_credit, id, editpending, gid) VALUES (291773, NULL, 2440657, 427385, 8692019, 0, '5c1b7a3d-89bd-408b-a0f5-3d7482c7dead');
INSERT INTO puid (version, puid, id) VALUES (194, '048c08fc-5cd9-cd80-7b11-56c1ec39c963', 3015595);
INSERT INTO recording_puid (recording, puid, id, editpending) VALUES (8692019, 3015595, 3788563, 0);
INSERT INTO track_name (name, id) VALUES ('Present Day', 2949164);
INSERT INTO recording (length, comment, name, artist_credit, id, editpending, gid) VALUES (350120, NULL, 2949164, 427385, 8692020, 0, 'f2f8c768-4a5a-48a8-a7e0-e3385870e7aa');
INSERT INTO puid (version, puid, id) VALUES (194, '5c8d3fe5-0875-a744-5f03-affd100b58ee', 3015608);
INSERT INTO recording_puid (recording, puid, id, editpending) VALUES (8692020, 3015608, 3788576, 0);
INSERT INTO track_name (name, id) VALUES ('Feel Me', 1246855);
INSERT INTO recording (length, comment, name, artist_credit, id, editpending, gid) VALUES (317733, NULL, 1246855, 427385, 8692021, 0, '14d5dfdb-6aa8-45a9-b2dd-bc5ed23e6211');
INSERT INTO puid (version, puid, id) VALUES (194, '58534bb7-3aa2-3625-82fd-f492fad54a7d', 3015601);
INSERT INTO recording_puid (recording, puid, id, editpending) VALUES (8692021, 3015601, 3788569, 0);
INSERT INTO track_name (name, id) VALUES ('Radical', 3015246);
INSERT INTO recording (length, comment, name, artist_credit, id, editpending, gid) VALUES (325720, NULL, 3015246, 427385, 8692022, 0, '4deca105-005e-442e-b60d-f0d04f7f4e9d');
INSERT INTO puid (version, puid, id) VALUES (194, '3b89a907-ffce-3528-09d0-74afe04a75c1', 3015594);
INSERT INTO recording_puid (recording, puid, id, editpending) VALUES (8692022, 3015594, 3788562, 0);
INSERT INTO track_name (name, id) VALUES ('No Sunshine', 2648422);
INSERT INTO recording (length, comment, name, artist_credit, id, editpending, gid) VALUES (334266, NULL, 2648422, 427385, 8692023, 0, 'de6d544e-914e-4f28-8f17-e83a1da7caa8');
INSERT INTO puid (version, puid, id) VALUES (194, '2695e862-3f12-8429-1653-5cc760e79f69', 3015609);
INSERT INTO recording_puid (recording, puid, id, editpending) VALUES (8692023, 3015609, 4103404, 0);
INSERT INTO track_name (name, id) VALUES ('Victim Support', 4123588);
INSERT INTO recording (length, comment, name, artist_credit, id, editpending, gid) VALUES (305600, NULL, 4123588, 427385, 8692024, 0, 'd96d5cc7-7c31-4b4a-b38a-7d8bab3725f4');
INSERT INTO puid (version, puid, id) VALUES (194, 'aa995700-804a-119c-13c3-34e6b55d557f', 3015593);
INSERT INTO recording_puid (recording, puid, id, editpending) VALUES (8692024, 3015593, 3788561, 0);
INSERT INTO track_name (name, id) VALUES ('Battle Sequence', 381989);
INSERT INTO recording (length, comment, name, artist_credit, id, editpending, gid) VALUES (286186, NULL, 381989, 427385, 8692025, 0, '3f7ea9f9-1a8e-4f30-bcf4-54f79d0f7417');
INSERT INTO puid (version, puid, id) VALUES (194, '56b6c133-f4d9-a119-3f80-701444979262', 3015610);
INSERT INTO recording_puid (recording, puid, id, editpending) VALUES (8692025, 3015610, 3788578, 0);
INSERT INTO track (length, recording, name, position, artist_credit, id, tracklist, editpending) VALUES (355346, 8692017, 4088543, 1, 427385, 8692017, 778874, 0);
INSERT INTO track (length, recording, name, position, artist_credit, id, tracklist, editpending) VALUES (209826, 8692018, 1536749, 2, 427385, 8692018, 778874, 0);
INSERT INTO track (length, recording, name, position, artist_credit, id, tracklist, editpending) VALUES (291773, 8692019, 2440657, 3, 427385, 8692019, 778874, 0);
INSERT INTO track (length, recording, name, position, artist_credit, id, tracklist, editpending) VALUES (350120, 8692020, 2949164, 4, 427385, 8692020, 778874, 0);
INSERT INTO track (length, recording, name, position, artist_credit, id, tracklist, editpending) VALUES (317733, 8692021, 1246855, 5, 427385, 8692021, 778874, 0);
INSERT INTO track (length, recording, name, position, artist_credit, id, tracklist, editpending) VALUES (325720, 8692022, 3015246, 6, 427385, 8692022, 778874, 0);
INSERT INTO track (length, recording, name, position, artist_credit, id, tracklist, editpending) VALUES (334266, 8692023, 2648422, 7, 427385, 8692023, 778874, 0);
INSERT INTO track (length, recording, name, position, artist_credit, id, tracklist, editpending) VALUES (305600, 8692024, 4123588, 8, 427385, 8692024, 778874, 0);
INSERT INTO track (length, recording, name, position, artist_credit, id, tracklist, editpending) VALUES (286186, 8692025, 381989, 9, 427385, 8692025, 778874, 0);
INSERT INTO medium (format, name, position, release, id, tracklist, editpending) VALUES (1, NULL, 1, 446581, 446581, 761939, 0);
INSERT INTO medium (format, name, position, release, id, tracklist, editpending) VALUES (1, 'Chestplate Singles', 2, 446581, 467794, 778874, 0);
INSERT INTO cdtoc (discid, leadoutoffset, degraded, trackoffset, trackcount, freedbid, id) VALUES ('93K4ogyxWlv522XF0BG8fZOuay4-', 215137, '0', '{150,23303,48850,73305,98815,125348,147548,172225,194409}', 9, '800b3209', 281138);
INSERT INTO medium_cdtoc (medium, id, cdtoc, editpending) VALUES (446581, 315470, 281138, 0);
INSERT INTO cdtoc (discid, leadoutoffset, degraded, trackoffset, trackcount, freedbid, id) VALUES ('VnL0A7ksXznBxvZ94H3Z61EZY3k-', 208393, '0', '{150,26801,42538,64421,90680,114510,138939,164009,186929}', 9, '840ad809', 281139);
INSERT INTO medium_cdtoc (medium, id, cdtoc, editpending) VALUES (467794, 133777, 281139, 0);
INSERT INTO release_label (catno, label, release, id) VALUES ('ZIQ221CD', 132, 446581, 91692);
INSERT INTO release_name (name, id) VALUES ('the Love Bug', 584119);
INSERT INTO artist_name (name, id) VALUES ('m-flo', 498451);
INSERT INTO artist_credit (artistcount, refcount, name, id) VALUES (1, 738, 498451, 135345);
INSERT INTO artist (country, sortname, name, enddate_day, begindate_day, comment, begindate_year, begindate_month, enddate_year, type, id, editpending, gender, enddate_month, gid) VALUES (NULL, 498451, 498451, NULL, NULL, NULL, 1998, NULL, NULL, 2, 135345, 0, NULL, NULL, '22dd2db3-88ea-4428-a7a8-5cd3acf23175');
INSERT INTO artist_name (name, id) VALUES ('えむふろう', 3815);
INSERT INTO artist_name (name, id) VALUES ('エムフロウ', 3959);
INSERT INTO artist_name (name, id) VALUES ('mediarite-flow crew', 493015);
INSERT INTO artist_name (name, id) VALUES ('meteorite-flow crew', 497734);
INSERT INTO artist_name (name, id) VALUES ('mflo', 498450);
INSERT INTO artist_name (name, id) VALUES ('m-flow', 498526);
INSERT INTO artist_alias (artist, name, locale, id, editpending) VALUES (135345, 3815, NULL, 30045, 0);
INSERT INTO artist_alias (artist, name, locale, id, editpending) VALUES (135345, 3959, NULL, 30046, 0);
INSERT INTO artist_alias (artist, name, locale, id, editpending) VALUES (135345, 493015, NULL, 30047, 0);
INSERT INTO artist_alias (artist, name, locale, id, editpending) VALUES (135345, 497734, NULL, 30048, 0);
INSERT INTO artist_alias (artist, name, locale, id, editpending) VALUES (135345, 498450, NULL, 30049, 0);
INSERT INTO artist_alias (artist, name, locale, id, editpending) VALUES (135345, 498526, NULL, 30050, 0);
INSERT INTO artist_credit_name (artist, name, position, artist_credit, joinphrase) VALUES (135345, 498451, 0, 135345, NULL);
INSERT INTO release_group (comment, name, type, artist_credit, id, editpending, gid) VALUES (NULL, 584119, 3, 135345, 403214, 0, '153f0a09-fead-3370-9b17-379ebd09446b');
INSERT INTO release (date_day, status, release_group, packaging, id, quality, country, script, language, name, artist_credit, barcode, comment, date_year, date_month, gid, editpending) VALUES (17, 1, 403214, NULL, 59662, -1, 107, 28, 120, 584119, 135345, '4988064451180', NULL, 2004, 3, 'aff4a693-5970-4e2e-bd46-e2ee49c22de7', 0);
INSERT INTO tracklist (trackcount, id) VALUES (0, 403214);
INSERT INTO track_name (name, id) VALUES ('the Love Bug', 3780141);
INSERT INTO artist_name (name, id) VALUES ('m-flo♥BoA', 498460);
INSERT INTO artist_credit (artistcount, refcount, name, id) VALUES (2, 16, 498460, 711970);
INSERT INTO artist_name (name, id) VALUES ('BoA', 90342);
INSERT INTO artist (country, sortname, name, enddate_day, begindate_day, comment, begindate_year, begindate_month, enddate_year, type, id, editpending, gender, enddate_month, gid) VALUES (NULL, 90342, 90342, NULL, 5, NULL, 1986, 11, NULL, 1, 9496, 0, NULL, NULL, 'a16d1433-ba89-4f72-a47b-a370add0bb55');
INSERT INTO artist_name (name, id) VALUES ('ボア', 183);
INSERT INTO artist_name (name, id) VALUES ('보아', 266);
INSERT INTO artist_name (name, id) VALUES ('Beat of Angel', 69667);
INSERT INTO artist_name (name, id) VALUES ('BoA Kwon', 90357);
INSERT INTO artist_name (name, id) VALUES ('Kwon BoA', 420833);
INSERT INTO artist_alias (artist, name, locale, id, editpending) VALUES (9496, 183, NULL, 5236, 0);
INSERT INTO artist_alias (artist, name, locale, id, editpending) VALUES (9496, 266, NULL, 5237, 0);
INSERT INTO artist_alias (artist, name, locale, id, editpending) VALUES (9496, 69667, NULL, 5238, 0);
INSERT INTO artist_alias (artist, name, locale, id, editpending) VALUES (9496, 90357, NULL, 5239, 0);
INSERT INTO artist_alias (artist, name, locale, id, editpending) VALUES (9496, 420833, NULL, 5240, 0);
INSERT INTO artist_credit_name (artist, name, position, artist_credit, joinphrase) VALUES (135345, 498451, 0, 711970, '♥');
INSERT INTO artist_credit_name (artist, name, position, artist_credit, joinphrase) VALUES (9496, 90342, 1, 711970, NULL);
INSERT INTO recording (length, comment, name, artist_credit, id, editpending, gid) VALUES (242226, NULL, 3780141, 711970, 4525123, 0, '0cf3008f-e246-428f-abc1-35f87d584d60');
INSERT INTO puid (version, puid, id) VALUES (140, 'f58d85a3-e905-51ed-0c12-4849d7e6c750', 1512107);
INSERT INTO clientversion (version, id) VALUES ('MusicBrainz Picard-0.12.1', 246);
INSERT INTO puid (version, puid, id) VALUES (246, '4d963c66-40d5-f865-268c-e49190604825', 3962132);
INSERT INTO recording_puid (recording, puid, id, editpending) VALUES (4525123, 1512107, 3498812, 0);
INSERT INTO recording_puid (recording, puid, id, editpending) VALUES (4525123, 3962132, 5005070, 0);
INSERT INTO track_name (name, id) VALUES ('the Love Bug (Big Bug NYC remix)', 3780143);
INSERT INTO recording (length, comment, name, artist_credit, id, editpending, gid) VALUES (222000, NULL, 3780143, 711970, 4525010, 0, '84c98ebf-5d40-4a29-b7b2-0e9c26d9061d');
INSERT INTO puid (version, puid, id) VALUES (140, 'd4b7bf96-e36b-a321-3791-8567ae14c7c1', 1512108);
INSERT INTO recording_puid (recording, puid, id, editpending) VALUES (4525010, 1512108, 1892457, 0);
INSERT INTO track_name (name, id) VALUES ('the Love Bug (cover)', 3780146);
INSERT INTO artist_name (name, id) VALUES ('BAGDAD CAFE THE trench town', 60092);
INSERT INTO artist_credit (artistcount, refcount, name, id) VALUES (1, 51, 60092, 283833);
INSERT INTO artist (country, sortname, name, enddate_day, begindate_day, comment, begindate_year, begindate_month, enddate_year, type, id, editpending, gender, enddate_month, gid) VALUES (NULL, 60092, 60092, NULL, NULL, NULL, NULL, NULL, NULL, NULL, 283833, 0, NULL, NULL, '97fa3f6e-557c-4227-bc0e-95a7f9f3285d');
INSERT INTO artist_credit_name (artist, name, position, artist_credit, joinphrase) VALUES (283833, 60092, 0, 283833, NULL);
INSERT INTO recording (length, comment, name, artist_credit, id, editpending, gid) VALUES (333000, NULL, 3780146, 283833, 4525011, 0, '3f33fc37-43d0-44dc-bfd6-60efd38810c5');
INSERT INTO clientversion (version, id) VALUES ('MusicBrainz Picard-0.9.0alpha14', 174);
INSERT INTO puid (version, puid, id) VALUES (174, '37ef1d1f-610f-aa23-9b5f-cca82ed8007e', 1951547);
INSERT INTO recording_puid (recording, puid, id, editpending) VALUES (4525011, 1951547, 2435947, 0);
INSERT INTO track (length, recording, name, position, artist_credit, id, tracklist, editpending) VALUES (243000, 4525123, 3780141, 1, 711970, 4525009, 403214, 0);
INSERT INTO track (length, recording, name, position, artist_credit, id, tracklist, editpending) VALUES (222000, 4525010, 3780143, 2, 711970, 4525010, 403214, 0);
INSERT INTO track (length, recording, name, position, artist_credit, id, tracklist, editpending) VALUES (333000, 4525011, 3780146, 3, 283833, 4525011, 403214, 0);
INSERT INTO medium (format, name, position, release, id, tracklist, editpending) VALUES (1, NULL, 1, 59662, 59662, 403214, 0);
INSERT INTO label_name (name, id) VALUES ('rhythm zone', 33110);
INSERT INTO label (country, sortname, labelcode, name, enddate_day, begindate_day, comment, begindate_year, begindate_month, enddate_year, type, id, editpending, enddate_month, gid) VALUES (107, 33110, NULL, 33110, NULL, NULL, NULL, NULL, NULL, NULL, 4, 2882, 0, NULL, '72a46579-e9a0-405a-8ee1-e6e6b63b8212');
INSERT INTO label_name (name, id) VALUES ('rythm zone', 34052);
INSERT INTO label_alias (name, locale, label, id, editpending) VALUES (34052, NULL, 2882, 866, 0);
INSERT INTO release_label (catno, label, release, id) VALUES ('RZCD-45118', 2882, 59662, 337698);
INSERT INTO release_name (name, id) VALUES ('LOVE & HONESTY', 349486);
INSERT INTO artist_credit (artistcount, refcount, name, id) VALUES (1, 1774, 90342, 9496);
INSERT INTO artist_credit_name (artist, name, position, artist_credit, joinphrase) VALUES (9496, 90342, 0, 9496, NULL);
INSERT INTO release_group (comment, name, type, artist_credit, id, editpending, gid) VALUES (NULL, 349486, 2, 9496, 326504, 0, '23f421e7-431e-3e1d-bcbf-b91f5f7c5e2c');
INSERT INTO release (date_day, status, release_group, packaging, id, quality, country, script, language, name, artist_credit, barcode, comment, date_year, date_month, gid, editpending) VALUES (15, 4, 326504, NULL, 4675, -1, 107, 28, 198, 349486, 9496, NULL, NULL, 2004, 1, '757a1723-3769-4298-89cd-48d31177852a', 0);
INSERT INTO release (date_day, status, release_group, packaging, id, quality, country, script, language, name, artist_credit, barcode, comment, date_year, date_month, gid, editpending) VALUES (15, 1, 326504, NULL, 59312, -1, 107, 85, 198, 349486, 9496, '4988064173907', NULL, 2004, 1, 'cacc586f-c2f2-49db-8534-6f44b55196f2', 0);
INSERT INTO release (date_day, status, release_group, packaging, id, quality, country, script, language, name, artist_credit, barcode, comment, date_year, date_month, gid, editpending) VALUES (15, 1, 326504, NULL, 558940, -1, 107, 85, 198, 349486, 9496, '4988064173891', NULL, 2004, 1, '28fc2337-985b-3da9-ac40-ad6f28ff0d8e', 0);
INSERT INTO tracklist (trackcount, id) VALUES (0, 187903);
INSERT INTO track_name (name, id) VALUES ('Rock With You', 3119754);
INSERT INTO recording (length, comment, name, artist_credit, id, editpending, gid) VALUES (255146, NULL, 3119754, 9496, 3451976, 0, 'c869cc03-cb88-462b-974e-8e46c1538ad4');
INSERT INTO puid (version, puid, id) VALUES (1, '242d65cb-3cd2-517c-f0a7-5d05413cf4c9', 158736);
INSERT INTO clientversion (version, id) VALUES ('MusicBrainz Picard-0.11', 204);
INSERT INTO puid (version, puid, id) VALUES (204, 'acaef019-b6dd-ba4f-75ab-31a055b68859', 3559549);
INSERT INTO recording_puid (recording, puid, id, editpending) VALUES (3451976, 158736, 4215638, 0);
INSERT INTO recording_puid (recording, puid, id, editpending) VALUES (3451976, 3559549, 4494269, 0);
INSERT INTO track_name (name, id) VALUES ('Shine We Are!', 3285247);
INSERT INTO recording (length, comment, name, artist_credit, id, editpending, gid) VALUES (307000, NULL, 3285247, 9496, 1307406, 0, 'ddbe4d0c-9b41-4db8-9244-cd08cc6ee2d8');
INSERT INTO puid (version, puid, id) VALUES (1, '4bf682ad-39b2-210c-346a-080326baf75c', 284134);
INSERT INTO puid (version, puid, id) VALUES (204, '38a8dff0-35fd-0140-36ac-b4bb6cc25ab7', 3559553);
INSERT INTO recording_puid (recording, puid, id, editpending) VALUES (1307406, 284134, 1985715, 0);
INSERT INTO recording_puid (recording, puid, id, editpending) VALUES (1307406, 3559553, 4494276, 0);
INSERT INTO track_name (name, id) VALUES ('SOME DAY ONE DAY (feat. VERBAL (m-flo))', 3387511);
INSERT INTO recording (length, comment, name, artist_credit, id, editpending, gid) VALUES (273000, NULL, 3387511, 9496, 3622822, 0, '0c0245df-34f0-416b-8c3f-f20f66e116d0');
INSERT INTO puid (version, puid, id) VALUES (134, '0cc080d6-df55-0268-b74c-5a948f7fd662', 1096290);
INSERT INTO puid (version, puid, id) VALUES (204, 'c3555890-d457-45fc-34b4-42630025443b', 3345622);
INSERT INTO puid (version, puid, id) VALUES (204, '315a47f8-4d20-a182-1731-fff371db2147', 3347674);
INSERT INTO recording_puid (recording, puid, id, editpending) VALUES (3622822, 1096290, 1381773, 0);
INSERT INTO recording_puid (recording, puid, id, editpending) VALUES (3622822, 3345622, 4212863, 0);
INSERT INTO recording_puid (recording, puid, id, editpending) VALUES (3622822, 3347674, 4215644, 0);
INSERT INTO track_name (name, id) VALUES ('LOVE & HONESTY', 2259498);
INSERT INTO recording (length, comment, name, artist_credit, id, editpending, gid) VALUES (282000, NULL, 2259498, 9496, 3622823, 0, '150621f0-3e08-43a3-9882-6a68322fcc04');
INSERT INTO puid (version, puid, id) VALUES (1, '0b4454c2-5d9c-b42b-3a4b-9b40ff368f09', 49771);
INSERT INTO puid (version, puid, id) VALUES (140, '30c7d066-ebec-e00e-3796-9a2cfac84706', 1588542);
INSERT INTO clientversion (version, id) VALUES ('MusicBrainz Picard-0.9.0beta1', 181);
INSERT INTO puid (version, puid, id) VALUES (181, '1c1d04d5-08f5-f681-4bb5-85a845e9dae5', 2453770);
INSERT INTO recording_puid (recording, puid, id, editpending) VALUES (3622823, 49771, 64065, 0);
INSERT INTO recording_puid (recording, puid, id, editpending) VALUES (3622823, 1588542, 1985713, 0);
INSERT INTO recording_puid (recording, puid, id, editpending) VALUES (3622823, 2453770, 3066300, 0);
INSERT INTO track_name (name, id) VALUES ('Midnight Parade', 2418044);
INSERT INTO recording (length, comment, name, artist_credit, id, editpending, gid) VALUES (261600, NULL, 2418044, 9496, 3584195, 0, 'f0f18e4b-3697-4b4d-9bd6-e986cfa38906');
INSERT INTO puid (version, puid, id) VALUES (1, '03cbc3ef-965a-29b0-9624-1450834bd629', 16861);
INSERT INTO puid (version, puid, id) VALUES (130, 'ab0d4d1e-bfeb-0f23-36df-4f21acdbd6c9', 690006);
INSERT INTO recording_puid (recording, puid, id, editpending) VALUES (3584195, 16861, 21706, 0);
INSERT INTO recording_puid (recording, puid, id, editpending) VALUES (3584195, 690006, 3066285, 0);
INSERT INTO track_name (name, id) VALUES ('Be the one', 417062);
INSERT INTO recording (length, comment, name, artist_credit, id, editpending, gid) VALUES (227000, NULL, 417062, 9496, 3622825, 0, 'f9234d15-137b-4229-9b76-717885ba7224');
INSERT INTO puid (version, puid, id) VALUES (1, '68aa439a-f9ae-ea31-c2cd-780584300d77', 339111);
INSERT INTO puid (version, puid, id) VALUES (204, 'e85911db-fb0c-6556-d552-3196d81b5856', 3345621);
INSERT INTO recording_puid (recording, puid, id, editpending) VALUES (3622825, 339111, 4215640, 0);
INSERT INTO recording_puid (recording, puid, id, editpending) VALUES (3622825, 3345621, 4212862, 0);
INSERT INTO track_name (name, id) VALUES ('EXPECT', 1203854);
INSERT INTO recording (length, comment, name, artist_credit, id, editpending, gid) VALUES (260000, NULL, 1203854, 9496, 3622826, 0, '3f3ec8e2-24be-46dc-812b-bb5d5b608eb0');
INSERT INTO puid (version, puid, id) VALUES (1, 'c68e511b-bcf6-74be-db31-fdc7082e5694', 518837);
INSERT INTO puid (version, puid, id) VALUES (204, '71f11c3c-09e7-5bdf-53de-00f17e60d222', 3304446);
INSERT INTO recording_puid (recording, puid, id, editpending) VALUES (3622826, 518837, 667322, 0);
INSERT INTO recording_puid (recording, puid, id, editpending) VALUES (3622826, 3304446, 4158397, 0);
INSERT INTO track_name (name, id) VALUES ('OVER ~across the time~', 2778616);
INSERT INTO track_name (name, id) VALUES ('OVER～across the time～', 2778617);
INSERT INTO recording (length, comment, name, artist_credit, id, editpending, gid) VALUES (349000, NULL, 2778617, 9496, 3622827, 0, 'f0de8cba-2f1e-4633-9163-c8c933b25d87');
INSERT INTO puid (version, puid, id) VALUES (1, '7ab68fdb-4598-391e-7ef4-44e52b488543', 373631);
INSERT INTO puid (version, puid, id) VALUES (204, 'b27378d4-4b5c-4aaf-bf10-2a951ece2a83', 3345623);
INSERT INTO recording_puid (recording, puid, id, editpending) VALUES (3622827, 373631, 480386, 0);
INSERT INTO recording_puid (recording, puid, id, editpending) VALUES (3622827, 3345623, 4212864, 0);
INSERT INTO track_name (name, id) VALUES ('Kokoro no Tegami', 2018112);
INSERT INTO track_name (name, id) VALUES ('心の手紙', 4497954);
INSERT INTO recording (length, comment, name, artist_credit, id, editpending, gid) VALUES (290000, NULL, 4497954, 9496, 3622828, 0, '98a4adf6-8761-4adb-a940-acb58dc664b3');
INSERT INTO puid (version, puid, id) VALUES (1, '8e69d890-7527-3fbb-698d-98705228fc51', 411452);
INSERT INTO recording_puid (recording, puid, id, editpending) VALUES (3622828, 411452, 529190, 0);
INSERT INTO track_name (name, id) VALUES ('DOUBLE', 1016372);
INSERT INTO recording (length, comment, name, artist_credit, id, editpending, gid) VALUES (206066, NULL, 1016372, 9496, 3451975, 0, '25db6c3b-eeb7-4258-9a81-fb9b4c903bfc');
INSERT INTO puid (version, puid, id) VALUES (1, '83cf9140-aa8b-8bb0-53c4-cdff7178ebbb', 391039);
INSERT INTO puid (version, puid, id) VALUES (130, 'adfa7435-72af-2541-d773-02e1f017c02c', 689991);
INSERT INTO puid (version, puid, id) VALUES (134, 'f3b3e1a0-0580-c7c7-8633-8ae1734940b5', 1096289);
INSERT INTO puid (version, puid, id) VALUES (140, '3338a305-553c-4ca6-ac43-8f1db1c4b036', 2015169);
INSERT INTO recording_puid (recording, puid, id, editpending) VALUES (3451975, 391039, 502812, 0);
INSERT INTO recording_puid (recording, puid, id, editpending) VALUES (3451975, 689991, 3290915, 0);
INSERT INTO recording_puid (recording, puid, id, editpending) VALUES (3451975, 1096289, 1443906, 0);
INSERT INTO recording_puid (recording, puid, id, editpending) VALUES (3451975, 2015169, 4682317, 0);
INSERT INTO track_name (name, id) VALUES ('Easy To Be Hard', 1074584);
INSERT INTO recording (length, comment, name, artist_credit, id, editpending, gid) VALUES (295000, NULL, 1074584, 9496, 3622830, 0, '18c16c80-421d-476f-893c-0b02f964bd86');
INSERT INTO puid (version, puid, id) VALUES (1, '28e4fcd8-c5a4-52ed-afb5-e27e660c8497', 179179);
INSERT INTO recording_puid (recording, puid, id, editpending) VALUES (3622830, 179179, 4215637, 0);
INSERT INTO track_name (name, id) VALUES ('Song With No Name', 3421542);
INSERT INTO track_name (name, id) VALUES ('Song With No Name～名前のない歌～', 3421544);
INSERT INTO recording (length, comment, name, artist_credit, id, editpending, gid) VALUES (186000, NULL, 3421544, 9496, 3622831, 0, 'df229cdb-9539-46b7-92e9-d164b27f6361');
INSERT INTO puid (version, puid, id) VALUES (1, '08fdfbe8-d49b-1e25-5cb3-de87a70f4a87', 39752);
INSERT INTO puid (version, puid, id) VALUES (204, '9827ec02-7b2a-0d88-651c-c0112a3a4330', 3345625);
INSERT INTO puid (version, puid, id) VALUES (204, '1f4efe65-9b11-7ca0-683a-36ec5c909182', 3562238);
INSERT INTO recording_puid (recording, puid, id, editpending) VALUES (3622831, 39752, 51221, 0);
INSERT INTO recording_puid (recording, puid, id, editpending) VALUES (3622831, 3345625, 4212866, 0);
INSERT INTO recording_puid (recording, puid, id, editpending) VALUES (3622831, 3562238, 4498370, 0);
INSERT INTO track_name (name, id) VALUES ('Milky Way', 2425704);
INSERT INTO track_name (name, id) VALUES ('Milky Way 〜君の歌〜', 2425753);
INSERT INTO recording (length, comment, name, artist_credit, id, editpending, gid) VALUES (203840, NULL, 2425753, 9496, 3584196, 0, '1272ecf4-fc8d-4d10-889c-afe6a1fa2d8f');
INSERT INTO puid (version, puid, id) VALUES (1, 'df4c4bd8-0363-9157-15ae-2a1b3ea7c560', 565964);
INSERT INTO recording_puid (recording, puid, id, editpending) VALUES (3584196, 565964, 884272, 0);
INSERT INTO track (length, recording, name, position, artist_credit, id, tracklist, editpending) VALUES (254400, 3451976, 3119754, 1, 9496, 1939124, 187903, 0);
INSERT INTO track (length, recording, name, position, artist_credit, id, tracklist, editpending) VALUES (305266, 1307406, 3285247, 2, 9496, 1939125, 187903, 0);
INSERT INTO track (length, recording, name, position, artist_credit, id, tracklist, editpending) VALUES (273426, 3622822, 3387511, 3, 9496, 1939126, 187903, 0);
INSERT INTO track (length, recording, name, position, artist_credit, id, tracklist, editpending) VALUES (282466, 3622823, 2259498, 4, 9496, 1939127, 187903, 0);
INSERT INTO track (length, recording, name, position, artist_credit, id, tracklist, editpending) VALUES (261600, 3584195, 2418044, 5, 9496, 1939128, 187903, 0);
INSERT INTO track (length, recording, name, position, artist_credit, id, tracklist, editpending) VALUES (227173, 3622825, 417062, 6, 9496, 1939129, 187903, 0);
INSERT INTO track (length, recording, name, position, artist_credit, id, tracklist, editpending) VALUES (260000, 3622826, 1203854, 7, 9496, 1939130, 187903, 0);
INSERT INTO track (length, recording, name, position, artist_credit, id, tracklist, editpending) VALUES (349466, 3622827, 2778616, 8, 9496, 1939131, 187903, 0);
INSERT INTO track (length, recording, name, position, artist_credit, id, tracklist, editpending) VALUES (289866, 3622828, 2018112, 9, 9496, 1939132, 187903, 0);
INSERT INTO track (length, recording, name, position, artist_credit, id, tracklist, editpending) VALUES (208333, 3451975, 1016372, 10, 9496, 1939133, 187903, 0);
INSERT INTO track (length, recording, name, position, artist_credit, id, tracklist, editpending) VALUES (295160, 3622830, 1074584, 11, 9496, 1939134, 187903, 0);
INSERT INTO track (length, recording, name, position, artist_credit, id, tracklist, editpending) VALUES (186173, 3622831, 3421542, 12, 9496, 1939135, 187903, 0);
INSERT INTO track (length, recording, name, position, artist_credit, id, tracklist, editpending) VALUES (199667, 3584196, 2425704, 13, 9496, 1939136, 187903, 0);
INSERT INTO medium (format, name, position, release, id, tracklist, editpending) VALUES (NULL, NULL, 1, 4675, 4675, 187903, 0);
INSERT INTO cdtoc (discid, leadoutoffset, degraded, trackoffset, trackcount, freedbid, id) VALUES ('afhq1hAs2MoqPcU9JENE5i_mACM-', 254650, '0', '{150,19230,42125,62632,83817,103437,120475,139975,166185,187925,203550,225687,239650}', 13, 'ad0d410d', 77049);
INSERT INTO cdtoc (discid, leadoutoffset, degraded, trackoffset, trackcount, freedbid, id) VALUES ('T.epJ9O5SoDjPqAJuOJfAI9O8Nk-', 256486, '0', '{150,19383,42431,63091,84429,104202,121393,141045,167408,189301,205078,227368,241484}', 13, 'a90d590d', 81302);
INSERT INTO medium_cdtoc (medium, id, cdtoc, editpending) VALUES (4675, 96661, 77049, 0);
INSERT INTO medium_cdtoc (medium, id, cdtoc, editpending) VALUES (4675, 96662, 81302, 0);
INSERT INTO label_name (name, id) VALUES ('avex trax', 3514);
INSERT INTO label (country, sortname, labelcode, name, enddate_day, begindate_day, comment, begindate_year, begindate_month, enddate_year, type, id, editpending, enddate_month, gid) VALUES (107, 3514, NULL, 3514, NULL, NULL, NULL, NULL, NULL, NULL, 4, 28, 0, NULL, '168f48c8-057e-4974-9600-aa9956d21e1a');
INSERT INTO label_name (name, id) VALUES ('エイベックス・トラックス', 201);
INSERT INTO label_name (name, id) VALUES ('Avex Trax Japan', 3515);
INSERT INTO label_alias (name, locale, label, id, editpending) VALUES (201, NULL, 28, 24, 0);
INSERT INTO label_alias (name, locale, label, id, editpending) VALUES (3515, NULL, 28, 25, 0);
INSERT INTO release_label (catno, label, release, id) VALUES (NULL, 28, 4675, 119092);
INSERT INTO tracklist (trackcount, id) VALUES (0, 326504);
INSERT INTO track_name (name, id) VALUES ('Milky Way-君の歌-', 2425754);
INSERT INTO track (length, recording, name, position, artist_credit, id, tracklist, editpending) VALUES (254000, 3451976, 3119754, 1, 9496, 3622820, 326504, 0);
INSERT INTO track (length, recording, name, position, artist_credit, id, tracklist, editpending) VALUES (305000, 1307406, 3285247, 2, 9496, 3622821, 326504, 0);
INSERT INTO track (length, recording, name, position, artist_credit, id, tracklist, editpending) VALUES (273000, 3622822, 3387511, 3, 9496, 3622822, 326504, 0);
INSERT INTO track (length, recording, name, position, artist_credit, id, tracklist, editpending) VALUES (282000, 3622823, 2259498, 4, 9496, 3622823, 326504, 0);
INSERT INTO track (length, recording, name, position, artist_credit, id, tracklist, editpending) VALUES (262000, 3584195, 2418044, 5, 9496, 3622824, 326504, 0);
INSERT INTO track (length, recording, name, position, artist_credit, id, tracklist, editpending) VALUES (227000, 3622825, 417062, 6, 9496, 3622825, 326504, 0);
INSERT INTO track (length, recording, name, position, artist_credit, id, tracklist, editpending) VALUES (260000, 3622826, 1203854, 7, 9496, 3622826, 326504, 0);
INSERT INTO track (length, recording, name, position, artist_credit, id, tracklist, editpending) VALUES (349000, 3622827, 2778617, 8, 9496, 3622827, 326504, 0);
INSERT INTO track (length, recording, name, position, artist_credit, id, tracklist, editpending) VALUES (290000, 3622828, 4497954, 9, 9496, 3622828, 326504, 0);
INSERT INTO track (length, recording, name, position, artist_credit, id, tracklist, editpending) VALUES (208000, 3451975, 1016372, 10, 9496, 3622829, 326504, 0);
INSERT INTO track (length, recording, name, position, artist_credit, id, tracklist, editpending) VALUES (295000, 3622830, 1074584, 11, 9496, 3622830, 326504, 0);
INSERT INTO track (length, recording, name, position, artist_credit, id, tracklist, editpending) VALUES (186000, 3622831, 3421544, 12, 9496, 3622831, 326504, 0);
INSERT INTO track (length, recording, name, position, artist_credit, id, tracklist, editpending) VALUES (200000, 3584196, 2425754, 13, 9496, 3622832, 326504, 0);
INSERT INTO medium (format, name, position, release, id, tracklist, editpending) VALUES (1, NULL, 1, 59312, 59312, 326504, 0);
INSERT INTO release_label (catno, label, release, id) VALUES ('AVCD-17390', 28, 59312, 355371);
INSERT INTO medium_format (name, id, year) VALUES ('DVD', 2, 1995);
INSERT INTO tracklist (trackcount, id) VALUES (0, 854494);
INSERT INTO track_name (name, id) VALUES ('Shine We Are! (Video clip)', 3285251);
INSERT INTO recording (length, comment, name, artist_credit, id, editpending, gid) VALUES (0, NULL, 3285251, 9496, 9538744, 0, '40e4acf3-546e-4ccc-b5c5-3a45686c2d6c');
INSERT INTO track_name (name, id) VALUES ('Rock With You (Video clip)', 3119795);
INSERT INTO recording (length, comment, name, artist_credit, id, editpending, gid) VALUES (0, NULL, 3119795, 9496, 9538745, 0, '326d943f-9ca5-4a54-bdcc-76a2b5facf3a');
INSERT INTO track_name (name, id) VALUES ('NO.1 (Video clip)', 2616278);
INSERT INTO recording (length, comment, name, artist_credit, id, editpending, gid) VALUES (0, NULL, 2616278, 9496, 9538746, 0, '8d611994-ce7e-43dc-9793-b2b2b8bd12ff');
INSERT INTO track_name (name, id) VALUES ('Rock With You (Making of)', 3119776);
INSERT INTO recording (length, comment, name, artist_credit, id, editpending, gid) VALUES (0, NULL, 3119776, 9496, 9538747, 0, '1597d65a-d012-497d-a2f2-5c98e1ed778c');
INSERT INTO track_name (name, id) VALUES ('Commercial Films', 731046);
INSERT INTO recording (length, comment, name, artist_credit, id, editpending, gid) VALUES (0, NULL, 731046, 9496, 9538748, 0, '675ac228-7181-44b5-873f-056b242f19c0');
INSERT INTO track_name (name, id) VALUES ('Interview', 1798308);
INSERT INTO recording (length, comment, name, artist_credit, id, editpending, gid) VALUES (0, NULL, 1798308, 9496, 9538749, 0, 'b950c904-ebfc-4eec-af65-1913f78c51c9');
INSERT INTO track (length, recording, name, position, artist_credit, id, tracklist, editpending) VALUES (0, 9538744, 3285251, 1, 9496, 9538744, 854494, 0);
INSERT INTO track (length, recording, name, position, artist_credit, id, tracklist, editpending) VALUES (0, 9538745, 3119795, 2, 9496, 9538745, 854494, 0);
INSERT INTO track (length, recording, name, position, artist_credit, id, tracklist, editpending) VALUES (0, 9538746, 2616278, 3, 9496, 9538746, 854494, 0);
INSERT INTO track (length, recording, name, position, artist_credit, id, tracklist, editpending) VALUES (0, 9538747, 3119776, 4, 9496, 9538747, 854494, 0);
INSERT INTO track (length, recording, name, position, artist_credit, id, tracklist, editpending) VALUES (0, 9538748, 731046, 5, 9496, 9538748, 854494, 0);
INSERT INTO track (length, recording, name, position, artist_credit, id, tracklist, editpending) VALUES (0, 9538749, 1798308, 6, 9496, 9538749, 854494, 0);
INSERT INTO medium (format, name, position, release, id, tracklist, editpending) VALUES (1, NULL, 1, 558940, 558940, 326504, 0);
INSERT INTO medium (format, name, position, release, id, tracklist, editpending) VALUES (2, NULL, 2, 558940, 558944, 854494, 0);
INSERT INTO release_label (catno, label, release, id) VALUES ('AVCD-17389', 28, 558940, 355372);
INSERT INTO link_type (priority, childorder, entitytype0, parent, shortlinkphrase, linkphrase, name, description, entitytype1, rlinkphrase, id, gid) VALUES (0, 2, 'artist', NULL, 'composition ', 'composition', 'composition ', '', 'recording', 'composition ', 127, 'cc9fcb45-7ab5-4629-bc5f-277f2592fa5a');
INSERT INTO link_type (priority, childorder, entitytype0, parent, shortlinkphrase, linkphrase, name, description, entitytype1, rlinkphrase, id, gid) VALUES (0, 0, 'artist', 127, 'composer', '{additional:additionally} composed', 'composer', 'Indicates the composer for this work, i.e. the person who wrote the music (not necessarily the lyrics) of this track. (<a href="http://musicbrainz.org/doc/Composer_Relationship_Type">Details</a>)', 'recording', 'was {additional:additionally} composed by', 138, 'd59d99ea-23d4-4a80-b066-edca32ee158f');
INSERT INTO link (attributecount, link_type, enddate_day, begindate_day, begindate_year, begindate_month, enddate_year, id, enddate_month) VALUES (0, 138, NULL, NULL, NULL, NULL, NULL, 10883, NULL);
INSERT INTO link_type (priority, childorder, entitytype0, parent, shortlinkphrase, linkphrase, name, description, entitytype1, rlinkphrase, id, gid) VALUES (0, 3, 'artist', NULL, 'production ', 'production ', 'production ', '', 'recording', 'production', 128, 'b367fae0-c4b0-48b9-a40c-f3ae4c02cffc');
INSERT INTO link_type (priority, childorder, entitytype0, parent, shortlinkphrase, linkphrase, name, description, entitytype1, rlinkphrase, id, gid) VALUES (0, 0, 'artist', 128, 'producer', '{additional:additionally} {assistant} {associate} {co:co-}{executive:executive }produced', 'producer', 'Indicates the producer, co-producer, executive producer or co-executive producer for this work. (<a href="http://musicbrainz.org/doc/Producer_Relationship_Type">Details</a>)', 'recording', 'was {additional:additionally} {assistant} {associate} {co:co-}{executive:executive }produced by', 145, '5c0ceac3-feb4-41f0-868d-dc06f6e27fc0');
INSERT INTO link (attributecount, link_type, enddate_day, begindate_day, begindate_year, begindate_month, enddate_year, id, enddate_month) VALUES (0, 145, NULL, NULL, NULL, NULL, NULL, 10890, NULL);
INSERT INTO l_artist_recording (link, entity1, entity0, id, editpending) VALUES (10883, 1542682, 11545, 807169, 0);
INSERT INTO l_artist_recording (link, entity1, entity0, id, editpending) VALUES (10883, 1542683, 11545, 807171, 0);
INSERT INTO l_artist_recording (link, entity1, entity0, id, editpending) VALUES (10883, 1542684, 11545, 807173, 0);
INSERT INTO l_artist_recording (link, entity1, entity0, id, editpending) VALUES (10883, 1542685, 11545, 807175, 0);
INSERT INTO l_artist_recording (link, entity1, entity0, id, editpending) VALUES (10883, 1542686, 11545, 807177, 0);
INSERT INTO l_artist_recording (link, entity1, entity0, id, editpending) VALUES (10883, 1542687, 11545, 807179, 0);
INSERT INTO l_artist_recording (link, entity1, entity0, id, editpending) VALUES (10883, 1542688, 11545, 807181, 0);
INSERT INTO l_artist_recording (link, entity1, entity0, id, editpending) VALUES (10883, 1542689, 11545, 807183, 0);
INSERT INTO l_artist_recording (link, entity1, entity0, id, editpending) VALUES (10883, 1542690, 11545, 807185, 0);
INSERT INTO l_artist_recording (link, entity1, entity0, id, editpending) VALUES (10883, 1542691, 11545, 807188, 0);
INSERT INTO l_artist_recording (link, entity1, entity0, id, editpending) VALUES (10890, 1542682, 11545, 788160, 0);
INSERT INTO l_artist_recording (link, entity1, entity0, id, editpending) VALUES (10890, 1542683, 11545, 788176, 0);
INSERT INTO l_artist_recording (link, entity1, entity0, id, editpending) VALUES (10890, 1542684, 11545, 788237, 0);
INSERT INTO l_artist_recording (link, entity1, entity0, id, editpending) VALUES (10890, 1542685, 11545, 788243, 0);
INSERT INTO l_artist_recording (link, entity1, entity0, id, editpending) VALUES (10890, 1542686, 11545, 788248, 0);
INSERT INTO l_artist_recording (link, entity1, entity0, id, editpending) VALUES (10890, 1542687, 11545, 788716, 0);
INSERT INTO l_artist_recording (link, entity1, entity0, id, editpending) VALUES (10890, 1542688, 11545, 788718, 0);
INSERT INTO l_artist_recording (link, entity1, entity0, id, editpending) VALUES (10890, 1542689, 11545, 788722, 0);
INSERT INTO l_artist_recording (link, entity1, entity0, id, editpending) VALUES (10890, 1542690, 11545, 790478, 0);
INSERT INTO l_artist_recording (link, entity1, entity0, id, editpending) VALUES (10890, 1542691, 11545, 790480, 0);
INSERT INTO link_type (priority, childorder, entitytype0, parent, shortlinkphrase, linkphrase, name, description, entitytype1, rlinkphrase, id, gid) VALUES (0, 2, 'artist', 127, 'lyricist', '{additional:additionally} {translated:translated|wrote} the lyrics for', 'lyricist', 'Indicates the lyricist for this work. (<a href="http://musicbrainz.org/doc/Lyricist_Relationship_Type">Details</a>)', 'recording', 'lyrics were {additional:additionally} {translated:translated|written} by', 144, '3e48faba-ec01-47fd-8e89-30e81161661c');
INSERT INTO link (attributecount, link_type, enddate_day, begindate_day, begindate_year, begindate_month, enddate_year, id, enddate_month) VALUES (0, 144, NULL, NULL, NULL, NULL, NULL, 10882, NULL);
INSERT INTO link_type (priority, childorder, entitytype0, parent, shortlinkphrase, linkphrase, name, description, entitytype1, rlinkphrase, id, gid) VALUES (0, 0, 'artist', NULL, 'performance ', 'performance', 'performance ', '', 'recording', 'performance ', 123, 'f8673e29-02a5-47b7-af61-dd4519328dd0');
INSERT INTO link_type (priority, childorder, entitytype0, parent, shortlinkphrase, linkphrase, name, description, entitytype1, rlinkphrase, id, gid) VALUES (0, 0, 'artist', 123, 'performer', '{additional:additionally} {guest} performed', 'performer', 'Indicates an artist that performed on this work. (<a href="http://musicbrainz.org/doc/Performer_Relationship_Type">Details</a>)', 'recording', 'was {additional:additionally} {guest} performed by', 125, '628a9658-f54c-4142-b0c0-95f031b544da');
INSERT INTO link_type (priority, childorder, entitytype0, parent, shortlinkphrase, linkphrase, name, description, entitytype1, rlinkphrase, id, gid) VALUES (0, 1, 'artist', 125, 'vocal', 'performed {additional} {guest} {vocal} vocal on', 'vocal', 'Indicates an artist performed in a particular voice on this work. (<a href="http://musicbrainz.org/doc/Performer_Relationship_Type">Details</a>)', 'recording', 'has {additional} {guest} {vocal} vocal performed by', 132, '0fdbe3c6-7700-4a31-ae54-b53f06ae1cfa');
INSERT INTO link (attributecount, link_type, enddate_day, begindate_day, begindate_year, begindate_month, enddate_year, id, enddate_month) VALUES (1, 132, NULL, NULL, NULL, NULL, NULL, 10909, NULL);
INSERT INTO link_attribute_type (childorder, parent, name, root, id, description, gid) VALUES (0, NULL, 'guest', 194, 194, 'This attribute indicates a ''guest'' performance where the performer is not usually part of the band.', 'b3045913-62ac-433e-9211-ac683cdf6b5c');
INSERT INTO link_attribute (link, attribute_type) VALUES (10909, 194);
INSERT INTO l_artist_recording (link, entity1, entity0, id, editpending) VALUES (10882, 3622823, 9496, 723790, 0);
INSERT INTO l_artist_recording (link, entity1, entity0, id, editpending) VALUES (10909, 4525123, 9496, 835185, 0);
INSERT INTO link_type (priority, childorder, entitytype0, parent, shortlinkphrase, linkphrase, name, description, entitytype1, rlinkphrase, id, gid) VALUES (0, 1, 'artist', 128, 'engineer', '{additional:additionally} {assistant} {associate} {co:co-}{executive:executive }engineered', 'engineer', 'Indicates the engineer for this work. (<a href="http://musicbrainz.org/doc/Engineer_Relationship_Type">Details</a>)', 'recording', 'was {additional:additionally} {assistant} {associate} {co:co-}{executive:executive }engineered by', 149, '5dcc52af-7064-4051-8d62-7d80f4c3c907');
INSERT INTO link_type (priority, childorder, entitytype0, parent, shortlinkphrase, linkphrase, name, description, entitytype1, rlinkphrase, id, gid) VALUES (0, 5, 'artist', 149, 'programming', '{additional:additionally} {assistant} {associate} programmed {instrument:% on}', 'programming', 'This relationship links a track or a release to the person who did programming of electronic instruments. (<a href="http://musicbrainz.org/doc/Programming_Relationship_Type">Details</a>)', 'recording', '{instrument:has %|was} {additional:additionally} {assistant} {associate} programmed by', 160, '36c50022-44e0-488d-994b-33f11d20301e');
INSERT INTO link (attributecount, link_type, enddate_day, begindate_day, begindate_year, begindate_month, enddate_year, id, enddate_month) VALUES (0, 160, NULL, NULL, NULL, NULL, NULL, 10912, NULL);
INSERT INTO l_artist_recording (link, entity1, entity0, id, editpending) VALUES (10883, 4525123, 135345, 794380, 0);
INSERT INTO l_artist_recording (link, entity1, entity0, id, editpending) VALUES (10890, 4525123, 135345, 811709, 0);
INSERT INTO l_artist_recording (link, entity1, entity0, id, editpending) VALUES (10912, 4525123, 135345, 811692, 0);
INSERT INTO link_type (priority, childorder, entitytype0, parent, shortlinkphrase, linkphrase, name, description, entitytype1, rlinkphrase, id, gid) VALUES (0, 3, 'artist', NULL, 'production ', 'production', 'production ', '', 'release', 'production ', 23, '3172a175-7c9d-44ce-a8b7-9a9187b33762');
INSERT INTO link_type (priority, childorder, entitytype0, parent, shortlinkphrase, linkphrase, name, description, entitytype1, rlinkphrase, id, gid) VALUES (0, 2, 'artist', 23, 'misc', 'has a miscellaneous role on', 'misc', 'Indicates a miscellaneous support role. This is usually stated in the liner notes of an album. (<a href="http://musicbrainz.org/doc/Miscellaneous_Production_Relationship_Type">Details</a>)', 'release', 'contains miscellaneous support from', 49, '0b63af5e-85b2-4891-8234-bddab251399d');
INSERT INTO link_type (priority, childorder, entitytype0, parent, shortlinkphrase, linkphrase, name, description, entitytype1, rlinkphrase, id, gid) VALUES (0, 5, 'artist', 49, 'design/illustration', 'provided {additional} design/illustration on', 'design/illustration', 'Indicates a person or agency that did the design/illustration for this album. (<a href="http://musicbrainz.org/doc/Miscellaneous_Production_Relationship_Type">Details</a>)', 'release', 'has {additional} design/illustration by', 57, '307e95dd-88b5-419b-8223-b146d4a0d439');
INSERT INTO link (attributecount, link_type, enddate_day, begindate_day, begindate_year, begindate_month, enddate_year, id, enddate_month) VALUES (0, 57, NULL, NULL, NULL, NULL, NULL, 32, NULL);
INSERT INTO l_artist_release (link, entity1, entity0, id, editpending) VALUES (32, 24752, 11545, 87071, 0);
INSERT INTO l_artist_release (link, entity1, entity0, id, editpending) VALUES (32, 243064, 11545, 87069, 0);
INSERT INTO l_artist_release (link, entity1, entity0, id, editpending) VALUES (32, 654729, 11545, 87070, 0);
INSERT INTO url (refcount, url, id, description, editpending, gid) VALUES (1, 'http://www.mop2001.com/bag.html', 24048, 'official homepage', 0, '2665145a-4474-4c57-97d1-c0299048177a');
INSERT INTO link_type (priority, childorder, entitytype0, parent, shortlinkphrase, linkphrase, name, description, entitytype1, rlinkphrase, id, gid) VALUES (0, 0, 'artist', NULL, 'discography ', 'discography ', 'discography ', '', 'url', 'discography', 179, 'd0c5cf3a-8afb-4d24-ad47-00f43dc509fe');
INSERT INTO link_type (priority, childorder, entitytype0, parent, shortlinkphrase, linkphrase, name, description, entitytype1, rlinkphrase, id, gid) VALUES (0, 0, 'artist', 179, 'official homepage', 'has an official homepage at', 'official homepage', 'Indicates the official homepage for an artist. (<a href="http://musicbrainz.org/doc/Official_Homepage_Relationship_Type">Details</a>)', 'url', 'is an official homepage of', 184, 'fe33d22f-c3b0-4d68-bd53-a856badf2b15');
INSERT INTO link (attributecount, link_type, enddate_day, begindate_day, begindate_year, begindate_month, enddate_year, id, enddate_month) VALUES (0, 184, NULL, NULL, NULL, NULL, NULL, 17389, NULL);
INSERT INTO l_artist_url (link, entity1, entity0, id, editpending) VALUES (17389, 24048, 283833, 174642, 0);
INSERT INTO url (refcount, url, id, description, editpending, gid) VALUES (1, 'http://www.discogs.com/artist/DJ+Distance', 181389, '', 0, '03e3d0be-d336-447e-b7da-06d0adcd15cd');
INSERT INTO link_type (priority, childorder, entitytype0, parent, shortlinkphrase, linkphrase, name, description, entitytype1, rlinkphrase, id, gid) VALUES (0, 3, 'artist', NULL, 'other databases', 'other databases', 'other databases', '', 'url', 'other databases', 188, 'd94fb61c-fa20-4e3c-a19a-71a949fb2c55');
INSERT INTO link_type (priority, childorder, entitytype0, parent, shortlinkphrase, linkphrase, name, description, entitytype1, rlinkphrase, id, gid) VALUES (0, 1, 'artist', 188, 'discogs', 'has a Discogs page at', 'discogs', 'Points to the Discogs page for this artist. Always use the domain <code>www.discogs.com</code> and no genre subdomains. (<a href="http://musicbrainz.org/doc/Discogs_Relationship_Type">Details</a>)', 'url', 'is a Discogs page for', 176, '04a5b104-a4c2-4bac-99a1-7b837c37d9e4');
INSERT INTO link (attributecount, link_type, enddate_day, begindate_day, begindate_year, begindate_month, enddate_year, id, enddate_month) VALUES (0, 176, NULL, NULL, NULL, NULL, NULL, 17385, NULL);
INSERT INTO url (refcount, url, id, description, editpending, gid) VALUES (1, 'http://www.myspace.com/djdistancedub', 670179, '', 0, '63854ab2-4804-481f-8b07-e2cbe8192c0f');
INSERT INTO link_type (priority, childorder, entitytype0, parent, shortlinkphrase, linkphrase, name, description, entitytype1, rlinkphrase, id, gid) VALUES (0, 1, 'artist', NULL, 'online community', 'has an online community page at', 'online community', 'This relationship type can be used to link a MusicBrainz artist to their online community pages. In addition to providing a link for users to find more information, and listen to music of the artist, online community sites are often used by many artists in lieu of, or additionally to, their official homepage. (<a href="http://musicbrainz.org/doc/Online_Community_Relationship_Type">Details</a>)', 'url', 'is an online community page for', 186, '35b3a50f-bf0e-4309-a3b4-58eeed8cee6a');
INSERT INTO link_type (priority, childorder, entitytype0, parent, shortlinkphrase, linkphrase, name, description, entitytype1, rlinkphrase, id, gid) VALUES (0, 0, 'artist', 186, 'myspace', 'has a MySpace page at', 'myspace', 'This relationship type can be used to link a MusicBrainz artist to the equivalent entry in MySpace. Please, use URLs in format <code>http://www.myspace.com/&lt;artist&gt;</code> (<a href="http://musicbrainz.org/doc/MySpace_Relationship_Type">Details</a>)', 'url', 'is a MySpace page for', 189, 'bac47923-ecde-4b59-822e-d08f0cd10156');
INSERT INTO link (attributecount, link_type, enddate_day, begindate_day, begindate_year, begindate_month, enddate_year, id, enddate_month) VALUES (0, 189, NULL, NULL, NULL, NULL, NULL, 17386, NULL);
INSERT INTO url (refcount, url, id, description, editpending, gid) VALUES (1, 'http://dj-distance.blogspot.com/', 670180, '', 0, '5eb2c075-3c3b-4cf7-ab77-2dacaee19366');
INSERT INTO link_type (priority, childorder, entitytype0, parent, shortlinkphrase, linkphrase, name, description, entitytype1, rlinkphrase, id, gid) VALUES (0, 3, 'artist', 186, 'blog', 'has a blog at', 'blog', 'This relationship type can be used to link a MusicBrainz artist to their weblogs.', 'url', 'is a blog of', 190, 'eb535226-f8ca-499d-9b18-6a144df4ae6f');
INSERT INTO link (attributecount, link_type, enddate_day, begindate_day, begindate_year, begindate_month, enddate_year, id, enddate_month) VALUES (0, 190, NULL, NULL, NULL, NULL, NULL, 17401, NULL);
INSERT INTO url (refcount, url, id, description, editpending, gid) VALUES (1, 'http://en.wikipedia.org/wiki/Distance_%28musician%29', 670181, '', 0, '651248e8-6a8f-4365-948a-aa43559caf58');
INSERT INTO link_type (priority, childorder, entitytype0, parent, shortlinkphrase, linkphrase, name, description, entitytype1, rlinkphrase, id, gid) VALUES (0, 0, 'artist', 188, 'wikipedia', 'has a Wikipedia page at', 'wikipedia', 'Points to the Wikipedia page for this artist. (<a href="http://musicbrainz.org/doc/Wikipedia_Relationship_Type">Details</a>)', 'url', 'is a Wikipedia page for', 175, '29651736-fa6d-48e4-aadc-a557c6add1cb');
INSERT INTO link (attributecount, link_type, enddate_day, begindate_day, begindate_year, begindate_month, enddate_year, id, enddate_month) VALUES (0, 175, NULL, NULL, NULL, NULL, NULL, 17388, NULL);
INSERT INTO l_artist_url (link, entity1, entity0, id, editpending) VALUES (17385, 181389, 427385, 238141, 0);
INSERT INTO l_artist_url (link, entity1, entity0, id, editpending) VALUES (17386, 670179, 427385, 17940, 0);
INSERT INTO l_artist_url (link, entity1, entity0, id, editpending) VALUES (17401, 670180, 427385, 17988, 0);
INSERT INTO l_artist_url (link, entity1, entity0, id, editpending) VALUES (17388, 670181, 427385, 18090, 0);
INSERT INTO url (refcount, url, id, description, editpending, gid) VALUES (1, 'http://en.wikipedia.org/wiki/Plone_%28band%29', 151485, '', 0, '4d37d15b-edb4-4fd4-9359-17f7aef71d74');
INSERT INTO url (refcount, url, id, description, editpending, gid) VALUES (1, 'http://www.discogs.com/artist/Plone', 151489, '', 0, '440e9a25-aec5-48ff-8579-c82d320971ac');
INSERT INTO l_artist_url (link, entity1, entity0, id, editpending) VALUES (17388, 151485, 11545, 226164, 0);
INSERT INTO l_artist_url (link, entity1, entity0, id, editpending) VALUES (17385, 151489, 11545, 226115, 0);
INSERT INTO url (refcount, url, id, description, editpending, gid) VALUES (1, 'http://www.avexnet.or.jp/boa', 13741, '', 0, '8083ab36-19c2-4fd6-a80c-f62146692ab4');
INSERT INTO url (refcount, url, id, description, editpending, gid) VALUES (1, 'http://en.wikipedia.org/wiki/BoA', 13742, '', 0, '4ea9e636-4a29-4aa1-899d-63ff8d2a432c');
INSERT INTO url (refcount, url, id, description, editpending, gid) VALUES (1, 'http://ko.wikipedia.org/wiki/보아', 205022, '', 0, '0f07a034-6d5a-414f-823f-b37569ac8058');
INSERT INTO url (refcount, url, id, description, editpending, gid) VALUES (1, 'http://boa.iple.com', 205030, 'Official website', 0, 'f8507caa-9caa-44fc-83d0-68c78d2b9798');
INSERT INTO url (refcount, url, id, description, editpending, gid) VALUES (1, 'http://ja.wikipedia.org/wiki/BoA', 455886, '', 0, '624e45b7-9b84-4c71-8d7a-9606dfcb5a4d');
INSERT INTO url (refcount, url, id, description, editpending, gid) VALUES (1, 'http://www.myspace.com/boamusicusa', 537138, '', 0, 'fafd045b-f996-48d3-9f8b-39c47571c347');
INSERT INTO url (refcount, url, id, description, editpending, gid) VALUES (1, 'http://www.boaamerica.com/', 537139, '', 0, '91bc766e-3d9d-4260-9412-8af4d551c10e');
INSERT INTO url (refcount, url, id, description, editpending, gid) VALUES (1, 'http://wiki.jpopstop.com/wiki/BoA', 729246, '', 0, '6ed2a10a-167a-47aa-b3ed-57c9220a2f4e');
INSERT INTO link_type (priority, childorder, entitytype0, parent, shortlinkphrase, linkphrase, name, description, entitytype1, rlinkphrase, id, gid) VALUES (0, 1, 'artist', 179, 'fanpage', 'has a fan page at', 'fanpage', 'Indicates a homepage by a fan for an artist. (<a href="http://musicbrainz.org/doc/Fanpage_Relationship_Type">Details</a>)', 'url', 'is the fan page of', 182, 'f484f897-81cc-406e-96f9-cd799a04ee24');
INSERT INTO link (attributecount, link_type, enddate_day, begindate_day, begindate_year, begindate_month, enddate_year, id, enddate_month) VALUES (0, 182, NULL, NULL, NULL, NULL, NULL, 17392, NULL);
INSERT INTO url (refcount, url, id, description, editpending, gid) VALUES (1, 'http://wiki.jpopstop.com/images/7/74/identity.png', 729251, '', 0, '8451ab08-8ab6-48d7-8335-e92bd4e252af');
INSERT INTO link_type (priority, childorder, entitytype0, parent, shortlinkphrase, linkphrase, name, description, entitytype1, rlinkphrase, id, gid) VALUES (0, 0, 'artist', 179, 'image', 'has a picture at', 'image', 'Indicates a pictorial image (JPEG, GIF, PNG) of an artist. (<a href="http://musicbrainz.org/doc/Image_Relationship_Type">Details</a>)', 'url', 'is a picture of', 169, '221132e9-e30e-43f2-a741-15afc4c5fa7c');
INSERT INTO link (attributecount, link_type, enddate_day, begindate_day, begindate_year, begindate_month, enddate_year, id, enddate_month) VALUES (0, 169, NULL, NULL, NULL, NULL, NULL, 17391, NULL);
INSERT INTO l_artist_url (link, entity1, entity0, id, editpending) VALUES (17389, 13741, 9496, 168333, 0);
INSERT INTO l_artist_url (link, entity1, entity0, id, editpending) VALUES (17388, 13742, 9496, 167123, 0);
INSERT INTO l_artist_url (link, entity1, entity0, id, editpending) VALUES (17388, 205022, 9496, 249064, 0);
INSERT INTO l_artist_url (link, entity1, entity0, id, editpending) VALUES (17389, 205030, 9496, 249062, 0);
INSERT INTO l_artist_url (link, entity1, entity0, id, editpending) VALUES (17388, 455886, 9496, 143264, 0);
INSERT INTO l_artist_url (link, entity1, entity0, id, editpending) VALUES (17386, 537138, 9496, 34428, 0);
INSERT INTO l_artist_url (link, entity1, entity0, id, editpending) VALUES (17389, 537139, 9496, 34499, 0);
INSERT INTO l_artist_url (link, entity1, entity0, id, editpending) VALUES (17392, 729246, 9496, 86070, 0);
INSERT INTO l_artist_url (link, entity1, entity0, id, editpending) VALUES (17391, 729251, 9496, 86294, 0);
INSERT INTO url (refcount, url, id, description, editpending, gid) VALUES (1, 'http://www.m-flo.com', 14418, '', 0, 'b16e50c9-ac7d-4415-848f-1b682800cd98');
INSERT INTO url (refcount, url, id, description, editpending, gid) VALUES (1, 'http://en.wikipedia.org/wiki/M-flo', 14419, '', 0, '53872af0-973a-45fb-82b5-af25974b1feb');
INSERT INTO url (refcount, url, id, description, editpending, gid) VALUES (1, 'http://www.discogs.com/artist/M-flo', 30977, 'Discogs page', 0, '6182d305-abff-4cd1-b0a5-8bf8501b86a6');
INSERT INTO url (refcount, url, id, description, editpending, gid) VALUES (1, 'http://mu-mo.net/id/m-flo/', 149960, '', 0, '0bd23ae2-cd25-4ad8-9cc1-614765760c28');
INSERT INTO url (refcount, url, id, description, editpending, gid) VALUES (1, 'http://ja.wikipedia.org/wiki/M-flo', 151929, '', 0, '187960af-c1b1-4220-ae94-9b92ff6b7a04');
INSERT INTO l_artist_url (link, entity1, entity0, id, editpending) VALUES (17389, 14418, 135345, 168354, 0);
INSERT INTO l_artist_url (link, entity1, entity0, id, editpending) VALUES (17388, 14419, 135345, 168439, 0);
INSERT INTO l_artist_url (link, entity1, entity0, id, editpending) VALUES (17385, 30977, 135345, 177340, 0);
INSERT INTO l_artist_url (link, entity1, entity0, id, editpending) VALUES (17389, 149960, 135345, 226291, 0);
INSERT INTO l_artist_url (link, entity1, entity0, id, editpending) VALUES (17388, 151929, 135345, 227219, 0);
INSERT INTO link_type (priority, childorder, entitytype0, parent, shortlinkphrase, linkphrase, name, description, entitytype1, rlinkphrase, id, gid) VALUES (0, 0, 'recording', NULL, 'covers and versions ', 'covers or other versions ', 'covers and versions ', '', 'recording', 'covers or other versions', 215, '6a76ad99-cc5d-4ebc-a6e4-b2eb2eb3ad98');
INSERT INTO link_type (priority, childorder, entitytype0, parent, shortlinkphrase, linkphrase, name, description, entitytype1, rlinkphrase, id, gid) VALUES (0, 2, 'recording', 215, 'other version', 'is the earliest version of', 'other version', 'Indicates another version of the same song. This is the case when the same artist made a different recording of the same song. Please take care to always point to the *first* version of that song ever released! (<a href="http://musicbrainz.org/doc/Other_Version_Relationship_Type">Details</a>)', 'recording', 'is a later version of', 221, '7440b539-19ab-4243-8c03-4f5942ca2218');
INSERT INTO link (attributecount, link_type, enddate_day, begindate_day, begindate_year, begindate_month, enddate_year, id, enddate_month) VALUES (0, 221, NULL, NULL, NULL, NULL, NULL, 17983, NULL);
INSERT INTO l_recording_recording (link, entity1, entity0, id, editpending) VALUES (17983, 4223061, 4223059, 33476, 0);
INSERT INTO url (refcount, url, id, description, editpending, gid) VALUES (1, 'http://en.wikipedia.org/wiki/The_Love_Bug_%28song%29', 615313, '', 0, '5e766c4e-16dd-47f2-b032-d96ef23c0cf1');
INSERT INTO link_type (priority, childorder, entitytype0, parent, shortlinkphrase, linkphrase, name, description, entitytype1, rlinkphrase, id, gid) VALUES (0, 3, 'release_group', NULL, 'other databases', 'other databases', 'other databases', '', 'url', 'other databases', 94, '9a7453fa-76e2-3069-b5b5-e9c631c2ce20');
INSERT INTO link_type (priority, childorder, entitytype0, parent, shortlinkphrase, linkphrase, name, description, entitytype1, rlinkphrase, id, gid) VALUES (0, 0, 'release_group', 94, 'wikipedia', 'has a Wikipedia page at', 'wikipedia', 'Points to the Wikipedia page for this album. (<a href="http://musicbrainz.org/doc/Wikipedia_Relationship_Type">Details</a>)', 'url', 'is a Wikipedia page for', 89, '6578f0e9-1ace-4095-9de8-6e517ddb1ceb');
INSERT INTO link (attributecount, link_type, enddate_day, begindate_day, begindate_year, begindate_month, enddate_year, id, enddate_month) VALUES (0, 89, NULL, NULL, NULL, NULL, NULL, 5350, NULL);
INSERT INTO url (refcount, url, id, description, editpending, gid) VALUES (1, 'http://ja.wikipedia.org/wiki/The_Love_Bug', 615327, '', 0, 'dff9a8ca-2029-4818-92d4-d45b91484b0a');
INSERT INTO l_release_group_url (link, entity1, entity0, id, editpending) VALUES (5350, 615313, 403214, 38399, 0);
INSERT INTO l_release_group_url (link, entity1, entity0, id, editpending) VALUES (5350, 615327, 403214, 38413, 0);
INSERT INTO url (refcount, url, id, description, editpending, gid) VALUES (1, 'http://en.wikipedia.org/wiki/For_Beginner_Piano', 151488, '', 0, '886cd436-d599-4d7f-8f78-fb5b45334176');
INSERT INTO l_release_group_url (link, entity1, entity0, id, editpending) VALUES (5350, 151488, 155364, 8522, 0);
INSERT INTO url (refcount, url, id, description, editpending, gid) VALUES (2, 'http://en.wikipedia.org/wiki/Love_and_Honesty', 263365, '', 0, '75f62298-a981-4264-a042-035cb305082e');
INSERT INTO url (refcount, url, id, description, editpending, gid) VALUES (1, 'http://ja.wikipedia.org/wiki/LOVE_%26_HONESTY', 639380, '', 0, '80761c4e-e004-4a92-94a6-164047125e53');
INSERT INTO url (refcount, url, id, description, editpending, gid) VALUES (1, 'http://www.discogs.com/master/11418', 639381, '', 0, '1f2cc313-4b57-44af-95b2-fe8154840c4e');
INSERT INTO link_type (priority, childorder, entitytype0, parent, shortlinkphrase, linkphrase, name, description, entitytype1, rlinkphrase, id, gid) VALUES (0, 1, 'release_group', 94, 'discogs', 'has a Discogs page at', 'discogs', 'Points to the Discogs page for this album. Always use the domain <code>www.discogs.com</code> and no genre subdomains. (<a href="http://musicbrainz.org/doc/Discogs_Relationship_Type">Details</a>)', 'url', 'is a Discogs page for', 90, '14028de3-cac1-38e0-9a53-5c12acb748f0');
INSERT INTO link (attributecount, link_type, enddate_day, begindate_day, begindate_year, begindate_month, enddate_year, id, enddate_month) VALUES (0, 90, NULL, NULL, NULL, NULL, NULL, 5368, NULL);
INSERT INTO l_release_group_url (link, entity1, entity0, id, editpending) VALUES (5350, 263365, 326504, 15837, 0);
INSERT INTO l_release_group_url (link, entity1, entity0, id, editpending) VALUES (5350, 639380, 326504, 40398, 0);
INSERT INTO l_release_group_url (link, entity1, entity0, id, editpending) VALUES (5368, 639381, 326504, 40399, 0);
INSERT INTO link_type (priority, childorder, entitytype0, parent, shortlinkphrase, linkphrase, name, description, entitytype1, rlinkphrase, id, gid) VALUES (0, 0, 'release', NULL, 'covers and versions ', 'covers or other versions ', 'covers and versions ', '', 'release', 'covers or other versions', 4, '3676d4aa-2fa7-435f-b83f-cdbbe4740938');
INSERT INTO link_type (priority, childorder, entitytype0, parent, shortlinkphrase, linkphrase, name, description, entitytype1, rlinkphrase, id, gid) VALUES (0, 5, 'release', 4, 'transl-tracklisting', 'is the original for the transl{transliterated:iter}ated track listing', 'transl-tracklisting', 'Indicates that an album has translated or transliterated titles on another album release. This relationship does not indicate a cover where the lyrics have been translated (that should be indicated with "cover" instead, although both relationships could apply in some cases). This relationship should only be used when the number, order, and audio of the tracks on the two albums are identical, and each of the titles corresponds in meaning. (<a href="http://musicbrainz.org/doc/Translation_Transliteration_Relationship_Type">Details</a>)', 'release', 'is a transl{transliterated:iter}ated track listing of', 6, 'fc399d47-23a7-4c28-bfcf-0607a562b644');
INSERT INTO link (attributecount, link_type, enddate_day, begindate_day, begindate_year, begindate_month, enddate_year, id, enddate_month) VALUES (1, 6, NULL, NULL, NULL, NULL, NULL, 4, NULL);
INSERT INTO link_attribute_type (childorder, parent, name, root, id, description, gid) VALUES (1, NULL, 'transliterated', 477, 477, 'Transliterated track listings don''t change the language, just the script or spelling.', 'a74533a5-ed6c-4b30-9519-43a449872f9d');
INSERT INTO link_attribute (link, attribute_type) VALUES (4, 477);
INSERT INTO l_release_release (link, entity1, entity0, id, editpending) VALUES (4, 4675, 558940, 22531, 0);
INSERT INTO l_release_release (link, entity1, entity0, id, editpending) VALUES (4, 4675, 59312, 22532, 0);
INSERT INTO l_release_release (link, entity1, entity0, id, editpending) VALUES (4, 123054, 49161, 4620, 0);
INSERT INTO url (refcount, url, id, description, editpending, gid) VALUES (3, 'http://www.amazon.co.jp/gp/product/B0000YGBSG', 80267, '', 0, '06b2ffd2-a4b6-492d-a598-583e8816353f');
INSERT INTO link_type (priority, childorder, entitytype0, parent, shortlinkphrase, linkphrase, name, description, entitytype1, rlinkphrase, id, gid) VALUES (0, 0, 'release', NULL, 'Affiliate links', 'links to affiliates', 'Affiliate links', '', 'url', 'links to affiliates', 78, '7c5c80e8-ed3a-4c9d-96bb-1131cdecb89d');
INSERT INTO link_type (priority, childorder, entitytype0, parent, shortlinkphrase, linkphrase, name, description, entitytype1, rlinkphrase, id, gid) VALUES (0, 0, 'release', 78, 'amazon asin', 'has Amazon ASIN', 'amazon asin', 'This link type is used for Amazon ASINs. This allows users to link to the Amazon pages to show the right cover art if MusicBrainz does not have the right ASIN link already. <p/> Paste any URL to any Amazon product page that contains an Amazon ASIN and the ASIN will be parsed from that URL. (<a href="http://musicbrainz.org/doc/Amazon_Relationship_Type">Details</a>)', 'url', 'from Amazon belongs to', 83, '4f2e710d-166c-480c-a293-2e2c8d658d87');
INSERT INTO link (attributecount, link_type, enddate_day, begindate_day, begindate_year, begindate_month, enddate_year, id, enddate_month) VALUES (0, 83, NULL, NULL, NULL, NULL, NULL, 5354, NULL);
INSERT INTO l_release_url (link, entity1, entity0, id, editpending) VALUES (5354, 80267, 558940, 39095, 0);
INSERT INTO url (refcount, url, id, description, editpending, gid) VALUES (1, 'http://www.amazon.co.jp/gp/product/B0000YG9NS', 81849, '', 0, 'e04c2e41-b0e8-46c0-8d18-e837865bc855');
INSERT INTO l_release_url (link, entity1, entity0, id, editpending) VALUES (5354, 81849, 59312, 40153, 0);
INSERT INTO url (refcount, url, id, description, editpending, gid) VALUES (2, 'http://www.amazon.co.jp/gp/product/B00005LA6G', 71412, '', 0, '463210f0-8e30-4601-8189-bc29c17a8498');
INSERT INTO l_release_url (link, entity1, entity0, id, editpending) VALUES (5354, 71412, 49161, 33298, 0);
INSERT INTO url (refcount, url, id, description, editpending, gid) VALUES (1, 'http://www.discogs.com/release/1722', 177282, '', 0, 'decacbb6-c2d7-4d07-8576-fd60f2392fc0');
INSERT INTO link_type (priority, childorder, entitytype0, parent, shortlinkphrase, linkphrase, name, description, entitytype1, rlinkphrase, id, gid) VALUES (0, 3, 'release', NULL, 'other databases', 'other databases', 'other databases', '', 'url', 'other databases', 79, 'c74dee45-3c85-41e9-a804-92ab1c654446');
INSERT INTO link_type (priority, childorder, entitytype0, parent, shortlinkphrase, linkphrase, name, description, entitytype1, rlinkphrase, id, gid) VALUES (0, 1, 'release', 79, 'discogs', 'has a Discogs page at', 'discogs', 'Points to the Discogs page for this album. Always use the domain <code>www.discogs.com</code> and no genre subdomains. (<a href="http://musicbrainz.org/doc/Discogs_Relationship_Type">Details</a>)', 'url', 'is a Discogs page for', 73, '4a78823c-1c53-4176-a5f3-58026c76f2bc');
INSERT INTO link (attributecount, link_type, enddate_day, begindate_day, begindate_year, begindate_month, enddate_year, id, enddate_month) VALUES (0, 73, NULL, NULL, NULL, NULL, NULL, 5353, NULL);
INSERT INTO url (refcount, url, id, description, editpending, gid) VALUES (1, 'http://www.amazon.com/gp/product/B00001IVAI', 366634, '', 0, '4bd8ba69-ac05-444d-be17-4ea037f5d09f');
INSERT INTO url (refcount, url, id, description, editpending, gid) VALUES (1, 'http://www.discogs.com/release/30896', 697220, '', 0, '9bd7cece-05e3-438b-a2a1-070f8a829ed5');
INSERT INTO l_release_url (link, entity1, entity0, id, editpending) VALUES (5353, 177282, 243064, 100713, 0);
INSERT INTO l_release_url (link, entity1, entity0, id, editpending) VALUES (5354, 366634, 243064, 221712, 0);
INSERT INTO l_release_url (link, entity1, entity0, id, editpending) VALUES (5353, 697220, 243064, 445431, 0);
INSERT INTO url (refcount, url, id, description, editpending, gid) VALUES (1, 'http://www.discogs.com/release/30895', 151497, '', 0, 'b8dcbe2e-95ed-433e-9f70-3ec373ea19b0');
INSERT INTO l_release_url (link, entity1, entity0, id, editpending) VALUES (5353, 151497, 24752, 84641, 0);
INSERT INTO l_release_url (link, entity1, entity0, id, editpending) VALUES (5354, 366634, 24752, 221713, 0);
INSERT INTO l_release_url (link, entity1, entity0, id, editpending) VALUES (5353, 697220, 24752, 445433, 0);
INSERT INTO url (refcount, url, id, description, editpending, gid) VALUES (1, 'http://www.discogs.com/release/910147', 181390, '', 0, '51094842-c68d-44f9-88d2-551b9379286f');
INSERT INTO url (refcount, url, id, description, editpending, gid) VALUES (1, 'http://www.amazon.co.uk/gp/product/B000KJTG6K', 197281, '', 0, '66ff4ddb-349b-412d-b660-826d6db0c2c9');
INSERT INTO l_release_url (link, entity1, entity0, id, editpending) VALUES (5353, 181390, 246898, 103231, 0);
INSERT INTO l_release_url (link, entity1, entity0, id, editpending) VALUES (5354, 197281, 246898, 111193, 0);
INSERT INTO l_release_url (link, entity1, entity0, id, editpending) VALUES (5354, 80267, 4675, 39096, 0);
INSERT INTO l_release_url (link, entity1, entity0, id, editpending) VALUES (5354, 71412, 123054, 33297, 0);
INSERT INTO l_release_url (link, entity1, entity0, id, editpending) VALUES (5353, 697220, 654729, 445432, 0);
INSERT INTO url (refcount, url, id, description, editpending, gid) VALUES (1, 'http://www.amazon.co.jp/gp/product/B0001FAD2O', 573314, '', 0, '02c14af2-5ce0-41ca-acd7-ee9913692558');
INSERT INTO l_release_url (link, entity1, entity0, id, editpending) VALUES (5354, 573314, 59662, 363446, 0);
INSERT INTO link_type (priority, childorder, entitytype0, parent, shortlinkphrase, linkphrase, name, description, entitytype1, rlinkphrase, id, gid) VALUES (0, 0, 'label', NULL, 'business association', 'business association', 'business association', '', 'label', 'business association', 196, '0c1ff137-fca5-4148-82b7-8bce3c69165a');
INSERT INTO link_type (priority, childorder, entitytype0, parent, shortlinkphrase, linkphrase, name, description, entitytype1, rlinkphrase, id, gid) VALUES (0, 0, 'label', 196, 'label ownership', 'is/was the parent label of', 'label ownership', 'This describes the fact that a label is (or was) a subsidiary of another label, during a given period of time. This should be used either to describe the fact a label has been bought by another one, or that a label is a subdivision of another one. (<a href="http://musicbrainz.org/doc/Label_Ownership_Relationship_Type">Details</a>)', 'label', 'is/was a subsidiary of', 191, 'ab7a9be0-c060-4852-8f2e-4faf5b33231e');
INSERT INTO link (attributecount, link_type, enddate_day, begindate_day, begindate_year, begindate_month, enddate_year, id, enddate_month) VALUES (0, 191, NULL, NULL, NULL, NULL, NULL, 17598, NULL);
INSERT INTO l_label_label (link, entity1, entity0, id, editpending) VALUES (17598, 2882, 28, 3023, 0);
INSERT INTO url (refcount, url, id, description, editpending, gid) VALUES (1, 'http://www.matadorrecords.com/releases/discography.html', 304383, '', 0, '7320f9ca-85ed-4b56-98c3-ea7a9891a48b');
INSERT INTO link_type (priority, childorder, entitytype0, parent, shortlinkphrase, linkphrase, name, description, entitytype1, rlinkphrase, id, gid) VALUES (0, 0, 'label', NULL, 'online data', 'online data', 'online data', '', 'url', 'online data', 210, '5f82afae-0473-458d-9f17-8a2fa1ce7918');
INSERT INTO link_type (priority, childorder, entitytype0, parent, shortlinkphrase, linkphrase, name, description, entitytype1, rlinkphrase, id, gid) VALUES (0, 2, 'label', 210, 'catalog site', 'has a catalog of records at', 'catalog site', 'This link points to a site that contains a catalog (eg: list) of records published by the label. (<a href="http://musicbrainz.org/doc/Catalog_Site_Relationship_Type">Details</a>)', 'url', 'presents a catalog of records released by', 201, '5ac35a29-d29b-4390-b279-587bcd42fc73');
INSERT INTO link (attributecount, link_type, enddate_day, begindate_day, begindate_year, begindate_month, enddate_year, id, enddate_month) VALUES (0, 201, NULL, NULL, NULL, NULL, NULL, 17966, NULL);
INSERT INTO url (refcount, url, id, description, editpending, gid) VALUES (1, 'http://www.discogs.com/label/Matador', 194146, '', 0, '27adde25-743a-4b92-bb16-fc1b00179166');
INSERT INTO link_type (priority, childorder, entitytype0, parent, shortlinkphrase, linkphrase, name, description, entitytype1, rlinkphrase, id, gid) VALUES (0, 1, 'label', NULL, 'other databases', 'other databases', 'other databases', '', 'url', 'other databases', 211, '83eca2b3-5ae1-43f5-a732-56fa9a8591b1');
INSERT INTO link_type (priority, childorder, entitytype0, parent, shortlinkphrase, linkphrase, name, description, entitytype1, rlinkphrase, id, gid) VALUES (0, 1, 'label', 211, 'discogs', 'has a Discogs page at', 'discogs', 'This is used to link a Label to the equivalent entry in Discogs. In addition to providing a link for users to find more information, this will hopefully eventually provide an index between the two systems, allowing MusicBrainz and Discogs to share data. (<a href="http://musicbrainz.org/doc/Discogs_Relationship_Type">Details</a>)', 'url', 'is a Discogs page for', 206, '5b987f87-25bc-4a2d-b3f1-3618795b8207');
INSERT INTO link (attributecount, link_type, enddate_day, begindate_day, begindate_year, begindate_month, enddate_year, id, enddate_month) VALUES (0, 206, NULL, NULL, NULL, NULL, NULL, 17969, NULL);
INSERT INTO url (refcount, url, id, description, editpending, gid) VALUES (1, 'http://en.wikipedia.org/wiki/Matador_Records', 211986, '', 0, 'd5ffde38-9907-49cc-bab0-66d6360cf762');
INSERT INTO link_type (priority, childorder, entitytype0, parent, shortlinkphrase, linkphrase, name, description, entitytype1, rlinkphrase, id, gid) VALUES (0, 0, 'label', 211, 'wikipedia', 'has a Wikipedia page at', 'wikipedia', 'This is used to link a label to its corresponding Wikipedia page. (<a href="http://musicbrainz.org/doc/Wikipedia_Relationship_Type">Details</a>)', 'url', 'is a Wikipedia page for', 205, '51e9db21-8864-49b3-aa58-470d7b81fa50');
INSERT INTO link (attributecount, link_type, enddate_day, begindate_day, begindate_year, begindate_month, enddate_year, id, enddate_month) VALUES (0, 205, NULL, NULL, NULL, NULL, NULL, 17967, NULL);
INSERT INTO url (refcount, url, id, description, editpending, gid) VALUES (1, 'http://www.matadorrecords.com', 211985, '', 0, '17f36294-d7b5-4427-8ecd-3b44373b7a3d');
INSERT INTO link_type (priority, childorder, entitytype0, parent, shortlinkphrase, linkphrase, name, description, entitytype1, rlinkphrase, id, gid) VALUES (0, 0, 'label', 210, 'official site', 'has an official homepage at', 'official site', 'This link points to (one of) the official website(s) of the label (<a href="http://musicbrainz.org/doc/Official_Site_Relationship_Type">Details</a>).', 'url', 'is an official homepage of', 208, 'fe108f43-acb9-4ad1-8be3-57e6ec5b17b6');
INSERT INTO link (attributecount, link_type, enddate_day, begindate_day, begindate_year, begindate_month, enddate_year, id, enddate_month) VALUES (0, 208, NULL, NULL, NULL, NULL, NULL, 17968, NULL);
INSERT INTO l_label_url (link, entity1, entity0, id, editpending) VALUES (17966, 304383, 124, 9843, 0);
INSERT INTO l_label_url (link, entity1, entity0, id, editpending) VALUES (17969, 194146, 124, 15432, 0);
INSERT INTO l_label_url (link, entity1, entity0, id, editpending) VALUES (17967, 211986, 124, 21372, 0);
INSERT INTO l_label_url (link, entity1, entity0, id, editpending) VALUES (17968, 211985, 124, 21373, 0);
INSERT INTO url (refcount, url, id, description, editpending, gid) VALUES (1, 'http://www.youtube.com/user/avexnetwork', 543359, '', 0, '630ebc87-5ff0-45a0-b705-3eb64614d243');
INSERT INTO link_type (priority, childorder, entitytype0, parent, shortlinkphrase, linkphrase, name, description, entitytype1, rlinkphrase, id, gid) VALUES (0, 7, 'label', 210, 'youtube', 'has an official YouTube channel at', 'youtube', 'This relationship type can be used to link a label to the equivalent entry in YouTube. URLs should follow the format http://www.youtube.com/user/&lt;username&gt;.', 'url', 'is an official YouTube channel for', 200, 'd9c71059-ba9d-4135-b909-481d12cf84e3');
INSERT INTO link (attributecount, link_type, enddate_day, begindate_day, begindate_year, begindate_month, enddate_year, id, enddate_month) VALUES (0, 200, NULL, NULL, NULL, NULL, NULL, 17974, NULL);
INSERT INTO url (refcount, url, id, description, editpending, gid) VALUES (1, 'http://vgmdb.net/org/222', 716589, '', 0, '3aaefa5f-5fbd-4391-b978-98f6188bed6a');
INSERT INTO url (refcount, url, id, description, editpending, gid) VALUES (1, 'http://www.discogs.com/label/Avex+Trax', 187454, '', 0, '94d69df8-1ee2-4750-93da-d3c7ef212e0d');
INSERT INTO url (refcount, url, id, description, editpending, gid) VALUES (1, 'http://en.wikipedia.org/wiki/Avex_Group', 189336, '', 0, 'a3415b0a-3b56-4499-ab34-88563684876d');
INSERT INTO url (refcount, url, id, description, editpending, gid) VALUES (2, 'http://avexnet.jp/', 188071, '', 0, '3e92ef96-b756-49c3-a2a3-91ced66c21ec');
INSERT INTO url (refcount, url, id, description, editpending, gid) VALUES (1, 'http://ja.wikipedia.org/wiki/Avex_trax', 196160, '', 0, '0a2529b9-ad26-4a81-aa1d-a9636cc76a86');
INSERT INTO l_label_url (link, entity1, entity0, id, editpending) VALUES (17974, 543359, 28, 7336, 0);
INSERT INTO l_label_url (link, entity1, entity0, id, editpending) VALUES (17966, 716589, 28, 11085, 0);
INSERT INTO l_label_url (link, entity1, entity0, id, editpending) VALUES (17969, 187454, 28, 15471, 0);
INSERT INTO l_label_url (link, entity1, entity0, id, editpending) VALUES (17967, 189336, 28, 15695, 0);
INSERT INTO l_label_url (link, entity1, entity0, id, editpending) VALUES (17968, 188071, 28, 18449, 0);
INSERT INTO l_label_url (link, entity1, entity0, id, editpending) VALUES (17967, 196160, 28, 19318, 0);
INSERT INTO url (refcount, url, id, description, editpending, gid) VALUES (1, 'http://warp.net/', 576270, '', 0, '708e91cc-7d98-4288-9e34-b6d73ff6bbb7');
INSERT INTO url (refcount, url, id, description, editpending, gid) VALUES (1, 'http://en.wikipedia.org/wiki/Warp_Records', 272299, '', 0, 'ce53cf82-192a-4d0a-af0b-57d6c51ba7d0');
INSERT INTO url (refcount, url, id, description, editpending, gid) VALUES (1, 'http://www.discogs.com/label/Warp+Records', 188540, '', 0, '8111fc77-6286-42d3-9ab1-58b6bccf71bc');
INSERT INTO url (refcount, url, id, description, editpending, gid) VALUES (1, 'http://www.warprecords.com/', 188070, '', 0, 'e5b1f047-cb7b-40f4-be94-4e182830ae3d');
INSERT INTO l_label_url (link, entity1, entity0, id, editpending) VALUES (17968, 576270, 46, 12312, 0);
INSERT INTO l_label_url (link, entity1, entity0, id, editpending) VALUES (17967, 272299, 46, 13139, 0);
INSERT INTO l_label_url (link, entity1, entity0, id, editpending) VALUES (17969, 188540, 46, 16375, 0);
INSERT INTO l_label_url (link, entity1, entity0, id, editpending) VALUES (17968, 188070, 46, 18167, 0);
INSERT INTO url (refcount, url, id, description, editpending, gid) VALUES (1, 'http://rzn.jp', 445083, '', 0, '2a545d02-5447-4f16-a9c5-6239d98ea3f0');
INSERT INTO url (refcount, url, id, description, editpending, gid) VALUES (1, 'http://ja.wikipedia.org/wiki/Rhythmzone', 194976, '', 0, 'e697226c-7752-47d5-9192-5722babd9c32');
INSERT INTO url (refcount, url, id, description, editpending, gid) VALUES (1, 'http://www.discogs.com/label/Rhythm+Zone+(Asia)', 194975, '', 0, 'baaf9d35-392a-407a-b1bb-564015b146c6');
INSERT INTO url (refcount, url, id, description, editpending, gid) VALUES (1, 'http://en.wikipedia.org/wiki/Rhythm_Zone', 194973, '', 0, '4e5f8e53-a6fc-46e2-8fe4-2b3192be57e1');
INSERT INTO l_label_url (link, entity1, entity0, id, editpending) VALUES (17968, 445083, 2882, 8045, 0);
INSERT INTO l_label_url (link, entity1, entity0, id, editpending) VALUES (17967, 194976, 2882, 19198, 0);
INSERT INTO l_label_url (link, entity1, entity0, id, editpending) VALUES (17969, 194975, 2882, 19199, 0);
INSERT INTO l_label_url (link, entity1, entity0, id, editpending) VALUES (17967, 194973, 2882, 19201, 0);
INSERT INTO url (refcount, url, id, description, editpending, gid) VALUES (1, 'http://en.wikipedia.org/wiki/Planet_Mu', 272431, '', 0, '7066ac0c-2162-4a78-8d98-90336c86570a');
INSERT INTO url (refcount, url, id, description, editpending, gid) VALUES (1, 'http://www.discogs.com/label/Planet+Mu', 190234, '', 0, '7e234e7f-c05d-4342-a766-6cc0a10b5105');
INSERT INTO url (refcount, url, id, description, editpending, gid) VALUES (1, 'http://www.planet-mu.com', 190240, '', 0, 'b1e4dffa-1274-4ed6-907a-c23951acb583');
INSERT INTO url (refcount, url, id, description, editpending, gid) VALUES (1, 'http://www.myspace.com/childrenofthemu', 190241, '', 0, 'ab8c9682-1721-4a4f-aab6-63c72ff7794b');
INSERT INTO link_type (priority, childorder, entitytype0, parent, shortlinkphrase, linkphrase, name, description, entitytype1, rlinkphrase, id, gid) VALUES (0, 5, 'label', 210, 'myspace', 'has a MySpace page at', 'myspace', 'This relationship type can be used to link a MusicBrainz label to the equivalent entry in MySpace. (<a href="http://musicbrainz.org/doc/MySpace_Relationship_Type">Details</a>)', 'url', 'is a MySpace page for', 204, '240ba9dc-9898-4505-9bf7-32a53a695612');
INSERT INTO link (attributecount, link_type, enddate_day, begindate_day, begindate_year, begindate_month, enddate_year, id, enddate_month) VALUES (0, 204, NULL, NULL, NULL, NULL, NULL, 17970, NULL);
INSERT INTO l_label_url (link, entity1, entity0, id, editpending) VALUES (17967, 272431, 132, 14470, 0);
INSERT INTO l_label_url (link, entity1, entity0, id, editpending) VALUES (17969, 190234, 132, 16921, 0);
INSERT INTO l_label_url (link, entity1, entity0, id, editpending) VALUES (17968, 190240, 132, 16926, 0);
INSERT INTO l_label_url (link, entity1, entity0, id, editpending) VALUES (17970, 190241, 132, 16927, 0);
INSERT INTO url (refcount, url, id, description, editpending, gid) VALUES (1, 'http://zh.wikipedia.org/wiki/Zetima', 344826, '', 0, '5868e33a-1981-4e16-bcef-efe31382405b');
INSERT INTO url (refcount, url, id, description, editpending, gid) VALUES (1, 'http://www.discogs.com/label/Zetima', 344840, '', 0, '6ac9bcf5-9a31-4751-becb-31fbfe61dbf8');
INSERT INTO url (refcount, url, id, description, editpending, gid) VALUES (1, 'http://en.wikipedia.org/wiki/Zetima', 272300, '', 0, '771564bf-98a8-4afc-b891-78d353a799b7');
INSERT INTO l_label_url (link, entity1, entity0, id, editpending) VALUES (17967, 344826, 381, 959, 0);
INSERT INTO l_label_url (link, entity1, entity0, id, editpending) VALUES (17969, 344840, 381, 1523, 0);
INSERT INTO l_label_url (link, entity1, entity0, id, editpending) VALUES (17967, 272300, 381, 13226, 0);
INSERT INTO link_type_attribute_type (link_type, attribute_type, min, max) VALUES (125, 194, 0, 1);
INSERT INTO link_type_attribute_type (link_type, attribute_type, min, max) VALUES (6, 477, 0, 1);
INSERT INTO link_type_attribute_type (link_type, attribute_type, min, max) VALUES (132, 194, 0, 1);

COMMIT;

