BEGIN;
SET client_min_messages TO 'warning';
SET search_path TO musicbrainz_test;

TRUNCATE release_group_type CASCADE;
TRUNCATE release_name CASCADE;
TRUNCATE artist_name CASCADE;
TRUNCATE artist_credit CASCADE;
TRUNCATE artist_type CASCADE;
TRUNCATE artist CASCADE;
TRUNCATE artist_alias CASCADE;
UPDATE artist_meta SET lastupdate = NULL, ratingcount = 1, rating = 60 WHERE id = 265420;
TRUNCATE tag CASCADE;
TRUNCATE artist_tag CASCADE;
TRUNCATE artist_credit_name CASCADE;
TRUNCATE release_group CASCADE;
TRUNCATE release_status CASCADE;
TRUNCATE country CASCADE;
TRUNCATE language CASCADE;
TRUNCATE script CASCADE;
TRUNCATE release CASCADE;
TRUNCATE medium_format CASCADE;
TRUNCATE tracklist CASCADE;
TRUNCATE track_name CASCADE;
TRUNCATE recording CASCADE;
TRUNCATE clientversion CASCADE;
TRUNCATE puid CASCADE;
TRUNCATE recording_puid CASCADE;
TRUNCATE isrc CASCADE;
UPDATE recording_meta SET lastupdate = '2010-06-21 21:40:20.31954+02', ratingcount = NULL, rating = NULL WHERE id = 4223059;
UPDATE recording_meta SET lastupdate = '2010-06-21 21:40:20.31954+02', ratingcount = NULL, rating = NULL WHERE id = 4223060;
UPDATE recording_meta SET lastupdate = '2010-06-21 21:40:20.31954+02', ratingcount = NULL, rating = NULL WHERE id = 4223061;
TRUNCATE recording_tag CASCADE;
TRUNCATE track CASCADE;
TRUNCATE medium CASCADE;
TRUNCATE cdtoc CASCADE;
TRUNCATE medium_cdtoc CASCADE;
TRUNCATE label_type CASCADE;
TRUNCATE label_name CASCADE;
TRUNCATE label CASCADE;
UPDATE label_meta SET lastupdate = NULL, ratingcount = NULL, rating = NULL WHERE id = 381;
TRUNCATE label_tag CASCADE;
TRUNCATE release_label CASCADE;
UPDATE release_group_meta SET firstreleasedate_day = 4, rating = 90, lastupdate = '2009-05-24 22:47:00.490177+02', firstreleasedate_year = 2001, ratingcount = 2, releasecount = 2, firstreleasedate_month = 7 WHERE id = 377462;
TRUNCATE release_group_tag CASCADE;
UPDATE artist_meta SET lastupdate = NULL, ratingcount = 2, rating = 70 WHERE id = 11545;
UPDATE recording_meta SET lastupdate = '2010-06-21 21:40:20.31954+02', ratingcount = NULL, rating = NULL WHERE id = 1542682;
UPDATE recording_meta SET lastupdate = '2010-06-21 21:40:20.31954+02', ratingcount = NULL, rating = NULL WHERE id = 1542683;
UPDATE recording_meta SET lastupdate = '2010-06-21 21:40:20.31954+02', ratingcount = NULL, rating = NULL WHERE id = 1542684;
UPDATE recording_meta SET lastupdate = '2010-06-21 21:40:20.31954+02', ratingcount = NULL, rating = NULL WHERE id = 1542685;
UPDATE recording_meta SET lastupdate = '2010-06-21 21:40:20.31954+02', ratingcount = NULL, rating = NULL WHERE id = 1542686;
UPDATE recording_meta SET lastupdate = '2010-06-21 21:40:20.31954+02', ratingcount = NULL, rating = NULL WHERE id = 1542687;
UPDATE recording_meta SET lastupdate = '2010-06-21 21:40:20.31954+02', ratingcount = NULL, rating = NULL WHERE id = 1542688;
UPDATE recording_meta SET lastupdate = '2010-06-21 21:40:20.31954+02', ratingcount = NULL, rating = NULL WHERE id = 1542689;
UPDATE recording_meta SET lastupdate = '2010-06-21 21:40:20.31954+02', ratingcount = NULL, rating = NULL WHERE id = 1542690;
UPDATE recording_meta SET lastupdate = '2010-06-21 21:40:20.31954+02', ratingcount = NULL, rating = NULL WHERE id = 1542691;
UPDATE label_meta SET lastupdate = '2008-11-25 00:37:52.738165+01', ratingcount = 1, rating = 100 WHERE id = 46;
UPDATE label_meta SET lastupdate = NULL, ratingcount = 1, rating = 100 WHERE id = 124;
UPDATE release_group_meta SET firstreleasedate_day = 13, rating = NULL, lastupdate = '2009-05-24 22:47:00.490177+02', firstreleasedate_year = 1999, ratingcount = NULL, releasecount = 3, firstreleasedate_month = 9 WHERE id = 155364;
UPDATE artist_meta SET lastupdate = '2009-12-30 21:10:06.209461+01', ratingcount = 1, rating = 100 WHERE id = 427385;
UPDATE recording_meta SET lastupdate = '2010-06-21 21:40:20.31954+02', ratingcount = NULL, rating = NULL WHERE id = 6750260;
UPDATE recording_meta SET lastupdate = '2010-06-21 21:40:20.31954+02', ratingcount = NULL, rating = NULL WHERE id = 6750261;
UPDATE recording_meta SET lastupdate = '2010-06-21 21:40:20.31954+02', ratingcount = NULL, rating = NULL WHERE id = 6750262;
UPDATE recording_meta SET lastupdate = '2010-06-21 21:40:20.31954+02', ratingcount = NULL, rating = NULL WHERE id = 6750263;
UPDATE recording_meta SET lastupdate = '2010-06-21 21:40:20.31954+02', ratingcount = NULL, rating = NULL WHERE id = 6750264;
UPDATE recording_meta SET lastupdate = '2010-06-21 21:40:20.31954+02', ratingcount = NULL, rating = NULL WHERE id = 6750265;
UPDATE recording_meta SET lastupdate = '2010-06-21 21:40:20.31954+02', ratingcount = NULL, rating = NULL WHERE id = 6750266;
UPDATE recording_meta SET lastupdate = '2010-06-21 21:40:20.31954+02', ratingcount = NULL, rating = NULL WHERE id = 6750267;
UPDATE recording_meta SET lastupdate = '2010-06-21 21:40:20.31954+02', ratingcount = NULL, rating = NULL WHERE id = 6750268;
UPDATE recording_meta SET lastupdate = '2010-06-21 21:40:20.31954+02', ratingcount = NULL, rating = NULL WHERE id = 6750269;
UPDATE recording_meta SET lastupdate = '2010-06-21 21:40:20.31954+02', ratingcount = NULL, rating = NULL WHERE id = 6750270;
UPDATE recording_meta SET lastupdate = '2010-06-21 21:40:20.31954+02', ratingcount = NULL, rating = NULL WHERE id = 6750271;
TRUNCATE label_alias CASCADE;
UPDATE label_meta SET lastupdate = NULL, ratingcount = NULL, rating = NULL WHERE id = 132;
UPDATE release_group_meta SET firstreleasedate_day = 29, rating = NULL, lastupdate = '2009-05-24 22:47:00.490177+02', firstreleasedate_year = 2007, ratingcount = NULL, releasecount = 1, firstreleasedate_month = 1 WHERE id = 597897;
UPDATE recording_meta SET lastupdate = '2010-06-21 21:40:20.31954+02', ratingcount = NULL, rating = NULL WHERE id = 8509231;
UPDATE recording_meta SET lastupdate = '2010-06-21 21:40:20.31954+02', ratingcount = NULL, rating = NULL WHERE id = 8509232;
UPDATE recording_meta SET lastupdate = '2010-06-21 21:40:20.31954+02', ratingcount = NULL, rating = NULL WHERE id = 8509233;
UPDATE recording_meta SET lastupdate = '2010-06-21 21:40:20.31954+02', ratingcount = NULL, rating = NULL WHERE id = 8509234;
UPDATE recording_meta SET lastupdate = '2010-06-21 21:40:20.31954+02', ratingcount = NULL, rating = NULL WHERE id = 8509235;
UPDATE recording_meta SET lastupdate = '2010-06-21 21:40:20.31954+02', ratingcount = NULL, rating = NULL WHERE id = 8509236;
UPDATE recording_meta SET lastupdate = '2010-06-21 21:40:20.31954+02', ratingcount = NULL, rating = NULL WHERE id = 8509237;
UPDATE recording_meta SET lastupdate = '2010-06-21 21:40:20.31954+02', ratingcount = NULL, rating = NULL WHERE id = 8509238;
UPDATE recording_meta SET lastupdate = '2010-06-21 21:40:20.31954+02', ratingcount = NULL, rating = NULL WHERE id = 8509239;
UPDATE recording_meta SET lastupdate = '2010-06-21 21:40:20.31954+02', ratingcount = NULL, rating = NULL WHERE id = 8692017;
UPDATE recording_meta SET lastupdate = '2010-06-21 21:40:20.31954+02', ratingcount = NULL, rating = NULL WHERE id = 8692018;
UPDATE recording_meta SET lastupdate = '2010-06-21 21:40:20.31954+02', ratingcount = NULL, rating = NULL WHERE id = 8692019;
UPDATE recording_meta SET lastupdate = '2010-06-21 21:40:20.31954+02', ratingcount = NULL, rating = NULL WHERE id = 8692020;
UPDATE recording_meta SET lastupdate = '2010-06-21 21:40:20.31954+02', ratingcount = NULL, rating = NULL WHERE id = 8692021;
UPDATE recording_meta SET lastupdate = '2010-06-21 21:40:20.31954+02', ratingcount = NULL, rating = NULL WHERE id = 8692022;
UPDATE recording_meta SET lastupdate = '2010-06-21 21:40:20.31954+02', ratingcount = NULL, rating = NULL WHERE id = 8692023;
UPDATE recording_meta SET lastupdate = '2010-06-21 21:40:20.31954+02', ratingcount = NULL, rating = NULL WHERE id = 8692024;
UPDATE recording_meta SET lastupdate = '2010-06-21 21:40:20.31954+02', ratingcount = NULL, rating = NULL WHERE id = 8692025;
UPDATE release_group_meta SET firstreleasedate_day = 17, rating = NULL, lastupdate = '2009-05-24 22:47:00.490177+02', firstreleasedate_year = 2008, ratingcount = NULL, releasecount = 1, firstreleasedate_month = 11 WHERE id = 761939;
UPDATE artist_meta SET lastupdate = NULL, ratingcount = 3, rating = 60 WHERE id = 135345;
UPDATE artist_meta SET lastupdate = NULL, ratingcount = 3, rating = 87 WHERE id = 9496;
UPDATE recording_meta SET lastupdate = '2010-06-21 21:40:20.31954+02', ratingcount = NULL, rating = NULL WHERE id = 4525123;
UPDATE recording_meta SET lastupdate = '2010-06-21 21:40:20.31954+02', ratingcount = NULL, rating = NULL WHERE id = 4525010;
UPDATE artist_meta SET lastupdate = NULL, ratingcount = NULL, rating = NULL WHERE id = 283833;
UPDATE recording_meta SET lastupdate = '2010-06-21 21:40:20.31954+02', ratingcount = NULL, rating = NULL WHERE id = 4525011;
UPDATE label_meta SET lastupdate = '2008-11-29 11:19:30.284281+01', ratingcount = NULL, rating = NULL WHERE id = 2882;
UPDATE release_group_meta SET firstreleasedate_day = 17, rating = NULL, lastupdate = '2009-05-24 22:47:00.490177+02', firstreleasedate_year = 2004, ratingcount = NULL, releasecount = 1, firstreleasedate_month = 3 WHERE id = 403214;
UPDATE recording_meta SET lastupdate = '2010-06-21 21:40:20.31954+02', ratingcount = NULL, rating = NULL WHERE id = 3451976;
UPDATE recording_meta SET lastupdate = '2010-06-21 21:40:20.31954+02', ratingcount = NULL, rating = NULL WHERE id = 1307406;
UPDATE recording_meta SET lastupdate = '2010-06-21 21:40:20.31954+02', ratingcount = NULL, rating = NULL WHERE id = 3622822;
UPDATE recording_meta SET lastupdate = '2010-06-21 21:40:20.31954+02', ratingcount = NULL, rating = NULL WHERE id = 3622823;
UPDATE recording_meta SET lastupdate = '2010-06-21 21:40:20.31954+02', ratingcount = NULL, rating = NULL WHERE id = 3584195;
UPDATE recording_meta SET lastupdate = '2010-06-21 21:40:20.31954+02', ratingcount = NULL, rating = NULL WHERE id = 3622825;
UPDATE recording_meta SET lastupdate = '2010-06-21 21:40:20.31954+02', ratingcount = NULL, rating = NULL WHERE id = 3622826;
UPDATE recording_meta SET lastupdate = '2010-06-21 21:40:20.31954+02', ratingcount = NULL, rating = NULL WHERE id = 3622827;
UPDATE recording_meta SET lastupdate = '2010-06-21 21:40:20.31954+02', ratingcount = NULL, rating = NULL WHERE id = 3622828;
UPDATE recording_meta SET lastupdate = '2010-06-21 21:40:20.31954+02', ratingcount = NULL, rating = NULL WHERE id = 3451975;
UPDATE recording_meta SET lastupdate = '2010-06-21 21:40:20.31954+02', ratingcount = NULL, rating = NULL WHERE id = 3622830;
UPDATE recording_meta SET lastupdate = '2010-06-21 21:40:20.31954+02', ratingcount = NULL, rating = NULL WHERE id = 3622831;
UPDATE recording_meta SET lastupdate = '2010-06-21 21:40:20.31954+02', ratingcount = NULL, rating = NULL WHERE id = 3584196;
UPDATE label_meta SET lastupdate = '2009-06-27 18:09:17.482349+02', ratingcount = NULL, rating = NULL WHERE id = 28;
UPDATE recording_meta SET lastupdate = '2010-06-21 21:40:20.31954+02', ratingcount = NULL, rating = NULL WHERE id = 9538744;
UPDATE recording_meta SET lastupdate = '2010-06-21 21:40:20.31954+02', ratingcount = NULL, rating = NULL WHERE id = 9538745;
UPDATE recording_meta SET lastupdate = '2010-06-21 21:40:20.31954+02', ratingcount = NULL, rating = NULL WHERE id = 9538746;
UPDATE recording_meta SET lastupdate = '2010-06-21 21:40:20.31954+02', ratingcount = NULL, rating = NULL WHERE id = 9538747;
UPDATE recording_meta SET lastupdate = '2010-06-21 21:40:20.31954+02', ratingcount = NULL, rating = NULL WHERE id = 9538748;
UPDATE recording_meta SET lastupdate = '2010-06-21 21:40:20.31954+02', ratingcount = NULL, rating = NULL WHERE id = 9538749;
UPDATE release_group_meta SET firstreleasedate_day = 15, rating = NULL, lastupdate = '2009-05-24 22:47:00.490177+02', firstreleasedate_year = 2004, ratingcount = NULL, releasecount = 3, firstreleasedate_month = 1 WHERE id = 326504;
UPDATE artist_meta SET lastupdate = '2010-05-24 03:32:26.049208+02', ratingcount = NULL, rating = NULL WHERE id = 273135;
UPDATE artist_meta SET lastupdate = '2009-01-18 02:55:50.388834+01', ratingcount = NULL, rating = NULL WHERE id = 100300;
UPDATE recording_meta SET lastupdate = '2010-08-04 10:10:35.061975+02', ratingcount = NULL, rating = NULL WHERE id = 11172799;
UPDATE release_meta SET coverarturl = NULL, lastupdate = '2010-08-04 10:10:35.042095+02', dateadded = '2010-08-04 10:10:35.042095+02', amazonstore = NULL, amazonasin = NULL, infourl = NULL WHERE id = 921491;
UPDATE recording_meta SET lastupdate = '2010-06-21 21:40:20.31954+02', ratingcount = NULL, rating = NULL WHERE id = 7883923;
UPDATE recording_meta SET lastupdate = '2010-06-21 21:40:20.31954+02', ratingcount = NULL, rating = NULL WHERE id = 7883924;
UPDATE label_meta SET lastupdate = NULL, ratingcount = NULL, rating = NULL WHERE id = 3592;
UPDATE release_group_meta SET firstreleasedate_day = 13, rating = NULL, lastupdate = '2009-05-24 22:47:00.490177+02', firstreleasedate_year = 2004, ratingcount = NULL, releasecount = 2, firstreleasedate_month = 12 WHERE id = 701319;
UPDATE artist_meta SET lastupdate = '2009-04-17 08:25:01.281186+02', ratingcount = NULL, rating = NULL WHERE id = 9772;
UPDATE recording_meta SET lastupdate = '2010-06-21 21:40:20.31954+02', ratingcount = NULL, rating = NULL WHERE id = 2746106;
UPDATE recording_meta SET lastupdate = '2010-06-21 21:40:20.31954+02', ratingcount = NULL, rating = NULL WHERE id = 2746107;
UPDATE label_meta SET lastupdate = NULL, ratingcount = NULL, rating = NULL WHERE id = 1949;
UPDATE release_group_meta SET firstreleasedate_day = NULL, rating = NULL, lastupdate = '2009-05-24 22:47:00.490177+02', firstreleasedate_year = 1995, ratingcount = NULL, releasecount = 1, firstreleasedate_month = NULL WHERE id = 253157;
UPDATE artist_meta SET lastupdate = NULL, ratingcount = 2, rating = 100 WHERE id = 199379;
UPDATE recording_meta SET lastupdate = '2010-06-21 21:40:20.31954+02', ratingcount = NULL, rating = NULL WHERE id = 7776491;
UPDATE recording_meta SET lastupdate = '2010-06-21 21:40:20.31954+02', ratingcount = NULL, rating = NULL WHERE id = 7776492;
UPDATE label_meta SET lastupdate = NULL, ratingcount = NULL, rating = NULL WHERE id = 3545;
UPDATE release_group_meta SET firstreleasedate_day = NULL, rating = NULL, lastupdate = '2009-05-24 22:47:00.490177+02', firstreleasedate_year = 2004, ratingcount = NULL, releasecount = 1, firstreleasedate_month = NULL WHERE id = 691664;
UPDATE artist_meta SET lastupdate = NULL, ratingcount = 11, rating = 85 WHERE id = 242;
UPDATE recording_meta SET lastupdate = '2010-06-21 21:40:20.31954+02', ratingcount = NULL, rating = NULL WHERE id = 2726271;
UPDATE recording_meta SET lastupdate = '2010-06-21 21:40:20.31954+02', ratingcount = NULL, rating = NULL WHERE id = 2726272;
UPDATE recording_meta SET lastupdate = '2010-06-21 21:40:20.31954+02', ratingcount = NULL, rating = NULL WHERE id = 1408789;
UPDATE recording_meta SET lastupdate = '2010-06-21 21:40:20.31954+02', ratingcount = NULL, rating = NULL WHERE id = 2726274;
UPDATE recording_meta SET lastupdate = '2010-06-21 21:40:20.31954+02', ratingcount = NULL, rating = NULL WHERE id = 2726275;
UPDATE recording_meta SET lastupdate = '2010-06-21 21:40:20.31954+02', ratingcount = NULL, rating = NULL WHERE id = 2726276;
UPDATE recording_meta SET lastupdate = '2010-06-21 21:40:20.31954+02', ratingcount = NULL, rating = NULL WHERE id = 2726277;
UPDATE recording_meta SET lastupdate = '2010-06-21 21:40:20.31954+02', ratingcount = NULL, rating = NULL WHERE id = 2726278;
UPDATE recording_meta SET lastupdate = '2010-06-21 21:40:20.31954+02', ratingcount = 1, rating = 50 WHERE id = 1062699;
UPDATE recording_meta SET lastupdate = '2010-06-21 21:40:20.31954+02', ratingcount = NULL, rating = NULL WHERE id = 15296;
UPDATE recording_meta SET lastupdate = '2010-06-21 21:40:20.31954+02', ratingcount = NULL, rating = NULL WHERE id = 2726281;
UPDATE label_meta SET lastupdate = NULL, ratingcount = NULL, rating = NULL WHERE id = 187;
UPDATE recording_meta SET lastupdate = '2010-06-21 21:40:20.31954+02', ratingcount = NULL, rating = NULL WHERE id = 2726280;
UPDATE label_meta SET lastupdate = NULL, ratingcount = NULL, rating = NULL WHERE id = 2988;
UPDATE recording_meta SET lastupdate = '2010-06-21 21:40:20.31954+02', ratingcount = NULL, rating = NULL WHERE id = 4844120;
UPDATE recording_meta SET lastupdate = '2010-06-21 21:40:20.31954+02', ratingcount = NULL, rating = NULL WHERE id = 4844121;
UPDATE recording_meta SET lastupdate = '2010-06-21 21:40:20.31954+02', ratingcount = NULL, rating = NULL WHERE id = 4844122;
UPDATE recording_meta SET lastupdate = '2010-06-21 21:40:20.31954+02', ratingcount = NULL, rating = NULL WHERE id = 4844123;
UPDATE label_meta SET lastupdate = NULL, ratingcount = NULL, rating = NULL WHERE id = 9632;
UPDATE recording_meta SET lastupdate = '2010-06-21 21:40:20.31954+02', ratingcount = NULL, rating = NULL WHERE id = 8106513;
UPDATE recording_meta SET lastupdate = '2010-06-21 21:40:20.31954+02', ratingcount = NULL, rating = NULL WHERE id = 8106514;
UPDATE recording_meta SET lastupdate = '2010-06-21 21:40:20.31954+02', ratingcount = NULL, rating = NULL WHERE id = 8106515;
UPDATE recording_meta SET lastupdate = '2010-06-21 21:40:20.31954+02', ratingcount = NULL, rating = NULL WHERE id = 8106516;
UPDATE recording_meta SET lastupdate = '2010-06-21 21:40:20.31954+02', ratingcount = NULL, rating = NULL WHERE id = 8106517;
UPDATE recording_meta SET lastupdate = '2010-06-21 21:40:20.31954+02', ratingcount = NULL, rating = NULL WHERE id = 8106507;
UPDATE recording_meta SET lastupdate = '2010-06-21 21:40:20.31954+02', ratingcount = NULL, rating = NULL WHERE id = 8106508;
UPDATE recording_meta SET lastupdate = '2010-06-21 21:40:20.31954+02', ratingcount = NULL, rating = NULL WHERE id = 8106509;
UPDATE recording_meta SET lastupdate = '2010-06-21 21:40:20.31954+02', ratingcount = NULL, rating = NULL WHERE id = 8106510;
UPDATE recording_meta SET lastupdate = '2010-06-21 21:40:20.31954+02', ratingcount = NULL, rating = NULL WHERE id = 8106511;
UPDATE recording_meta SET lastupdate = '2010-06-21 21:40:20.31954+02', ratingcount = NULL, rating = NULL WHERE id = 8106512;
UPDATE release_group_meta SET firstreleasedate_day = NULL, rating = 90, lastupdate = '2009-05-24 22:47:00.490177+02', firstreleasedate_year = 1999, ratingcount = 2, releasecount = 7, firstreleasedate_month = NULL WHERE id = 724150;
UPDATE artist_meta SET lastupdate = NULL, ratingcount = NULL, rating = NULL WHERE id = 301255;
UPDATE recording_meta SET lastupdate = '2010-06-21 21:40:20.31954+02', ratingcount = NULL, rating = NULL WHERE id = 1462891;
UPDATE recording_meta SET lastupdate = '2010-06-21 21:40:20.31954+02', ratingcount = NULL, rating = NULL WHERE id = 1462892;
UPDATE recording_meta SET lastupdate = '2010-06-21 21:40:20.31954+02', ratingcount = NULL, rating = NULL WHERE id = 1462893;
UPDATE label_meta SET lastupdate = NULL, ratingcount = NULL, rating = NULL WHERE id = 839;
UPDATE release_group_meta SET firstreleasedate_day = 15, rating = NULL, lastupdate = '2009-05-24 22:47:00.490177+02', firstreleasedate_year = 1998, ratingcount = NULL, releasecount = 1, firstreleasedate_month = 6 WHERE id = 148670;
UPDATE artist_meta SET lastupdate = '2008-11-24 23:16:44.339332+01', ratingcount = 18, rating = 93 WHERE id = 388;
UPDATE recording_meta SET lastupdate = '2010-06-21 21:40:20.31954+02', ratingcount = 2, rating = 60 WHERE id = 160074;
UPDATE recording_meta SET lastupdate = '2010-06-21 21:40:20.31954+02', ratingcount = 1, rating = 40 WHERE id = 162921;
UPDATE recording_meta SET lastupdate = '2010-06-21 21:40:20.31954+02', ratingcount = NULL, rating = NULL WHERE id = 162922;
UPDATE recording_meta SET lastupdate = '2010-06-21 21:40:20.31954+02', ratingcount = NULL, rating = NULL WHERE id = 162923;
UPDATE recording_meta SET lastupdate = '2010-06-21 21:40:20.31954+02', ratingcount = 1, rating = 60 WHERE id = 162924;
UPDATE recording_meta SET lastupdate = '2010-06-21 21:40:20.31954+02', ratingcount = 1, rating = 60 WHERE id = 162925;
UPDATE recording_meta SET lastupdate = '2010-06-21 21:40:20.31954+02', ratingcount = NULL, rating = NULL WHERE id = 162926;
UPDATE recording_meta SET lastupdate = '2010-06-21 21:40:20.31954+02', ratingcount = NULL, rating = NULL WHERE id = 162927;
UPDATE label_meta SET lastupdate = NULL, ratingcount = NULL, rating = NULL WHERE id = 33;
UPDATE label_meta SET lastupdate = NULL, ratingcount = NULL, rating = NULL WHERE id = 369;
UPDATE label_meta SET lastupdate = NULL, ratingcount = NULL, rating = NULL WHERE id = 8092;
UPDATE release_group_meta SET firstreleasedate_day = 28, rating = 97, lastupdate = '2009-05-24 22:47:00.490177+02', firstreleasedate_year = 1973, ratingcount = 6, releasecount = 10, firstreleasedate_month = 3 WHERE id = 18759;
UPDATE artist_meta SET lastupdate = NULL, ratingcount = 5, rating = 92 WHERE id = 779;
UPDATE recording_meta SET lastupdate = '2010-06-21 21:40:20.31954+02', ratingcount = NULL, rating = NULL WHERE id = 334848;
UPDATE recording_meta SET lastupdate = '2010-06-21 21:40:20.31954+02', ratingcount = NULL, rating = NULL WHERE id = 334849;
UPDATE recording_meta SET lastupdate = '2010-06-21 21:40:20.31954+02', ratingcount = NULL, rating = NULL WHERE id = 334850;
UPDATE recording_meta SET lastupdate = '2010-06-21 21:40:20.31954+02', ratingcount = NULL, rating = NULL WHERE id = 334851;
UPDATE recording_meta SET lastupdate = '2010-06-21 21:40:20.31954+02', ratingcount = NULL, rating = NULL WHERE id = 334852;
UPDATE recording_meta SET lastupdate = '2010-06-21 21:40:20.31954+02', ratingcount = NULL, rating = NULL WHERE id = 334853;
UPDATE recording_meta SET lastupdate = '2010-06-21 21:40:20.31954+02', ratingcount = NULL, rating = NULL WHERE id = 334854;
UPDATE recording_meta SET lastupdate = '2010-06-21 21:40:20.31954+02', ratingcount = NULL, rating = NULL WHERE id = 334855;
UPDATE recording_meta SET lastupdate = '2010-06-21 21:40:20.31954+02', ratingcount = NULL, rating = NULL WHERE id = 334856;
UPDATE recording_meta SET lastupdate = '2010-06-21 21:40:20.31954+02', ratingcount = NULL, rating = NULL WHERE id = 334857;
UPDATE recording_meta SET lastupdate = '2010-06-21 21:40:20.31954+02', ratingcount = NULL, rating = NULL WHERE id = 334858;
UPDATE recording_meta SET lastupdate = '2010-06-21 21:40:20.31954+02', ratingcount = NULL, rating = NULL WHERE id = 334859;
UPDATE recording_meta SET lastupdate = '2010-06-21 21:40:20.31954+02', ratingcount = NULL, rating = NULL WHERE id = 334860;
UPDATE recording_meta SET lastupdate = '2010-06-21 21:40:20.31954+02', ratingcount = NULL, rating = NULL WHERE id = 334861;
UPDATE label_meta SET lastupdate = NULL, ratingcount = 1, rating = 80 WHERE id = 395;
UPDATE release_group_meta SET firstreleasedate_day = 6, rating = 100, lastupdate = '2009-05-24 22:47:00.490177+02', firstreleasedate_year = 1993, ratingcount = 1, releasecount = 2, firstreleasedate_month = 4 WHERE id = 47743;
TRUNCATE link_type CASCADE;
TRUNCATE link CASCADE;
TRUNCATE l_artist_recording CASCADE;
TRUNCATE link_attribute_type CASCADE;
TRUNCATE link_attribute CASCADE;
TRUNCATE l_artist_release CASCADE;
TRUNCATE l_artist_label CASCADE;
TRUNCATE url CASCADE;
TRUNCATE l_artist_url CASCADE;
TRUNCATE l_recording_recording CASCADE;
TRUNCATE work_name CASCADE;
TRUNCATE work CASCADE;
UPDATE work_meta SET lastupdate = '2010-06-21 22:09:39.456545+02', ratingcount = NULL, rating = NULL WHERE id = 1542682;
TRUNCATE l_recording_work CASCADE;
UPDATE work_meta SET lastupdate = '2010-06-21 22:09:39.456545+02', ratingcount = NULL, rating = NULL WHERE id = 2726278;
UPDATE work_meta SET lastupdate = '2010-06-21 22:09:39.456545+02', ratingcount = NULL, rating = NULL WHERE id = 2726280;
UPDATE work_meta SET lastupdate = '2010-06-21 22:09:39.456545+02', ratingcount = NULL, rating = NULL WHERE id = 1542684;
UPDATE work_meta SET lastupdate = '2010-06-21 22:09:39.456545+02', ratingcount = NULL, rating = NULL WHERE id = 1542686;
UPDATE work_meta SET lastupdate = '2010-06-21 22:09:39.456545+02', ratingcount = NULL, rating = NULL WHERE id = 2726276;
UPDATE work_meta SET lastupdate = '2010-06-21 22:09:39.456545+02', ratingcount = NULL, rating = NULL WHERE id = 203492;
UPDATE work_meta SET lastupdate = '2010-06-21 22:09:39.456545+02', ratingcount = NULL, rating = NULL WHERE id = 1542683;
UPDATE work_meta SET lastupdate = '2010-06-21 22:09:39.456545+02', ratingcount = NULL, rating = NULL WHERE id = 162926;
UPDATE work_meta SET lastupdate = '2010-06-21 22:09:39.456545+02', ratingcount = NULL, rating = NULL WHERE id = 3622826;
UPDATE work_meta SET lastupdate = '2010-06-21 22:09:39.456545+02', ratingcount = NULL, rating = NULL WHERE id = 1542685;
UPDATE work_meta SET lastupdate = '2010-06-21 22:09:39.456545+02', ratingcount = NULL, rating = NULL WHERE id = 162923;
UPDATE work_meta SET lastupdate = '2010-06-21 22:09:39.456545+02', ratingcount = NULL, rating = NULL WHERE id = 1353886;
UPDATE work_meta SET lastupdate = '2010-06-21 22:09:39.456545+02', ratingcount = NULL, rating = NULL WHERE id = 3622825;
UPDATE work_meta SET lastupdate = '2010-06-21 22:09:39.456545+02', ratingcount = NULL, rating = NULL WHERE id = 162920;
UPDATE work_meta SET lastupdate = '2010-06-21 22:09:39.456545+02', ratingcount = NULL, rating = NULL WHERE id = 1307406;
UPDATE work_meta SET lastupdate = '2010-06-21 22:09:39.456545+02', ratingcount = NULL, rating = NULL WHERE id = 162925;
UPDATE work_meta SET lastupdate = '2010-06-21 22:09:39.456545+02', ratingcount = NULL, rating = NULL WHERE id = 3451975;
UPDATE work_meta SET lastupdate = '2010-06-21 22:09:39.456545+02', ratingcount = NULL, rating = NULL WHERE id = 3622823;
UPDATE work_meta SET lastupdate = '2010-06-21 22:09:39.456545+02', ratingcount = NULL, rating = NULL WHERE id = 1542691;
UPDATE work_meta SET lastupdate = '2010-06-21 22:09:39.456545+02', ratingcount = NULL, rating = NULL WHERE id = 4223059;
UPDATE work_meta SET lastupdate = '2010-06-21 22:09:39.456545+02', ratingcount = NULL, rating = NULL WHERE id = 162924;
UPDATE work_meta SET lastupdate = '2010-06-21 22:09:39.456545+02', ratingcount = NULL, rating = NULL WHERE id = 2726272;
UPDATE work_meta SET lastupdate = '2010-06-21 22:09:39.456545+02', ratingcount = NULL, rating = NULL WHERE id = 1542690;
UPDATE work_meta SET lastupdate = '2010-06-21 22:09:39.456545+02', ratingcount = NULL, rating = NULL WHERE id = 3622830;
UPDATE work_meta SET lastupdate = '2010-06-21 22:09:39.456545+02', ratingcount = NULL, rating = NULL WHERE id = 3622827;
UPDATE work_meta SET lastupdate = '2010-06-21 22:09:39.456545+02', ratingcount = NULL, rating = NULL WHERE id = 1542687;
UPDATE work_meta SET lastupdate = '2010-06-21 22:09:39.456545+02', ratingcount = NULL, rating = NULL WHERE id = 2726281;
UPDATE work_meta SET lastupdate = '2010-06-21 22:09:39.456545+02', ratingcount = NULL, rating = NULL WHERE id = 1542689;
UPDATE work_meta SET lastupdate = '2010-06-21 22:09:39.456545+02', ratingcount = NULL, rating = NULL WHERE id = 203493;
UPDATE work_meta SET lastupdate = '2010-06-21 22:09:39.456545+02', ratingcount = NULL, rating = NULL WHERE id = 4223060;
UPDATE work_meta SET lastupdate = '2010-06-21 22:09:39.456545+02', ratingcount = NULL, rating = NULL WHERE id = 2726274;
UPDATE work_meta SET lastupdate = '2010-06-21 22:09:39.456545+02', ratingcount = NULL, rating = NULL WHERE id = 1542688;
UPDATE work_meta SET lastupdate = '2010-06-21 22:09:39.456545+02', ratingcount = NULL, rating = NULL WHERE id = 1353888;
UPDATE work_meta SET lastupdate = '2010-06-21 22:09:39.456545+02', ratingcount = NULL, rating = NULL WHERE id = 3622822;
UPDATE work_meta SET lastupdate = '2010-06-21 22:09:39.456545+02', ratingcount = NULL, rating = NULL WHERE id = 4525123;
UPDATE work_meta SET lastupdate = '2010-06-21 22:09:39.456545+02', ratingcount = NULL, rating = NULL WHERE id = 162927;
UPDATE work_meta SET lastupdate = '2010-06-21 22:09:39.456545+02', ratingcount = NULL, rating = NULL WHERE id = 2726271;
UPDATE work_meta SET lastupdate = '2010-06-21 22:09:39.456545+02', ratingcount = NULL, rating = NULL WHERE id = 3584196;
UPDATE work_meta SET lastupdate = '2010-06-21 22:09:39.456545+02', ratingcount = NULL, rating = NULL WHERE id = 3622832;
UPDATE work_meta SET lastupdate = '2010-06-21 22:09:39.456545+02', ratingcount = NULL, rating = NULL WHERE id = 162922;
UPDATE work_meta SET lastupdate = '2010-06-21 22:09:39.456545+02', ratingcount = NULL, rating = NULL WHERE id = 3622831;
UPDATE work_meta SET lastupdate = '2010-06-21 22:09:39.456545+02', ratingcount = NULL, rating = NULL WHERE id = 162921;
UPDATE work_meta SET lastupdate = '2010-06-21 22:09:39.456545+02', ratingcount = NULL, rating = NULL WHERE id = 1353887;
UPDATE work_meta SET lastupdate = '2010-06-21 22:09:39.456545+02', ratingcount = NULL, rating = NULL WHERE id = 211564;
UPDATE work_meta SET lastupdate = '2010-06-21 22:09:39.456545+02', ratingcount = NULL, rating = NULL WHERE id = 3451976;
UPDATE work_meta SET lastupdate = '2010-06-21 22:09:39.456545+02', ratingcount = NULL, rating = NULL WHERE id = 3622828;
UPDATE work_meta SET lastupdate = '2010-06-21 22:09:39.456545+02', ratingcount = NULL, rating = NULL WHERE id = 2726277;
UPDATE work_meta SET lastupdate = '2010-06-21 22:09:39.456545+02', ratingcount = NULL, rating = NULL WHERE id = 3584195;
TRUNCATE l_release_group_url CASCADE;
TRUNCATE l_release_release CASCADE;
TRUNCATE l_release_url CASCADE;
TRUNCATE l_label_release CASCADE;
TRUNCATE l_label_label CASCADE;
TRUNCATE l_label_url CASCADE;
TRUNCATE link_type_attribute_type CASCADE;

INSERT INTO release_group_type (name, id) VALUES ('Single', 3);
INSERT INTO release_name (name, id) VALUES ('サマーれげぇ!レインボー', 1184);
INSERT INTO artist_name (name, id) VALUES ('7人祭', 10455);
INSERT INTO artist_credit (artistcount, refcount, name, id) VALUES (1, 18, 10455, 265420);
INSERT INTO artist_name (name, id) VALUES ('7nin Matsuri', 10362);
INSERT INTO artist_type (name, id) VALUES ('Group', 2);
INSERT INTO artist (country, sortname, name, enddate_day, begindate_day, comment, begindate_year, begindate_month, enddate_year, type, id, editpending, gender, enddate_month, gid) VALUES (NULL, 10362, 10455, NULL, NULL, NULL, NULL, NULL, NULL, 2, 265420, 0, NULL, NULL, '802673f0-9b88-4e8a-bb5c-dd01d68b086f');
INSERT INTO artist_name (name, id) VALUES ('7 nin matsuri', 10361);
INSERT INTO artist_name (name, id) VALUES ('ななにんまつり', 5399);
INSERT INTO artist_name (name, id) VALUES ('7닌마츠리', 10188);
INSERT INTO artist_alias (artist, name, locale, id, editpending) VALUES (265420, 10362, NULL, 29643, 0);
INSERT INTO artist_alias (artist, name, locale, id, editpending) VALUES (265420, 10361, NULL, 34037, 0);
INSERT INTO artist_alias (artist, name, locale, id, editpending) VALUES (265420, 5399, NULL, 34038, 0);
INSERT INTO artist_alias (artist, name, locale, id, editpending) VALUES (265420, 10188, NULL, 34039, 0);
UPDATE artist_meta SET lastupdate = NULL, ratingcount = 1, rating = 60 WHERE id = 265420;
INSERT INTO tag (refcount, name, id) VALUES (1533, 'hello project', 114);
INSERT INTO tag (refcount, name, id) VALUES (55, 'hello project groups', 1998);
INSERT INTO tag (refcount, name, id) VALUES (16, 'hello project shuffle units', 1997);
INSERT INTO tag (refcount, name, id) VALUES (165, 'country-jp', 27737);
INSERT INTO artist_tag (count, artist, tag) VALUES (1, 265420, 114);
INSERT INTO artist_tag (count, artist, tag) VALUES (1, 265420, 1998);
INSERT INTO artist_tag (count, artist, tag) VALUES (1, 265420, 1997);
INSERT INTO artist_tag (count, artist, tag) VALUES (1, 265420, 27737);
INSERT INTO artist_credit_name (artist, name, position, artist_credit, joinphrase) VALUES (265420, 10455, 0, 265420, NULL);
INSERT INTO release_group (comment, name, type, artist_credit, id, editpending, gid) VALUES (NULL, 1184, 3, 265420, 377462, 0, 'b84625af-6229-305f-9f1b-59c0185df016');
INSERT INTO release_status (name, id) VALUES ('Official', 1);
INSERT INTO country (isocode, name, id) VALUES ('JP', 'Japan', 107);
INSERT INTO language (frequency, isocode_3t, isocode_2, name, id, isocode_3b) VALUES (2, 'jpn', 'ja', 'Japanese', 198, 'jpn');
INSERT INTO script (frequency, isonumber, isocode, name, id) VALUES (4, '413', 'Jpan', 'Japanese', 85);
INSERT INTO release_status (name, id) VALUES ('Pseudo-Release', 4);
INSERT INTO script (frequency, isonumber, isocode, name, id) VALUES (4, '215', 'Latn', 'Latin', 28);
INSERT INTO release_name (name, id) VALUES ('Summer Reggae! Rainbow', 539636);
INSERT INTO release (date_day, status, release_group, packaging, id, quality, country, script, language, name, artist_credit, barcode, comment, date_year, date_month, gid, editpending) VALUES (4, 1, 377462, NULL, 49161, -1, 107, 85, 198, 1184, 265420, '4942463511227', NULL, 2001, 7, '0385f276-5f4f-4c81-a7a4-6bd7b8d85a7e', 0);
INSERT INTO release (date_day, status, release_group, packaging, id, quality, country, script, language, name, artist_credit, barcode, comment, date_year, date_month, gid, editpending) VALUES (4, 4, 377462, NULL, 123054, -1, 107, 28, 198, 539636, 265420, '4942463511227', NULL, 2001, 7, 'b3b7e934-445b-4c68-a097-730c6a6d47e6', 0);
INSERT INTO medium_format (name, id, year) VALUES ('CD', 1, 1982);
INSERT INTO tracklist (trackcount, id) VALUES (0, 377462);
INSERT INTO track_name (name, id) VALUES ('サマーれげぇ!レインボー', 12101);
INSERT INTO recording (length, comment, name, artist_credit, id, editpending, gid) VALUES (296026, NULL, 12101, 265420, 4223059, 0, '162630d9-36d2-4a8d-ade1-1c77440b34e7');
INSERT INTO clientversion (version, id) VALUES ('puid_submit.py-0.0.1', 130);
INSERT INTO puid (version, puid, id) VALUES (130, 'cdec3fe2-0473-073c-3cbb-bfb0c01a87ff', 679814);
INSERT INTO recording_puid (recording, puid, id, editpending) VALUES (4223059, 679814, 872389, 0);
INSERT INTO isrc (source, recording, isrc, id, editpending) VALUES (0, 4223059, 'JPA600102450', 4255, 0);
UPDATE recording_meta SET lastupdate = '2010-06-21 21:40:20.31954+02', ratingcount = NULL, rating = NULL WHERE id = 4223059;
INSERT INTO track_name (name, id) VALUES ('HELLO! また会おうね (7人祭 version)', 1592538);
INSERT INTO recording (length, comment, name, artist_credit, id, editpending, gid) VALUES (213106, NULL, 1592538, 265420, 4223060, 0, '487cac92-eed5-4efa-8563-c9a818079b9a');
INSERT INTO puid (version, puid, id) VALUES (130, '251bd265-84c7-ed8f-aecf-1d9918582399', 679811);
INSERT INTO recording_puid (recording, puid, id, editpending) VALUES (4223060, 679811, 872162, 0);
INSERT INTO isrc (source, recording, isrc, id, editpending) VALUES (0, 4223060, 'JPA600102460', 4256, 0);
UPDATE recording_meta SET lastupdate = '2010-06-21 21:40:20.31954+02', ratingcount = NULL, rating = NULL WHERE id = 4223060;
INSERT INTO track_name (name, id) VALUES ('サマーれげぇ!レインボー (instrumental)', 1832462);
INSERT INTO recording (length, comment, name, artist_credit, id, editpending, gid) VALUES (292800, NULL, 1832462, 265420, 4223061, 0, 'eb818aa4-d472-4d2b-b1a9-7fe5f1c7d26e');
INSERT INTO clientversion (version, id) VALUES ('MusicBrainz Picard-0.7.0', 134);
INSERT INTO puid (version, puid, id) VALUES (134, '7b8a868f-1e67-852b-5141-ad1edfb1e492', 857414);
INSERT INTO recording_puid (recording, puid, id, editpending) VALUES (4223061, 857414, 1089480, 0);
INSERT INTO isrc (source, recording, isrc, id, editpending) VALUES (0, 4223061, 'JPA600102459', 4257, 0);
UPDATE recording_meta SET lastupdate = '2010-06-21 21:40:20.31954+02', ratingcount = NULL, rating = NULL WHERE id = 4223061;
INSERT INTO tag (refcount, name, id) VALUES (141, 'jpop', 741);
INSERT INTO tag (refcount, name, id) VALUES (54, 'korean', 132);
INSERT INTO tag (refcount, name, id) VALUES (4880, 'metal', 92);
INSERT INTO tag (refcount, name, id) VALUES (644, 'thrash metal', 91);
INSERT INTO tag (refcount, name, id) VALUES (3380, 'instrumental version', 27546);
INSERT INTO recording_tag (count, recording, tag) VALUES (1, 4223061, 741);
INSERT INTO recording_tag (count, recording, tag) VALUES (1, 4223061, 132);
INSERT INTO recording_tag (count, recording, tag) VALUES (1, 4223061, 92);
INSERT INTO recording_tag (count, recording, tag) VALUES (1, 4223061, 91);
INSERT INTO recording_tag (count, recording, tag) VALUES (1, 4223061, 27546);
INSERT INTO track (length, recording, name, position, artist_credit, id, tracklist, editpending) VALUES (296026, 4223059, 12101, 1, 265420, 4223059, 377462, 0);
INSERT INTO track (length, recording, name, position, artist_credit, id, tracklist, editpending) VALUES (213106, 4223060, 1592538, 2, 265420, 4223060, 377462, 0);
INSERT INTO track (length, recording, name, position, artist_credit, id, tracklist, editpending) VALUES (292800, 4223061, 1832462, 3, 265420, 4223061, 377462, 0);
INSERT INTO medium (format, name, position, release, id, tracklist, editpending) VALUES (1, NULL, 1, 49161, 49161, 377462, 0);
INSERT INTO cdtoc (discid, leadoutoffset, degraded, trackoffset, trackcount, freedbid, id) VALUES ('W01Qvrvwkaz2Cm.IQm55_RHoRxs-', 60295, '0', '{150,22352,38335}', 3, '1c032103', 129807);
INSERT INTO medium_cdtoc (medium, id, cdtoc, editpending) VALUES (49161, 427767, 129807, 0);
INSERT INTO label_type (name, id) VALUES ('Original Production', 4);
INSERT INTO label_name (name, id) VALUES ('zetima', 45963);
INSERT INTO label (country, sortname, labelcode, name, enddate_day, begindate_day, comment, begindate_year, begindate_month, enddate_year, type, id, editpending, enddate_month, gid) VALUES (107, 45963, NULL, 45963, NULL, NULL, NULL, NULL, NULL, NULL, 4, 381, 0, NULL, '6bb73458-6c5f-4c26-8367-66fcef562955');
UPDATE label_meta SET lastupdate = NULL, ratingcount = NULL, rating = NULL WHERE id = 381;
INSERT INTO label_tag (count, tag, label) VALUES (1, 114, 381);
INSERT INTO release_label (catno, label, release, id) VALUES ('EPCE-5112', 381, 49161, 119630);
INSERT INTO tracklist (trackcount, id) VALUES (0, 494491);
INSERT INTO track_name (name, id) VALUES ('Summer Reggae! Rainbow', 3632843);
INSERT INTO track_name (name, id) VALUES ('Hello! Mata Aou Ne (7nin Matsuri version)', 1591706);
INSERT INTO track_name (name, id) VALUES ('Summer Reggae! Rainbow (Instrumental)', 3632844);
INSERT INTO track (length, recording, name, position, artist_credit, id, tracklist, editpending) VALUES (296026, 4223059, 3632843, 1, 265420, 5590796, 494491, 0);
INSERT INTO track (length, recording, name, position, artist_credit, id, tracklist, editpending) VALUES (213106, 4223060, 1591706, 2, 265420, 5590797, 494491, 0);
INSERT INTO track (length, recording, name, position, artist_credit, id, tracklist, editpending) VALUES (292800, 4223061, 3632844, 3, 265420, 5590798, 494491, 0);
INSERT INTO medium (format, name, position, release, id, tracklist, editpending) VALUES (1, NULL, 1, 123054, 123054, 494491, 0);
INSERT INTO medium_cdtoc (medium, id, cdtoc, editpending) VALUES (123054, 444465, 129807, 0);
INSERT INTO release_label (catno, label, release, id) VALUES ('EPCE-5112', 381, 123054, 120248);
UPDATE release_group_meta SET firstreleasedate_day = 4, rating = 90, lastupdate = '2009-05-24 22:47:00.490177+02', firstreleasedate_year = 2001, ratingcount = 2, releasecount = 2, firstreleasedate_month = 7 WHERE id = 377462;
INSERT INTO tag (refcount, name, id) VALUES (14, 'sexy', 641);
INSERT INTO release_group_tag (count, release_group, tag) VALUES (1, 377462, 114);
INSERT INTO release_group_tag (count, release_group, tag) VALUES (1, 377462, 741);
INSERT INTO release_group_tag (count, release_group, tag) VALUES (1, 377462, 641);
INSERT INTO release_group_type (name, id) VALUES ('Album', 2);
INSERT INTO release_name (name, id) VALUES ('For Beginner Piano', 221054);
INSERT INTO artist_name (name, id) VALUES ('Plone', 609994);
INSERT INTO artist_credit (artistcount, refcount, name, id) VALUES (1, 91, 609994, 11545);
INSERT INTO artist (country, sortname, name, enddate_day, begindate_day, comment, begindate_year, begindate_month, enddate_year, type, id, editpending, gender, enddate_month, gid) VALUES (NULL, 609994, 609994, NULL, NULL, NULL, NULL, NULL, NULL, 2, 11545, 0, NULL, NULL, '3088b672-fba9-4b4b-8ae0-dce13babfbb4');
UPDATE artist_meta SET lastupdate = NULL, ratingcount = 2, rating = 70 WHERE id = 11545;
INSERT INTO tag (refcount, name, id) VALUES (3021, 'uk', 237);
INSERT INTO tag (refcount, name, id) VALUES (2155, 'british', 171);
INSERT INTO tag (refcount, name, id) VALUES (1321, 'english', 1391);
INSERT INTO tag (refcount, name, id) VALUES (104, 'warp', 1661);
INSERT INTO artist_tag (count, artist, tag) VALUES (1, 11545, 237);
INSERT INTO artist_tag (count, artist, tag) VALUES (1, 11545, 171);
INSERT INTO artist_tag (count, artist, tag) VALUES (1, 11545, 1391);
INSERT INTO artist_tag (count, artist, tag) VALUES (1, 11545, 1661);
INSERT INTO artist_credit_name (artist, name, position, artist_credit, joinphrase) VALUES (11545, 609994, 0, 11545, NULL);
INSERT INTO release_group (comment, name, type, artist_credit, id, editpending, gid) VALUES (NULL, 221054, 2, 11545, 155364, 0, '202cad78-a2e1-3fa7-b8bc-77c1f737e3da');
INSERT INTO country (isocode, name, id) VALUES ('GB', 'United Kingdom', 221);
INSERT INTO language (frequency, isocode_3t, isocode_2, name, id, isocode_3b) VALUES (2, 'eng', 'en', 'English', 120, 'eng');
INSERT INTO country (isocode, name, id) VALUES ('US', 'United States', 222);
INSERT INTO release (date_day, status, release_group, packaging, id, quality, country, script, language, name, artist_credit, barcode, comment, date_year, date_month, gid, editpending) VALUES (13, 1, 155364, NULL, 24752, -1, 221, 28, 120, 221054, 11545, '5021603064126', NULL, 1999, 9, '4f5a6b97-a09b-4893-80d1-eae1f3bfa221', 0);
INSERT INTO release (date_day, status, release_group, packaging, id, quality, country, script, language, name, artist_credit, barcode, comment, date_year, date_month, gid, editpending) VALUES (23, 1, 155364, NULL, 243064, -1, 222, 28, 120, 221054, 11545, NULL, NULL, 1999, 9, 'fbe4eb72-0f24-3875-942e-f581589713d4', 0);
INSERT INTO release (date_day, status, release_group, packaging, id, quality, country, script, language, name, artist_credit, barcode, comment, date_year, date_month, gid, editpending) VALUES (13, 1, 155364, NULL, 654729, -1, 221, 28, 120, 221054, 11545, NULL, NULL, 1999, 9, 'dd66bfdd-6097-32e3-91b6-67f47ba25d4c', 0);
INSERT INTO tracklist (trackcount, id) VALUES (0, 155364);
INSERT INTO track_name (name, id) VALUES ('On My Bus', 2796346);
INSERT INTO recording (length, comment, name, artist_credit, id, editpending, gid) VALUES (267560, NULL, 2796346, 11545, 1542682, 0, '44704dda-b877-4551-a2a8-c1f764476e65');
INSERT INTO clientversion (version, id) VALUES ('unknown', 1);
INSERT INTO puid (version, puid, id) VALUES (1, '138f0487-85eb-5fe9-355d-9b94a60ff1dc', 86037);
INSERT INTO puid (version, puid, id) VALUES (1, '59963809-99c6-86c8-246a-85c1779bed07', 310223);
INSERT INTO recording_puid (recording, puid, id, editpending) VALUES (1542682, 86037, 4464373, 0);
INSERT INTO recording_puid (recording, puid, id, editpending) VALUES (1542682, 310223, 399193, 0);
UPDATE recording_meta SET lastupdate = '2010-06-21 21:40:20.31954+02', ratingcount = NULL, rating = NULL WHERE id = 1542682;
INSERT INTO track_name (name, id) VALUES ('Top & Low Rent', 4042778);
INSERT INTO recording (length, comment, name, artist_credit, id, editpending, gid) VALUES (230506, NULL, 4042778, 11545, 1542683, 0, '8920288e-7541-48a7-b23b-f80447c8b1ab');
INSERT INTO puid (version, puid, id) VALUES (1, '1d8cf2de-4e31-2043-cbb2-9d61d000e5da', 129843);
INSERT INTO puid (version, puid, id) VALUES (1, '45aa205f-1fdb-b441-a97b-17d95c786cc0', 272070);
INSERT INTO recording_puid (recording, puid, id, editpending) VALUES (1542683, 129843, 4464424, 0);
INSERT INTO recording_puid (recording, puid, id, editpending) VALUES (1542683, 272070, 350047, 0);
UPDATE recording_meta SET lastupdate = '2010-06-21 21:40:20.31954+02', ratingcount = NULL, rating = NULL WHERE id = 1542683;
INSERT INTO track_name (name, id) VALUES ('Plock', 2965969);
INSERT INTO recording (length, comment, name, artist_credit, id, editpending, gid) VALUES (237133, NULL, 2965969, 11545, 1542684, 0, '6e89c516-b0b6-4735-a758-38e31855dcb6');
INSERT INTO puid (version, puid, id) VALUES (1, 'e21f9f94-85cd-5e40-d158-0cea7e4b5877', 571418);
INSERT INTO recording_puid (recording, puid, id, editpending) VALUES (1542684, 86037, 110914, 0);
INSERT INTO recording_puid (recording, puid, id, editpending) VALUES (1542684, 571418, 4464385, 0);
UPDATE recording_meta SET lastupdate = '2010-06-21 21:40:20.31954+02', ratingcount = NULL, rating = NULL WHERE id = 1542684;
INSERT INTO track_name (name, id) VALUES ('Marbles', 2390578);
INSERT INTO recording (length, comment, name, artist_credit, id, editpending, gid) VALUES (229826, NULL, 2390578, 11545, 1542685, 0, '791d9b27-ae1a-4295-8943-ded4284f2122');
INSERT INTO puid (version, puid, id) VALUES (1, '53760233-32b0-09f6-131d-5f796ffd4b52', 298486);
INSERT INTO recording_puid (recording, puid, id, editpending) VALUES (1542685, 272070, 4464398, 0);
INSERT INTO recording_puid (recording, puid, id, editpending) VALUES (1542685, 298486, 384117, 0);
UPDATE recording_meta SET lastupdate = '2010-06-21 21:40:20.31954+02', ratingcount = NULL, rating = NULL WHERE id = 1542685;
INSERT INTO track_name (name, id) VALUES ('Busy Working', 561321);
INSERT INTO recording (length, comment, name, artist_credit, id, editpending, gid) VALUES (217440, NULL, 561321, 11545, 1542686, 0, '4f392ffb-d3df-4f8a-ba74-fdecbb1be877');
INSERT INTO recording_puid (recording, puid, id, editpending) VALUES (1542686, 129843, 167018, 0);
UPDATE recording_meta SET lastupdate = '2010-06-21 21:40:20.31954+02', ratingcount = NULL, rating = NULL WHERE id = 1542686;
INSERT INTO track_name (name, id) VALUES ('The Greek Alphabet', 3839726);
INSERT INTO recording (length, comment, name, artist_credit, id, editpending, gid) VALUES (227293, NULL, 3839726, 11545, 1542687, 0, 'dc891eca-bf42-4103-8682-86068fe732a5');
INSERT INTO puid (version, puid, id) VALUES (1, 'a8c39df5-8d8c-0cce-1538-2760ad1bbb1c', 461612);
INSERT INTO recording_puid (recording, puid, id, editpending) VALUES (1542687, 461612, 594011, 0);
UPDATE recording_meta SET lastupdate = '2010-06-21 21:40:20.31954+02', ratingcount = NULL, rating = NULL WHERE id = 1542687;
INSERT INTO track_name (name, id) VALUES ('Press a Key', 3015761);
INSERT INTO recording (length, comment, name, artist_credit, id, editpending, gid) VALUES (244506, NULL, 3015761, 11545, 1542688, 0, '25e9ae0f-8b7d-4230-9cde-9a07f7680e4a');
INSERT INTO recording_puid (recording, puid, id, editpending) VALUES (1542688, 571418, 734736, 0);
UPDATE recording_meta SET lastupdate = '2010-06-21 21:40:20.31954+02', ratingcount = NULL, rating = NULL WHERE id = 1542688;
INSERT INTO track_name (name, id) VALUES ('Bibi Plone', 433800);
INSERT INTO recording (length, comment, name, artist_credit, id, editpending, gid) VALUES (173960, NULL, 433800, 11545, 1542689, 0, '6f9c8c32-3aae-4dad-b023-56389361cf6b');
INSERT INTO puid (version, puid, id) VALUES (1, 'a1f6892c-8cf4-150f-3e42-2d32c7652460', 448619);
INSERT INTO recording_puid (recording, puid, id, editpending) VALUES (1542689, 448619, 577301, 0);
UPDATE recording_meta SET lastupdate = '2010-06-21 21:40:20.31954+02', ratingcount = NULL, rating = NULL WHERE id = 1542689;
INSERT INTO track_name (name, id) VALUES ('Be Rude to Your School', 422310);
INSERT INTO recording (length, comment, name, artist_credit, id, editpending, gid) VALUES (208706, NULL, 422310, 11545, 1542690, 0, '7e379a1d-f2bc-47b8-964e-00723df34c8a');
INSERT INTO puid (version, puid, id) VALUES (1, '7038d263-9736-015b-e43d-4e6e7bb85138', 353525);
INSERT INTO puid (version, puid, id) VALUES (130, '24dd0c12-3f22-955d-f35e-d3d8867eee8d', 2063146);
INSERT INTO recording_puid (recording, puid, id, editpending) VALUES (1542690, 353525, 454791, 0);
INSERT INTO recording_puid (recording, puid, id, editpending) VALUES (1542690, 2063146, 2577207, 0);
UPDATE recording_meta SET lastupdate = '2010-06-21 21:40:20.31954+02', ratingcount = NULL, rating = NULL WHERE id = 1542690;
INSERT INTO track_name (name, id) VALUES ('Summer Plays Out', 3632754);
INSERT INTO recording (length, comment, name, artist_credit, id, editpending, gid) VALUES (320067, NULL, 3632754, 11545, 1542691, 0, 'a8614bda-42dc-43c7-ac5f-4067acb6f1c5');
INSERT INTO puid (version, puid, id) VALUES (1, 'b36a3d42-b725-6461-a4ef-e94a2011b6aa', 482017);
INSERT INTO clientversion (version, id) VALUES ('MusicBrainz Picard-0.7.0beta2', 129);
INSERT INTO puid (version, puid, id) VALUES (129, '7aa785e9-0bcc-5ec1-34c0-597399e489aa', 651225);
INSERT INTO recording_puid (recording, puid, id, editpending) VALUES (1542691, 482017, 620196, 0);
INSERT INTO recording_puid (recording, puid, id, editpending) VALUES (1542691, 651225, 838310, 0);
UPDATE recording_meta SET lastupdate = '2010-06-21 21:40:20.31954+02', ratingcount = NULL, rating = NULL WHERE id = 1542691;
INSERT INTO track (length, recording, name, position, artist_credit, id, tracklist, editpending) VALUES (267560, 1542682, 2796346, 1, 11545, 1542682, 155364, 0);
INSERT INTO track (length, recording, name, position, artist_credit, id, tracklist, editpending) VALUES (230506, 1542683, 4042778, 2, 11545, 1542683, 155364, 0);
INSERT INTO track (length, recording, name, position, artist_credit, id, tracklist, editpending) VALUES (237133, 1542684, 2965969, 3, 11545, 1542684, 155364, 0);
INSERT INTO track (length, recording, name, position, artist_credit, id, tracklist, editpending) VALUES (229826, 1542685, 2390578, 4, 11545, 1542685, 155364, 0);
INSERT INTO track (length, recording, name, position, artist_credit, id, tracklist, editpending) VALUES (217440, 1542686, 561321, 5, 11545, 1542686, 155364, 0);
INSERT INTO track (length, recording, name, position, artist_credit, id, tracklist, editpending) VALUES (227293, 1542687, 3839726, 6, 11545, 1542687, 155364, 0);
INSERT INTO track (length, recording, name, position, artist_credit, id, tracklist, editpending) VALUES (244506, 1542688, 3015761, 7, 11545, 1542688, 155364, 0);
INSERT INTO track (length, recording, name, position, artist_credit, id, tracklist, editpending) VALUES (173960, 1542689, 433800, 8, 11545, 1542689, 155364, 0);
INSERT INTO track (length, recording, name, position, artist_credit, id, tracklist, editpending) VALUES (208706, 1542690, 422310, 9, 11545, 1542690, 155364, 0);
INSERT INTO track (length, recording, name, position, artist_credit, id, tracklist, editpending) VALUES (320067, 1542691, 3632754, 10, 11545, 1542691, 155364, 0);
INSERT INTO medium (format, name, position, release, id, tracklist, editpending) VALUES (1, NULL, 1, 24752, 24752, 155364, 0);
INSERT INTO cdtoc (discid, leadoutoffset, degraded, trackoffset, trackcount, freedbid, id) VALUES ('4Fzv46Cx17XbCG5hQ1xo6KmQojk-', 177766, '0', '{150,20190,37441,55229,72498,88781,105874,124205,137213,152863}', 10, '9509400a', 96188);
INSERT INTO cdtoc (discid, leadoutoffset, degraded, trackoffset, trackcount, freedbid, id) VALUES ('VkX.hmODEJMV9FhQnxkWzQSX8iE-', 176980, '0', '{150,20217,37505,55290,72527,88835,105882,124220,137267,152920}', 10, '7f09350a', 114635);
INSERT INTO medium_cdtoc (medium, id, cdtoc, editpending) VALUES (24752, 254292, 96188, 0);
INSERT INTO medium_cdtoc (medium, id, cdtoc, editpending) VALUES (24752, 254293, 114635, 0);
INSERT INTO label_name (name, id) VALUES ('Warp Records', 44467);
INSERT INTO label (country, sortname, labelcode, name, enddate_day, begindate_day, comment, begindate_year, begindate_month, enddate_year, type, id, editpending, enddate_month, gid) VALUES (221, 44467, 2070, 44467, NULL, NULL, NULL, 1989, NULL, NULL, 4, 46, 0, NULL, '46f0f4cd-8aab-4b33-b698-f459faf64190');
UPDATE label_meta SET lastupdate = '2008-11-25 00:37:52.738165+01', ratingcount = 1, rating = 100 WHERE id = 46;
INSERT INTO tag (refcount, name, id) VALUES (552, 'glitch', 1032);
INSERT INTO tag (refcount, name, id) VALUES (62, 'independent', 1604);
INSERT INTO tag (refcount, name, id) VALUES (11510, 'techno', 545);
INSERT INTO tag (refcount, name, id) VALUES (1324, 'electronica', 559);
INSERT INTO tag (refcount, name, id) VALUES (3633, 'idm', 205);
INSERT INTO tag (refcount, name, id) VALUES (55509, 'electronic', 11);
INSERT INTO tag (refcount, name, id) VALUES (7006, 'experimental', 166);
INSERT INTO tag (refcount, name, id) VALUES (391, 'britannique', 280);
INSERT INTO tag (refcount, name, id) VALUES (106, 'experimental rock', 1063);
INSERT INTO tag (refcount, name, id) VALUES (4250, 'indie rock', 284);
INSERT INTO label_tag (count, tag, label) VALUES (1, 1032, 46);
INSERT INTO label_tag (count, tag, label) VALUES (1, 1604, 46);
INSERT INTO label_tag (count, tag, label) VALUES (1, 545, 46);
INSERT INTO label_tag (count, tag, label) VALUES (1, 559, 46);
INSERT INTO label_tag (count, tag, label) VALUES (1, 1661, 46);
INSERT INTO label_tag (count, tag, label) VALUES (2, 1391, 46);
INSERT INTO label_tag (count, tag, label) VALUES (2, 205, 46);
INSERT INTO label_tag (count, tag, label) VALUES (2, 11, 46);
INSERT INTO label_tag (count, tag, label) VALUES (2, 237, 46);
INSERT INTO label_tag (count, tag, label) VALUES (1, 166, 46);
INSERT INTO label_tag (count, tag, label) VALUES (1, 280, 46);
INSERT INTO label_tag (count, tag, label) VALUES (3, 171, 46);
INSERT INTO label_tag (count, tag, label) VALUES (1, 1063, 46);
INSERT INTO label_tag (count, tag, label) VALUES (1, 284, 46);
INSERT INTO release_label (catno, label, release, id) VALUES ('WARPCD64', 46, 24752, 414319);
INSERT INTO medium (format, name, position, release, id, tracklist, editpending) VALUES (1, NULL, 1, 243064, 243064, 155364, 0);
INSERT INTO medium_cdtoc (medium, id, cdtoc, editpending) VALUES (243064, 440028, 96188, 0);
INSERT INTO medium_cdtoc (medium, id, cdtoc, editpending) VALUES (243064, 440029, 114635, 0);
INSERT INTO label_name (name, id) VALUES ('Matador Records', 24781);
INSERT INTO label (country, sortname, labelcode, name, enddate_day, begindate_day, comment, begindate_year, begindate_month, enddate_year, type, id, editpending, enddate_month, gid) VALUES (222, 24781, 11552, 24781, NULL, NULL, NULL, 1989, NULL, NULL, 4, 124, 0, NULL, '229bd4be-8cd7-442c-85b0-5007ea353abc');
UPDATE label_meta SET lastupdate = NULL, ratingcount = 1, rating = 100 WHERE id = 124;
INSERT INTO tag (refcount, name, id) VALUES (499, 'américain', 748);
INSERT INTO tag (refcount, name, id) VALUES (2737, 'indie', 537);
INSERT INTO tag (refcount, name, id) VALUES (1763, 'usa', 273);
INSERT INTO tag (refcount, name, id) VALUES (2171, 'american', 111);
INSERT INTO tag (refcount, name, id) VALUES (310, 'post-rock', 16);
INSERT INTO tag (refcount, name, id) VALUES (1410, 'instrumental', 49);
INSERT INTO tag (refcount, name, id) VALUES (302, 'instrumental rock', 518);
INSERT INTO tag (refcount, name, id) VALUES (35, 'post-punk revival', 1079);
INSERT INTO label_tag (count, tag, label) VALUES (1, 748, 124);
INSERT INTO label_tag (count, tag, label) VALUES (1, 537, 124);
INSERT INTO label_tag (count, tag, label) VALUES (1, 273, 124);
INSERT INTO label_tag (count, tag, label) VALUES (1, 111, 124);
INSERT INTO label_tag (count, tag, label) VALUES (1, 16, 124);
INSERT INTO label_tag (count, tag, label) VALUES (1, 49, 124);
INSERT INTO label_tag (count, tag, label) VALUES (1, 518, 124);
INSERT INTO label_tag (count, tag, label) VALUES (1, 1079, 124);
INSERT INTO label_tag (count, tag, label) VALUES (1, 284, 124);
INSERT INTO release_label (catno, label, release, id) VALUES ('OLE 358-2', 124, 243064, 55454);
INSERT INTO medium_format (name, id, year) VALUES ('Vinyl', 7, 1895);
INSERT INTO medium (format, name, position, release, id, tracklist, editpending) VALUES (7, NULL, 1, 654729, 654729, 155364, 0);
INSERT INTO release_label (catno, label, release, id) VALUES ('WARPLP64', 46, 654729, 406835);
UPDATE release_group_meta SET firstreleasedate_day = 13, rating = NULL, lastupdate = '2009-05-24 22:47:00.490177+02', firstreleasedate_year = 1999, ratingcount = NULL, releasecount = 3, firstreleasedate_month = 9 WHERE id = 155364;
INSERT INTO release_name (name, id) VALUES ('My Demons', 396078);
INSERT INTO artist_name (name, id) VALUES ('Distance', 200597);
INSERT INTO artist_credit (artistcount, refcount, name, id) VALUES (1, 179, 200597, 427385);
INSERT INTO artist_type (name, id) VALUES ('Person', 1);
INSERT INTO artist (country, sortname, name, enddate_day, begindate_day, comment, begindate_year, begindate_month, enddate_year, type, id, editpending, gender, enddate_month, gid) VALUES (NULL, 200597, 200597, NULL, NULL, 'UK dubstep artist Greg Sanders', NULL, NULL, NULL, 1, 427385, 0, NULL, NULL, '472bc127-8861-45e8-bc9e-31e8dd32de7a');
INSERT INTO artist_name (name, id) VALUES ('DJ Distance', 202952);
INSERT INTO artist_alias (artist, name, locale, id, editpending) VALUES (427385, 202952, NULL, 68866, 0);
INSERT INTO artist_alias (artist, name, locale, id, editpending) VALUES (427385, 200597, NULL, 76296, 0);
UPDATE artist_meta SET lastupdate = '2009-12-30 21:10:06.209461+01', ratingcount = 1, rating = 100 WHERE id = 427385;
INSERT INTO artist_credit_name (artist, name, position, artist_credit, joinphrase) VALUES (427385, 200597, 0, 427385, NULL);
INSERT INTO release_group (comment, name, type, artist_credit, id, editpending, gid) VALUES (NULL, 396078, 2, 427385, 597897, 0, '22b54315-6e51-350b-bb34-e6e16f7688bd');
INSERT INTO release (date_day, status, release_group, packaging, id, quality, country, script, language, name, artist_credit, barcode, comment, date_year, date_month, gid, editpending) VALUES (29, 1, 597897, NULL, 246898, -1, 221, 28, 120, 396078, 427385, '600116817020', NULL, 2007, 1, 'adcf7b48-086e-48ee-b420-1001f88d672f', 0);
INSERT INTO tracklist (trackcount, id) VALUES (0, 597897);
INSERT INTO track_name (name, id) VALUES ('Night Vision', 2667874);
INSERT INTO recording (length, comment, name, artist_credit, id, editpending, gid) VALUES (369000, NULL, 2667874, 427385, 6750260, 0, 'c4ef59be-bfa1-4601-81f8-9a65e3d8c1c9');
INSERT INTO clientversion (version, id) VALUES ('MusicBrainz Picard-0.7.2', 140);
INSERT INTO puid (version, puid, id) VALUES (140, '3f8c1f24-428e-c2d8-6456-b5f41a63bee2', 1582677);
INSERT INTO recording_puid (recording, puid, id, editpending) VALUES (6750260, 1582677, 3948009, 0);
UPDATE recording_meta SET lastupdate = '2010-06-21 21:40:20.31954+02', ratingcount = NULL, rating = NULL WHERE id = 6750260;
INSERT INTO track_name (name, id) VALUES ('My Demons', 2584556);
INSERT INTO recording (length, comment, name, artist_credit, id, editpending, gid) VALUES (291000, NULL, 2584556, 427385, 6750261, 0, '290792d5-5b32-4ba7-bd06-272589ab9669');
INSERT INTO puid (version, puid, id) VALUES (140, 'b762db11-ff7e-943a-f102-951a66208b86', 1582679);
INSERT INTO recording_puid (recording, puid, id, editpending) VALUES (6750261, 1582679, 1978374, 0);
UPDATE recording_meta SET lastupdate = '2010-06-21 21:40:20.31954+02', ratingcount = NULL, rating = NULL WHERE id = 6750261;
INSERT INTO track_name (name, id) VALUES ('Weigh Down', 4303748);
INSERT INTO recording (length, comment, name, artist_credit, id, editpending, gid) VALUES (348000, NULL, 4303748, 427385, 6750262, 0, 'ccb347ea-5123-4bc8-a1a8-f60cf5fee9ad');
INSERT INTO puid (version, puid, id) VALUES (140, 'f8041a67-c449-978e-7acc-fcc6c289df7a', 1582675);
INSERT INTO recording_puid (recording, puid, id, editpending) VALUES (6750262, 1582675, 1978370, 0);
UPDATE recording_meta SET lastupdate = '2010-06-21 21:40:20.31954+02', ratingcount = NULL, rating = NULL WHERE id = 6750262;
INSERT INTO track_name (name, id) VALUES ('Traffic', 4060513);
INSERT INTO recording (length, comment, name, artist_credit, id, editpending, gid) VALUES (319000, NULL, 4060513, 427385, 6750263, 0, '03144356-5c08-47f8-8590-39a623cc5f36');
INSERT INTO puid (version, puid, id) VALUES (130, '2654aef9-0f71-86e6-d8d2-f1e01b807249', 870276);
INSERT INTO puid (version, puid, id) VALUES (140, 'a8cd011c-e17c-5b6e-f9c9-012f8c005ab7', 1582678);
INSERT INTO recording_puid (recording, puid, id, editpending) VALUES (6750263, 870276, 5123775, 0);
INSERT INTO recording_puid (recording, puid, id, editpending) VALUES (6750263, 1582678, 3948008, 0);
UPDATE recording_meta SET lastupdate = '2010-06-21 21:40:20.31954+02', ratingcount = NULL, rating = NULL WHERE id = 6750263;
INSERT INTO track_name (name, id) VALUES ('Mistral', 2504603);
INSERT INTO recording (length, comment, name, artist_credit, id, editpending, gid) VALUES (280000, NULL, 2504603, 427385, 6750264, 0, '35db5502-4937-4653-8494-c4291f1f22fe');
INSERT INTO puid (version, puid, id) VALUES (140, '0ba766ca-dbeb-a765-5c61-682be4ab69f6', 1582671);
INSERT INTO recording_puid (recording, puid, id, editpending) VALUES (6750264, 1582671, 1978366, 0);
UPDATE recording_meta SET lastupdate = '2010-06-21 21:40:20.31954+02', ratingcount = NULL, rating = NULL WHERE id = 6750264;
INSERT INTO track_name (name, id) VALUES ('Cyclops', 838564);
INSERT INTO recording (length, comment, name, artist_credit, id, editpending, gid) VALUES (265000, NULL, 838564, 427385, 6750265, 0, 'a4eb6323-519d-44e4-8ab7-df0a0f9df349');
INSERT INTO puid (version, puid, id) VALUES (140, '5a911797-156d-b56d-084b-506bca56bc82', 1582673);
INSERT INTO recording_puid (recording, puid, id, editpending) VALUES (6750265, 1582673, 1978368, 0);
UPDATE recording_meta SET lastupdate = '2010-06-21 21:40:20.31954+02', ratingcount = NULL, rating = NULL WHERE id = 6750265;
INSERT INTO track_name (name, id) VALUES ('Cella', 634344);
INSERT INTO recording (length, comment, name, artist_credit, id, editpending, gid) VALUES (334000, NULL, 634344, 427385, 6750266, 0, '7a356856-9483-42c2-bed9-dc07cb555952');
INSERT INTO puid (version, puid, id) VALUES (140, '56ec3406-ec65-bb55-902b-f5c2b6643d4b', 1582676);
INSERT INTO recording_puid (recording, puid, id, editpending) VALUES (6750266, 1582676, 1978371, 0);
UPDATE recording_meta SET lastupdate = '2010-06-21 21:40:20.31954+02', ratingcount = NULL, rating = NULL WHERE id = 6750266;
INSERT INTO track_name (name, id) VALUES ('Ska', 3411556);
INSERT INTO recording (length, comment, name, artist_credit, id, editpending, gid) VALUES (300000, NULL, 3411556, 427385, 6750267, 0, '3b869875-6f4e-40e8-abda-d14184b073cd');
INSERT INTO puid (version, puid, id) VALUES (140, '0ae37f6c-ed30-3b69-e5d3-8790304b1ae9', 1582674);
INSERT INTO recording_puid (recording, puid, id, editpending) VALUES (6750267, 1582674, 1978369, 0);
UPDATE recording_meta SET lastupdate = '2010-06-21 21:40:20.31954+02', ratingcount = NULL, rating = NULL WHERE id = 6750267;
INSERT INTO track_name (name, id) VALUES ('Fractured', 1353040);
INSERT INTO recording (length, comment, name, artist_credit, id, editpending, gid) VALUES (311000, NULL, 1353040, 427385, 6750268, 0, '34061710-6ed8-4999-9ee6-177bad0af0a3');
INSERT INTO puid (version, puid, id) VALUES (140, '3131e5e0-b220-c6cb-0569-15e5eb086a79', 1582670);
INSERT INTO recording_puid (recording, puid, id, editpending) VALUES (6750268, 1582670, 1978365, 0);
UPDATE recording_meta SET lastupdate = '2010-06-21 21:40:20.31954+02', ratingcount = NULL, rating = NULL WHERE id = 6750268;
INSERT INTO track_name (name, id) VALUES ('Tuning', 4104056);
INSERT INTO recording (length, comment, name, artist_credit, id, editpending, gid) VALUES (272000, NULL, 4104056, 427385, 6750269, 0, '4ce2ac82-56f6-4a8a-af9b-33af6c67f30d');
INSERT INTO puid (version, puid, id) VALUES (140, '784d6623-823e-f4e9-7f40-1b2fb0375897', 1582669);
INSERT INTO recording_puid (recording, puid, id, editpending) VALUES (6750269, 1582669, 1978364, 0);
UPDATE recording_meta SET lastupdate = '2010-06-21 21:40:20.31954+02', ratingcount = NULL, rating = NULL WHERE id = 6750269;
INSERT INTO track_name (name, id) VALUES ('Confined', 778083);
INSERT INTO recording (length, comment, name, artist_credit, id, editpending, gid) VALUES (314000, NULL, 778083, 427385, 6750270, 0, 'e5a5847b-451b-4051-a09b-8295329097e3');
INSERT INTO puid (version, puid, id) VALUES (140, 'd3ac810a-50b9-5427-a298-f8166c05d278', 1582680);
INSERT INTO recording_puid (recording, puid, id, editpending) VALUES (6750270, 1582680, 1978375, 0);
UPDATE recording_meta SET lastupdate = '2010-06-21 21:40:20.31954+02', ratingcount = NULL, rating = NULL WHERE id = 6750270;
INSERT INTO track_name (name, id) VALUES ('Delight', 912149);
INSERT INTO recording (length, comment, name, artist_credit, id, editpending, gid) VALUES (339000, NULL, 912149, 427385, 6750271, 0, '9011e90d-b7e3-400b-b932-305f94608772');
INSERT INTO puid (version, puid, id) VALUES (140, '62d982b6-ee26-9275-0797-8e2829faf5e0', 1582672);
INSERT INTO recording_puid (recording, puid, id, editpending) VALUES (6750271, 1582672, 5423523, 0);
UPDATE recording_meta SET lastupdate = '2010-06-21 21:40:20.31954+02', ratingcount = NULL, rating = NULL WHERE id = 6750271;
INSERT INTO track (length, recording, name, position, artist_credit, id, tracklist, editpending) VALUES (369000, 6750260, 2667874, 1, 427385, 6750260, 597897, 0);
INSERT INTO track (length, recording, name, position, artist_credit, id, tracklist, editpending) VALUES (291000, 6750261, 2584556, 2, 427385, 6750261, 597897, 0);
INSERT INTO track (length, recording, name, position, artist_credit, id, tracklist, editpending) VALUES (348000, 6750262, 4303748, 3, 427385, 6750262, 597897, 0);
INSERT INTO track (length, recording, name, position, artist_credit, id, tracklist, editpending) VALUES (319000, 6750263, 4060513, 4, 427385, 6750263, 597897, 0);
INSERT INTO track (length, recording, name, position, artist_credit, id, tracklist, editpending) VALUES (280000, 6750264, 2504603, 5, 427385, 6750264, 597897, 0);
INSERT INTO track (length, recording, name, position, artist_credit, id, tracklist, editpending) VALUES (265000, 6750265, 838564, 6, 427385, 6750265, 597897, 0);
INSERT INTO track (length, recording, name, position, artist_credit, id, tracklist, editpending) VALUES (334000, 6750266, 634344, 7, 427385, 6750266, 597897, 0);
INSERT INTO track (length, recording, name, position, artist_credit, id, tracklist, editpending) VALUES (300000, 6750267, 3411556, 8, 427385, 6750267, 597897, 0);
INSERT INTO track (length, recording, name, position, artist_credit, id, tracklist, editpending) VALUES (311000, 6750268, 1353040, 9, 427385, 6750268, 597897, 0);
INSERT INTO track (length, recording, name, position, artist_credit, id, tracklist, editpending) VALUES (272000, 6750269, 4104056, 10, 427385, 6750269, 597897, 0);
INSERT INTO track (length, recording, name, position, artist_credit, id, tracklist, editpending) VALUES (314000, 6750270, 778083, 11, 427385, 6750270, 597897, 0);
INSERT INTO track (length, recording, name, position, artist_credit, id, tracklist, editpending) VALUES (339000, 6750271, 912149, 12, 427385, 6750271, 597897, 0);
INSERT INTO medium (format, name, position, release, id, tracklist, editpending) VALUES (1, NULL, 1, 246898, 246898, 597897, 0);
INSERT INTO cdtoc (discid, leadoutoffset, degraded, trackoffset, trackcount, freedbid, id) VALUES ('75S7Yp3IiqPVREQhjAjMXPhwz0Y-', 281289, '0', '{150,27852,49751,75876,99845,120876,140765,165856,188422,211757,232229,255810}', 12, '7f0ea40c', 269350);
INSERT INTO medium_cdtoc (medium, id, cdtoc, editpending) VALUES (246898, 337370, 269350, 0);
INSERT INTO label_name (name, id) VALUES ('Planet Mu', 30983);
INSERT INTO label (country, sortname, labelcode, name, enddate_day, begindate_day, comment, begindate_year, begindate_month, enddate_year, type, id, editpending, enddate_month, gid) VALUES (221, 30983, NULL, 30983, NULL, NULL, NULL, 1995, NULL, NULL, 4, 132, 0, NULL, 'b4edce40-090f-4956-b82a-5d9d285da40b');
INSERT INTO label_name (name, id) VALUES ('Planet µ', 30958);
INSERT INTO label_alias (name, locale, label, id, editpending) VALUES (30958, NULL, 132, 100, 0);
UPDATE label_meta SET lastupdate = NULL, ratingcount = NULL, rating = NULL WHERE id = 132;
INSERT INTO label_tag (count, tag, label) VALUES (1, 237, 132);
INSERT INTO label_tag (count, tag, label) VALUES (1, 171, 132);
INSERT INTO label_tag (count, tag, label) VALUES (1, 1391, 132);
INSERT INTO release_label (catno, label, release, id) VALUES ('ZIQ170CD', 132, 246898, 452803);
UPDATE release_group_meta SET firstreleasedate_day = 29, rating = NULL, lastupdate = '2009-05-24 22:47:00.490177+02', firstreleasedate_year = 2007, ratingcount = NULL, releasecount = 1, firstreleasedate_month = 1 WHERE id = 597897;
INSERT INTO tag (refcount, name, id) VALUES (378, 'grime', 1522);
INSERT INTO tag (refcount, name, id) VALUES (210, 'dubstep', 30);
INSERT INTO release_group_tag (count, release_group, tag) VALUES (1, 597897, 11);
INSERT INTO release_group_tag (count, release_group, tag) VALUES (1, 597897, 1522);
INSERT INTO release_group_tag (count, release_group, tag) VALUES (2, 597897, 30);
INSERT INTO release_name (name, id) VALUES ('Repercussions', 471648);
INSERT INTO release_group (comment, name, type, artist_credit, id, editpending, gid) VALUES (NULL, 471648, 2, 427385, 761939, 0, '56683a0b-45b8-3664-a231-5b68efe2e7e2');
INSERT INTO release (date_day, status, release_group, packaging, id, quality, country, script, language, name, artist_credit, barcode, comment, date_year, date_month, gid, editpending) VALUES (17, 1, 761939, NULL, 446581, -1, 221, 28, 120, 471648, 427385, '600116822123', NULL, 2008, 11, '3b3d130a-87a8-4a47-b9fb-920f2530d134', 0);
INSERT INTO tracklist (trackcount, id) VALUES (0, 761939);
INSERT INTO track_name (name, id) VALUES ('Magnesium', 2358138);
INSERT INTO recording (length, comment, name, artist_credit, id, editpending, gid) VALUES (308706, NULL, 2358138, 427385, 8509231, 0, '4f3321a6-7277-4c0e-808f-423b81e083e0');
INSERT INTO clientversion (version, id) VALUES ('MusicBrainz Picard-0.10', 194);
INSERT INTO puid (version, puid, id) VALUES (194, 'cd3710ed-dbaa-1e71-a6ad-27e8cdd58c98', 3015596);
INSERT INTO recording_puid (recording, puid, id, editpending) VALUES (8509231, 3015596, 3788564, 0);
UPDATE recording_meta SET lastupdate = '2010-06-21 21:40:20.31954+02', ratingcount = NULL, rating = NULL WHERE id = 8509231;
INSERT INTO track_name (name, id) VALUES ('Out of Mind', 2835794);
INSERT INTO recording (length, comment, name, artist_credit, id, editpending, gid) VALUES (340626, NULL, 2835794, 427385, 8509232, 0, '1468c415-12bd-4fb9-b9e9-ca8d3f1df161');
INSERT INTO puid (version, puid, id) VALUES (194, '2c20b367-15a5-05ca-6131-91b43a57bd31', 3015600);
INSERT INTO recording_puid (recording, puid, id, editpending) VALUES (8509232, 3015600, 3788568, 0);
UPDATE recording_meta SET lastupdate = '2010-06-21 21:40:20.31954+02', ratingcount = NULL, rating = NULL WHERE id = 8509232;
INSERT INTO track_name (name, id) VALUES ('Free Me', 1362397);
INSERT INTO recording (length, comment, name, artist_credit, id, editpending, gid) VALUES (326066, NULL, 1362397, 427385, 8509233, 0, '4abc57ff-035a-4612-9b53-6962f8216c9b');
INSERT INTO puid (version, puid, id) VALUES (194, 'adced382-ae08-9c84-d2de-31a051787242', 3015597);
INSERT INTO recording_puid (recording, puid, id, editpending) VALUES (8509233, 3015597, 3788565, 0);
UPDATE recording_meta SET lastupdate = '2010-06-21 21:40:20.31954+02', ratingcount = NULL, rating = NULL WHERE id = 8509233;
INSERT INTO track_name (name, id) VALUES ('Koncrete', 2068074);
INSERT INTO recording (length, comment, name, artist_credit, id, editpending, gid) VALUES (340133, NULL, 2068074, 427385, 8509234, 0, 'cd836930-a4c7-45ac-821f-5642e99d4428');
INSERT INTO puid (version, puid, id) VALUES (194, '539d1944-201a-0d91-2780-0f7c37af0dbc', 3015603);
INSERT INTO recording_puid (recording, puid, id, editpending) VALUES (8509234, 3015603, 3788571, 0);
UPDATE recording_meta SET lastupdate = '2010-06-21 21:40:20.31954+02', ratingcount = NULL, rating = NULL WHERE id = 8509234;
INSERT INTO track_name (name, id) VALUES ('Loosen My Grip', 2291608);
INSERT INTO recording (length, comment, name, artist_credit, id, editpending, gid) VALUES (353773, NULL, 2291608, 427385, 8509235, 0, 'cbd9e885-b160-4c3c-9b87-468914839d45');
INSERT INTO puid (version, puid, id) VALUES (194, 'fbcbefcd-7e67-3d05-3616-a63a2501c46d', 3015604);
INSERT INTO recording_puid (recording, puid, id, editpending) VALUES (8509235, 3015604, 3788572, 0);
UPDATE recording_meta SET lastupdate = '2010-06-21 21:40:20.31954+02', ratingcount = NULL, rating = NULL WHERE id = 8509235;
INSERT INTO track_name (name, id) VALUES ('Repercussions', 3138137);
INSERT INTO recording (length, comment, name, artist_credit, id, editpending, gid) VALUES (296000, NULL, 3138137, 427385, 8509236, 0, '5a9d7af8-b149-4764-ad98-cf839a376a60');
INSERT INTO puid (version, puid, id) VALUES (194, '28d4c255-e64a-b33d-25a2-8b804dc63056', 3015599);
INSERT INTO recording_puid (recording, puid, id, editpending) VALUES (8509236, 3015599, 3788567, 0);
UPDATE recording_meta SET lastupdate = '2010-06-21 21:40:20.31954+02', ratingcount = NULL, rating = NULL WHERE id = 8509236;
INSERT INTO track_name (name, id) VALUES ('Mirror Tell', 2494338);
INSERT INTO recording (length, comment, name, artist_credit, id, editpending, gid) VALUES (329026, NULL, 2494338, 427385, 8509237, 0, '7e97f000-b36d-463e-bc86-795999fc9146');
INSERT INTO puid (version, puid, id) VALUES (194, '98322fdf-2600-37d8-aa34-6074666b7a75', 3015605);
INSERT INTO recording_puid (recording, puid, id, editpending) VALUES (8509237, 3015605, 3788573, 0);
UPDATE recording_meta SET lastupdate = '2010-06-21 21:40:20.31954+02', ratingcount = NULL, rating = NULL WHERE id = 8509237;
INSERT INTO track_name (name, id) VALUES ('Sending Chills', 3312305);
INSERT INTO recording (length, comment, name, artist_credit, id, editpending, gid) VALUES (295786, NULL, 3312305, 427385, 8509238, 0, 'f08c7c21-252b-46a3-9af1-ee53fb07fb56');
INSERT INTO puid (version, puid, id) VALUES (194, 'e9a78c04-f7b6-6bb3-bbc4-f8180d4169ba', 3015606);
INSERT INTO recording_puid (recording, puid, id, editpending) VALUES (8509238, 3015606, 3788574, 0);
UPDATE recording_meta SET lastupdate = '2010-06-21 21:40:20.31954+02', ratingcount = NULL, rating = NULL WHERE id = 8509238;
INSERT INTO track_name (name, id) VALUES ('Skeleton Grin', 3413557);
INSERT INTO recording (length, comment, name, artist_credit, id, editpending, gid) VALUES (276373, NULL, 3413557, 427385, 8509239, 0, '9e57a454-076e-4c2f-91f5-7c95efd3e05e');
INSERT INTO puid (version, puid, id) VALUES (194, '6c5e8e69-ee9d-5c86-b349-369a7c7892be', 3015602);
INSERT INTO recording_puid (recording, puid, id, editpending) VALUES (8509239, 3015602, 3788570, 0);
UPDATE recording_meta SET lastupdate = '2010-06-21 21:40:20.31954+02', ratingcount = NULL, rating = NULL WHERE id = 8509239;
INSERT INTO track (length, recording, name, position, artist_credit, id, tracklist, editpending) VALUES (308706, 8509231, 2358138, 1, 427385, 8509231, 761939, 0);
INSERT INTO track (length, recording, name, position, artist_credit, id, tracklist, editpending) VALUES (340626, 8509232, 2835794, 2, 427385, 8509232, 761939, 0);
INSERT INTO track (length, recording, name, position, artist_credit, id, tracklist, editpending) VALUES (326066, 8509233, 1362397, 3, 427385, 8509233, 761939, 0);
INSERT INTO track (length, recording, name, position, artist_credit, id, tracklist, editpending) VALUES (340133, 8509234, 2068074, 4, 427385, 8509234, 761939, 0);
INSERT INTO track (length, recording, name, position, artist_credit, id, tracklist, editpending) VALUES (353773, 8509235, 2291608, 5, 427385, 8509235, 761939, 0);
INSERT INTO track (length, recording, name, position, artist_credit, id, tracklist, editpending) VALUES (296000, 8509236, 3138137, 6, 427385, 8509236, 761939, 0);
INSERT INTO track (length, recording, name, position, artist_credit, id, tracklist, editpending) VALUES (329026, 8509237, 2494338, 7, 427385, 8509237, 761939, 0);
INSERT INTO track (length, recording, name, position, artist_credit, id, tracklist, editpending) VALUES (295786, 8509238, 3312305, 8, 427385, 8509238, 761939, 0);
INSERT INTO track (length, recording, name, position, artist_credit, id, tracklist, editpending) VALUES (276373, 8509239, 3413557, 9, 427385, 8509239, 761939, 0);
INSERT INTO tracklist (trackcount, id) VALUES (0, 778874);
INSERT INTO track_name (name, id) VALUES ('V', 4180767);
INSERT INTO recording (length, comment, name, artist_credit, id, editpending, gid) VALUES (355346, NULL, 4180767, 427385, 8692017, 0, 'a242aea7-7eff-41b2-9c83-a41f7e7b2c84');
INSERT INTO puid (version, puid, id) VALUES (194, '7e27f67d-8daf-e198-339e-7102b9b90889', 3015598);
INSERT INTO recording_puid (recording, puid, id, editpending) VALUES (8692017, 3015598, 3788566, 0);
UPDATE recording_meta SET lastupdate = '2010-06-21 21:40:20.31954+02', ratingcount = NULL, rating = NULL WHERE id = 8692017;
INSERT INTO track_name (name, id) VALUES ('Headstrung', 1572865);
INSERT INTO recording (length, comment, name, artist_credit, id, editpending, gid) VALUES (209826, NULL, 1572865, 427385, 8692018, 0, '11536500-0baa-492d-a821-3075ed66a3bc');
INSERT INTO puid (version, puid, id) VALUES (194, '9b8605bc-47d0-e989-85b9-722ba91bba30', 3015607);
INSERT INTO recording_puid (recording, puid, id, editpending) VALUES (8692018, 3015607, 3788575, 0);
UPDATE recording_meta SET lastupdate = '2010-06-21 21:40:20.31954+02', ratingcount = NULL, rating = NULL WHERE id = 8692018;
INSERT INTO track_name (name, id) VALUES ('Misfit', 2496051);
INSERT INTO recording (length, comment, name, artist_credit, id, editpending, gid) VALUES (291773, NULL, 2496051, 427385, 8692019, 0, '5c1b7a3d-89bd-408b-a0f5-3d7482c7dead');
INSERT INTO puid (version, puid, id) VALUES (194, '048c08fc-5cd9-cd80-7b11-56c1ec39c963', 3015595);
INSERT INTO recording_puid (recording, puid, id, editpending) VALUES (8692019, 3015595, 3788563, 0);
UPDATE recording_meta SET lastupdate = '2010-06-21 21:40:20.31954+02', ratingcount = NULL, rating = NULL WHERE id = 8692019;
INSERT INTO track_name (name, id) VALUES ('Present Day', 3015057);
INSERT INTO recording (length, comment, name, artist_credit, id, editpending, gid) VALUES (350120, NULL, 3015057, 427385, 8692020, 0, 'f2f8c768-4a5a-48a8-a7e0-e3385870e7aa');
INSERT INTO puid (version, puid, id) VALUES (194, '5c8d3fe5-0875-a744-5f03-affd100b58ee', 3015608);
INSERT INTO recording_puid (recording, puid, id, editpending) VALUES (8692020, 3015608, 3788576, 0);
UPDATE recording_meta SET lastupdate = '2010-06-21 21:40:20.31954+02', ratingcount = NULL, rating = NULL WHERE id = 8692020;
INSERT INTO track_name (name, id) VALUES ('Feel Me', 1275679);
INSERT INTO recording (length, comment, name, artist_credit, id, editpending, gid) VALUES (317733, NULL, 1275679, 427385, 8692021, 0, '14d5dfdb-6aa8-45a9-b2dd-bc5ed23e6211');
INSERT INTO puid (version, puid, id) VALUES (194, '58534bb7-3aa2-3625-82fd-f492fad54a7d', 3015601);
INSERT INTO recording_puid (recording, puid, id, editpending) VALUES (8692021, 3015601, 3788569, 0);
UPDATE recording_meta SET lastupdate = '2010-06-21 21:40:20.31954+02', ratingcount = NULL, rating = NULL WHERE id = 8692021;
INSERT INTO track_name (name, id) VALUES ('Radical', 3082731);
INSERT INTO recording (length, comment, name, artist_credit, id, editpending, gid) VALUES (325720, NULL, 3082731, 427385, 8692022, 0, '4deca105-005e-442e-b60d-f0d04f7f4e9d');
INSERT INTO puid (version, puid, id) VALUES (194, '3b89a907-ffce-3528-09d0-74afe04a75c1', 3015594);
INSERT INTO recording_puid (recording, puid, id, editpending) VALUES (8692022, 3015594, 3788562, 0);
UPDATE recording_meta SET lastupdate = '2010-06-21 21:40:20.31954+02', ratingcount = NULL, rating = NULL WHERE id = 8692022;
INSERT INTO track_name (name, id) VALUES ('No Sunshine', 2708482);
INSERT INTO recording (length, comment, name, artist_credit, id, editpending, gid) VALUES (334266, NULL, 2708482, 427385, 8692023, 0, 'de6d544e-914e-4f28-8f17-e83a1da7caa8');
INSERT INTO puid (version, puid, id) VALUES (194, '2695e862-3f12-8429-1653-5cc760e79f69', 3015609);
INSERT INTO recording_puid (recording, puid, id, editpending) VALUES (8692023, 3015609, 4103404, 0);
UPDATE recording_meta SET lastupdate = '2010-06-21 21:40:20.31954+02', ratingcount = NULL, rating = NULL WHERE id = 8692023;
INSERT INTO track_name (name, id) VALUES ('Victim Support', 4216580);
INSERT INTO recording (length, comment, name, artist_credit, id, editpending, gid) VALUES (305600, NULL, 4216580, 427385, 8692024, 0, 'd96d5cc7-7c31-4b4a-b38a-7d8bab3725f4');
INSERT INTO puid (version, puid, id) VALUES (194, 'aa995700-804a-119c-13c3-34e6b55d557f', 3015593);
INSERT INTO recording_puid (recording, puid, id, editpending) VALUES (8692024, 3015593, 3788561, 0);
UPDATE recording_meta SET lastupdate = '2010-06-21 21:40:20.31954+02', ratingcount = NULL, rating = NULL WHERE id = 8692024;
INSERT INTO track_name (name, id) VALUES ('Battle Sequence', 389545);
INSERT INTO recording (length, comment, name, artist_credit, id, editpending, gid) VALUES (286186, NULL, 389545, 427385, 8692025, 0, '3f7ea9f9-1a8e-4f30-bcf4-54f79d0f7417');
INSERT INTO puid (version, puid, id) VALUES (194, '56b6c133-f4d9-a119-3f80-701444979262', 3015610);
INSERT INTO recording_puid (recording, puid, id, editpending) VALUES (8692025, 3015610, 3788578, 0);
UPDATE recording_meta SET lastupdate = '2010-06-21 21:40:20.31954+02', ratingcount = NULL, rating = NULL WHERE id = 8692025;
INSERT INTO track (length, recording, name, position, artist_credit, id, tracklist, editpending) VALUES (355346, 8692017, 4180767, 1, 427385, 8692017, 778874, 0);
INSERT INTO track (length, recording, name, position, artist_credit, id, tracklist, editpending) VALUES (209826, 8692018, 1572865, 2, 427385, 8692018, 778874, 0);
INSERT INTO track (length, recording, name, position, artist_credit, id, tracklist, editpending) VALUES (291773, 8692019, 2496051, 3, 427385, 8692019, 778874, 0);
INSERT INTO track (length, recording, name, position, artist_credit, id, tracklist, editpending) VALUES (350120, 8692020, 3015057, 4, 427385, 8692020, 778874, 0);
INSERT INTO track (length, recording, name, position, artist_credit, id, tracklist, editpending) VALUES (317733, 8692021, 1275679, 5, 427385, 8692021, 778874, 0);
INSERT INTO track (length, recording, name, position, artist_credit, id, tracklist, editpending) VALUES (325720, 8692022, 3082731, 6, 427385, 8692022, 778874, 0);
INSERT INTO track (length, recording, name, position, artist_credit, id, tracklist, editpending) VALUES (334266, 8692023, 2708482, 7, 427385, 8692023, 778874, 0);
INSERT INTO track (length, recording, name, position, artist_credit, id, tracklist, editpending) VALUES (305600, 8692024, 4216580, 8, 427385, 8692024, 778874, 0);
INSERT INTO track (length, recording, name, position, artist_credit, id, tracklist, editpending) VALUES (286186, 8692025, 389545, 9, 427385, 8692025, 778874, 0);
INSERT INTO medium (format, name, position, release, id, tracklist, editpending) VALUES (1, NULL, 1, 446581, 446581, 761939, 0);
INSERT INTO medium (format, name, position, release, id, tracklist, editpending) VALUES (1, 'Chestplate Singles', 2, 446581, 467794, 778874, 0);
INSERT INTO cdtoc (discid, leadoutoffset, degraded, trackoffset, trackcount, freedbid, id) VALUES ('93K4ogyxWlv522XF0BG8fZOuay4-', 215137, '0', '{150,23303,48850,73305,98815,125348,147548,172225,194409}', 9, '800b3209', 281138);
INSERT INTO medium_cdtoc (medium, id, cdtoc, editpending) VALUES (446581, 323588, 281138, 0);
INSERT INTO cdtoc (discid, leadoutoffset, degraded, trackoffset, trackcount, freedbid, id) VALUES ('VnL0A7ksXznBxvZ94H3Z61EZY3k-', 208393, '0', '{150,26801,42538,64421,90680,114510,138939,164009,186929}', 9, '840ad809', 281139);
INSERT INTO medium_cdtoc (medium, id, cdtoc, editpending) VALUES (467794, 137470, 281139, 0);
INSERT INTO release_label (catno, label, release, id) VALUES ('ZIQ221CD', 132, 446581, 453274);
UPDATE release_group_meta SET firstreleasedate_day = 17, rating = NULL, lastupdate = '2009-05-24 22:47:00.490177+02', firstreleasedate_year = 2008, ratingcount = NULL, releasecount = 1, firstreleasedate_month = 11 WHERE id = 761939;
INSERT INTO release_name (name, id) VALUES ('the Love Bug', 594754);
INSERT INTO artist_name (name, id) VALUES ('m-flo', 513612);
INSERT INTO artist_credit (artistcount, refcount, name, id) VALUES (1, 765, 513612, 135345);
INSERT INTO artist (country, sortname, name, enddate_day, begindate_day, comment, begindate_year, begindate_month, enddate_year, type, id, editpending, gender, enddate_month, gid) VALUES (NULL, 513612, 513612, NULL, NULL, NULL, 1998, NULL, NULL, 2, 135345, 0, NULL, NULL, '22dd2db3-88ea-4428-a7a8-5cd3acf23175');
INSERT INTO artist_name (name, id) VALUES ('m-flow', 513687);
INSERT INTO artist_name (name, id) VALUES ('えむふろう', 4245);
INSERT INTO artist_name (name, id) VALUES ('エムフロウ', 4394);
INSERT INTO artist_name (name, id) VALUES ('mflo', 513611);
INSERT INTO artist_name (name, id) VALUES ('meteorite-flow crew', 512870);
INSERT INTO artist_name (name, id) VALUES ('mediarite-flow crew', 508033);
INSERT INTO artist_alias (artist, name, locale, id, editpending) VALUES (135345, 513687, NULL, 38930, 0);
INSERT INTO artist_alias (artist, name, locale, id, editpending) VALUES (135345, 4245, NULL, 69814, 0);
INSERT INTO artist_alias (artist, name, locale, id, editpending) VALUES (135345, 4394, NULL, 69815, 0);
INSERT INTO artist_alias (artist, name, locale, id, editpending) VALUES (135345, 513611, NULL, 69816, 0);
INSERT INTO artist_alias (artist, name, locale, id, editpending) VALUES (135345, 512870, NULL, 70046, 0);
INSERT INTO artist_alias (artist, name, locale, id, editpending) VALUES (135345, 508033, NULL, 70047, 0);
UPDATE artist_meta SET lastupdate = NULL, ratingcount = 3, rating = 60 WHERE id = 135345;
INSERT INTO artist_credit_name (artist, name, position, artist_credit, joinphrase) VALUES (135345, 513612, 0, 135345, NULL);
INSERT INTO release_group (comment, name, type, artist_credit, id, editpending, gid) VALUES (NULL, 594754, 3, 135345, 403214, 0, '153f0a09-fead-3370-9b17-379ebd09446b');
INSERT INTO release (date_day, status, release_group, packaging, id, quality, country, script, language, name, artist_credit, barcode, comment, date_year, date_month, gid, editpending) VALUES (17, 1, 403214, NULL, 59662, -1, 107, 28, 120, 594754, 135345, '4988064451180', NULL, 2004, 3, 'aff4a693-5970-4e2e-bd46-e2ee49c22de7', 0);
INSERT INTO tracklist (trackcount, id) VALUES (0, 403214);
INSERT INTO track_name (name, id) VALUES ('the Love Bug', 3865847);
INSERT INTO artist_name (name, id) VALUES ('m-flo♥BoA', 513621);
INSERT INTO artist_credit (artistcount, refcount, name, id) VALUES (2, 17, 513621, 728254);
INSERT INTO artist_name (name, id) VALUES ('BoA', 93082);
INSERT INTO artist (country, sortname, name, enddate_day, begindate_day, comment, begindate_year, begindate_month, enddate_year, type, id, editpending, gender, enddate_month, gid) VALUES (NULL, 93082, 93082, NULL, 5, NULL, 1986, 11, NULL, 1, 9496, 0, NULL, NULL, 'a16d1433-ba89-4f72-a47b-a370add0bb55');
INSERT INTO artist_name (name, id) VALUES ('Kwon BoA', 433504);
INSERT INTO artist_name (name, id) VALUES ('BoA Kwon', 93098);
INSERT INTO artist_name (name, id) VALUES ('Beat of Angel', 71754);
INSERT INTO artist_name (name, id) VALUES ('보아', 276);
INSERT INTO artist_name (name, id) VALUES ('ボア', 188);
INSERT INTO artist_alias (artist, name, locale, id, editpending) VALUES (9496, 433504, NULL, 11901, 0);
INSERT INTO artist_alias (artist, name, locale, id, editpending) VALUES (9496, 93098, NULL, 11902, 0);
INSERT INTO artist_alias (artist, name, locale, id, editpending) VALUES (9496, 71754, NULL, 11905, 0);
INSERT INTO artist_alias (artist, name, locale, id, editpending) VALUES (9496, 276, NULL, 18652, 0);
INSERT INTO artist_alias (artist, name, locale, id, editpending) VALUES (9496, 188, NULL, 70378, 0);
UPDATE artist_meta SET lastupdate = NULL, ratingcount = 3, rating = 87 WHERE id = 9496;
INSERT INTO tag (refcount, name, id) VALUES (0, 'country schlager thrash gabber', 30620);
INSERT INTO tag (refcount, name, id) VALUES (55, 'speedcore', 5821);
INSERT INTO tag (refcount, name, id) VALUES (43, 'kpop', 558);
INSERT INTO tag (refcount, name, id) VALUES (1, 'c-pop', 1354);
INSERT INTO tag (refcount, name, id) VALUES (3, 'k-pop', 1355);
INSERT INTO tag (refcount, name, id) VALUES (681, 'japanese', 104);
INSERT INTO tag (refcount, name, id) VALUES (125, 'j-pop', 502);
INSERT INTO tag (refcount, name, id) VALUES (18778, 'pop', 19);
INSERT INTO artist_tag (count, artist, tag) VALUES (1, 9496, 30620);
INSERT INTO artist_tag (count, artist, tag) VALUES (1, 9496, 5821);
INSERT INTO artist_tag (count, artist, tag) VALUES (1, 9496, 741);
INSERT INTO artist_tag (count, artist, tag) VALUES (1, 9496, 558);
INSERT INTO artist_tag (count, artist, tag) VALUES (1, 9496, 1354);
INSERT INTO artist_tag (count, artist, tag) VALUES (1, 9496, 1355);
INSERT INTO artist_tag (count, artist, tag) VALUES (1, 9496, 104);
INSERT INTO artist_tag (count, artist, tag) VALUES (1, 9496, 502);
INSERT INTO artist_tag (count, artist, tag) VALUES (1, 9496, 19);
INSERT INTO artist_credit_name (artist, name, position, artist_credit, joinphrase) VALUES (135345, 513612, 0, 728254, '♥');
INSERT INTO artist_credit_name (artist, name, position, artist_credit, joinphrase) VALUES (9496, 93082, 1, 728254, NULL);
INSERT INTO recording (length, comment, name, artist_credit, id, editpending, gid) VALUES (242226, NULL, 3865847, 728254, 4525123, 0, '0cf3008f-e246-428f-abc1-35f87d584d60');
INSERT INTO puid (version, puid, id) VALUES (140, 'f58d85a3-e905-51ed-0c12-4849d7e6c750', 1512107);
INSERT INTO clientversion (version, id) VALUES ('MusicBrainz Picard-0.12.1', 246);
INSERT INTO puid (version, puid, id) VALUES (246, '4d963c66-40d5-f865-268c-e49190604825', 3962132);
INSERT INTO recording_puid (recording, puid, id, editpending) VALUES (4525123, 1512107, 1892456, 0);
INSERT INTO recording_puid (recording, puid, id, editpending) VALUES (4525123, 3962132, 5005070, 0);
UPDATE recording_meta SET lastupdate = '2010-06-21 21:40:20.31954+02', ratingcount = NULL, rating = NULL WHERE id = 4525123;
INSERT INTO track_name (name, id) VALUES ('the Love Bug (Big Bug NYC remix)', 3865849);
INSERT INTO recording (length, comment, name, artist_credit, id, editpending, gid) VALUES (222000, NULL, 3865849, 728254, 4525010, 0, '84c98ebf-5d40-4a29-b7b2-0e9c26d9061d');
INSERT INTO puid (version, puid, id) VALUES (140, 'd4b7bf96-e36b-a321-3791-8567ae14c7c1', 1512108);
INSERT INTO recording_puid (recording, puid, id, editpending) VALUES (4525010, 1512108, 1892457, 0);
UPDATE recording_meta SET lastupdate = '2010-06-21 21:40:20.31954+02', ratingcount = NULL, rating = NULL WHERE id = 4525010;
INSERT INTO track_name (name, id) VALUES ('the Love Bug (cover)', 3865852);
INSERT INTO artist_name (name, id) VALUES ('BAGDAD CAFE THE trench town', 61894);
INSERT INTO artist_credit (artistcount, refcount, name, id) VALUES (1, 51, 61894, 283833);
INSERT INTO artist (country, sortname, name, enddate_day, begindate_day, comment, begindate_year, begindate_month, enddate_year, type, id, editpending, gender, enddate_month, gid) VALUES (NULL, 61894, 61894, NULL, NULL, NULL, NULL, NULL, NULL, NULL, 283833, 0, NULL, NULL, '97fa3f6e-557c-4227-bc0e-95a7f9f3285d');
UPDATE artist_meta SET lastupdate = NULL, ratingcount = NULL, rating = NULL WHERE id = 283833;
INSERT INTO artist_credit_name (artist, name, position, artist_credit, joinphrase) VALUES (283833, 61894, 0, 283833, NULL);
INSERT INTO recording (length, comment, name, artist_credit, id, editpending, gid) VALUES (333000, NULL, 3865852, 283833, 4525011, 0, '3f33fc37-43d0-44dc-bfd6-60efd38810c5');
INSERT INTO clientversion (version, id) VALUES ('MusicBrainz Picard-0.9.0alpha14', 174);
INSERT INTO puid (version, puid, id) VALUES (174, '37ef1d1f-610f-aa23-9b5f-cca82ed8007e', 1951547);
INSERT INTO recording_puid (recording, puid, id, editpending) VALUES (4525011, 1951547, 2435947, 0);
UPDATE recording_meta SET lastupdate = '2010-06-21 21:40:20.31954+02', ratingcount = NULL, rating = NULL WHERE id = 4525011;
INSERT INTO track (length, recording, name, position, artist_credit, id, tracklist, editpending) VALUES (243000, 4525123, 3865847, 1, 728254, 4525009, 403214, 0);
INSERT INTO track (length, recording, name, position, artist_credit, id, tracklist, editpending) VALUES (222000, 4525010, 3865849, 2, 728254, 4525010, 403214, 0);
INSERT INTO track (length, recording, name, position, artist_credit, id, tracklist, editpending) VALUES (333000, 4525011, 3865852, 3, 283833, 4525011, 403214, 0);
INSERT INTO medium (format, name, position, release, id, tracklist, editpending) VALUES (1, NULL, 1, 59662, 59662, 403214, 0);
INSERT INTO label_name (name, id) VALUES ('rhythm zone', 34053);
INSERT INTO label (country, sortname, labelcode, name, enddate_day, begindate_day, comment, begindate_year, begindate_month, enddate_year, type, id, editpending, enddate_month, gid) VALUES (107, 34053, NULL, 34053, NULL, NULL, NULL, NULL, NULL, NULL, 4, 2882, 0, NULL, '72a46579-e9a0-405a-8ee1-e6e6b63b8212');
INSERT INTO label_name (name, id) VALUES ('rythm zone', 35021);
INSERT INTO label_alias (name, locale, label, id, editpending) VALUES (35021, NULL, 2882, 880, 0);
UPDATE label_meta SET lastupdate = '2008-11-29 11:19:30.284281+01', ratingcount = NULL, rating = NULL WHERE id = 2882;
INSERT INTO release_label (catno, label, release, id) VALUES ('RZCD-45118', 2882, 59662, 338780);
UPDATE release_group_meta SET firstreleasedate_day = 17, rating = NULL, lastupdate = '2009-05-24 22:47:00.490177+02', firstreleasedate_year = 2004, ratingcount = NULL, releasecount = 1, firstreleasedate_month = 3 WHERE id = 403214;
INSERT INTO release_name (name, id) VALUES ('LOVE & HONESTY', 355990);
INSERT INTO artist_credit (artistcount, refcount, name, id) VALUES (1, 2179, 93082, 9496);
INSERT INTO artist_credit_name (artist, name, position, artist_credit, joinphrase) VALUES (9496, 93082, 0, 9496, NULL);
INSERT INTO release_group (comment, name, type, artist_credit, id, editpending, gid) VALUES (NULL, 355990, 2, 9496, 326504, 0, '23f421e7-431e-3e1d-bcbf-b91f5f7c5e2c');
INSERT INTO release (date_day, status, release_group, packaging, id, quality, country, script, language, name, artist_credit, barcode, comment, date_year, date_month, gid, editpending) VALUES (15, 4, 326504, NULL, 4675, -1, 107, 28, 198, 355990, 9496, NULL, NULL, 2004, 1, '757a1723-3769-4298-89cd-48d31177852a', 0);
INSERT INTO release (date_day, status, release_group, packaging, id, quality, country, script, language, name, artist_credit, barcode, comment, date_year, date_month, gid, editpending) VALUES (15, 1, 326504, NULL, 59312, -1, 107, 85, 198, 355990, 9496, '4988064173907', NULL, 2004, 1, 'cacc586f-c2f2-49db-8534-6f44b55196f2', 0);
INSERT INTO release (date_day, status, release_group, packaging, id, quality, country, script, language, name, artist_credit, barcode, comment, date_year, date_month, gid, editpending) VALUES (15, 1, 326504, NULL, 558940, -1, 107, 85, 198, 355990, 9496, '4988064173891', NULL, 2004, 1, '28fc2337-985b-3da9-ac40-ad6f28ff0d8e', 0);
INSERT INTO tracklist (trackcount, id) VALUES (0, 187903);
INSERT INTO track_name (name, id) VALUES ('Rock With You', 3190023);
INSERT INTO recording (length, comment, name, artist_credit, id, editpending, gid) VALUES (255146, NULL, 3190023, 9496, 3451976, 0, 'c869cc03-cb88-462b-974e-8e46c1538ad4');
INSERT INTO puid (version, puid, id) VALUES (1, '242d65cb-3cd2-517c-f0a7-5d05413cf4c9', 158736);
INSERT INTO clientversion (version, id) VALUES ('MusicBrainz Picard-0.11', 204);
INSERT INTO puid (version, puid, id) VALUES (204, 'acaef019-b6dd-ba4f-75ab-31a055b68859', 3559549);
INSERT INTO recording_puid (recording, puid, id, editpending) VALUES (3451976, 158736, 4215638, 0);
INSERT INTO recording_puid (recording, puid, id, editpending) VALUES (3451976, 3559549, 4494269, 0);
UPDATE recording_meta SET lastupdate = '2010-06-21 21:40:20.31954+02', ratingcount = NULL, rating = NULL WHERE id = 3451976;
INSERT INTO track_name (name, id) VALUES ('Shine We Are!', 3359360);
INSERT INTO recording (length, comment, name, artist_credit, id, editpending, gid) VALUES (307000, NULL, 3359360, 9496, 1307406, 0, 'ddbe4d0c-9b41-4db8-9244-cd08cc6ee2d8');
INSERT INTO puid (version, puid, id) VALUES (1, '4bf682ad-39b2-210c-346a-080326baf75c', 284134);
INSERT INTO puid (version, puid, id) VALUES (204, '38a8dff0-35fd-0140-36ac-b4bb6cc25ab7', 3559553);
INSERT INTO recording_puid (recording, puid, id, editpending) VALUES (1307406, 284134, 4682302, 0);
INSERT INTO recording_puid (recording, puid, id, editpending) VALUES (1307406, 3559553, 4494276, 0);
UPDATE recording_meta SET lastupdate = '2010-06-21 21:40:20.31954+02', ratingcount = NULL, rating = NULL WHERE id = 1307406;
INSERT INTO track_name (name, id) VALUES ('SOME DAY ONE DAY (feat. VERBAL (m-flo))', 3464344);
INSERT INTO recording (length, comment, name, artist_credit, id, editpending, gid) VALUES (273000, NULL, 3464344, 9496, 3622822, 0, '0c0245df-34f0-416b-8c3f-f20f66e116d0');
INSERT INTO puid (version, puid, id) VALUES (134, '0cc080d6-df55-0268-b74c-5a948f7fd662', 1096290);
INSERT INTO puid (version, puid, id) VALUES (204, 'c3555890-d457-45fc-34b4-42630025443b', 3345622);
INSERT INTO puid (version, puid, id) VALUES (204, '315a47f8-4d20-a182-1731-fff371db2147', 3347674);
INSERT INTO recording_puid (recording, puid, id, editpending) VALUES (3622822, 1096290, 1381773, 0);
INSERT INTO recording_puid (recording, puid, id, editpending) VALUES (3622822, 3345622, 4212863, 0);
INSERT INTO recording_puid (recording, puid, id, editpending) VALUES (3622822, 3347674, 4215644, 0);
UPDATE recording_meta SET lastupdate = '2010-06-21 21:40:20.31954+02', ratingcount = NULL, rating = NULL WHERE id = 3622822;
INSERT INTO track_name (name, id) VALUES ('LOVE & HONESTY', 2310851);
INSERT INTO recording (length, comment, name, artist_credit, id, editpending, gid) VALUES (282000, NULL, 2310851, 9496, 3622823, 0, '150621f0-3e08-43a3-9882-6a68322fcc04');
INSERT INTO puid (version, puid, id) VALUES (1, '0b4454c2-5d9c-b42b-3a4b-9b40ff368f09', 49771);
INSERT INTO puid (version, puid, id) VALUES (140, '30c7d066-ebec-e00e-3796-9a2cfac84706', 1588542);
INSERT INTO clientversion (version, id) VALUES ('MusicBrainz Picard-0.9.0beta1', 181);
INSERT INTO puid (version, puid, id) VALUES (181, '1c1d04d5-08f5-f681-4bb5-85a845e9dae5', 2453770);
INSERT INTO recording_puid (recording, puid, id, editpending) VALUES (3622823, 49771, 64065, 0);
INSERT INTO recording_puid (recording, puid, id, editpending) VALUES (3622823, 1588542, 1985713, 0);
INSERT INTO recording_puid (recording, puid, id, editpending) VALUES (3622823, 2453770, 4215632, 0);
UPDATE recording_meta SET lastupdate = '2010-06-21 21:40:20.31954+02', ratingcount = NULL, rating = NULL WHERE id = 3622823;
INSERT INTO track_name (name, id) VALUES ('Midnight Parade', 2472939);
INSERT INTO recording (length, comment, name, artist_credit, id, editpending, gid) VALUES (261600, NULL, 2472939, 9496, 3584195, 0, 'f0f18e4b-3697-4b4d-9bd6-e986cfa38906');
INSERT INTO puid (version, puid, id) VALUES (1, '03cbc3ef-965a-29b0-9624-1450834bd629', 16861);
INSERT INTO puid (version, puid, id) VALUES (130, 'ab0d4d1e-bfeb-0f23-36df-4f21acdbd6c9', 690006);
INSERT INTO recording_puid (recording, puid, id, editpending) VALUES (3584195, 16861, 21706, 0);
INSERT INTO recording_puid (recording, puid, id, editpending) VALUES (3584195, 690006, 3066285, 0);
UPDATE recording_meta SET lastupdate = '2010-06-21 21:40:20.31954+02', ratingcount = NULL, rating = NULL WHERE id = 3584195;
INSERT INTO track_name (name, id) VALUES ('Be the one', 425447);
INSERT INTO recording (length, comment, name, artist_credit, id, editpending, gid) VALUES (227000, NULL, 425447, 9496, 3622825, 0, 'f9234d15-137b-4229-9b76-717885ba7224');
INSERT INTO puid (version, puid, id) VALUES (1, '68aa439a-f9ae-ea31-c2cd-780584300d77', 339111);
INSERT INTO puid (version, puid, id) VALUES (204, 'e85911db-fb0c-6556-d552-3196d81b5856', 3345621);
INSERT INTO recording_puid (recording, puid, id, editpending) VALUES (3622825, 339111, 436262, 0);
INSERT INTO recording_puid (recording, puid, id, editpending) VALUES (3622825, 3345621, 4212862, 0);
UPDATE recording_meta SET lastupdate = '2010-06-21 21:40:20.31954+02', ratingcount = NULL, rating = NULL WHERE id = 3622825;
INSERT INTO track_name (name, id) VALUES ('EXPECT', 1231519);
INSERT INTO recording (length, comment, name, artist_credit, id, editpending, gid) VALUES (260000, NULL, 1231519, 9496, 3622826, 0, '3f3ec8e2-24be-46dc-812b-bb5d5b608eb0');
INSERT INTO puid (version, puid, id) VALUES (1, 'c68e511b-bcf6-74be-db31-fdc7082e5694', 518837);
INSERT INTO puid (version, puid, id) VALUES (204, '71f11c3c-09e7-5bdf-53de-00f17e60d222', 3304446);
INSERT INTO recording_puid (recording, puid, id, editpending) VALUES (3622826, 518837, 667322, 0);
INSERT INTO recording_puid (recording, puid, id, editpending) VALUES (3622826, 3304446, 4158397, 0);
UPDATE recording_meta SET lastupdate = '2010-06-21 21:40:20.31954+02', ratingcount = NULL, rating = NULL WHERE id = 3622826;
INSERT INTO track_name (name, id) VALUES ('OVER ~across the time~', 2841337);
INSERT INTO track_name (name, id) VALUES ('OVER～across the time～', 2841338);
INSERT INTO recording (length, comment, name, artist_credit, id, editpending, gid) VALUES (349000, NULL, 2841338, 9496, 3622827, 0, 'f0de8cba-2f1e-4633-9163-c8c933b25d87');
INSERT INTO puid (version, puid, id) VALUES (1, '7ab68fdb-4598-391e-7ef4-44e52b488543', 373631);
INSERT INTO puid (version, puid, id) VALUES (204, 'b27378d4-4b5c-4aaf-bf10-2a951ece2a83', 3345623);
INSERT INTO recording_puid (recording, puid, id, editpending) VALUES (3622827, 373631, 4215635, 0);
INSERT INTO recording_puid (recording, puid, id, editpending) VALUES (3622827, 3345623, 4212864, 0);
UPDATE recording_meta SET lastupdate = '2010-06-21 21:40:20.31954+02', ratingcount = NULL, rating = NULL WHERE id = 3622827;
INSERT INTO track_name (name, id) VALUES ('Kokoro no Tegami', 2064274);
INSERT INTO track_name (name, id) VALUES ('心の手紙', 4598473);
INSERT INTO recording (length, comment, name, artist_credit, id, editpending, gid) VALUES (290000, NULL, 4598473, 9496, 3622828, 0, '98a4adf6-8761-4adb-a940-acb58dc664b3');
INSERT INTO puid (version, puid, id) VALUES (1, '8e69d890-7527-3fbb-698d-98705228fc51', 411452);
INSERT INTO recording_puid (recording, puid, id, editpending) VALUES (3622828, 411452, 529190, 0);
UPDATE recording_meta SET lastupdate = '2010-06-21 21:40:20.31954+02', ratingcount = NULL, rating = NULL WHERE id = 3622828;
INSERT INTO track_name (name, id) VALUES ('DOUBLE', 1039772);
INSERT INTO recording (length, comment, name, artist_credit, id, editpending, gid) VALUES (206066, NULL, 1039772, 9496, 3451975, 0, '25db6c3b-eeb7-4258-9a81-fb9b4c903bfc');
INSERT INTO puid (version, puid, id) VALUES (1, '83cf9140-aa8b-8bb0-53c4-cdff7178ebbb', 391039);
INSERT INTO puid (version, puid, id) VALUES (130, 'adfa7435-72af-2541-d773-02e1f017c02c', 689991);
INSERT INTO puid (version, puid, id) VALUES (134, 'f3b3e1a0-0580-c7c7-8633-8ae1734940b5', 1096289);
INSERT INTO puid (version, puid, id) VALUES (140, '3338a305-553c-4ca6-ac43-8f1db1c4b036', 2015169);
INSERT INTO recording_puid (recording, puid, id, editpending) VALUES (3451975, 391039, 502812, 0);
INSERT INTO recording_puid (recording, puid, id, editpending) VALUES (3451975, 689991, 884259, 0);
INSERT INTO recording_puid (recording, puid, id, editpending) VALUES (3451975, 1096289, 4215643, 0);
INSERT INTO recording_puid (recording, puid, id, editpending) VALUES (3451975, 2015169, 2515545, 0);
UPDATE recording_meta SET lastupdate = '2010-06-21 21:40:20.31954+02', ratingcount = NULL, rating = NULL WHERE id = 3451975;
INSERT INTO track_name (name, id) VALUES ('Easy To Be Hard', 1099630);
INSERT INTO recording (length, comment, name, artist_credit, id, editpending, gid) VALUES (295000, NULL, 1099630, 9496, 3622830, 0, '18c16c80-421d-476f-893c-0b02f964bd86');
INSERT INTO puid (version, puid, id) VALUES (1, '28e4fcd8-c5a4-52ed-afb5-e27e660c8497', 179179);
INSERT INTO recording_puid (recording, puid, id, editpending) VALUES (3622830, 179179, 230707, 0);
UPDATE recording_meta SET lastupdate = '2010-06-21 21:40:20.31954+02', ratingcount = NULL, rating = NULL WHERE id = 3622830;
INSERT INTO track_name (name, id) VALUES ('Song With No Name', 3499217);
INSERT INTO track_name (name, id) VALUES ('Song With No Name～名前のない歌～', 3499219);
INSERT INTO recording (length, comment, name, artist_credit, id, editpending, gid) VALUES (186000, NULL, 3499219, 9496, 3622831, 0, 'df229cdb-9539-46b7-92e9-d164b27f6361');
INSERT INTO puid (version, puid, id) VALUES (1, '08fdfbe8-d49b-1e25-5cb3-de87a70f4a87', 39752);
INSERT INTO puid (version, puid, id) VALUES (204, '9827ec02-7b2a-0d88-651c-c0112a3a4330', 3345625);
INSERT INTO puid (version, puid, id) VALUES (204, '1f4efe65-9b11-7ca0-683a-36ec5c909182', 3562238);
INSERT INTO recording_puid (recording, puid, id, editpending) VALUES (3622831, 39752, 51221, 0);
INSERT INTO recording_puid (recording, puid, id, editpending) VALUES (3622831, 3345625, 4212866, 0);
INSERT INTO recording_puid (recording, puid, id, editpending) VALUES (3622831, 3562238, 4498370, 0);
UPDATE recording_meta SET lastupdate = '2010-06-21 21:40:20.31954+02', ratingcount = NULL, rating = NULL WHERE id = 3622831;
INSERT INTO track_name (name, id) VALUES ('Milky Way', 2480780);
INSERT INTO track_name (name, id) VALUES ('Milky Way 〜君の歌〜', 2480833);
INSERT INTO recording (length, comment, name, artist_credit, id, editpending, gid) VALUES (203840, NULL, 2480833, 9496, 3584196, 0, '1272ecf4-fc8d-4d10-889c-afe6a1fa2d8f');
INSERT INTO puid (version, puid, id) VALUES (1, 'df4c4bd8-0363-9157-15ae-2a1b3ea7c560', 565964);
INSERT INTO recording_puid (recording, puid, id, editpending) VALUES (3584196, 565964, 727777, 0);
UPDATE recording_meta SET lastupdate = '2010-06-21 21:40:20.31954+02', ratingcount = NULL, rating = NULL WHERE id = 3584196;
INSERT INTO track (length, recording, name, position, artist_credit, id, tracklist, editpending) VALUES (254400, 3451976, 3190023, 1, 9496, 1939124, 187903, 0);
INSERT INTO track (length, recording, name, position, artist_credit, id, tracklist, editpending) VALUES (305266, 1307406, 3359360, 2, 9496, 1939125, 187903, 0);
INSERT INTO track (length, recording, name, position, artist_credit, id, tracklist, editpending) VALUES (273426, 3622822, 3464344, 3, 9496, 1939126, 187903, 0);
INSERT INTO track (length, recording, name, position, artist_credit, id, tracklist, editpending) VALUES (282466, 3622823, 2310851, 4, 9496, 1939127, 187903, 0);
INSERT INTO track (length, recording, name, position, artist_credit, id, tracklist, editpending) VALUES (261600, 3584195, 2472939, 5, 9496, 1939128, 187903, 0);
INSERT INTO track (length, recording, name, position, artist_credit, id, tracklist, editpending) VALUES (227173, 3622825, 425447, 6, 9496, 1939129, 187903, 0);
INSERT INTO track (length, recording, name, position, artist_credit, id, tracklist, editpending) VALUES (260000, 3622826, 1231519, 7, 9496, 1939130, 187903, 0);
INSERT INTO track (length, recording, name, position, artist_credit, id, tracklist, editpending) VALUES (349466, 3622827, 2841337, 8, 9496, 1939131, 187903, 0);
INSERT INTO track (length, recording, name, position, artist_credit, id, tracklist, editpending) VALUES (289866, 3622828, 2064274, 9, 9496, 1939132, 187903, 0);
INSERT INTO track (length, recording, name, position, artist_credit, id, tracklist, editpending) VALUES (208333, 3451975, 1039772, 10, 9496, 1939133, 187903, 0);
INSERT INTO track (length, recording, name, position, artist_credit, id, tracklist, editpending) VALUES (295160, 3622830, 1099630, 11, 9496, 1939134, 187903, 0);
INSERT INTO track (length, recording, name, position, artist_credit, id, tracklist, editpending) VALUES (186173, 3622831, 3499217, 12, 9496, 1939135, 187903, 0);
INSERT INTO track (length, recording, name, position, artist_credit, id, tracklist, editpending) VALUES (199667, 3584196, 2480780, 13, 9496, 1939136, 187903, 0);
INSERT INTO medium (format, name, position, release, id, tracklist, editpending) VALUES (NULL, NULL, 1, 4675, 4675, 187903, 0);
INSERT INTO cdtoc (discid, leadoutoffset, degraded, trackoffset, trackcount, freedbid, id) VALUES ('afhq1hAs2MoqPcU9JENE5i_mACM-', 254650, '0', '{150,19230,42125,62632,83817,103437,120475,139975,166185,187925,203550,225687,239650}', 13, 'ad0d410d', 77049);
INSERT INTO cdtoc (discid, leadoutoffset, degraded, trackoffset, trackcount, freedbid, id) VALUES ('T.epJ9O5SoDjPqAJuOJfAI9O8Nk-', 256486, '0', '{150,19383,42431,63091,84429,104202,121393,141045,167408,189301,205078,227368,241484}', 13, 'a90d590d', 81302);
INSERT INTO medium_cdtoc (medium, id, cdtoc, editpending) VALUES (4675, 99418, 77049, 0);
INSERT INTO medium_cdtoc (medium, id, cdtoc, editpending) VALUES (4675, 99419, 81302, 0);
INSERT INTO label_name (name, id) VALUES ('avex trax', 3659);
INSERT INTO label (country, sortname, labelcode, name, enddate_day, begindate_day, comment, begindate_year, begindate_month, enddate_year, type, id, editpending, enddate_month, gid) VALUES (107, 3659, NULL, 3659, NULL, NULL, NULL, NULL, NULL, NULL, 4, 28, 0, NULL, '168f48c8-057e-4974-9600-aa9956d21e1a');
INSERT INTO label_name (name, id) VALUES ('エイベックス・トラックス', 226);
INSERT INTO label_name (name, id) VALUES ('Avex Trax Japan', 3660);
INSERT INTO label_alias (name, locale, label, id, editpending) VALUES (226, NULL, 28, 24, 0);
INSERT INTO label_alias (name, locale, label, id, editpending) VALUES (3660, NULL, 28, 25, 0);
UPDATE label_meta SET lastupdate = '2009-06-27 18:09:17.482349+02', ratingcount = NULL, rating = NULL WHERE id = 28;
INSERT INTO release_label (catno, label, release, id) VALUES (NULL, 28, 4675, 120159);
INSERT INTO tracklist (trackcount, id) VALUES (0, 326504);
INSERT INTO track_name (name, id) VALUES ('Milky Way-君の歌-', 2480834);
INSERT INTO track (length, recording, name, position, artist_credit, id, tracklist, editpending) VALUES (254000, 3451976, 3190023, 1, 9496, 3622820, 326504, 0);
INSERT INTO track (length, recording, name, position, artist_credit, id, tracklist, editpending) VALUES (305000, 1307406, 3359360, 2, 9496, 3622821, 326504, 0);
INSERT INTO track (length, recording, name, position, artist_credit, id, tracklist, editpending) VALUES (273000, 3622822, 3464344, 3, 9496, 3622822, 326504, 0);
INSERT INTO track (length, recording, name, position, artist_credit, id, tracklist, editpending) VALUES (282000, 3622823, 2310851, 4, 9496, 3622823, 326504, 0);
INSERT INTO track (length, recording, name, position, artist_credit, id, tracklist, editpending) VALUES (262000, 3584195, 2472939, 5, 9496, 3622824, 326504, 0);
INSERT INTO track (length, recording, name, position, artist_credit, id, tracklist, editpending) VALUES (227000, 3622825, 425447, 6, 9496, 3622825, 326504, 0);
INSERT INTO track (length, recording, name, position, artist_credit, id, tracklist, editpending) VALUES (260000, 3622826, 1231519, 7, 9496, 3622826, 326504, 0);
INSERT INTO track (length, recording, name, position, artist_credit, id, tracklist, editpending) VALUES (349000, 3622827, 2841338, 8, 9496, 3622827, 326504, 0);
INSERT INTO track (length, recording, name, position, artist_credit, id, tracklist, editpending) VALUES (290000, 3622828, 4598473, 9, 9496, 3622828, 326504, 0);
INSERT INTO track (length, recording, name, position, artist_credit, id, tracklist, editpending) VALUES (208000, 3451975, 1039772, 10, 9496, 3622829, 326504, 0);
INSERT INTO track (length, recording, name, position, artist_credit, id, tracklist, editpending) VALUES (295000, 3622830, 1099630, 11, 9496, 3622830, 326504, 0);
INSERT INTO track (length, recording, name, position, artist_credit, id, tracklist, editpending) VALUES (186000, 3622831, 3499219, 12, 9496, 3622831, 326504, 0);
INSERT INTO track (length, recording, name, position, artist_credit, id, tracklist, editpending) VALUES (200000, 3584196, 2480834, 13, 9496, 3622832, 326504, 0);
INSERT INTO medium (format, name, position, release, id, tracklist, editpending) VALUES (1, NULL, 1, 59312, 59312, 326504, 0);
INSERT INTO release_label (catno, label, release, id) VALUES ('AVCD-17390', 28, 59312, 356455);
INSERT INTO medium_format (name, id, year) VALUES ('DVD', 2, 1995);
INSERT INTO tracklist (trackcount, id) VALUES (0, 854494);
INSERT INTO track_name (name, id) VALUES ('Shine We Are! (Video clip)', 3359364);
INSERT INTO recording (length, comment, name, artist_credit, id, editpending, gid) VALUES (0, NULL, 3359364, 9496, 9538744, 0, '40e4acf3-546e-4ccc-b5c5-3a45686c2d6c');
UPDATE recording_meta SET lastupdate = '2010-06-21 21:40:20.31954+02', ratingcount = NULL, rating = NULL WHERE id = 9538744;
INSERT INTO track_name (name, id) VALUES ('Rock With You (Video clip)', 3190065);
INSERT INTO recording (length, comment, name, artist_credit, id, editpending, gid) VALUES (0, NULL, 3190065, 9496, 9538745, 0, '326d943f-9ca5-4a54-bdcc-76a2b5facf3a');
UPDATE recording_meta SET lastupdate = '2010-06-21 21:40:20.31954+02', ratingcount = NULL, rating = NULL WHERE id = 9538745;
INSERT INTO track_name (name, id) VALUES ('NO.1 (Video clip)', 2675823);
INSERT INTO recording (length, comment, name, artist_credit, id, editpending, gid) VALUES (0, NULL, 2675823, 9496, 9538746, 0, '8d611994-ce7e-43dc-9793-b2b2b8bd12ff');
UPDATE recording_meta SET lastupdate = '2010-06-21 21:40:20.31954+02', ratingcount = NULL, rating = NULL WHERE id = 9538746;
INSERT INTO track_name (name, id) VALUES ('Rock With You (Making of)', 3190046);
INSERT INTO recording (length, comment, name, artist_credit, id, editpending, gid) VALUES (0, NULL, 3190046, 9496, 9538747, 0, '1597d65a-d012-497d-a2f2-5c98e1ed778c');
UPDATE recording_meta SET lastupdate = '2010-06-21 21:40:20.31954+02', ratingcount = NULL, rating = NULL WHERE id = 9538747;
INSERT INTO track_name (name, id) VALUES ('Commercial Films', 747259);
INSERT INTO recording (length, comment, name, artist_credit, id, editpending, gid) VALUES (0, NULL, 747259, 9496, 9538748, 0, '675ac228-7181-44b5-873f-056b242f19c0');
UPDATE recording_meta SET lastupdate = '2010-06-21 21:40:20.31954+02', ratingcount = NULL, rating = NULL WHERE id = 9538748;
INSERT INTO track_name (name, id) VALUES ('Interview', 1839968);
INSERT INTO recording (length, comment, name, artist_credit, id, editpending, gid) VALUES (0, NULL, 1839968, 9496, 9538749, 0, 'b950c904-ebfc-4eec-af65-1913f78c51c9');
UPDATE recording_meta SET lastupdate = '2010-06-21 21:40:20.31954+02', ratingcount = NULL, rating = NULL WHERE id = 9538749;
INSERT INTO track (length, recording, name, position, artist_credit, id, tracklist, editpending) VALUES (0, 9538744, 3359364, 1, 9496, 9538744, 854494, 0);
INSERT INTO track (length, recording, name, position, artist_credit, id, tracklist, editpending) VALUES (0, 9538745, 3190065, 2, 9496, 9538745, 854494, 0);
INSERT INTO track (length, recording, name, position, artist_credit, id, tracklist, editpending) VALUES (0, 9538746, 2675823, 3, 9496, 9538746, 854494, 0);
INSERT INTO track (length, recording, name, position, artist_credit, id, tracklist, editpending) VALUES (0, 9538747, 3190046, 4, 9496, 9538747, 854494, 0);
INSERT INTO track (length, recording, name, position, artist_credit, id, tracklist, editpending) VALUES (0, 9538748, 747259, 5, 9496, 9538748, 854494, 0);
INSERT INTO track (length, recording, name, position, artist_credit, id, tracklist, editpending) VALUES (0, 9538749, 1839968, 6, 9496, 9538749, 854494, 0);
INSERT INTO medium (format, name, position, release, id, tracklist, editpending) VALUES (1, NULL, 1, 558940, 558940, 326504, 0);
INSERT INTO medium (format, name, position, release, id, tracklist, editpending) VALUES (2, NULL, 2, 558940, 558944, 854494, 0);
INSERT INTO release_label (catno, label, release, id) VALUES ('AVCD-17389', 28, 558940, 356456);
UPDATE release_group_meta SET firstreleasedate_day = 15, rating = NULL, lastupdate = '2009-05-24 22:47:00.490177+02', firstreleasedate_year = 2004, ratingcount = NULL, releasecount = 3, firstreleasedate_month = 1 WHERE id = 326504;
INSERT INTO tag (refcount, name, id) VALUES (166, 'format-dvd-video', 29329);
INSERT INTO release_group_tag (count, release_group, tag) VALUES (1, 326504, 29329);
INSERT INTO release_name (name, id) VALUES ('Desert Siege / Crash', 165106);
INSERT INTO artist_name (name, id) VALUES ('Chris.Su & SKC', 141077);
INSERT INTO artist_credit (artistcount, refcount, name, id) VALUES (2, 22, 141077, 728137);
INSERT INTO artist_name (name, id) VALUES ('Chris.Su', 141068);
INSERT INTO artist (country, sortname, name, enddate_day, begindate_day, comment, begindate_year, begindate_month, enddate_year, type, id, editpending, gender, enddate_month, gid) VALUES (NULL, 141068, 141068, NULL, NULL, NULL, NULL, NULL, NULL, 1, 273135, 0, NULL, NULL, '02e55d3a-f7c3-4ddc-a4aa-a7938f99c81c');
INSERT INTO artist_name (name, id) VALUES ('Chris S.U.', 141069);
INSERT INTO artist_alias (artist, name, locale, id, editpending) VALUES (273135, 141069, NULL, 53337, 0);
UPDATE artist_meta SET lastupdate = '2010-05-24 03:32:26.049208+02', ratingcount = NULL, rating = NULL WHERE id = 273135;
INSERT INTO artist_name (name, id) VALUES ('SKC', 701515);
INSERT INTO artist (country, sortname, name, enddate_day, begindate_day, comment, begindate_year, begindate_month, enddate_year, type, id, editpending, gender, enddate_month, gid) VALUES (NULL, 701515, 701515, NULL, NULL, NULL, NULL, NULL, NULL, 1, 100300, 0, NULL, NULL, '75cb635d-4354-4eb7-83d4-642b7fefee5e');
UPDATE artist_meta SET lastupdate = '2009-01-18 02:55:50.388834+01', ratingcount = NULL, rating = NULL WHERE id = 100300;
INSERT INTO artist_credit_name (artist, name, position, artist_credit, joinphrase) VALUES (273135, 141068, 0, 728137, ' & ');
INSERT INTO artist_credit_name (artist, name, position, artist_credit, joinphrase) VALUES (100300, 701515, 1, 728137, NULL);
INSERT INTO release_group (comment, name, type, artist_credit, id, editpending, gid) VALUES (NULL, 165106, 3, 728137, 701319, 0, '86b4a630-4dd8-36f0-8bc9-e52fe7634320');
INSERT INTO release (date_day, status, release_group, packaging, id, quality, country, script, language, name, artist_credit, barcode, comment, date_year, date_month, gid, editpending) VALUES (NULL, NULL, 701319, NULL, 921491, -1, NULL, NULL, NULL, 165106, 728137, NULL, NULL, NULL, NULL, 'b557e8fb-58bc-4b13-ae84-a62d8d9efc70', 1);
INSERT INTO release (date_day, status, release_group, packaging, id, quality, country, script, language, name, artist_credit, barcode, comment, date_year, date_month, gid, editpending) VALUES (13, 1, 701319, NULL, 372913, -1, 221, 28, 120, 165106, 728137, NULL, NULL, 2004, 12, '91c1799c-fb3a-4e06-9cca-c78a6a5092c0', 0);
INSERT INTO tracklist (trackcount, id) VALUES (0, 973583);
INSERT INTO track_name (name, id) VALUES ('with release group id', 4645444);
INSERT INTO recording (length, comment, name, artist_credit, id, editpending, gid) VALUES (0, NULL, 4645444, 728137, 11172799, 0, 'c4bf86c1-a835-4f00-958d-e2ef42e52e8d');
UPDATE recording_meta SET lastupdate = '2010-08-04 10:10:35.061975+02', ratingcount = NULL, rating = NULL WHERE id = 11172799;
INSERT INTO track (length, recording, name, position, artist_credit, id, tracklist, editpending) VALUES (0, 11172799, 4645444, 1, 728137, 11172799, 973583, 0);
INSERT INTO medium (format, name, position, release, id, tracklist, editpending) VALUES (NULL, NULL, 1, 921491, 921484, 973583, 1);
UPDATE release_meta SET coverarturl = NULL, lastupdate = '2010-08-04 10:10:35.042095+02', dateadded = '2010-08-04 10:10:35.042095+02', amazonstore = NULL, amazonasin = NULL, infourl = NULL WHERE id = 921491;
INSERT INTO tracklist (trackcount, id) VALUES (0, 701319);
INSERT INTO track_name (name, id) VALUES ('Desert Siege', 937313);
INSERT INTO recording (length, comment, name, artist_credit, id, editpending, gid) VALUES (0, NULL, 937313, 728137, 7883923, 0, '933fc27f-aa4c-4a6f-a354-ababd8e99ea2');
INSERT INTO puid (version, puid, id) VALUES (204, '3a87c994-ebec-ec72-36c6-5a5d221eed26', 3124244);
INSERT INTO recording_puid (recording, puid, id, editpending) VALUES (7883923, 3124244, 3922978, 0);
UPDATE recording_meta SET lastupdate = '2010-06-21 21:40:20.31954+02', ratingcount = NULL, rating = NULL WHERE id = 7883923;
INSERT INTO tag (refcount, name, id) VALUES (5386, 'drum and bass', 26);
INSERT INTO recording_tag (count, recording, tag) VALUES (1, 7883923, 26);
INSERT INTO track_name (name, id) VALUES ('Crash', 808842);
INSERT INTO recording (length, comment, name, artist_credit, id, editpending, gid) VALUES (0, NULL, 808842, 728137, 7883924, 0, '8ab8590d-ad87-4e55-afa9-41e46eff666f');
INSERT INTO puid (version, puid, id) VALUES (204, 'ae9dc5fa-ab01-1f7e-05c3-06ae5dedac1d', 3124206);
INSERT INTO recording_puid (recording, puid, id, editpending) VALUES (7883924, 3124206, 3922936, 0);
UPDATE recording_meta SET lastupdate = '2010-06-21 21:40:20.31954+02', ratingcount = NULL, rating = NULL WHERE id = 7883924;
INSERT INTO recording_tag (count, recording, tag) VALUES (1, 7883924, 26);
INSERT INTO track (length, recording, name, position, artist_credit, id, tracklist, editpending) VALUES (0, 7883923, 937313, 1, 728137, 7883923, 701319, 0);
INSERT INTO track (length, recording, name, position, artist_credit, id, tracklist, editpending) VALUES (0, 7883924, 808842, 2, 728137, 7883924, 701319, 0);
INSERT INTO medium (format, name, position, release, id, tracklist, editpending) VALUES (7, NULL, 1, 372913, 372913, 701319, 0);
INSERT INTO label_name (name, id) VALUES ('Commercial Suicide', 8518);
INSERT INTO label (country, sortname, labelcode, name, enddate_day, begindate_day, comment, begindate_year, begindate_month, enddate_year, type, id, editpending, enddate_month, gid) VALUES (221, 8518, NULL, 8518, NULL, NULL, 'UK drum & bass, Klute''s label', 2001, NULL, NULL, 4, 3592, 0, NULL, '3218df3e-3de3-45e3-9a05-041528db6ee5');
UPDATE label_meta SET lastupdate = NULL, ratingcount = NULL, rating = NULL WHERE id = 3592;
INSERT INTO release_label (catno, label, release, id) VALUES ('SUICIDE 021', 3592, 372913, 170996);
UPDATE release_group_meta SET firstreleasedate_day = 13, rating = NULL, lastupdate = '2009-05-24 22:47:00.490177+02', firstreleasedate_year = 2004, ratingcount = NULL, releasecount = 2, firstreleasedate_month = 12 WHERE id = 701319;
INSERT INTO release_group_tag (count, release_group, tag) VALUES (2, 701319, 26);
INSERT INTO release_group_tag (count, release_group, tag) VALUES (1, 701319, 11);
INSERT INTO release_name (name, id) VALUES ('Cool Down / Roll On', 143568);
INSERT INTO artist_name (name, id) VALUES ('Andy C', 39363);
INSERT INTO artist_credit (artistcount, refcount, name, id) VALUES (1, 72, 39363, 9772);
INSERT INTO artist (country, sortname, name, enddate_day, begindate_day, comment, begindate_year, begindate_month, enddate_year, type, id, editpending, gender, enddate_month, gid) VALUES (NULL, 39363, 39363, NULL, NULL, 'UK drum & bass DJ/producer', NULL, NULL, NULL, 1, 9772, 0, NULL, NULL, 'ec853694-30a1-4c7e-84e6-4ca87ee3c314');
UPDATE artist_meta SET lastupdate = '2009-04-17 08:25:01.281186+02', ratingcount = NULL, rating = NULL WHERE id = 9772;
INSERT INTO artist_credit_name (artist, name, position, artist_credit, joinphrase) VALUES (9772, 39363, 0, 9772, NULL);
INSERT INTO release_group (comment, name, type, artist_credit, id, editpending, gid) VALUES (NULL, 143568, 3, 9772, 253157, 0, 'acc775e4-9b67-3828-a4a0-92df54273190');
INSERT INTO release (date_day, status, release_group, packaging, id, quality, country, script, language, name, artist_credit, barcode, comment, date_year, date_month, gid, editpending) VALUES (NULL, 1, 253157, NULL, 238598, -1, 221, 28, 120, 143568, 9772, NULL, NULL, 1995, NULL, '4fa034ef-0e0a-40ef-ac12-8555a6dc19bc', 0);
INSERT INTO tracklist (trackcount, id) VALUES (0, 253157);
INSERT INTO track_name (name, id) VALUES ('Cool Down', 788762);
INSERT INTO recording (length, comment, name, artist_credit, id, editpending, gid) VALUES (0, NULL, 788762, 9772, 2746106, 0, 'd7f08a31-0a84-4ffa-86c1-5d13635e8ada');
INSERT INTO puid (version, puid, id) VALUES (204, '1984dd0d-699d-4367-0914-456edd06ed40', 3155033);
INSERT INTO recording_puid (recording, puid, id, editpending) VALUES (2746106, 3155033, 3963076, 0);
UPDATE recording_meta SET lastupdate = '2010-06-21 21:40:20.31954+02', ratingcount = NULL, rating = NULL WHERE id = 2746106;
INSERT INTO track_name (name, id) VALUES ('Roll On', 3194733);
INSERT INTO recording (length, comment, name, artist_credit, id, editpending, gid) VALUES (0, NULL, 3194733, 9772, 2746107, 0, '1588fa10-441b-458d-9e39-c00790d3d9e6');
INSERT INTO puid (version, puid, id) VALUES (181, '1c72ea79-6886-af4c-c97a-9db81d3e0bd7', 2336444);
INSERT INTO recording_puid (recording, puid, id, editpending) VALUES (2746107, 2336444, 3963075, 0);
UPDATE recording_meta SET lastupdate = '2010-06-21 21:40:20.31954+02', ratingcount = NULL, rating = NULL WHERE id = 2746107;
INSERT INTO track (length, recording, name, position, artist_credit, id, tracklist, editpending) VALUES (0, 2746106, 788762, 1, 9772, 2746106, 253157, 0);
INSERT INTO track (length, recording, name, position, artist_credit, id, tracklist, editpending) VALUES (0, 2746107, 3194733, 2, 9772, 2746107, 253157, 0);
INSERT INTO medium (format, name, position, release, id, tracklist, editpending) VALUES (7, NULL, 1, 238598, 238598, 253157, 0);
INSERT INTO label_name (name, id) VALUES ('RAM Records', 32829);
INSERT INTO label (country, sortname, labelcode, name, enddate_day, begindate_day, comment, begindate_year, begindate_month, enddate_year, type, id, editpending, enddate_month, gid) VALUES (221, 32829, NULL, 32829, NULL, NULL, NULL, 1992, NULL, NULL, 4, 1949, 0, NULL, 'fe03671d-df66-4984-abbc-bd022f5c6c3f');
UPDATE label_meta SET lastupdate = NULL, ratingcount = NULL, rating = NULL WHERE id = 1949;
INSERT INTO release_label (catno, label, release, id) VALUES ('RAMM 12', 1949, 238598, 65387);
UPDATE release_group_meta SET firstreleasedate_day = NULL, rating = NULL, lastupdate = '2009-05-24 22:47:00.490177+02', firstreleasedate_year = 1995, ratingcount = NULL, releasecount = 1, firstreleasedate_month = NULL WHERE id = 253157;
INSERT INTO tag (refcount, name, id) VALUES (832, 'jungle', 27);
INSERT INTO release_group_tag (count, release_group, tag) VALUES (1, 253157, 26);
INSERT INTO release_group_tag (count, release_group, tag) VALUES (1, 253157, 27);
INSERT INTO release_group_tag (count, release_group, tag) VALUES (1, 253157, 11);
INSERT INTO release_name (name, id) VALUES ('Acid Test / Get on Up', 37699);
INSERT INTO artist_name (name, id) VALUES ('Sub Focus', 731614);
INSERT INTO artist_credit (artistcount, refcount, name, id) VALUES (1, 267, 731614, 199379);
INSERT INTO artist (country, sortname, name, enddate_day, begindate_day, comment, begindate_year, begindate_month, enddate_year, type, id, editpending, gender, enddate_month, gid) VALUES (NULL, 731614, 731614, NULL, NULL, 'UK drum & bass artist Nick Douwma', NULL, NULL, NULL, 1, 199379, 0, NULL, NULL, '8cf49f40-b8fe-4a63-b4ea-f922d6145bb4');
INSERT INTO artist_name (name, id) VALUES ('Subfocus', 731612);
INSERT INTO artist_alias (artist, name, locale, id, editpending) VALUES (199379, 731612, NULL, 52238, 0);
UPDATE artist_meta SET lastupdate = NULL, ratingcount = 2, rating = 100 WHERE id = 199379;
INSERT INTO tag (refcount, name, id) VALUES (849, 'dance and electronica', 4666);
INSERT INTO artist_tag (count, artist, tag) VALUES (1, 199379, 4666);
INSERT INTO artist_tag (count, artist, tag) VALUES (1, 199379, 26);
INSERT INTO artist_credit_name (artist, name, position, artist_credit, joinphrase) VALUES (199379, 731614, 0, 199379, NULL);
INSERT INTO release_group (comment, name, type, artist_credit, id, editpending, gid) VALUES (NULL, 37699, 3, 199379, 691664, 0, '7aec6fd9-25a6-3dce-b8fd-f93b3039bca6');
INSERT INTO release (date_day, status, release_group, packaging, id, quality, country, script, language, name, artist_credit, barcode, comment, date_year, date_month, gid, editpending) VALUES (NULL, 1, 691664, NULL, 361465, -1, 221, 28, 120, 37699, 199379, NULL, NULL, 2004, NULL, '3fb99662-c9d4-46f4-a156-1634caa1cdd9', 0);
INSERT INTO tracklist (trackcount, id) VALUES (0, 691664);
INSERT INTO track_name (name, id) VALUES ('Acid Test', 98480);
INSERT INTO recording (length, comment, name, artist_credit, id, editpending, gid) VALUES (358000, NULL, 98480, 199379, 7776491, 0, '0c71b286-e732-4dad-8286-d6776765ffe7');
UPDATE recording_meta SET lastupdate = '2010-06-21 21:40:20.31954+02', ratingcount = NULL, rating = NULL WHERE id = 7776491;
INSERT INTO track_name (name, id) VALUES ('Get on Up', 1429154);
INSERT INTO recording (length, comment, name, artist_credit, id, editpending, gid) VALUES (358000, NULL, 1429154, 199379, 7776492, 0, 'c643e715-4be1-440c-b55f-a29e1464e3e0');
UPDATE recording_meta SET lastupdate = '2010-06-21 21:40:20.31954+02', ratingcount = NULL, rating = NULL WHERE id = 7776492;
INSERT INTO track (length, recording, name, position, artist_credit, id, tracklist, editpending) VALUES (358000, 7776491, 98480, 1, 199379, 7776491, 691664, 0);
INSERT INTO track (length, recording, name, position, artist_credit, id, tracklist, editpending) VALUES (358000, 7776492, 1429154, 2, 199379, 7776492, 691664, 0);
INSERT INTO medium (format, name, position, release, id, tracklist, editpending) VALUES (7, NULL, 1, 361465, 361465, 691664, 0);
INSERT INTO label_name (name, id) VALUES ('Frequency Recordings', 15622);
INSERT INTO label (country, sortname, labelcode, name, enddate_day, begindate_day, comment, begindate_year, begindate_month, enddate_year, type, id, editpending, enddate_month, gid) VALUES (221, 15622, NULL, 15622, NULL, NULL, NULL, 2001, NULL, NULL, 4, 3545, 0, NULL, '60a71ab7-a21b-4f25-94e0-1f51a84a9add');
UPDATE label_meta SET lastupdate = NULL, ratingcount = NULL, rating = NULL WHERE id = 3545;
INSERT INTO release_label (catno, label, release, id) VALUES ('FQY012', 3545, 361465, 115195);
UPDATE release_group_meta SET firstreleasedate_day = NULL, rating = NULL, lastupdate = '2009-05-24 22:47:00.490177+02', firstreleasedate_year = 2004, ratingcount = NULL, releasecount = 1, firstreleasedate_month = NULL WHERE id = 691664;
INSERT INTO release_group_tag (count, release_group, tag) VALUES (1, 691664, 26);
INSERT INTO release_group_tag (count, release_group, tag) VALUES (1, 691664, 11);
INSERT INTO release_name (name, id) VALUES ('Surrender', 543131);
INSERT INTO artist_name (name, id) VALUES ('The Chemical Brothers', 756443);
INSERT INTO artist_credit (artistcount, refcount, name, id) VALUES (1, 2430, 756443, 242);
INSERT INTO artist_name (name, id) VALUES ('Chemical Brothers, The', 135525);
INSERT INTO artist (country, sortname, name, enddate_day, begindate_day, comment, begindate_year, begindate_month, enddate_year, type, id, editpending, gender, enddate_month, gid) VALUES (NULL, 135525, 756443, NULL, NULL, NULL, 1989, NULL, NULL, 2, 242, 0, NULL, NULL, '1946a82a-f927-40c2-8235-38d64f50d043');
INSERT INTO artist_name (name, id) VALUES ('CHEMICAL BROTHERS', 135524);
INSERT INTO artist_name (name, id) VALUES ('Chemical  Brothers', 135523);
INSERT INTO artist_name (name, id) VALUES ('Chemical Brother', 135522);
INSERT INTO artist_alias (artist, name, locale, id, editpending) VALUES (242, 135524, NULL, 381, 0);
INSERT INTO artist_alias (artist, name, locale, id, editpending) VALUES (242, 135523, NULL, 2207, 0);
INSERT INTO artist_alias (artist, name, locale, id, editpending) VALUES (242, 135522, NULL, 34446, 0);
UPDATE artist_meta SET lastupdate = NULL, ratingcount = 11, rating = 85 WHERE id = 242;
INSERT INTO tag (refcount, name, id) VALUES (621, 'big beat', 34);
INSERT INTO tag (refcount, name, id) VALUES (9107, 'house', 77);
INSERT INTO tag (refcount, name, id) VALUES (440, 'trip-hop', 1);
INSERT INTO tag (refcount, name, id) VALUES (51, 'manchester', 1974);
INSERT INTO artist_tag (count, artist, tag) VALUES (3, 242, 34);
INSERT INTO artist_tag (count, artist, tag) VALUES (1, 242, 77);
INSERT INTO artist_tag (count, artist, tag) VALUES (1, 242, 1);
INSERT INTO artist_tag (count, artist, tag) VALUES (1, 242, 237);
INSERT INTO artist_tag (count, artist, tag) VALUES (1, 242, 1391);
INSERT INTO artist_tag (count, artist, tag) VALUES (1, 242, 1974);
INSERT INTO artist_tag (count, artist, tag) VALUES (1, 242, 4666);
INSERT INTO artist_tag (count, artist, tag) VALUES (6, 242, 171);
INSERT INTO artist_tag (count, artist, tag) VALUES (2, 242, 559);
INSERT INTO artist_tag (count, artist, tag) VALUES (7, 242, 11);
INSERT INTO artist_credit_name (artist, name, position, artist_credit, joinphrase) VALUES (242, 756443, 0, 242, NULL);
INSERT INTO release_group (comment, name, type, artist_credit, id, editpending, gid) VALUES (NULL, 543131, 2, 242, 724150, 0, '22ca85ec-ee39-3895-aef9-dee5d5c2f4d6');
INSERT INTO release_status (name, id) VALUES ('Promotion', 2);
INSERT INTO country (isocode, name, id) VALUES ('AU', 'Australia', 13);
INSERT INTO release (date_day, status, release_group, packaging, id, quality, country, script, language, name, artist_credit, barcode, comment, date_year, date_month, gid, editpending) VALUES (NULL, 2, 724150, NULL, 8312, -1, 222, 28, 120, 543131, 242, NULL, NULL, 1999, NULL, '8268c2f8-bfc3-4079-9c25-fad0d69a38df', 0);
INSERT INTO release (date_day, status, release_group, packaging, id, quality, country, script, language, name, artist_credit, barcode, comment, date_year, date_month, gid, editpending) VALUES (22, 1, 724150, NULL, 19969, -1, 222, 28, 120, 543131, 242, '724384761028', NULL, 1999, 6, '91d36d01-a898-426d-bc28-35ee5b7a7b6b', 0);
INSERT INTO release (date_day, status, release_group, packaging, id, quality, country, script, language, name, artist_credit, barcode, comment, date_year, date_month, gid, editpending) VALUES (21, 1, 724150, NULL, 31689, -1, 13, 28, 120, 543131, 242, NULL, NULL, 1999, 6, '7e188ed0-249a-3f43-a13e-0a5085b1ab4b', 0);
INSERT INTO release (date_day, status, release_group, packaging, id, quality, country, script, language, name, artist_credit, barcode, comment, date_year, date_month, gid, editpending) VALUES (21, 1, 724150, NULL, 31690, -1, 221, 28, 120, 543131, 242, '724384761028', NULL, 1999, 6, 'b4820c33-41f0-3fd5-854e-8b9f98a60b50', 0);
INSERT INTO release (date_day, status, release_group, packaging, id, quality, country, script, language, name, artist_credit, barcode, comment, date_year, date_month, gid, editpending) VALUES (21, 1, 724150, NULL, 278075, -1, 221, 28, 120, 543131, 242, '724384761080', NULL, 1999, 6, '46706d7e-f543-379c-a626-b0f0f0e7fbb4', 0);
INSERT INTO release (date_day, status, release_group, packaging, id, quality, country, script, language, name, artist_credit, barcode, comment, date_year, date_month, gid, editpending) VALUES (25, 1, 724150, NULL, 338506, -1, 13, 28, 120, 543131, 242, '724384884901', NULL, 2000, 1, '5199f302-99bc-3c80-a9ec-dffd68867c10', 0);
INSERT INTO release (date_day, status, release_group, packaging, id, quality, country, script, language, name, artist_credit, barcode, comment, date_year, date_month, gid, editpending) VALUES (21, 1, 724150, NULL, 400930, -1, 221, 28, 120, 543131, 242, '724384761011', NULL, 1999, 6, '0117b17b-7721-49a9-a202-089f8d1b3d42', 0);
INSERT INTO tracklist (trackcount, id) VALUES (0, 556);
INSERT INTO track_name (name, id) VALUES ('Music: Response', 2575393);
INSERT INTO recording (length, comment, name, artist_credit, id, editpending, gid) VALUES (320146, NULL, 2575393, 242, 2726271, 0, '12842247-cabf-4a85-9e8d-4e1201c42364');
INSERT INTO puid (version, puid, id) VALUES (1, '193e8435-1dc0-ea19-c33d-e68049a99b99', 110968);
INSERT INTO puid (version, puid, id) VALUES (1, '2bee718c-46bb-6002-ee16-a64e64da510b', 192280);
INSERT INTO puid (version, puid, id) VALUES (1, 'cb16dc4c-db8d-acff-4ceb-dfd2a91ddfa2', 527449);
INSERT INTO clientversion (version, id) VALUES ('MusicBrainz Picard-0.7.0beta3', 131);
INSERT INTO puid (version, puid, id) VALUES (131, '435f6dd7-1ebb-d925-e2af-4af970c8fbcb', 797232);
INSERT INTO puid (version, puid, id) VALUES (131, '1dee4278-460d-cb1e-5d03-f6ca3eefa70e', 800871);
INSERT INTO puid (version, puid, id) VALUES (130, '2f4bf72d-20c0-1c30-46e3-76a324f9294f', 810633);
INSERT INTO puid (version, puid, id) VALUES (134, '28bc12c6-a1b1-51c0-3d4a-6f2883adfe0c', 1246606);
INSERT INTO puid (version, puid, id) VALUES (140, '2f633c86-010e-8fa5-19f0-2678c4f9feb4', 1502244);
INSERT INTO clientversion (version, id) VALUES ('MusicBrainz Picard-0.9.0alpha11', 163);
INSERT INTO puid (version, puid, id) VALUES (163, '498b387e-8735-d135-ee3d-a66b18edd7c1', 1906025);
INSERT INTO clientversion (version, id) VALUES ('umdb-0.4', 139);
INSERT INTO puid (version, puid, id) VALUES (139, 'e811cc00-4109-335a-7419-e97915ae5d09', 2233199);
INSERT INTO puid (version, puid, id) VALUES (204, 'c36544db-e87e-03df-ffda-eee566fdf3bc', 3404214);
INSERT INTO recording_puid (recording, puid, id, editpending) VALUES (2726271, 110968, 142756, 0);
INSERT INTO recording_puid (recording, puid, id, editpending) VALUES (2726271, 192280, 5020023, 0);
INSERT INTO recording_puid (recording, puid, id, editpending) VALUES (2726271, 527449, 678327, 0);
INSERT INTO recording_puid (recording, puid, id, editpending) VALUES (2726271, 797232, 4220588, 0);
INSERT INTO recording_puid (recording, puid, id, editpending) VALUES (2726271, 800871, 3404474, 0);
INSERT INTO recording_puid (recording, puid, id, editpending) VALUES (2726271, 810633, 1724635, 0);
INSERT INTO recording_puid (recording, puid, id, editpending) VALUES (2726271, 1246606, 1564244, 0);
INSERT INTO recording_puid (recording, puid, id, editpending) VALUES (2726271, 1502244, 1880737, 0);
INSERT INTO recording_puid (recording, puid, id, editpending) VALUES (2726271, 1906025, 2377733, 0);
INSERT INTO recording_puid (recording, puid, id, editpending) VALUES (2726271, 2233199, 2786769, 0);
INSERT INTO recording_puid (recording, puid, id, editpending) VALUES (2726271, 3404214, 4290630, 0);
UPDATE recording_meta SET lastupdate = '2010-06-21 21:40:20.31954+02', ratingcount = NULL, rating = NULL WHERE id = 2726271;
INSERT INTO tag (refcount, name, id) VALUES (1366, 'progressive house', 1282);
INSERT INTO recording_tag (count, recording, tag) VALUES (1, 2726271, 11);
INSERT INTO recording_tag (count, recording, tag) VALUES (2, 2726271, 1282);
INSERT INTO track_name (name, id) VALUES ('Under the Influence', 4146493);
INSERT INTO recording (length, comment, name, artist_credit, id, editpending, gid) VALUES (256253, NULL, 4146493, 242, 2726272, 0, '4b364aa9-f227-42b8-b0c2-ee32f5ccf4fa');
INSERT INTO puid (version, puid, id) VALUES (1, '2ada2c0b-746e-d015-6594-16ba96a95c48', 187555);
INSERT INTO puid (version, puid, id) VALUES (1, '9a29b095-7884-70d5-d753-83a57ff5b79f', 433807);
INSERT INTO puid (version, puid, id) VALUES (1, 'a93e4b01-63e2-dc5f-1d5f-45baa79ce7af', 462478);
INSERT INTO puid (version, puid, id) VALUES (134, '1a1459cb-26f7-3574-ac27-338ed1ea385b', 864739);
INSERT INTO puid (version, puid, id) VALUES (204, 'e7467f8d-6d76-ec53-317f-b77b5a801bbd', 3351273);
INSERT INTO puid (version, puid, id) VALUES (204, 'd21a3a05-6170-083e-77e1-8442c4ce179b', 3528267);
INSERT INTO puid (version, puid, id) VALUES (204, 'f9f2d771-c4bb-0e24-bede-47ef671b0cac', 3730208);
INSERT INTO puid (version, puid, id) VALUES (204, '19dab4d8-b119-fd38-c60c-0d19aa98fdac', 3949210);
INSERT INTO recording_puid (recording, puid, id, editpending) VALUES (2726272, 187555, 1215084, 0);
INSERT INTO recording_puid (recording, puid, id, editpending) VALUES (2726272, 433807, 557975, 0);
INSERT INTO recording_puid (recording, puid, id, editpending) VALUES (2726272, 462478, 5020026, 0);
INSERT INTO recording_puid (recording, puid, id, editpending) VALUES (2726272, 864739, 1098494, 0);
INSERT INTO recording_puid (recording, puid, id, editpending) VALUES (2726272, 3351273, 4220591, 0);
INSERT INTO recording_puid (recording, puid, id, editpending) VALUES (2726272, 3528267, 4451145, 0);
INSERT INTO recording_puid (recording, puid, id, editpending) VALUES (2726272, 3730208, 4715295, 0);
INSERT INTO recording_puid (recording, puid, id, editpending) VALUES (2726272, 3949210, 4989415, 0);
UPDATE recording_meta SET lastupdate = '2010-06-21 21:40:20.31954+02', ratingcount = NULL, rating = NULL WHERE id = 2726272;
INSERT INTO recording_tag (count, recording, tag) VALUES (1, 2726272, 11);
INSERT INTO recording_tag (count, recording, tag) VALUES (2, 2726272, 1282);
INSERT INTO track_name (name, id) VALUES ('Out of Control', 2835431);
INSERT INTO recording (length, comment, name, artist_credit, id, editpending, gid) VALUES (440266, NULL, 2835431, 242, 1408789, 0, 'f8432277-e771-400b-8898-e34af50eaf16');
INSERT INTO puid (version, puid, id) VALUES (1, '0f7beb13-337b-83a4-1e2b-8fa66e0b8925', 68345);
INSERT INTO puid (version, puid, id) VALUES (1, '1cfc0a7a-4f16-6507-94ae-b41505193fcb', 127431);
INSERT INTO puid (version, puid, id) VALUES (1, '26b26de0-1484-a25a-152c-c097ab52f487', 169703);
INSERT INTO puid (version, puid, id) VALUES (1, '356dde09-be90-0984-b023-f9d6234cc28c', 233531);
INSERT INTO puid (version, puid, id) VALUES (1, '52ccbe22-6f9b-2cdc-d116-0d1c8b953e25', 297255);
INSERT INTO puid (version, puid, id) VALUES (1, 'b3240c16-aec1-0843-d68d-b2a3d91bbccf', 481526);
INSERT INTO puid (version, puid, id) VALUES (1, 'f2d9da10-22ed-4919-cf99-44c7d87c57bc', 603597);
INSERT INTO puid (version, puid, id) VALUES (1, 'f602e43d-a8d4-43b3-b3e4-31d804d67d9c', 609574);
INSERT INTO puid (version, puid, id) VALUES (1, 'f96879de-08b6-3605-ada1-8b89f993b235', 616069);
INSERT INTO puid (version, puid, id) VALUES (129, 'bbaccdcb-922a-14ef-8cc7-8272fa4dba8e', 701975);
INSERT INTO puid (version, puid, id) VALUES (130, '0644e216-f682-a0a6-891e-9191a854b19c', 778085);
INSERT INTO puid (version, puid, id) VALUES (131, '2fb6ac8e-89a8-e9c3-e997-59df977dfbba', 797231);
INSERT INTO puid (version, puid, id) VALUES (134, 'b1dff504-8b88-2aec-82c4-33f4ff06f01c', 869825);
INSERT INTO puid (version, puid, id) VALUES (134, '5272194a-08c2-6e73-d0cc-cf87d84ad91f', 1095501);
INSERT INTO puid (version, puid, id) VALUES (140, '2d56770f-e54f-d3b3-6442-ea79b1034dd6', 2097812);
INSERT INTO clientversion (version, id) VALUES ('MusicBrainz Picard-0.9.0', 188);
INSERT INTO puid (version, puid, id) VALUES (188, '8c9cbd44-a26a-03b3-1e6e-38e641b116eb', 2257961);
INSERT INTO clientversion (version, id) VALUES ('pyMusicDNS-0.1', 216);
INSERT INTO puid (version, puid, id) VALUES (216, 'a8cadca0-2c90-c2c9-b076-f742f8ad24ce', 3134227);
INSERT INTO puid (version, puid, id) VALUES (204, 'e8a04ede-812d-5e4a-362d-d44f5f2a661e', 3351278);
INSERT INTO puid (version, puid, id) VALUES (204, 'b3a5a02e-ab98-f8e9-b6a4-013fe3012f3f', 3404263);
INSERT INTO puid (version, puid, id) VALUES (204, 'ce60dbd0-3b9c-0c04-a875-a10e24fbee32', 3492124);
INSERT INTO puid (version, puid, id) VALUES (204, '73f6e95c-606f-84ef-0885-4d2efa00e3dd', 3551119);
INSERT INTO puid (version, puid, id) VALUES (204, '667b5f62-6db9-e164-4625-646b405415ac', 3704133);
INSERT INTO puid (version, puid, id) VALUES (204, 'ec416889-ad69-de48-f6a6-c7685ff67abc', 3995566);
INSERT INTO recording_puid (recording, puid, id, editpending) VALUES (1408789, 68345, 88102, 0);
INSERT INTO recording_puid (recording, puid, id, editpending) VALUES (1408789, 127431, 163908, 0);
INSERT INTO recording_puid (recording, puid, id, editpending) VALUES (1408789, 169703, 4800909, 0);
INSERT INTO recording_puid (recording, puid, id, editpending) VALUES (1408789, 233531, 300410, 0);
INSERT INTO recording_puid (recording, puid, id, editpending) VALUES (1408789, 297255, 978685, 0);
INSERT INTO recording_puid (recording, puid, id, editpending) VALUES (1408789, 481526, 5322855, 0);
INSERT INTO recording_puid (recording, puid, id, editpending) VALUES (1408789, 603597, 4274267, 0);
INSERT INTO recording_puid (recording, puid, id, editpending) VALUES (1408789, 609574, 783605, 0);
INSERT INTO recording_puid (recording, puid, id, editpending) VALUES (1408789, 616069, 792030, 0);
INSERT INTO recording_puid (recording, puid, id, editpending) VALUES (1408789, 701975, 1665537, 0);
INSERT INTO recording_puid (recording, puid, id, editpending) VALUES (1408789, 778085, 2309343, 0);
INSERT INTO recording_puid (recording, puid, id, editpending) VALUES (1408789, 797231, 1015160, 0);
INSERT INTO recording_puid (recording, puid, id, editpending) VALUES (1408789, 869825, 5346268, 0);
INSERT INTO recording_puid (recording, puid, id, editpending) VALUES (1408789, 1095501, 1380858, 0);
INSERT INTO recording_puid (recording, puid, id, editpending) VALUES (1408789, 2097812, 2619540, 0);
INSERT INTO recording_puid (recording, puid, id, editpending) VALUES (1408789, 2257961, 2819270, 0);
INSERT INTO recording_puid (recording, puid, id, editpending) VALUES (1408789, 3134227, 3936115, 0);
INSERT INTO recording_puid (recording, puid, id, editpending) VALUES (1408789, 3351278, 4220597, 0);
INSERT INTO recording_puid (recording, puid, id, editpending) VALUES (1408789, 3404263, 4290686, 0);
INSERT INTO recording_puid (recording, puid, id, editpending) VALUES (1408789, 3492124, 4472335, 0);
INSERT INTO recording_puid (recording, puid, id, editpending) VALUES (1408789, 3551119, 4482941, 0);
INSERT INTO recording_puid (recording, puid, id, editpending) VALUES (1408789, 3704133, 4681515, 0);
INSERT INTO recording_puid (recording, puid, id, editpending) VALUES (1408789, 3995566, 5048051, 0);
INSERT INTO isrc (source, recording, isrc, id, editpending) VALUES (0, 1408789, 'GBAAA0300531', 44280, 0);
UPDATE recording_meta SET lastupdate = '2010-06-21 21:40:20.31954+02', ratingcount = NULL, rating = NULL WHERE id = 1408789;
INSERT INTO recording_tag (count, recording, tag) VALUES (1, 1408789, 11);
INSERT INTO recording_tag (count, recording, tag) VALUES (1, 1408789, 545);
INSERT INTO recording_tag (count, recording, tag) VALUES (1, 1408789, 559);
INSERT INTO recording_tag (count, recording, tag) VALUES (2, 1408789, 1282);
INSERT INTO track_name (name, id) VALUES ('Orange Wedge', 2814510);
INSERT INTO recording (length, comment, name, artist_credit, id, editpending, gid) VALUES (186826, NULL, 2814510, 242, 2726274, 0, '0982e813-a279-482c-8057-285d07372fb9');
INSERT INTO puid (version, puid, id) VALUES (1, '51e3758f-0c98-7c7d-a82f-8fe9057b76ba', 295487);
INSERT INTO puid (version, puid, id) VALUES (1, '77b46b60-5a9f-c78f-dd6f-53f5f8b5faae', 367763);
INSERT INTO puid (version, puid, id) VALUES (204, 'f25887d0-2c2a-bf0d-dfa8-424b733a416f', 3351276);
INSERT INTO puid (version, puid, id) VALUES (204, 'c06cbe08-579c-4ceb-a96e-143513824659', 3404198);
INSERT INTO puid (version, puid, id) VALUES (204, '24f0958a-2df1-1c8e-6542-c371f157e673', 3506809);
INSERT INTO puid (version, puid, id) VALUES (204, '1a0b417c-03bb-fe3e-04c0-7ce7ff0b62cb', 3528270);
INSERT INTO puid (version, puid, id) VALUES (204, 'cd04690c-7317-7a74-a6c7-93f7a58f6a0b', 3949200);
INSERT INTO recording_puid (recording, puid, id, editpending) VALUES (2726274, 295487, 380219, 0);
INSERT INTO recording_puid (recording, puid, id, editpending) VALUES (2726274, 367763, 472915, 0);
INSERT INTO recording_puid (recording, puid, id, editpending) VALUES (2726274, 3351276, 4220594, 0);
INSERT INTO recording_puid (recording, puid, id, editpending) VALUES (2726274, 3404198, 4290611, 0);
INSERT INTO recording_puid (recording, puid, id, editpending) VALUES (2726274, 3506809, 4422252, 0);
INSERT INTO recording_puid (recording, puid, id, editpending) VALUES (2726274, 3528270, 4451148, 0);
INSERT INTO recording_puid (recording, puid, id, editpending) VALUES (2726274, 3949200, 4989404, 0);
UPDATE recording_meta SET lastupdate = '2010-06-21 21:40:20.31954+02', ratingcount = NULL, rating = NULL WHERE id = 2726274;
INSERT INTO recording_tag (count, recording, tag) VALUES (1, 2726274, 11);
INSERT INTO recording_tag (count, recording, tag) VALUES (2, 2726274, 1282);
INSERT INTO track_name (name, id) VALUES ('Let Forever Be', 2207807);
INSERT INTO recording (length, comment, name, artist_credit, id, editpending, gid) VALUES (235360, NULL, 2207807, 242, 2726275, 0, '6abc5eed-68a4-4ea3-a092-374772b8f09d');
INSERT INTO puid (version, puid, id) VALUES (1, '45dd6acd-1061-8779-5e79-29ebc97fb962', 272459);
INSERT INTO puid (version, puid, id) VALUES (1, '7f1665d7-f797-007c-9a91-62fc2f83eedf', 382030);
INSERT INTO puid (version, puid, id) VALUES (1, 'e4ee4a74-4999-c204-1ed7-24ce983871bb', 576762);
INSERT INTO puid (version, puid, id) VALUES (129, '220f3b88-9f78-1e63-bbd7-1554c4ff5e4f', 697045);
INSERT INTO puid (version, puid, id) VALUES (129, '56b57654-81fe-b513-2174-a2306be367f2', 701974);
INSERT INTO puid (version, puid, id) VALUES (131, '289d5202-f0a6-4c8e-c96b-6371360a1e5d', 797230);
INSERT INTO puid (version, puid, id) VALUES (131, '7c93a652-2b78-f620-990d-237c948f49bd', 832243);
INSERT INTO puid (version, puid, id) VALUES (204, 'f5c04b79-9ce9-fd48-8620-47a424f7636a', 3351271);
INSERT INTO puid (version, puid, id) VALUES (204, '6249a1be-a69b-dfb1-fb64-93f667b8e445', 3404217);
INSERT INTO puid (version, puid, id) VALUES (204, 'b0a43edc-b2b4-60a6-a938-884de6efd774', 3551121);
INSERT INTO recording_puid (recording, puid, id, editpending) VALUES (2726275, 272459, 350565, 0);
INSERT INTO recording_puid (recording, puid, id, editpending) VALUES (2726275, 382030, 1627957, 0);
INSERT INTO recording_puid (recording, puid, id, editpending) VALUES (2726275, 576762, 741600, 0);
INSERT INTO recording_puid (recording, puid, id, editpending) VALUES (2726275, 697045, 892854, 0);
INSERT INTO recording_puid (recording, puid, id, editpending) VALUES (2726275, 701974, 1564239, 0);
INSERT INTO recording_puid (recording, puid, id, editpending) VALUES (2726275, 797230, 1015159, 0);
INSERT INTO recording_puid (recording, puid, id, editpending) VALUES (2726275, 832243, 1058654, 0);
INSERT INTO recording_puid (recording, puid, id, editpending) VALUES (2726275, 3351271, 4220589, 0);
INSERT INTO recording_puid (recording, puid, id, editpending) VALUES (2726275, 3404217, 4290633, 0);
INSERT INTO recording_puid (recording, puid, id, editpending) VALUES (2726275, 3551121, 4482943, 0);
INSERT INTO isrc (source, recording, isrc, id, editpending) VALUES (0, 2726275, 'GBAAA9900299', 38816, 0);
UPDATE recording_meta SET lastupdate = '2010-06-21 21:40:20.31954+02', ratingcount = NULL, rating = NULL WHERE id = 2726275;
INSERT INTO recording_tag (count, recording, tag) VALUES (1, 2726275, 11);
INSERT INTO recording_tag (count, recording, tag) VALUES (2, 2726275, 1282);
INSERT INTO track_name (name, id) VALUES ('The Sunshine Underground', 3941013);
INSERT INTO recording (length, comment, name, artist_credit, id, editpending, gid) VALUES (518906, NULL, 3941013, 242, 2726276, 0, '7d37745a-fdf8-4ee4-b6f2-1453bd432572');
INSERT INTO puid (version, puid, id) VALUES (1, '2d60fbb0-6cd1-be5a-7e27-4b5b75a1046b', 198508);
INSERT INTO puid (version, puid, id) VALUES (1, 'e20ee4cf-e7c0-cdc8-656b-2ecfa4b7a55a', 571288);
INSERT INTO puid (version, puid, id) VALUES (131, 'dff5d710-5dee-21f0-c00e-5a339175aff0', 797233);
INSERT INTO clientversion (version, id) VALUES ('MusicBrainz Picard-0.7.1', 136);
INSERT INTO puid (version, puid, id) VALUES (136, 'dbdcbff2-c798-9b9f-6982-06ec90e2e15b', 1227284);
INSERT INTO puid (version, puid, id) VALUES (140, '5a2f2d88-54b1-47b0-2639-7ff8b8822e78', 1416955);
INSERT INTO puid (version, puid, id) VALUES (204, 'a6caf528-fa0e-f272-d387-9f6e0b913651', 3351275);
INSERT INTO puid (version, puid, id) VALUES (204, '689665d5-4d5a-f8e8-4caf-270ccab3692f', 3404253);
INSERT INTO puid (version, puid, id) VALUES (204, 'ec3ad5c3-af51-018e-0fb6-91a3ab9dff47', 3528269);
INSERT INTO puid (version, puid, id) VALUES (246, '3553f7ab-edf6-22cb-426b-57c7be55238c', 4150657);
INSERT INTO clientversion (version, id) VALUES ('Jaikoz-3.5.1', 253);
INSERT INTO puid (version, puid, id) VALUES (253, 'fa2e17ee-f58e-93dc-1726-35f078441803', 4342120);
INSERT INTO puid (version, puid, id) VALUES (204, '51c88ee2-1257-0658-a148-b7d4999af89c', 4351815);
INSERT INTO recording_puid (recording, puid, id, editpending) VALUES (2726276, 198508, 255571, 0);
INSERT INTO recording_puid (recording, puid, id, editpending) VALUES (2726276, 571288, 734565, 0);
INSERT INTO recording_puid (recording, puid, id, editpending) VALUES (2726276, 797233, 1015162, 0);
INSERT INTO recording_puid (recording, puid, id, editpending) VALUES (2726276, 1227284, 1834304, 0);
INSERT INTO recording_puid (recording, puid, id, editpending) VALUES (2726276, 1416955, 1776450, 0);
INSERT INTO recording_puid (recording, puid, id, editpending) VALUES (2726276, 3351275, 4220593, 0);
INSERT INTO recording_puid (recording, puid, id, editpending) VALUES (2726276, 3404253, 4290673, 0);
INSERT INTO recording_puid (recording, puid, id, editpending) VALUES (2726276, 3528269, 4451147, 0);
INSERT INTO recording_puid (recording, puid, id, editpending) VALUES (2726276, 4150657, 5248756, 0);
INSERT INTO recording_puid (recording, puid, id, editpending) VALUES (2726276, 4342120, 5490332, 0);
INSERT INTO recording_puid (recording, puid, id, editpending) VALUES (2726276, 4351815, 5503034, 0);
UPDATE recording_meta SET lastupdate = '2010-06-21 21:40:20.31954+02', ratingcount = NULL, rating = NULL WHERE id = 2726276;
INSERT INTO recording_tag (count, recording, tag) VALUES (1, 2726276, 11);
INSERT INTO recording_tag (count, recording, tag) VALUES (2, 2726276, 1282);
INSERT INTO track_name (name, id) VALUES ('Asleep From Day', 295918);
INSERT INTO recording (length, comment, name, artist_credit, id, editpending, gid) VALUES (287386, NULL, 295918, 242, 2726277, 0, '1344425c-47ea-4d7b-a759-c7f5ec0fa191');
INSERT INTO puid (version, puid, id) VALUES (1, '714fa507-3375-766e-1db3-fe7f398820e6', 355635);
INSERT INTO puid (version, puid, id) VALUES (1, 'aa3e9ba5-9af2-eadd-2372-445e695ef0e9', 464437);
INSERT INTO puid (version, puid, id) VALUES (204, '3d9185f3-57de-b88d-418e-b0fb88804402', 3351272);
INSERT INTO puid (version, puid, id) VALUES (204, '7fc5404c-7b60-d75a-62b8-48c317b3058f', 3404254);
INSERT INTO puid (version, puid, id) VALUES (204, '92656ed1-06e7-4f63-1f73-7664afd9f30d', 3949209);
INSERT INTO recording_puid (recording, puid, id, editpending) VALUES (2726277, 355635, 457473, 0);
INSERT INTO recording_puid (recording, puid, id, editpending) VALUES (2726277, 464437, 597656, 0);
INSERT INTO recording_puid (recording, puid, id, editpending) VALUES (2726277, 3351272, 4220590, 0);
INSERT INTO recording_puid (recording, puid, id, editpending) VALUES (2726277, 3404254, 4290674, 0);
INSERT INTO recording_puid (recording, puid, id, editpending) VALUES (2726277, 3949209, 4989414, 0);
UPDATE recording_meta SET lastupdate = '2010-06-21 21:40:20.31954+02', ratingcount = NULL, rating = NULL WHERE id = 2726277;
INSERT INTO recording_tag (count, recording, tag) VALUES (1, 2726277, 11);
INSERT INTO recording_tag (count, recording, tag) VALUES (2, 2726277, 1282);
INSERT INTO track_name (name, id) VALUES ('Got Glint?', 1491289);
INSERT INTO recording (length, comment, name, artist_credit, id, editpending, gid) VALUES (326906, NULL, 1491289, 242, 2726278, 0, '310a7db0-9a0f-4833-817f-ae4f6adc026e');
INSERT INTO puid (version, puid, id) VALUES (1, '291dc163-ff4b-472e-6d65-49f149044912', 180136);
INSERT INTO puid (version, puid, id) VALUES (204, 'e9af7bf1-547d-7682-afb1-ad6c4f93cac9', 3351274);
INSERT INTO puid (version, puid, id) VALUES (204, '6876eb37-4721-4117-a061-95040c62294d', 3404258);
INSERT INTO puid (version, puid, id) VALUES (204, 'ea798aa1-fce5-734b-cd2b-508cb0ada159', 3528268);
INSERT INTO recording_puid (recording, puid, id, editpending) VALUES (2726278, 180136, 231996, 0);
INSERT INTO recording_puid (recording, puid, id, editpending) VALUES (2726278, 462478, 595099, 0);
INSERT INTO recording_puid (recording, puid, id, editpending) VALUES (2726278, 1095501, 1605683, 0);
INSERT INTO recording_puid (recording, puid, id, editpending) VALUES (2726278, 3351274, 4220592, 0);
INSERT INTO recording_puid (recording, puid, id, editpending) VALUES (2726278, 3404258, 4290680, 0);
INSERT INTO recording_puid (recording, puid, id, editpending) VALUES (2726278, 3528268, 4451146, 0);
UPDATE recording_meta SET lastupdate = '2010-06-21 21:40:20.31954+02', ratingcount = NULL, rating = NULL WHERE id = 2726278;
INSERT INTO recording_tag (count, recording, tag) VALUES (1, 2726278, 11);
INSERT INTO recording_tag (count, recording, tag) VALUES (2, 2726278, 1282);
INSERT INTO track_name (name, id) VALUES ('Hey Boy Hey Girl', 1611600);
INSERT INTO recording (length, comment, name, artist_credit, id, editpending, gid) VALUES (290853, NULL, 1611600, 242, 1062699, 0, 'bf7845cc-eac3-48a3-8b06-543b4b7ba117');
INSERT INTO puid (version, puid, id) VALUES (1, '18e5d41b-7b75-7c92-6ad8-104ed305bb70', 109440);
INSERT INTO puid (version, puid, id) VALUES (1, '1f11ddf7-8269-0c81-46e7-ec03a196c4e5', 136541);
INSERT INTO puid (version, puid, id) VALUES (1, '4fbb818e-be71-41f2-9140-eb63eca3ed60', 291398);
INSERT INTO puid (version, puid, id) VALUES (1, 'ac5440e9-2704-bb55-6548-99fd919f119f', 468493);
INSERT INTO puid (version, puid, id) VALUES (1, 'b13f9a9b-ccea-70a8-2bf5-1eaf93aa8812', 477851);
INSERT INTO puid (version, puid, id) VALUES (1, 'd0ec3d4e-8e7d-3867-d6b5-86c57e43e730', 538755);
INSERT INTO puid (version, puid, id) VALUES (131, '05079bdb-a5ed-b35a-7b0f-0813820b376b', 797229);
INSERT INTO puid (version, puid, id) VALUES (134, '54f1f0ca-7e49-2d4c-e74e-7f2054061d36', 931824);
INSERT INTO puid (version, puid, id) VALUES (134, '1c2e2909-8725-d8b7-dab8-1c432fa812a9', 1054652);
INSERT INTO puid (version, puid, id) VALUES (140, '917f04a0-7f54-8107-97ac-c8b467eb78fb', 1574686);
INSERT INTO puid (version, puid, id) VALUES (140, 'bcfe2757-ff35-c518-8b90-82517596f436', 1702175);
INSERT INTO puid (version, puid, id) VALUES (140, '9a1aa6a8-d735-7117-f24a-8be66ae58414', 1856682);
INSERT INTO puid (version, puid, id) VALUES (188, '3fb82a47-d925-be51-f33f-4b51eb6c5702', 2313194);
INSERT INTO clientversion (version, id) VALUES ('Jaikoz-2.8.0', 205);
INSERT INTO puid (version, puid, id) VALUES (205, '84a1b454-4fa3-07b7-b094-7bd60f59cec2', 3040021);
INSERT INTO puid (version, puid, id) VALUES (194, '2003f5de-db06-80e3-115c-da1d98106324', 3215655);
INSERT INTO puid (version, puid, id) VALUES (204, 'cb80f4e2-59e2-afa1-870d-7df67a822cc4', 3236360);
INSERT INTO puid (version, puid, id) VALUES (204, '9f84b9c5-8944-ed44-ea87-91d2fdb1e4d3', 3333833);
INSERT INTO puid (version, puid, id) VALUES (204, 'cee51665-7ba7-c1e2-42da-de4510606683', 3351277);
INSERT INTO puid (version, puid, id) VALUES (204, '557c3d54-dd7d-eb57-a368-4b3da358a04d', 3404260);
INSERT INTO puid (version, puid, id) VALUES (246, '6e9d2d45-23cf-8d40-41be-b3b6ff814bb7', 3985704);
INSERT INTO puid (version, puid, id) VALUES (204, 'ba182e2d-a64e-d6d9-1c8a-a9b115a19860', 4050040);
INSERT INTO puid (version, puid, id) VALUES (246, 'afe665b2-1d6e-313f-9179-99eb9584b549', 4208232);
INSERT INTO recording_puid (recording, puid, id, editpending) VALUES (1062699, 109440, 140784, 0);
INSERT INTO recording_puid (recording, puid, id, editpending) VALUES (1062699, 136541, 175663, 0);
INSERT INTO recording_puid (recording, puid, id, editpending) VALUES (1062699, 291398, 4893793, 0);
INSERT INTO recording_puid (recording, puid, id, editpending) VALUES (1062699, 468493, 4794250, 0);
INSERT INTO recording_puid (recording, puid, id, editpending) VALUES (1062699, 477851, 614868, 0);
INSERT INTO recording_puid (recording, puid, id, editpending) VALUES (1062699, 538755, 2366373, 0);
INSERT INTO recording_puid (recording, puid, id, editpending) VALUES (1062699, 797229, 1015158, 0);
INSERT INTO recording_puid (recording, puid, id, editpending) VALUES (1062699, 931824, 1180704, 0);
INSERT INTO recording_puid (recording, puid, id, editpending) VALUES (1062699, 1054652, 1330962, 0);
INSERT INTO recording_puid (recording, puid, id, editpending) VALUES (1062699, 1574686, 1968749, 0);
INSERT INTO recording_puid (recording, puid, id, editpending) VALUES (1062699, 1702175, 3494495, 0);
INSERT INTO recording_puid (recording, puid, id, editpending) VALUES (1062699, 1856682, 2317097, 0);
INSERT INTO recording_puid (recording, puid, id, editpending) VALUES (1062699, 2313194, 2888095, 0);
INSERT INTO recording_puid (recording, puid, id, editpending) VALUES (1062699, 3040021, 4451149, 0);
INSERT INTO recording_puid (recording, puid, id, editpending) VALUES (1062699, 3215655, 4040726, 0);
INSERT INTO recording_puid (recording, puid, id, editpending) VALUES (1062699, 3236360, 4612360, 0);
INSERT INTO recording_puid (recording, puid, id, editpending) VALUES (1062699, 3333833, 4197188, 0);
INSERT INTO recording_puid (recording, puid, id, editpending) VALUES (1062699, 3351277, 4220595, 0);
INSERT INTO recording_puid (recording, puid, id, editpending) VALUES (1062699, 3404260, 4290682, 0);
INSERT INTO recording_puid (recording, puid, id, editpending) VALUES (1062699, 3985704, 5034917, 0);
INSERT INTO recording_puid (recording, puid, id, editpending) VALUES (1062699, 4050040, 5117108, 0);
INSERT INTO recording_puid (recording, puid, id, editpending) VALUES (1062699, 4208232, 5322684, 0);
INSERT INTO isrc (source, recording, isrc, id, editpending) VALUES (0, 1062699, 'GBAAA0300529', 38818, 0);
INSERT INTO isrc (source, recording, isrc, id, editpending) VALUES (0, 1062699, 'GBAAA9900303', 64478, 0);
UPDATE recording_meta SET lastupdate = '2010-06-21 21:40:20.31954+02', ratingcount = 1, rating = 50 WHERE id = 1062699;
INSERT INTO recording_tag (count, recording, tag) VALUES (1, 1062699, 11);
INSERT INTO recording_tag (count, recording, tag) VALUES (1, 1062699, 559);
INSERT INTO recording_tag (count, recording, tag) VALUES (2, 1062699, 1282);
INSERT INTO track_name (name, id) VALUES ('Racing the Tide', 3081787);
INSERT INTO recording (length, comment, name, artist_credit, id, editpending, gid) VALUES (270040, NULL, 3081787, 242, 15296, 0, 'e186e921-9d7e-4cd9-b499-4030a1e78960');
INSERT INTO puid (version, puid, id) VALUES (1, '08a09eb7-51aa-c4f6-af00-3aa969b03fce', 38141);
INSERT INTO puid (version, puid, id) VALUES (1, '80c334ed-f66d-5c91-181d-1e81fb64cc01', 385220);
INSERT INTO puid (version, puid, id) VALUES (134, '9b56d3bf-8b84-56f9-0cb7-fc82e184904f', 940130);
INSERT INTO puid (version, puid, id) VALUES (204, 'ff5c72f8-1745-9929-72d5-4d1f0f4283fc', 3404267);
INSERT INTO recording_puid (recording, puid, id, editpending) VALUES (15296, 38141, 4567014, 0);
INSERT INTO recording_puid (recording, puid, id, editpending) VALUES (15296, 385220, 3030187, 0);
INSERT INTO recording_puid (recording, puid, id, editpending) VALUES (15296, 940130, 1190541, 0);
INSERT INTO recording_puid (recording, puid, id, editpending) VALUES (15296, 3404267, 4290690, 0);
UPDATE recording_meta SET lastupdate = '2010-06-21 21:40:20.31954+02', ratingcount = NULL, rating = NULL WHERE id = 15296;
INSERT INTO recording_tag (count, recording, tag) VALUES (1, 15296, 545);
INSERT INTO track_name (name, id) VALUES ('Dream On', 1058383);
INSERT INTO recording (length, comment, name, artist_credit, id, editpending, gid) VALUES (405760, NULL, 1058383, 242, 2726281, 0, '6efd1d7e-4c99-4dee-b3ef-55724809fb28');
INSERT INTO puid (version, puid, id) VALUES (131, '151bffd1-e817-b18c-69ad-c218bc6117f9', 797234);
INSERT INTO puid (version, puid, id) VALUES (134, 'ee725689-697b-9178-a8e0-d6df486b6a30', 903696);
INSERT INTO puid (version, puid, id) VALUES (188, '6afedc36-7e44-1046-7adc-67d8fb1f1c83', 2342644);
INSERT INTO puid (version, puid, id) VALUES (188, '6e066195-8c20-3be6-be53-31122220326f', 2447548);
INSERT INTO puid (version, puid, id) VALUES (194, 'a4d53411-6b40-9351-7ec2-60dccafedb1e', 2943966);
INSERT INTO clientversion (version, id) VALUES ('Jaikoz-2.7.0', 202);
INSERT INTO puid (version, puid, id) VALUES (202, '7056bac0-ea2c-0fa4-cd8c-7ce00def6889', 3006167);
INSERT INTO puid (version, puid, id) VALUES (204, '7746acef-8ec4-43c1-102e-b0ed3acc1dcc', 3351270);
INSERT INTO puid (version, puid, id) VALUES (204, '80c91fe7-40f6-cc78-1c28-56b77069b8c0', 3404270);
INSERT INTO puid (version, puid, id) VALUES (204, '6ff34922-e757-a4ef-8c83-321a0fb47d79', 3528265);
INSERT INTO puid (version, puid, id) VALUES (204, '7ff2375c-4b47-710a-0bcc-ca37a34bdf9c', 4351816);
INSERT INTO recording_puid (recording, puid, id, editpending) VALUES (2726281, 192280, 892861, 0);
INSERT INTO recording_puid (recording, puid, id, editpending) VALUES (2726281, 797234, 1015163, 0);
INSERT INTO recording_puid (recording, puid, id, editpending) VALUES (2726281, 903696, 1147076, 0);
INSERT INTO recording_puid (recording, puid, id, editpending) VALUES (2726281, 2342644, 2925559, 0);
INSERT INTO recording_puid (recording, puid, id, editpending) VALUES (2726281, 2447548, 3058025, 0);
INSERT INTO recording_puid (recording, puid, id, editpending) VALUES (2726281, 2943966, 3694655, 0);
INSERT INTO recording_puid (recording, puid, id, editpending) VALUES (2726281, 3006167, 3776423, 0);
INSERT INTO recording_puid (recording, puid, id, editpending) VALUES (2726281, 3351270, 4220587, 0);
INSERT INTO recording_puid (recording, puid, id, editpending) VALUES (2726281, 3404270, 4290693, 0);
INSERT INTO recording_puid (recording, puid, id, editpending) VALUES (2726281, 3528265, 4451143, 0);
INSERT INTO recording_puid (recording, puid, id, editpending) VALUES (2726281, 4351816, 5503035, 0);
UPDATE recording_meta SET lastupdate = '2010-06-21 21:40:20.31954+02', ratingcount = NULL, rating = NULL WHERE id = 2726281;
INSERT INTO recording_tag (count, recording, tag) VALUES (1, 2726281, 11);
INSERT INTO recording_tag (count, recording, tag) VALUES (2, 2726281, 1282);
INSERT INTO track (length, recording, name, position, artist_credit, id, tracklist, editpending) VALUES (319960, 2726271, 2575393, 1, 242, 15294, 556, 0);
INSERT INTO track (length, recording, name, position, artist_credit, id, tracklist, editpending) VALUES (256040, 2726272, 4146493, 2, 242, 186405, 556, 0);
INSERT INTO track (length, recording, name, position, artist_credit, id, tracklist, editpending) VALUES (439760, 1408789, 2835431, 3, 242, 12192, 556, 0);
INSERT INTO track (length, recording, name, position, artist_credit, id, tracklist, editpending) VALUES (186640, 2726274, 2814510, 4, 242, 15295, 556, 0);
INSERT INTO track (length, recording, name, position, artist_credit, id, tracklist, editpending) VALUES (236360, 2726275, 2207807, 5, 242, 160418, 556, 0);
INSERT INTO track (length, recording, name, position, artist_credit, id, tracklist, editpending) VALUES (518906, 2726276, 3941013, 6, 242, 15298, 556, 0);
INSERT INTO track (length, recording, name, position, artist_credit, id, tracklist, editpending) VALUES (287226, 2726277, 295918, 7, 242, 15293, 556, 0);
INSERT INTO track (length, recording, name, position, artist_credit, id, tracklist, editpending) VALUES (326440, 2726278, 1491289, 8, 242, 305273, 556, 0);
INSERT INTO track (length, recording, name, position, artist_credit, id, tracklist, editpending) VALUES (290493, 1062699, 1611600, 9, 242, 5054, 556, 0);
INSERT INTO track (length, recording, name, position, artist_credit, id, tracklist, editpending) VALUES (270040, 15296, 3081787, 10, 242, 15296, 556, 0);
INSERT INTO track (length, recording, name, position, artist_credit, id, tracklist, editpending) VALUES (406533, 2726281, 1058383, 11, 242, 19592, 556, 0);
INSERT INTO medium (format, name, position, release, id, tracklist, editpending) VALUES (1, NULL, 1, 8312, 8312, 556, 0);
INSERT INTO cdtoc (discid, leadoutoffset, degraded, trackoffset, trackcount, freedbid, id) VALUES ('sodU6_.Y7u.KceQOILt9TBWlowE-', 265570, '0', '{150,24285,43532,76330,90350,108054,146995,168537,193007,214812,235112}', 11, '870dd20b', 43155);
INSERT INTO cdtoc (discid, leadoutoffset, degraded, trackoffset, trackcount, freedbid, id) VALUES ('BtKm6dTiu3iaAKXG0UOzQLQoqtg-', 263933, '0', '{150,23995,43046,75876,89722,107222,145988,167378,191709,213344,233445}', 11, '890dbd0b', 152078);
INSERT INTO medium_cdtoc (medium, id, cdtoc, editpending) VALUES (8312, 15637, 43155, 0);
INSERT INTO medium_cdtoc (medium, id, cdtoc, editpending) VALUES (8312, 15638, 152078, 0);
INSERT INTO label_name (name, id) VALUES ('Astralwerks', 3196);
INSERT INTO label (country, sortname, labelcode, name, enddate_day, begindate_day, comment, begindate_year, begindate_month, enddate_year, type, id, editpending, enddate_month, gid) VALUES (222, 3196, NULL, 3196, NULL, NULL, NULL, NULL, NULL, NULL, 4, 187, 0, NULL, '60f3af98-d6ca-4995-a9b5-b93924e2405f');
INSERT INTO label_name (name, id) VALUES ('Astralwerks Records', 3197);
INSERT INTO label_alias (name, locale, label, id, editpending) VALUES (3197, NULL, 187, 134, 0);
UPDATE label_meta SET lastupdate = NULL, ratingcount = NULL, rating = NULL WHERE id = 187;
INSERT INTO tag (refcount, name, id) VALUES (7432, 'alternative rock', 20);
INSERT INTO label_tag (count, tag, label) VALUES (1, 20, 187);
INSERT INTO label_tag (count, tag, label) VALUES (1, 748, 187);
INSERT INTO label_tag (count, tag, label) VALUES (1, 273, 187);
INSERT INTO label_tag (count, tag, label) VALUES (1, 111, 187);
INSERT INTO release_label (catno, label, release, id) VALUES ('ASW CD PRO 47610-2', 187, 8312, 2337);
INSERT INTO tracklist (trackcount, id) VALUES (0, 251555);
INSERT INTO track_name (name, id) VALUES ('Surrender', 3652309);
INSERT INTO recording (length, comment, name, artist_credit, id, editpending, gid) VALUES (269360, NULL, 3652309, 242, 2726280, 0, '9c83afdc-cd59-4d2a-b990-611b6c7c1899');
INSERT INTO puid (version, puid, id) VALUES (1, 'd95160a8-4b18-1386-f46f-5f6d3c967bf9', 554749);
INSERT INTO puid (version, puid, id) VALUES (204, 'bc8ecfc3-bde4-d81e-2262-23b36d6e5968', 3528266);
INSERT INTO recording_puid (recording, puid, id, editpending) VALUES (2726280, 38141, 49163, 0);
INSERT INTO recording_puid (recording, puid, id, editpending) VALUES (2726280, 385220, 495266, 0);
INSERT INTO recording_puid (recording, puid, id, editpending) VALUES (2726280, 554749, 713376, 0);
INSERT INTO recording_puid (recording, puid, id, editpending) VALUES (2726280, 940130, 2799397, 0);
INSERT INTO recording_puid (recording, puid, id, editpending) VALUES (2726280, 3528266, 4451144, 0);
UPDATE recording_meta SET lastupdate = '2010-06-21 21:40:20.31954+02', ratingcount = NULL, rating = NULL WHERE id = 2726280;
INSERT INTO recording_tag (count, recording, tag) VALUES (1, 2726280, 11);
INSERT INTO recording_tag (count, recording, tag) VALUES (2, 2726280, 1282);
INSERT INTO track (length, recording, name, position, artist_credit, id, tracklist, editpending) VALUES (320146, 2726271, 2575393, 1, 242, 2726271, 251555, 0);
INSERT INTO track (length, recording, name, position, artist_credit, id, tracklist, editpending) VALUES (256253, 2726272, 4146493, 2, 242, 2726272, 251555, 0);
INSERT INTO track (length, recording, name, position, artist_credit, id, tracklist, editpending) VALUES (439546, 1408789, 2835431, 3, 242, 2726273, 251555, 0);
INSERT INTO track (length, recording, name, position, artist_credit, id, tracklist, editpending) VALUES (186826, 2726274, 2814510, 4, 242, 2726274, 251555, 0);
INSERT INTO track (length, recording, name, position, artist_credit, id, tracklist, editpending) VALUES (235360, 2726275, 2207807, 5, 242, 2726275, 251555, 0);
INSERT INTO track (length, recording, name, position, artist_credit, id, tracklist, editpending) VALUES (518906, 2726276, 3941013, 6, 242, 2726276, 251555, 0);
INSERT INTO track (length, recording, name, position, artist_credit, id, tracklist, editpending) VALUES (287386, 2726277, 295918, 7, 242, 2726277, 251555, 0);
INSERT INTO track (length, recording, name, position, artist_credit, id, tracklist, editpending) VALUES (326906, 2726278, 1491289, 8, 242, 2726278, 251555, 0);
INSERT INTO track (length, recording, name, position, artist_credit, id, tracklist, editpending) VALUES (289946, 1062699, 1611600, 9, 242, 2726279, 251555, 0);
INSERT INTO track (length, recording, name, position, artist_credit, id, tracklist, editpending) VALUES (269360, 2726280, 3652309, 10, 242, 2726280, 251555, 0);
INSERT INTO track (length, recording, name, position, artist_credit, id, tracklist, editpending) VALUES (405760, 2726281, 1058383, 11, 242, 2726281, 251555, 0);
INSERT INTO medium (format, name, position, release, id, tracklist, editpending) VALUES (1, NULL, 1, 19969, 19969, 251555, 0);
INSERT INTO cdtoc (discid, leadoutoffset, degraded, trackoffset, trackcount, freedbid, id) VALUES ('ntVUGiLS__Fa__494wln20X0YnI-', 265530, '0', '{150,24147,43350,76332,90330,108057,146975,168517,193000,214787,235040}', 11, '890dd20b', 17);
INSERT INTO cdtoc (discid, leadoutoffset, degraded, trackoffset, trackcount, freedbid, id) VALUES ('I7bkQQjCp.XBo0zrwTLxLYz1vXs-', 265380, '0', '{150,24161,43380,76346,90358,108010,146928,168482,193000,214746,234948}', 11, '890dd00b', 110729);
INSERT INTO cdtoc (discid, leadoutoffset, degraded, trackoffset, trackcount, freedbid, id) VALUES ('I80AyqyKJJ7ErmcO3Ol6IvkNm6Q-', 265276, '0', '{150,24140,43339,76218,90206,107832,146742,168281,192801,214535,234708}', 11, '840dcf0b', 133905);
INSERT INTO cdtoc (discid, leadoutoffset, degraded, trackoffset, trackcount, freedbid, id) VALUES ('HBdX34kIIszmAgC0rQgA5wpm.00-', 267444, '0', '{150,24344,43701,76936,91098,109072,148147,169851,194526,216393,236740}', 11, '950deb0b', 240446);
INSERT INTO cdtoc (discid, leadoutoffset, degraded, trackoffset, trackcount, freedbid, id) VALUES ('Y0vn_rEMiqZBjcX83_H0kIhAHWI-', 265580, '0', '{150,24197,43367,76382,90380,108107,147025,168567,193050,214817,235077}', 11, '890dd30b', 322076);
INSERT INTO cdtoc (discid, leadoutoffset, degraded, trackoffset, trackcount, freedbid, id) VALUES ('IMDbh1LVwOMIWvJuREMoC1iauOY-', 265922, '0', '{150,24192,43397,76480,90490,108312,147235,168787,193310,215025,235220}', 11, '930dd70b', 340280);
INSERT INTO cdtoc (discid, leadoutoffset, degraded, trackoffset, trackcount, freedbid, id) VALUES ('AEksyBzpAWwQVR8rz2ASF984Uo4-', 266723, '0', '{150,24297,43650,76705,90853,108653,147721,169413,194046,215983,236386}', 11, '980de20b', 344827);
INSERT INTO medium_cdtoc (medium, id, cdtoc, editpending) VALUES (19969, 116336, 17, 0);
INSERT INTO medium_cdtoc (medium, id, cdtoc, editpending) VALUES (19969, 116337, 110729, 0);
INSERT INTO medium_cdtoc (medium, id, cdtoc, editpending) VALUES (19969, 116338, 133905, 0);
INSERT INTO medium_cdtoc (medium, id, cdtoc, editpending) VALUES (19969, 116339, 240446, 0);
INSERT INTO medium_cdtoc (medium, id, cdtoc, editpending) VALUES (19969, 116340, 322076, 0);
INSERT INTO medium_cdtoc (medium, id, cdtoc, editpending) VALUES (19969, 116341, 340280, 0);
INSERT INTO medium_cdtoc (medium, id, cdtoc, editpending) VALUES (19969, 116342, 344827, 0);
INSERT INTO release_label (catno, label, release, id) VALUES ('ASW47610-2', 187, 19969, 148615);
INSERT INTO medium (format, name, position, release, id, tracklist, editpending) VALUES (NULL, NULL, 1, 31689, 31689, 251555, 0);
INSERT INTO medium_cdtoc (medium, id, cdtoc, editpending) VALUES (31689, 224678, 17, 0);
INSERT INTO medium_cdtoc (medium, id, cdtoc, editpending) VALUES (31689, 224679, 110729, 0);
INSERT INTO medium_cdtoc (medium, id, cdtoc, editpending) VALUES (31689, 224680, 133905, 0);
INSERT INTO medium_cdtoc (medium, id, cdtoc, editpending) VALUES (31689, 224681, 240446, 0);
INSERT INTO medium_cdtoc (medium, id, cdtoc, editpending) VALUES (31689, 224682, 322076, 0);
INSERT INTO medium_cdtoc (medium, id, cdtoc, editpending) VALUES (31689, 224683, 340280, 0);
INSERT INTO medium_cdtoc (medium, id, cdtoc, editpending) VALUES (31689, 224684, 344827, 0);
INSERT INTO medium (format, name, position, release, id, tracklist, editpending) VALUES (1, NULL, 1, 31690, 31690, 251555, 0);
INSERT INTO medium_cdtoc (medium, id, cdtoc, editpending) VALUES (31690, 488128, 17, 0);
INSERT INTO medium_cdtoc (medium, id, cdtoc, editpending) VALUES (31690, 488129, 110729, 0);
INSERT INTO medium_cdtoc (medium, id, cdtoc, editpending) VALUES (31690, 488130, 133905, 0);
INSERT INTO medium_cdtoc (medium, id, cdtoc, editpending) VALUES (31690, 488131, 240446, 0);
INSERT INTO medium_cdtoc (medium, id, cdtoc, editpending) VALUES (31690, 488132, 322076, 0);
INSERT INTO medium_cdtoc (medium, id, cdtoc, editpending) VALUES (31690, 488133, 340280, 0);
INSERT INTO medium_cdtoc (medium, id, cdtoc, editpending) VALUES (31690, 488134, 344827, 0);
INSERT INTO label_name (name, id) VALUES ('Freestyle Dust', 15586);
INSERT INTO label (country, sortname, labelcode, name, enddate_day, begindate_day, comment, begindate_year, begindate_month, enddate_year, type, id, editpending, enddate_month, gid) VALUES (221, 15586, 3098, 15586, NULL, NULL, NULL, 1995, NULL, NULL, 4, 2988, 0, NULL, '86b88c78-b21f-4711-a43d-991d8d1db10b');
UPDATE label_meta SET lastupdate = NULL, ratingcount = NULL, rating = NULL WHERE id = 2988;
INSERT INTO release_label (catno, label, release, id) VALUES ('XDUSTCD4', 2988, 31690, 80188);
INSERT INTO medium_format (name, id, year) VALUES ('MiniDisc', 6, 1992);
INSERT INTO medium (format, name, position, release, id, tracklist, editpending) VALUES (6, NULL, 1, 278075, 278075, 251555, 0);
INSERT INTO release_label (catno, label, release, id) VALUES ('XDUSTMD4', 2988, 278075, 79705);
INSERT INTO tracklist (trackcount, id) VALUES (0, 430643);
INSERT INTO track_name (name, id) VALUES ('Hey Boy Hey Girl (extended version)', 1611607);
INSERT INTO recording (length, comment, name, artist_credit, id, editpending, gid) VALUES (364560, NULL, 1611607, 242, 4844120, 0, 'e01f42b4-7fcd-482a-81bf-5aa8b76a961d');
INSERT INTO puid (version, puid, id) VALUES (134, 'b5cf376b-fbea-3ce7-3c09-bda068bcf7ae', 953795);
INSERT INTO recording_puid (recording, puid, id, editpending) VALUES (4844120, 468493, 602887, 0);
INSERT INTO recording_puid (recording, puid, id, editpending) VALUES (4844120, 477851, 614869, 0);
INSERT INTO recording_puid (recording, puid, id, editpending) VALUES (4844120, 953795, 1207159, 0);
UPDATE recording_meta SET lastupdate = '2010-06-21 21:40:20.31954+02', ratingcount = NULL, rating = NULL WHERE id = 4844120;
INSERT INTO track_name (name, id) VALUES ('Flashback', 1311951);
INSERT INTO recording (length, comment, name, artist_credit, id, editpending, gid) VALUES (318946, NULL, 1311951, 242, 4844121, 0, '6ac6e0d3-e4ba-4cd0-8480-17771b66c3e7');
INSERT INTO puid (version, puid, id) VALUES (1, '546f444d-2397-1725-ddb0-d06e92fbf9dd', 300379);
INSERT INTO recording_puid (recording, puid, id, editpending) VALUES (4844121, 300379, 1360830, 0);
UPDATE recording_meta SET lastupdate = '2010-06-21 21:40:20.31954+02', ratingcount = NULL, rating = NULL WHERE id = 4844121;
INSERT INTO track_name (name, id) VALUES ('Power Move', 2997554);
INSERT INTO recording (length, comment, name, artist_credit, id, editpending, gid) VALUES (249493, NULL, 2997554, 242, 4844122, 0, '4f7ba3c3-a4db-4237-a035-06627152b217');
INSERT INTO puid (version, puid, id) VALUES (1, '05867184-1cc3-1fd4-aae4-fbe9a1a34a22', 24510);
INSERT INTO recording_puid (recording, puid, id, editpending) VALUES (4844122, 24510, 31551, 0);
UPDATE recording_meta SET lastupdate = '2010-06-21 21:40:20.31954+02', ratingcount = NULL, rating = NULL WHERE id = 4844122;
INSERT INTO recording_tag (count, recording, tag) VALUES (1, 4844122, 559);
INSERT INTO track_name (name, id) VALUES ('Out of Control (Sasha remix)', 2835524);
INSERT INTO recording (length, comment, name, artist_credit, id, editpending, gid) VALUES (439000, NULL, 2835524, 242, 4844123, 0, '459b1b98-9dfb-41b8-aa35-4b1c201012b3');
INSERT INTO puid (version, puid, id) VALUES (204, '26d98348-2a5a-807d-7652-be92df1683d3', 3391157);
INSERT INTO recording_puid (recording, puid, id, editpending) VALUES (4844123, 127431, 163907, 0);
INSERT INTO recording_puid (recording, puid, id, editpending) VALUES (4844123, 169703, 1535408, 0);
INSERT INTO recording_puid (recording, puid, id, editpending) VALUES (4844123, 603597, 775979, 0);
INSERT INTO recording_puid (recording, puid, id, editpending) VALUES (4844123, 3391157, 4274268, 0);
UPDATE recording_meta SET lastupdate = '2010-06-21 21:40:20.31954+02', ratingcount = NULL, rating = NULL WHERE id = 4844123;
INSERT INTO recording_tag (count, recording, tag) VALUES (1, 4844123, 559);
INSERT INTO track (length, recording, name, position, artist_credit, id, tracklist, editpending) VALUES (364560, 4844120, 1611607, 1, 242, 4844120, 430643, 0);
INSERT INTO track (length, recording, name, position, artist_credit, id, tracklist, editpending) VALUES (318946, 4844121, 1311951, 2, 242, 4844121, 430643, 0);
INSERT INTO track (length, recording, name, position, artist_credit, id, tracklist, editpending) VALUES (249493, 4844122, 2997554, 3, 242, 4844122, 430643, 0);
INSERT INTO track (length, recording, name, position, artist_credit, id, tracklist, editpending) VALUES (439000, 4844123, 2835524, 4, 242, 4844123, 430643, 0);
INSERT INTO medium (format, name, position, release, id, tracklist, editpending) VALUES (1, NULL, 1, 338506, 338506, 251555, 0);
INSERT INTO medium (format, name, position, release, id, tracklist, editpending) VALUES (1, NULL, 2, 338506, 73608, 430643, 0);
INSERT INTO medium_cdtoc (medium, id, cdtoc, editpending) VALUES (338506, 318126, 17, 0);
INSERT INTO medium_cdtoc (medium, id, cdtoc, editpending) VALUES (338506, 318127, 110729, 0);
INSERT INTO medium_cdtoc (medium, id, cdtoc, editpending) VALUES (338506, 318128, 133905, 0);
INSERT INTO medium_cdtoc (medium, id, cdtoc, editpending) VALUES (338506, 318129, 240446, 0);
INSERT INTO medium_cdtoc (medium, id, cdtoc, editpending) VALUES (338506, 318130, 322076, 0);
INSERT INTO medium_cdtoc (medium, id, cdtoc, editpending) VALUES (338506, 318131, 340280, 0);
INSERT INTO medium_cdtoc (medium, id, cdtoc, editpending) VALUES (338506, 318132, 344827, 0);
INSERT INTO label_name (name, id) VALUES ('Virgin Records Australia', 43941);
INSERT INTO label (country, sortname, labelcode, name, enddate_day, begindate_day, comment, begindate_year, begindate_month, enddate_year, type, id, editpending, enddate_month, gid) VALUES (13, 43941, NULL, 43941, NULL, NULL, NULL, NULL, NULL, NULL, NULL, 9632, 0, NULL, '42adf77e-f597-4bfe-9abd-b3e2516851e3');
UPDATE label_meta SET lastupdate = NULL, ratingcount = NULL, rating = NULL WHERE id = 9632;
INSERT INTO release_label (catno, label, release, id) VALUES ('7243 8 48849 0 1', 9632, 338506, 383287);
INSERT INTO tracklist (trackcount, id) VALUES (0, 724150);
INSERT INTO recording (length, comment, name, artist_credit, id, editpending, gid) VALUES (319000, NULL, 2575393, 242, 8106513, 0, 'd2f35e7e-40a2-43ef-8bb5-d663f89ece60');
UPDATE recording_meta SET lastupdate = '2010-06-21 21:40:20.31954+02', ratingcount = NULL, rating = NULL WHERE id = 8106513;
INSERT INTO recording (length, comment, name, artist_credit, id, editpending, gid) VALUES (256000, NULL, 4146493, 242, 8106514, 0, 'edb27a19-282f-45d8-801d-7150f6d5b03c');
UPDATE recording_meta SET lastupdate = '2010-06-21 21:40:20.31954+02', ratingcount = NULL, rating = NULL WHERE id = 8106514;
INSERT INTO recording (length, comment, name, artist_credit, id, editpending, gid) VALUES (439000, NULL, 2835431, 242, 8106515, 0, '85d192d5-22f2-4e00-bdbc-526736214dfb');
UPDATE recording_meta SET lastupdate = '2010-06-21 21:40:20.31954+02', ratingcount = NULL, rating = NULL WHERE id = 8106515;
INSERT INTO recording (length, comment, name, artist_credit, id, editpending, gid) VALUES (186000, NULL, 2814510, 242, 8106516, 0, 'fae71a78-e80c-4c99-b54c-5dbcc3229a62');
UPDATE recording_meta SET lastupdate = '2010-06-21 21:40:20.31954+02', ratingcount = NULL, rating = NULL WHERE id = 8106516;
INSERT INTO recording (length, comment, name, artist_credit, id, editpending, gid) VALUES (236000, NULL, 2207807, 242, 8106517, 0, 'eb6d914e-67b7-4e71-b405-f91631d09752');
UPDATE recording_meta SET lastupdate = '2010-06-21 21:40:20.31954+02', ratingcount = NULL, rating = NULL WHERE id = 8106517;
INSERT INTO track (length, recording, name, position, artist_credit, id, tracklist, editpending) VALUES (319000, 8106513, 2575393, 1, 242, 8106513, 724150, 0);
INSERT INTO track (length, recording, name, position, artist_credit, id, tracklist, editpending) VALUES (256000, 8106514, 4146493, 2, 242, 8106514, 724150, 0);
INSERT INTO track (length, recording, name, position, artist_credit, id, tracklist, editpending) VALUES (439000, 8106515, 2835431, 3, 242, 8106515, 724150, 0);
INSERT INTO track (length, recording, name, position, artist_credit, id, tracklist, editpending) VALUES (186000, 8106516, 2814510, 4, 242, 8106516, 724150, 0);
INSERT INTO track (length, recording, name, position, artist_credit, id, tracklist, editpending) VALUES (236000, 8106517, 2207807, 5, 242, 8106517, 724150, 0);
INSERT INTO tracklist (trackcount, id) VALUES (0, 724149);
INSERT INTO recording (length, comment, name, artist_credit, id, editpending, gid) VALUES (518000, NULL, 3941013, 242, 8106507, 0, 'a2158231-1782-4c8c-95a8-1a3822598313');
UPDATE recording_meta SET lastupdate = '2010-06-21 21:40:20.31954+02', ratingcount = NULL, rating = NULL WHERE id = 8106507;
INSERT INTO recording (length, comment, name, artist_credit, id, editpending, gid) VALUES (287000, NULL, 295918, 242, 8106508, 0, '1c070213-82c2-4df3-bead-2083439f6314');
UPDATE recording_meta SET lastupdate = '2010-06-21 21:40:20.31954+02', ratingcount = NULL, rating = NULL WHERE id = 8106508;
INSERT INTO recording (length, comment, name, artist_credit, id, editpending, gid) VALUES (326000, NULL, 1491289, 242, 8106509, 0, '9ddd8cfc-37de-4258-9975-1528e093e436');
UPDATE recording_meta SET lastupdate = '2010-06-21 21:40:20.31954+02', ratingcount = NULL, rating = NULL WHERE id = 8106509;
INSERT INTO recording (length, comment, name, artist_credit, id, editpending, gid) VALUES (290000, NULL, 1611600, 242, 8106510, 0, 'e2020511-784c-4013-8985-c263edb43b8b');
UPDATE recording_meta SET lastupdate = '2010-06-21 21:40:20.31954+02', ratingcount = NULL, rating = NULL WHERE id = 8106510;
INSERT INTO recording (length, comment, name, artist_credit, id, editpending, gid) VALUES (270000, NULL, 3652309, 242, 8106511, 0, '5b74ba85-89c4-4291-8f59-9fdf431494fc');
UPDATE recording_meta SET lastupdate = '2010-06-21 21:40:20.31954+02', ratingcount = NULL, rating = NULL WHERE id = 8106511;
INSERT INTO recording (length, comment, name, artist_credit, id, editpending, gid) VALUES (406000, NULL, 1058383, 242, 8106512, 0, 'd79b0fda-7004-45fa-86ad-ef6f2ab2b3fc');
UPDATE recording_meta SET lastupdate = '2010-06-21 21:40:20.31954+02', ratingcount = NULL, rating = NULL WHERE id = 8106512;
INSERT INTO track (length, recording, name, position, artist_credit, id, tracklist, editpending) VALUES (518000, 8106507, 3941013, 1, 242, 8106507, 724149, 0);
INSERT INTO track (length, recording, name, position, artist_credit, id, tracklist, editpending) VALUES (287000, 8106508, 295918, 2, 242, 8106508, 724149, 0);
INSERT INTO track (length, recording, name, position, artist_credit, id, tracklist, editpending) VALUES (326000, 8106509, 1491289, 3, 242, 8106509, 724149, 0);
INSERT INTO track (length, recording, name, position, artist_credit, id, tracklist, editpending) VALUES (290000, 8106510, 1611600, 4, 242, 8106510, 724149, 0);
INSERT INTO track (length, recording, name, position, artist_credit, id, tracklist, editpending) VALUES (270000, 8106511, 3652309, 5, 242, 8106511, 724149, 0);
INSERT INTO track (length, recording, name, position, artist_credit, id, tracklist, editpending) VALUES (406000, 8106512, 1058383, 6, 242, 8106512, 724149, 0);
INSERT INTO medium (format, name, position, release, id, tracklist, editpending) VALUES (7, NULL, 1, 400930, 400930, 724150, 0);
INSERT INTO medium (format, name, position, release, id, tracklist, editpending) VALUES (7, NULL, 2, 400930, 400929, 724149, 0);
INSERT INTO release_label (catno, label, release, id) VALUES ('XDUSTLP4', 2988, 400930, 195015);
UPDATE release_group_meta SET firstreleasedate_day = NULL, rating = 90, lastupdate = '2009-05-24 22:47:00.490177+02', firstreleasedate_year = 1999, ratingcount = 2, releasecount = 7, firstreleasedate_month = NULL WHERE id = 724150;
INSERT INTO tag (refcount, name, id) VALUES (1546, 'breaks', 800);
INSERT INTO tag (refcount, name, id) VALUES (2202, 'breakbeat', 590);
INSERT INTO tag (refcount, name, id) VALUES (3157, 'tech house', 1030);
INSERT INTO release_group_tag (count, release_group, tag) VALUES (4, 724150, 11);
INSERT INTO release_group_tag (count, release_group, tag) VALUES (3, 724150, 1282);
INSERT INTO release_group_tag (count, release_group, tag) VALUES (1, 724150, 800);
INSERT INTO release_group_tag (count, release_group, tag) VALUES (1, 724150, 4666);
INSERT INTO release_group_tag (count, release_group, tag) VALUES (1, 724150, 590);
INSERT INTO release_group_tag (count, release_group, tag) VALUES (2, 724150, 545);
INSERT INTO release_group_tag (count, release_group, tag) VALUES (1, 724150, 1030);
INSERT INTO release_group_tag (count, release_group, tag) VALUES (2, 724150, 34);
INSERT INTO release_name (name, id) VALUES ('Make It Hot', 362866);
INSERT INTO artist_name (name, id) VALUES ('Nicole', 556499);
INSERT INTO artist_credit (artistcount, refcount, name, id) VALUES (1, 58, 556499, 301255);
INSERT INTO artist (country, sortname, name, enddate_day, begindate_day, comment, begindate_year, begindate_month, enddate_year, type, id, editpending, gender, enddate_month, gid) VALUES (NULL, 556499, 556499, NULL, NULL, 'US R&B artist Nicole Wray, key track "Make it Hot"', 1981, 7, NULL, 1, 301255, 0, NULL, NULL, 'b389cc97-5fea-43f2-a31c-55f81426a75a');
UPDATE artist_meta SET lastupdate = NULL, ratingcount = NULL, rating = NULL WHERE id = 301255;
INSERT INTO artist_credit_name (artist, name, position, artist_credit, joinphrase) VALUES (301255, 556499, 0, 301255, NULL);
INSERT INTO release_group (comment, name, type, artist_credit, id, editpending, gid) VALUES (NULL, 362866, 3, 301255, 148670, 0, '961c672c-7a3f-30c1-9e44-4e3ab02affd5');
INSERT INTO release (date_day, status, release_group, packaging, id, quality, country, script, language, name, artist_credit, barcode, comment, date_year, date_month, gid, editpending) VALUES (15, 1, 148670, NULL, 442242, -1, 221, 28, 120, 362866, 301255, '075596382120', NULL, 1998, 6, '22dd59b1-8eb2-4769-b936-3a0ebb224228', 0);
INSERT INTO tracklist (trackcount, id) VALUES (0, 148670);
INSERT INTO track_name (name, id) VALUES ('Make It Hot (radio version)', 2366375);
INSERT INTO recording (length, comment, name, artist_credit, id, editpending, gid) VALUES (248173, NULL, 2366375, 301255, 1462891, 0, 'cbfe083f-0535-4e98-adf2-1db06ea7491f');
INSERT INTO clientversion (version, id) VALUES ('Jaikoz-1.8.0', 157);
INSERT INTO puid (version, puid, id) VALUES (157, '771dd34e-cf2d-3b55-5001-f1939cfca97e', 1758781);
INSERT INTO recording_puid (recording, puid, id, editpending) VALUES (1462891, 1758781, 2196708, 0);
UPDATE recording_meta SET lastupdate = '2010-06-21 21:40:20.31954+02', ratingcount = NULL, rating = NULL WHERE id = 1462891;
INSERT INTO track_name (name, id) VALUES ('Make It Hot (LP version)', 2366373);
INSERT INTO recording (length, comment, name, artist_credit, id, editpending, gid) VALUES (270000, NULL, 2366373, 301255, 1462892, 0, '337b7a16-648e-414a-b60c-3a99411ace6d');
UPDATE recording_meta SET lastupdate = '2010-06-21 21:40:20.31954+02', ratingcount = NULL, rating = NULL WHERE id = 1462892;
INSERT INTO track_name (name, id) VALUES ('Make It Hot (instrumental)', 2366372);
INSERT INTO recording (length, comment, name, artist_credit, id, editpending, gid) VALUES (267400, NULL, 2366372, 301255, 1462893, 0, '898c0e28-edc7-409c-8f8e-00ccd774203a');
INSERT INTO recording_puid (recording, puid, id, editpending) VALUES (1462893, 1758781, 2434035, 0);
UPDATE recording_meta SET lastupdate = '2010-06-21 21:40:20.31954+02', ratingcount = NULL, rating = NULL WHERE id = 1462893;
INSERT INTO track (length, recording, name, position, artist_credit, id, tracklist, editpending) VALUES (248173, 1462891, 2366375, 1, 301255, 1462891, 148670, 0);
INSERT INTO track (length, recording, name, position, artist_credit, id, tracklist, editpending) VALUES (270000, 1462892, 2366373, 2, 301255, 1462892, 148670, 0);
INSERT INTO track (length, recording, name, position, artist_credit, id, tracklist, editpending) VALUES (267400, 1462893, 2366372, 3, 301255, 1462893, 148670, 0);
INSERT INTO medium (format, name, position, release, id, tracklist, editpending) VALUES (1, NULL, 1, 442242, 442242, 148670, 0);
INSERT INTO cdtoc (discid, leadoutoffset, degraded, trackoffset, trackcount, freedbid, id) VALUES ('rfLLTAuy0gbQkonQKCLGabmk2MY-', 56275, '0', '{150,18727,39085}', 3, '1902ec03', 268493);
INSERT INTO medium_cdtoc (medium, id, cdtoc, editpending) VALUES (442242, 160807, 268493, 0);
INSERT INTO label_name (name, id) VALUES ('EastWest Records America', 12351);
INSERT INTO label (country, sortname, labelcode, name, enddate_day, begindate_day, comment, begindate_year, begindate_month, enddate_year, type, id, editpending, enddate_month, gid) VALUES (222, 12351, 1557, 12351, NULL, NULL, NULL, 1955, NULL, NULL, 4, 839, 0, NULL, '1b65f6a5-8214-4add-b5ad-5af191b4572c');
INSERT INTO label_name (name, id) VALUES ('EastWest', 12343);
INSERT INTO label_name (name, id) VALUES ('East West Records America', 12350);
INSERT INTO label_alias (name, locale, label, id, editpending) VALUES (12343, NULL, 839, 441, 0);
INSERT INTO label_alias (name, locale, label, id, editpending) VALUES (12350, NULL, 839, 442, 0);
UPDATE label_meta SET lastupdate = NULL, ratingcount = NULL, rating = NULL WHERE id = 839;
INSERT INTO release_label (catno, label, release, id) VALUES ('7559-63821-2', 839, 442242, 231804);
UPDATE release_group_meta SET firstreleasedate_day = 15, rating = NULL, lastupdate = '2009-05-24 22:47:00.490177+02', firstreleasedate_year = 1998, ratingcount = NULL, releasecount = 1, firstreleasedate_month = 6 WHERE id = 148670;
INSERT INTO release_name (name, id) VALUES ('Houses of the Holy', 273119);
INSERT INTO artist_name (name, id) VALUES ('Led Zeppelin', 444964);
INSERT INTO artist_credit (artistcount, refcount, name, id) VALUES (1, 9379, 444964, 388);
INSERT INTO artist (country, sortname, name, enddate_day, begindate_day, comment, begindate_year, begindate_month, enddate_year, type, id, editpending, gender, enddate_month, gid) VALUES (NULL, 444964, 444964, 25, NULL, NULL, 1968, NULL, 1980, 2, 388, 0, NULL, 9, '678d88b2-87b0-403b-b63d-5da7465aecc3');
INSERT INTO artist_name (name, id) VALUES ('Led Zep', 444962);
INSERT INTO artist_name (name, id) VALUES ('Led Zepplin', 444967);
INSERT INTO artist_name (name, id) VALUES ('Led Zepellin', 444963);
INSERT INTO artist_name (name, id) VALUES ('Led Zepplelin', 444966);
INSERT INTO artist_name (name, id) VALUES ('LZ', 473736);
INSERT INTO artist_name (name, id) VALUES ('レッド・ツェッペリン', 6305);
INSERT INTO artist_name (name, id) VALUES ('Bootleg Zeppelin', 98449);
INSERT INTO artist_alias (artist, name, locale, id, editpending) VALUES (388, 444962, NULL, 415, 0);
INSERT INTO artist_alias (artist, name, locale, id, editpending) VALUES (388, 444967, NULL, 756, 0);
INSERT INTO artist_alias (artist, name, locale, id, editpending) VALUES (388, 444963, NULL, 757, 0);
INSERT INTO artist_alias (artist, name, locale, id, editpending) VALUES (388, 444966, NULL, 4509, 0);
INSERT INTO artist_alias (artist, name, locale, id, editpending) VALUES (388, 473736, NULL, 23287, 0);
INSERT INTO artist_alias (artist, name, locale, id, editpending) VALUES (388, 6305, NULL, 23659, 0);
INSERT INTO artist_alias (artist, name, locale, id, editpending) VALUES (388, 98449, NULL, 27562, 0);
UPDATE artist_meta SET lastupdate = '2008-11-24 23:16:44.339332+01', ratingcount = 18, rating = 93 WHERE id = 388;
INSERT INTO tag (refcount, name, id) VALUES (5308, 'hard rock', 271);
INSERT INTO tag (refcount, name, id) VALUES (58929, 'rock', 7);
INSERT INTO tag (refcount, name, id) VALUES (2798, 'folk rock', 343);
INSERT INTO tag (refcount, name, id) VALUES (3195, 'heavy metal', 43);
INSERT INTO tag (refcount, name, id) VALUES (911, 'blues rock', 712);
INSERT INTO tag (refcount, name, id) VALUES (2010, 'classic pop and rock', 4663);
INSERT INTO tag (refcount, name, id) VALUES (2467, 'classic rock', 987);
INSERT INTO tag (refcount, name, id) VALUES (5919, 'folk', 75);
INSERT INTO artist_tag (count, artist, tag) VALUES (5, 388, 271);
INSERT INTO artist_tag (count, artist, tag) VALUES (4, 388, 7);
INSERT INTO artist_tag (count, artist, tag) VALUES (1, 388, 343);
INSERT INTO artist_tag (count, artist, tag) VALUES (1, 388, 43);
INSERT INTO artist_tag (count, artist, tag) VALUES (1, 388, 92);
INSERT INTO artist_tag (count, artist, tag) VALUES (3, 388, 171);
INSERT INTO artist_tag (count, artist, tag) VALUES (3, 388, 712);
INSERT INTO artist_tag (count, artist, tag) VALUES (1, 388, 1391);
INSERT INTO artist_tag (count, artist, tag) VALUES (1, 388, 4663);
INSERT INTO artist_tag (count, artist, tag) VALUES (1, 388, 237);
INSERT INTO artist_tag (count, artist, tag) VALUES (1, 388, 987);
INSERT INTO artist_tag (count, artist, tag) VALUES (1, 388, 75);
INSERT INTO artist_credit_name (artist, name, position, artist_credit, joinphrase) VALUES (388, 444964, 0, 388, NULL);
INSERT INTO release_group (comment, name, type, artist_credit, id, editpending, gid) VALUES (NULL, 273119, 2, 388, 18759, 0, '9b5006e5-b276-3a05-bcdd-8d986842320b');
INSERT INTO country (isocode, name, id) VALUES ('XE', 'Europe', 241);
INSERT INTO country (isocode, name, id) VALUES ('DE', 'Germany', 81);
INSERT INTO release (date_day, status, release_group, packaging, id, quality, country, script, language, name, artist_credit, barcode, comment, date_year, date_month, gid, editpending) VALUES (28, 1, 18759, NULL, 12998, -1, 222, 28, 120, 273119, 388, NULL, NULL, 1973, 3, '3ccb4cb2-940a-4e2e-b1fd-4c0b7483280f', 0);
INSERT INTO release (date_day, status, release_group, packaging, id, quality, country, script, language, name, artist_credit, barcode, comment, date_year, date_month, gid, editpending) VALUES (19, 1, 18759, NULL, 278984, -1, 222, 28, 120, 273119, 388, '075678263927', NULL, 1994, 7, 'cdcc97e5-60d8-3768-b36b-4b1a79ae0bb3', 0);
INSERT INTO release (date_day, status, release_group, packaging, id, quality, country, script, language, name, artist_credit, barcode, comment, date_year, date_month, gid, editpending) VALUES (NULL, 1, 18759, NULL, 441328, -1, 107, 28, 120, 273119, 388, NULL, NULL, 2008, 9, '827e1e04-da94-310a-b0a2-aa9e891fb6b3', 0);
INSERT INTO release (date_day, status, release_group, packaging, id, quality, country, script, language, name, artist_credit, barcode, comment, date_year, date_month, gid, editpending) VALUES (NULL, 1, 18759, NULL, 479654, -1, NULL, 28, 120, 273119, 388, '07567815292', NULL, 1987, NULL, '938cef50-de9a-3ced-a1fe-bdfbd3bc4315', 0);
INSERT INTO release (date_day, status, release_group, packaging, id, quality, country, script, language, name, artist_credit, barcode, comment, date_year, date_month, gid, editpending) VALUES (NULL, 1, 18759, NULL, 513103, -1, 241, 28, 120, 273119, 388, NULL, NULL, 1994, 7, 'a6c0e878-9035-3c50-9ee5-d06a97648a1c', 0);
INSERT INTO release (date_day, status, release_group, packaging, id, quality, country, script, language, name, artist_credit, barcode, comment, date_year, date_month, gid, editpending) VALUES (NULL, 1, 18759, NULL, 523041, -1, 222, 28, 120, 273119, 388, NULL, NULL, 2000, NULL, '3d29a558-15fa-311c-8af7-c2eb86246518', 0);
INSERT INTO release (date_day, status, release_group, packaging, id, quality, country, script, language, name, artist_credit, barcode, comment, date_year, date_month, gid, editpending) VALUES (7, 1, 18759, NULL, 553372, -1, 81, 28, 120, 273119, 388, '081227990466', NULL, 2008, 11, '7ba78608-e191-3a45-8797-baa54d058781', 0);
INSERT INTO release (date_day, status, release_group, packaging, id, quality, country, script, language, name, artist_credit, barcode, comment, date_year, date_month, gid, editpending) VALUES (NULL, 1, 18759, NULL, 601118, -1, 241, 28, 120, 273119, 388, '075678263927', NULL, 1994, 7, 'ce09a8d2-2e5b-3e6c-80ed-094da1a788ff', 0);
INSERT INTO release (date_day, status, release_group, packaging, id, quality, country, script, language, name, artist_credit, barcode, comment, date_year, date_month, gid, editpending) VALUES (NULL, 1, 18759, NULL, 630918, -1, 222, 28, 120, 273119, 388, NULL, NULL, NULL, NULL, '10dd792c-567e-3cea-9046-f640116f92c5', 0);
INSERT INTO release (date_day, status, release_group, packaging, id, quality, country, script, language, name, artist_credit, barcode, comment, date_year, date_month, gid, editpending) VALUES (NULL, 1, 18759, NULL, 630919, -1, 241, 28, 120, 273119, 388, NULL, NULL, NULL, NULL, '8be70056-0bfe-3a48-9e02-a22a17feaa28', 0);
INSERT INTO tracklist (trackcount, id) VALUES (0, 18759);
INSERT INTO track_name (name, id) VALUES ('The Song Remains the Same', 3933214);
INSERT INTO recording (length, comment, name, artist_credit, id, editpending, gid) VALUES (329600, NULL, 3933214, 388, 160074, 0, '0d16494f-2ba4-4f4f-adf9-ae1f3ee1673d');
INSERT INTO puid (version, puid, id) VALUES (1, '0388d5f2-cca6-5e7c-2c33-0ab665824cc6', 15713);
INSERT INTO puid (version, puid, id) VALUES (1, '2852edf4-19ad-0572-85c8-5d85678a11eb', 176685);
INSERT INTO puid (version, puid, id) VALUES (1, '31bd2e96-e106-802f-8029-2bf790e056b9', 217514);
INSERT INTO puid (version, puid, id) VALUES (1, '464675ec-0bed-cdae-221f-2c5a616d109d', 273186);
INSERT INTO puid (version, puid, id) VALUES (1, '7e334d81-b9d6-3127-d853-cfa83e6b1076', 380269);
INSERT INTO puid (version, puid, id) VALUES (1, 'd455cd92-42a1-d850-b5d2-8551b98fb378', 545326);
INSERT INTO puid (version, puid, id) VALUES (1, 'd8f8d03c-267a-0275-6a8f-6e9e26bd4e97', 554127);
INSERT INTO puid (version, puid, id) VALUES (140, 'aac77817-f2de-79c8-80ed-16af2e878aa7', 1245793);
INSERT INTO puid (version, puid, id) VALUES (140, 'a2a3a555-5e14-021c-5bcf-27d0de770137', 1969316);
INSERT INTO puid (version, puid, id) VALUES (181, 'a7fec310-6671-eeaf-6ba7-9b913fe636a0', 2146827);
INSERT INTO puid (version, puid, id) VALUES (140, 'e4222d4b-ac7c-8b6d-cff7-9a1bd9c7f7b7', 2292057);
INSERT INTO clientversion (version, id) VALUES ('Jaikoz-2.1.0', 186);
INSERT INTO puid (version, puid, id) VALUES (186, '1ada02bf-4186-f155-3809-6a735a1c9d1a', 2408682);
INSERT INTO puid (version, puid, id) VALUES (188, '97f522d1-b73b-9df5-e5ee-0105626cbad9', 2678446);
INSERT INTO clientversion (version, id) VALUES ('AddPUIDtoMB', 190);
INSERT INTO puid (version, puid, id) VALUES (190, 'f2b55157-7247-7dd0-842c-436132138399', 2715084);
INSERT INTO puid (version, puid, id) VALUES (194, 'd126e20c-06cf-ebc8-533b-37adcae538cb', 3146277);
INSERT INTO puid (version, puid, id) VALUES (204, '34fb3dc8-8417-711e-c790-e5f42d3e773d', 3432476);
INSERT INTO puid (version, puid, id) VALUES (204, '50510179-373d-8a36-ae19-a14f315d8732', 3657705);
INSERT INTO puid (version, puid, id) VALUES (204, 'd114be45-3dc6-5a1f-c757-a356d10ad3b0', 3813829);
INSERT INTO puid (version, puid, id) VALUES (246, 'c710eaf0-7a03-38d2-574a-4be1c8d2f8d2', 4328760);
INSERT INTO recording_puid (recording, puid, id, editpending) VALUES (160074, 15713, 20242, 0);
INSERT INTO recording_puid (recording, puid, id, editpending) VALUES (160074, 176685, 227508, 0);
INSERT INTO recording_puid (recording, puid, id, editpending) VALUES (160074, 217514, 2691310, 0);
INSERT INTO recording_puid (recording, puid, id, editpending) VALUES (160074, 273186, 351474, 0);
INSERT INTO recording_puid (recording, puid, id, editpending) VALUES (160074, 380269, 488873, 0);
INSERT INTO recording_puid (recording, puid, id, editpending) VALUES (160074, 545326, 701232, 0);
INSERT INTO recording_puid (recording, puid, id, editpending) VALUES (160074, 554127, 2407093, 0);
INSERT INTO recording_puid (recording, puid, id, editpending) VALUES (160074, 1245793, 2673427, 0);
INSERT INTO recording_puid (recording, puid, id, editpending) VALUES (160074, 1969316, 2458271, 0);
INSERT INTO recording_puid (recording, puid, id, editpending) VALUES (160074, 2146827, 2680069, 0);
INSERT INTO recording_puid (recording, puid, id, editpending) VALUES (160074, 2292057, 2995665, 0);
INSERT INTO recording_puid (recording, puid, id, editpending) VALUES (160074, 2408682, 3009571, 0);
INSERT INTO recording_puid (recording, puid, id, editpending) VALUES (160074, 2678446, 3348501, 0);
INSERT INTO recording_puid (recording, puid, id, editpending) VALUES (160074, 2715084, 3398884, 0);
INSERT INTO recording_puid (recording, puid, id, editpending) VALUES (160074, 3146277, 3951292, 0);
INSERT INTO recording_puid (recording, puid, id, editpending) VALUES (160074, 3432476, 4327395, 0);
INSERT INTO recording_puid (recording, puid, id, editpending) VALUES (160074, 3657705, 4621756, 0);
INSERT INTO recording_puid (recording, puid, id, editpending) VALUES (160074, 3813829, 4821897, 0);
INSERT INTO recording_puid (recording, puid, id, editpending) VALUES (160074, 4328760, 5472195, 0);
INSERT INTO isrc (source, recording, isrc, id, editpending) VALUES (0, 160074, 'USAT20703876', 30027, 0);
INSERT INTO isrc (source, recording, isrc, id, editpending) VALUES (0, 160074, 'USAT29900437', 21543, 0);
UPDATE recording_meta SET lastupdate = '2010-06-21 21:40:20.31954+02', ratingcount = 2, rating = 60 WHERE id = 160074;
INSERT INTO tag (refcount, name, id) VALUES (96, 'drsaunde', 344);
INSERT INTO recording_tag (count, recording, tag) VALUES (2, 160074, 7);
INSERT INTO recording_tag (count, recording, tag) VALUES (1, 160074, 271);
INSERT INTO recording_tag (count, recording, tag) VALUES (1, 160074, 344);
INSERT INTO recording_tag (count, recording, tag) VALUES (1, 160074, 987);
INSERT INTO track_name (name, id) VALUES ('The Rain Song', 3906353);
INSERT INTO recording (length, comment, name, artist_credit, id, editpending, gid) VALUES (459266, NULL, 3906353, 388, 162921, 0, 'ff650e55-0136-4bb5-bbe5-dc429edae5c5');
INSERT INTO puid (version, puid, id) VALUES (1, '071e0995-4237-d6a4-46d1-2b169cb8d32e', 31409);
INSERT INTO puid (version, puid, id) VALUES (1, '1876684d-d9d6-399c-152c-5299587575c7', 107519);
INSERT INTO puid (version, puid, id) VALUES (1, '26151966-0003-3b4e-f520-e17f639e938a', 167055);
INSERT INTO puid (version, puid, id) VALUES (1, '46126433-175b-d96d-a558-7bb932544e22', 272834);
INSERT INTO puid (version, puid, id) VALUES (1, '5c75e8fe-db6e-139e-5df6-4bb3f0ad6a89', 315668);
INSERT INTO puid (version, puid, id) VALUES (1, '8db31c44-34b7-39a0-57d3-07ca90e12bd1', 410174);
INSERT INTO puid (version, puid, id) VALUES (1, 'f556dbf8-af35-d7eb-9c3d-d07a5ce37c69', 608210);
INSERT INTO puid (version, puid, id) VALUES (181, '8ffd52dc-19ed-cb65-2350-ab8bf18d676b', 2217874);
INSERT INTO puid (version, puid, id) VALUES (181, '2c05df87-f1f3-0bcd-2a91-35e2494218a4', 2254769);
INSERT INTO puid (version, puid, id) VALUES (186, 'e78a5d2f-6aa1-5139-6d55-d8cd06e6db3e', 2368290);
INSERT INTO puid (version, puid, id) VALUES (188, 'b7398467-65f2-420d-ab5d-48612633e3f2', 2479290);
INSERT INTO puid (version, puid, id) VALUES (186, 'e3c68712-3460-2d7a-d894-a6ffac35d20e', 2657933);
INSERT INTO puid (version, puid, id) VALUES (194, '523284a0-39b8-d2e9-25f8-f162f7afa490', 3193334);
INSERT INTO puid (version, puid, id) VALUES (204, 'ca960485-ddfc-ce09-3365-279ec72d2450', 3402965);
INSERT INTO recording_puid (recording, puid, id, editpending) VALUES (162921, 31409, 1068534, 0);
INSERT INTO recording_puid (recording, puid, id, editpending) VALUES (162921, 107519, 138292, 0);
INSERT INTO recording_puid (recording, puid, id, editpending) VALUES (162921, 167055, 215179, 0);
INSERT INTO recording_puid (recording, puid, id, editpending) VALUES (162921, 272834, 351045, 0);
INSERT INTO recording_puid (recording, puid, id, editpending) VALUES (162921, 315668, 406124, 0);
INSERT INTO recording_puid (recording, puid, id, editpending) VALUES (162921, 410174, 527501, 0);
INSERT INTO recording_puid (recording, puid, id, editpending) VALUES (162921, 608210, 781842, 0);
INSERT INTO recording_puid (recording, puid, id, editpending) VALUES (162921, 2217874, 2768334, 0);
INSERT INTO recording_puid (recording, puid, id, editpending) VALUES (162921, 2254769, 2815236, 0);
INSERT INTO recording_puid (recording, puid, id, editpending) VALUES (162921, 2368290, 2957902, 0);
INSERT INTO recording_puid (recording, puid, id, editpending) VALUES (162921, 2479290, 3098015, 0);
INSERT INTO recording_puid (recording, puid, id, editpending) VALUES (162921, 2657933, 3398879, 0);
INSERT INTO recording_puid (recording, puid, id, editpending) VALUES (162921, 3193334, 4011916, 0);
INSERT INTO recording_puid (recording, puid, id, editpending) VALUES (162921, 3402965, 4289289, 0);
UPDATE recording_meta SET lastupdate = '2010-06-21 21:40:20.31954+02', ratingcount = 1, rating = 40 WHERE id = 162921;
INSERT INTO recording_tag (count, recording, tag) VALUES (1, 162921, 7);
INSERT INTO recording_tag (count, recording, tag) VALUES (3, 162921, 271);
INSERT INTO recording_tag (count, recording, tag) VALUES (1, 162921, 987);
INSERT INTO track_name (name, id) VALUES ('Over the Hills and Far Away', 2843610);
INSERT INTO recording (length, comment, name, artist_credit, id, editpending, gid) VALUES (290000, NULL, 2843610, 388, 162922, 0, '7a80bc16-c327-4bcb-92c0-a880fbbc8bf6');
INSERT INTO puid (version, puid, id) VALUES (1, '4bd0c76d-bd6a-4dde-a00d-d3fbc00031e0', 283849);
INSERT INTO puid (version, puid, id) VALUES (1, '4c2756a6-67d4-e82e-d884-d50535d59a74', 284492);
INSERT INTO puid (version, puid, id) VALUES (1, '87f44256-9ac8-8119-c170-217b2fe48084', 399039);
INSERT INTO puid (version, puid, id) VALUES (1, 'a48481c4-3b17-e986-c9e9-f514c9ac7b58', 453589);
INSERT INTO puid (version, puid, id) VALUES (1, 'a7be16da-58fe-0e31-93c7-2177da315ac9', 459675);
INSERT INTO puid (version, puid, id) VALUES (1, 'cddd3577-f952-a407-f3dc-6ea785598ec1', 532795);
INSERT INTO clientversion (version, id) VALUES ('Jaikoz-1.11.1', 176);
INSERT INTO puid (version, puid, id) VALUES (176, 'b17df391-ade2-5f57-e870-4af839dd98d7', 1991650);
INSERT INTO puid (version, puid, id) VALUES (140, '10db7b9b-464b-951f-7402-3112a30cdde8', 2322510);
INSERT INTO puid (version, puid, id) VALUES (186, '1c766de4-bd7c-7035-637c-fb536c5779c8', 2657934);
INSERT INTO puid (version, puid, id) VALUES (194, 'e4376ffe-67d5-248a-9afe-b3d3d93d1dec', 3146278);
INSERT INTO puid (version, puid, id) VALUES (204, '81488555-93db-b1a2-a1d2-484f9102796a', 3386061);
INSERT INTO puid (version, puid, id) VALUES (204, 'fe4ed113-1348-ce54-38b2-06aef4232db8', 3403092);
INSERT INTO puid (version, puid, id) VALUES (204, '20d15cce-8a54-394d-d045-9caeaa321b98', 3803389);
INSERT INTO puid (version, puid, id) VALUES (246, 'd4a07d03-b04a-04d9-fb79-5c60b2f7edcd', 4339124);
INSERT INTO recording_puid (recording, puid, id, editpending) VALUES (162922, 283849, 365466, 0);
INSERT INTO recording_puid (recording, puid, id, editpending) VALUES (162922, 284492, 366282, 0);
INSERT INTO recording_puid (recording, puid, id, editpending) VALUES (162922, 399039, 513229, 0);
INSERT INTO recording_puid (recording, puid, id, editpending) VALUES (162922, 453589, 583675, 0);
INSERT INTO recording_puid (recording, puid, id, editpending) VALUES (162922, 459675, 591487, 0);
INSERT INTO recording_puid (recording, puid, id, editpending) VALUES (162922, 532795, 685200, 0);
INSERT INTO recording_puid (recording, puid, id, editpending) VALUES (162922, 1991650, 2485428, 0);
INSERT INTO recording_puid (recording, puid, id, editpending) VALUES (162922, 2322510, 2900351, 0);
INSERT INTO recording_puid (recording, puid, id, editpending) VALUES (162922, 2657934, 3321178, 0);
INSERT INTO recording_puid (recording, puid, id, editpending) VALUES (162922, 3146278, 3951293, 0);
INSERT INTO recording_puid (recording, puid, id, editpending) VALUES (162922, 3386061, 4267584, 0);
INSERT INTO recording_puid (recording, puid, id, editpending) VALUES (162922, 3403092, 4289416, 0);
INSERT INTO recording_puid (recording, puid, id, editpending) VALUES (162922, 3803389, 4809807, 0);
INSERT INTO recording_puid (recording, puid, id, editpending) VALUES (162922, 4339124, 5486519, 0);
UPDATE recording_meta SET lastupdate = '2010-06-21 21:40:20.31954+02', ratingcount = NULL, rating = NULL WHERE id = 162922;
INSERT INTO recording_tag (count, recording, tag) VALUES (2, 162922, 271);
INSERT INTO track_name (name, id) VALUES ('The Crunge', 3803441);
INSERT INTO recording (length, comment, name, artist_credit, id, editpending, gid) VALUES (197266, NULL, 3803441, 388, 162923, 0, '8b8216e5-137b-4ebd-a94f-a29fb7a3f014');
INSERT INTO puid (version, puid, id) VALUES (1, '15c019a1-81c4-95f6-ba79-f6de50d77739', 95695);
INSERT INTO puid (version, puid, id) VALUES (1, '2a2287ec-c0e7-68f8-adb7-5f4893e0d359', 184468);
INSERT INTO puid (version, puid, id) VALUES (1, '337f9742-155a-f1ff-59c7-e9651a043638', 225130);
INSERT INTO puid (version, puid, id) VALUES (1, '6751d529-002a-eb9c-da57-970c37226d26', 336512);
INSERT INTO puid (version, puid, id) VALUES (129, '9de62d89-0e39-cd56-b4aa-1fb107494a72', 645207);
INSERT INTO puid (version, puid, id) VALUES (131, '3cbd8f45-6527-7c6c-e55a-7fd395d46c6b', 750750);
INSERT INTO puid (version, puid, id) VALUES (140, '4c3622a4-14a3-2e0d-ecd4-86d0203a5bf2', 1969315);
INSERT INTO clientversion (version, id) VALUES ('Jaikoz-1.12', 178);
INSERT INTO puid (version, puid, id) VALUES (178, '0dd53dcc-f94b-2075-78a7-c9ecec75f65d', 2086935);
INSERT INTO puid (version, puid, id) VALUES (186, '288b3108-846e-afb4-d105-e9fccdff298f', 2429832);
INSERT INTO puid (version, puid, id) VALUES (190, '08c4b2ef-fa23-4540-e74b-b3490c95353a', 2715136);
INSERT INTO puid (version, puid, id) VALUES (204, '916e6b29-555a-4567-1224-653029f28f5c', 3104038);
INSERT INTO puid (version, puid, id) VALUES (204, 'a155d092-4a04-1fe6-7c52-db97558a6012', 3909758);
INSERT INTO puid (version, puid, id) VALUES (246, '1da23f38-3413-b0e9-1107-1c375b739a19', 4339125);
INSERT INTO recording_puid (recording, puid, id, editpending) VALUES (162923, 95695, 123261, 0);
INSERT INTO recording_puid (recording, puid, id, editpending) VALUES (162923, 184468, 237589, 0);
INSERT INTO recording_puid (recording, puid, id, editpending) VALUES (162923, 225130, 289599, 0);
INSERT INTO recording_puid (recording, puid, id, editpending) VALUES (162923, 336512, 432882, 0);
INSERT INTO recording_puid (recording, puid, id, editpending) VALUES (162923, 645207, 831321, 0);
INSERT INTO recording_puid (recording, puid, id, editpending) VALUES (162923, 750750, 956141, 0);
INSERT INTO recording_puid (recording, puid, id, editpending) VALUES (162923, 1969315, 2458270, 0);
INSERT INTO recording_puid (recording, puid, id, editpending) VALUES (162923, 2086935, 2606661, 0);
INSERT INTO recording_puid (recording, puid, id, editpending) VALUES (162923, 2429832, 3036420, 0);
INSERT INTO recording_puid (recording, puid, id, editpending) VALUES (162923, 2715136, 3398939, 0);
INSERT INTO recording_puid (recording, puid, id, editpending) VALUES (162923, 3104038, 3897172, 0);
INSERT INTO recording_puid (recording, puid, id, editpending) VALUES (162923, 3909758, 4939030, 0);
INSERT INTO recording_puid (recording, puid, id, editpending) VALUES (162923, 4339125, 5486520, 0);
UPDATE recording_meta SET lastupdate = '2010-06-21 21:40:20.31954+02', ratingcount = NULL, rating = NULL WHERE id = 162923;
INSERT INTO recording_tag (count, recording, tag) VALUES (1, 162923, 7);
INSERT INTO recording_tag (count, recording, tag) VALUES (1, 162923, 271);
INSERT INTO track_name (name, id) VALUES ('Dancing Days', 855488);
INSERT INTO recording (length, comment, name, artist_credit, id, editpending, gid) VALUES (223173, NULL, 855488, 388, 162924, 0, 'f6603ffa-54c7-4e5b-a744-70a13a1c9dc3');
INSERT INTO puid (version, puid, id) VALUES (1, '06b0bd7e-dc4e-ffbb-e313-3c771d9330b5', 29630);
INSERT INTO puid (version, puid, id) VALUES (1, '139afd6f-3abd-48ba-d162-19e24844499d', 86221);
INSERT INTO puid (version, puid, id) VALUES (1, '4c277456-8227-89ac-433f-ab170458bb77', 284496);
INSERT INTO puid (version, puid, id) VALUES (1, '6d694a3e-9182-dede-ec13-d2410ddc7373', 348189);
INSERT INTO puid (version, puid, id) VALUES (1, '86885c46-90c4-0a3e-e2ff-77f5fed31908', 396323);
INSERT INTO puid (version, puid, id) VALUES (1, 'ba33ecb7-de1e-c369-f122-f3e945fd3452', 495155);
INSERT INTO puid (version, puid, id) VALUES (1, 'ec226292-3f1b-9eee-a69e-8dee2a635f74', 590713);
INSERT INTO puid (version, puid, id) VALUES (140, '5300c9eb-1eca-f6eb-df70-3683daa4b1ba', 1317031);
INSERT INTO puid (version, puid, id) VALUES (140, 'be227bff-bf09-b9b2-a8d7-95b62b9ed92f', 1515978);
INSERT INTO puid (version, puid, id) VALUES (140, '9660fe85-ba2c-d9d9-2eaf-315c922935ec', 1697251);
INSERT INTO clientversion (version, id) VALUES ('MusicBrainz Picard-0.9.0alpha8', 156);
INSERT INTO puid (version, puid, id) VALUES (156, 'dbde8470-cf45-9d0a-b1e2-8456d5cc78b4', 1698595);
INSERT INTO clientversion (version, id) VALUES ('Jaikoz-1.10', 170);
INSERT INTO puid (version, puid, id) VALUES (170, '46eb2abc-1210-556e-f862-be3003c2b3ff', 1921106);
INSERT INTO puid (version, puid, id) VALUES (140, '21be72b3-4779-032a-20e0-bc4c0daf07f7', 1969317);
INSERT INTO puid (version, puid, id) VALUES (140, '36a45d07-91e8-2d9f-77c8-3ff147e42932', 2192425);
INSERT INTO puid (version, puid, id) VALUES (181, 'e9fac299-6e3f-9b03-4ac2-929cfd3f3869', 2217875);
INSERT INTO puid (version, puid, id) VALUES (188, '6bf21377-e830-f812-587a-db7fc5bd1ca8', 2359232);
INSERT INTO puid (version, puid, id) VALUES (188, 'eb89b58f-9bba-a6e9-e4e8-47fc3fcf81e0', 2507583);
INSERT INTO puid (version, puid, id) VALUES (188, '214b0640-84bc-e994-c298-7e2dcd551297', 2742561);
INSERT INTO puid (version, puid, id) VALUES (188, 'c1a1ffe9-b41c-09e2-76d3-a1582992cbd2', 2745411);
INSERT INTO clientversion (version, id) VALUES ('Jaikoz-2.6.1', 199);
INSERT INTO puid (version, puid, id) VALUES (199, '3dd8725e-45af-b316-350e-0e2b37756128', 2976583);
INSERT INTO puid (version, puid, id) VALUES (194, 'e7665558-219e-d6a4-09a5-15c91ef06957', 3285717);
INSERT INTO puid (version, puid, id) VALUES (204, '7c4a9fbc-b87f-74d1-c3bf-543ae1664e21', 3403085);
INSERT INTO recording_puid (recording, puid, id, editpending) VALUES (162924, 29630, 38095, 0);
INSERT INTO recording_puid (recording, puid, id, editpending) VALUES (162924, 86221, 111160, 0);
INSERT INTO recording_puid (recording, puid, id, editpending) VALUES (162924, 284496, 366286, 0);
INSERT INTO recording_puid (recording, puid, id, editpending) VALUES (162924, 348189, 447977, 0);
INSERT INTO recording_puid (recording, puid, id, editpending) VALUES (162924, 396323, 509761, 0);
INSERT INTO recording_puid (recording, puid, id, editpending) VALUES (162924, 495155, 637180, 0);
INSERT INTO recording_puid (recording, puid, id, editpending) VALUES (162924, 590713, 759509, 0);
INSERT INTO recording_puid (recording, puid, id, editpending) VALUES (162924, 1317031, 1651178, 0);
INSERT INTO recording_puid (recording, puid, id, editpending) VALUES (162924, 1515978, 1897417, 0);
INSERT INTO recording_puid (recording, puid, id, editpending) VALUES (162924, 1697251, 2119002, 0);
INSERT INTO recording_puid (recording, puid, id, editpending) VALUES (162924, 1698595, 2120709, 0);
INSERT INTO recording_puid (recording, puid, id, editpending) VALUES (162924, 1921106, 2397376, 0);
INSERT INTO recording_puid (recording, puid, id, editpending) VALUES (162924, 1969317, 2458272, 0);
INSERT INTO recording_puid (recording, puid, id, editpending) VALUES (162924, 2192425, 2735966, 0);
INSERT INTO recording_puid (recording, puid, id, editpending) VALUES (162924, 2217875, 2768335, 0);
INSERT INTO recording_puid (recording, puid, id, editpending) VALUES (162924, 2359232, 2946590, 0);
INSERT INTO recording_puid (recording, puid, id, editpending) VALUES (162924, 2507583, 3133421, 0);
INSERT INTO recording_puid (recording, puid, id, editpending) VALUES (162924, 2742561, 3434029, 0);
INSERT INTO recording_puid (recording, puid, id, editpending) VALUES (162924, 2745411, 3437715, 0);
INSERT INTO recording_puid (recording, puid, id, editpending) VALUES (162924, 2976583, 3736335, 0);
INSERT INTO recording_puid (recording, puid, id, editpending) VALUES (162924, 3285717, 4134550, 0);
INSERT INTO recording_puid (recording, puid, id, editpending) VALUES (162924, 3403085, 4289409, 0);
UPDATE recording_meta SET lastupdate = '2010-06-21 21:40:20.31954+02', ratingcount = 1, rating = 60 WHERE id = 162924;
INSERT INTO recording_tag (count, recording, tag) VALUES (2, 162924, 271);
INSERT INTO track_name (name, id) VALUES ('D''yer Mak''er', 1090628);
INSERT INTO recording (length, comment, name, artist_credit, id, editpending, gid) VALUES (262626, NULL, 1090628, 388, 162925, 0, '5483d397-985a-448b-817e-d6d6f32cb79b');
INSERT INTO puid (version, puid, id) VALUES (1, '0e0dffb5-305e-738e-6ac3-b9b5704b3fcd', 62130);
INSERT INTO puid (version, puid, id) VALUES (1, '16431b2b-98e5-b7fd-98d8-30ac6886435e', 97890);
INSERT INTO puid (version, puid, id) VALUES (1, '1bedb9af-53a6-1c42-c316-36df476be63b', 122742);
INSERT INTO puid (version, puid, id) VALUES (1, '261b85e7-4f4c-919f-9325-1bc9918d2510', 167148);
INSERT INTO puid (version, puid, id) VALUES (1, '29a71c5a-4388-8e38-efa7-1d3cbf002de7', 182507);
INSERT INTO puid (version, puid, id) VALUES (1, '35af2a00-06b9-24de-8dcb-1dac7cf2a788', 234616);
INSERT INTO puid (version, puid, id) VALUES (1, '3e5f106b-d846-d44d-fbc9-c49a8569c574', 258067);
INSERT INTO puid (version, puid, id) VALUES (1, '46d3d9ab-b2e9-ffa9-3d94-f28c19d21b64', 274294);
INSERT INTO puid (version, puid, id) VALUES (1, 'bee4ff0f-1aba-d6a9-ca7b-7d103d720bea', 504168);
INSERT INTO puid (version, puid, id) VALUES (1, 'c2dd22c9-bab4-da59-fbfc-3e0c6a157e86', 511731);
INSERT INTO puid (version, puid, id) VALUES (1, 'dd921ab5-6801-9ba5-a3c9-f3edf3b47876', 562650);
INSERT INTO puid (version, puid, id) VALUES (131, '55c550bb-ec3d-5cba-f607-354d669d8897', 797957);
INSERT INTO puid (version, puid, id) VALUES (131, 'd78f9641-7ca3-5792-735d-404117fe5c3a', 833970);
INSERT INTO puid (version, puid, id) VALUES (134, '4c270ced-5d79-cf5d-f1d9-d641445ee661', 874291);
INSERT INTO puid (version, puid, id) VALUES (140, '370a1d16-251d-c9cd-0174-4ac17dcf4b1b', 1716369);
INSERT INTO puid (version, puid, id) VALUES (140, '22cf3c31-632a-728d-1bb8-662f5f245937', 1763375);
INSERT INTO puid (version, puid, id) VALUES (140, '627ddce2-2ef9-056d-db2d-4ac808102be6', 1802402);
INSERT INTO puid (version, puid, id) VALUES (176, 'a5dd0916-0f10-7757-c0a5-67fcfae45052', 1991407);
INSERT INTO puid (version, puid, id) VALUES (176, 'a9704b76-0494-84b2-2074-a9c15b47bf96', 1991408);
INSERT INTO puid (version, puid, id) VALUES (140, 'b295d35a-6c9d-a351-2ef6-55aec0cc93ce', 2155682);
INSERT INTO puid (version, puid, id) VALUES (140, '551da07b-fddc-1133-03e0-b616c2940e41', 2192426);
INSERT INTO puid (version, puid, id) VALUES (140, '19061458-e0e7-44da-a706-c6bcd6978dc6', 2194480);
INSERT INTO puid (version, puid, id) VALUES (181, 'ca94ef75-9fb0-efbe-39bc-5e2bea1d7d06', 2217878);
INSERT INTO puid (version, puid, id) VALUES (188, '809591ac-c00e-12a6-26ce-f5d07faf1c30', 2359241);
INSERT INTO puid (version, puid, id) VALUES (186, 'ddecb698-a1d9-9383-2558-2fd1ad09ee8e', 2414041);
INSERT INTO puid (version, puid, id) VALUES (188, '6d058c3f-1963-a211-460f-129177af1c6d', 2663687);
INSERT INTO puid (version, puid, id) VALUES (194, '07ea9a28-83d9-b330-5d80-42b21659014b', 2770277);
INSERT INTO puid (version, puid, id) VALUES (194, '8872138c-573d-935e-5a74-089bc555574d', 3039466);
INSERT INTO puid (version, puid, id) VALUES (194, '59bc77ac-a36e-2e7d-e878-f7fb92b7036c', 3146279);
INSERT INTO puid (version, puid, id) VALUES (194, '1dc2edf0-e2e6-44aa-20bb-883426f98eb8', 3156773);
INSERT INTO puid (version, puid, id) VALUES (204, '1c5f6410-e0be-ac78-a195-f00c421ab5bb', 3386062);
INSERT INTO puid (version, puid, id) VALUES (204, '57b4ba28-23b3-5000-e54f-ff0cbd8f03fc', 3813831);
INSERT INTO puid (version, puid, id) VALUES (246, '2c9844e3-761f-b180-d894-aba3b488f0ab', 3926135);
INSERT INTO puid (version, puid, id) VALUES (246, '20a0b6aa-bb68-5169-b386-4081def7708f', 3927960);
INSERT INTO puid (version, puid, id) VALUES (246, '83964188-edd1-9277-9c88-255e99d3f1ed', 4154716);
INSERT INTO recording_puid (recording, puid, id, editpending) VALUES (162925, 62130, 80140, 0);
INSERT INTO recording_puid (recording, puid, id, editpending) VALUES (162925, 97890, 126005, 0);
INSERT INTO recording_puid (recording, puid, id, editpending) VALUES (162925, 122742, 157865, 0);
INSERT INTO recording_puid (recording, puid, id, editpending) VALUES (162925, 167148, 215306, 0);
INSERT INTO recording_puid (recording, puid, id, editpending) VALUES (162925, 182507, 235090, 0);
INSERT INTO recording_puid (recording, puid, id, editpending) VALUES (162925, 234616, 4722910, 0);
INSERT INTO recording_puid (recording, puid, id, editpending) VALUES (162925, 258067, 331922, 0);
INSERT INTO recording_puid (recording, puid, id, editpending) VALUES (162925, 274294, 352959, 0);
INSERT INTO recording_puid (recording, puid, id, editpending) VALUES (162925, 504168, 648613, 0);
INSERT INTO recording_puid (recording, puid, id, editpending) VALUES (162925, 511731, 658241, 0);
INSERT INTO recording_puid (recording, puid, id, editpending) VALUES (162925, 562650, 723492, 0);
INSERT INTO recording_puid (recording, puid, id, editpending) VALUES (162925, 797957, 1016060, 0);
INSERT INTO recording_puid (recording, puid, id, editpending) VALUES (162925, 833970, 1880144, 0);
INSERT INTO recording_puid (recording, puid, id, editpending) VALUES (162925, 874291, 1110219, 0);
INSERT INTO recording_puid (recording, puid, id, editpending) VALUES (162925, 1716369, 2371104, 0);
INSERT INTO recording_puid (recording, puid, id, editpending) VALUES (162925, 1763375, 2202389, 0);
INSERT INTO recording_puid (recording, puid, id, editpending) VALUES (162925, 1802402, 2250405, 0);
INSERT INTO recording_puid (recording, puid, id, editpending) VALUES (162925, 1991407, 2485181, 0);
INSERT INTO recording_puid (recording, puid, id, editpending) VALUES (162925, 1991408, 2485182, 0);
INSERT INTO recording_puid (recording, puid, id, editpending) VALUES (162925, 2155682, 5021661, 0);
INSERT INTO recording_puid (recording, puid, id, editpending) VALUES (162925, 2192426, 2735967, 0);
INSERT INTO recording_puid (recording, puid, id, editpending) VALUES (162925, 2194480, 2738542, 0);
INSERT INTO recording_puid (recording, puid, id, editpending) VALUES (162925, 2217878, 2768338, 0);
INSERT INTO recording_puid (recording, puid, id, editpending) VALUES (162925, 2359241, 2946600, 0);
INSERT INTO recording_puid (recording, puid, id, editpending) VALUES (162925, 2414041, 3016823, 0);
INSERT INTO recording_puid (recording, puid, id, editpending) VALUES (162925, 2663687, 3329039, 0);
INSERT INTO recording_puid (recording, puid, id, editpending) VALUES (162925, 2770277, 3503206, 0);
INSERT INTO recording_puid (recording, puid, id, editpending) VALUES (162925, 3039466, 3817452, 0);
INSERT INTO recording_puid (recording, puid, id, editpending) VALUES (162925, 3146279, 3951294, 0);
INSERT INTO recording_puid (recording, puid, id, editpending) VALUES (162925, 3156773, 3965245, 0);
INSERT INTO recording_puid (recording, puid, id, editpending) VALUES (162925, 3386062, 4267585, 0);
INSERT INTO recording_puid (recording, puid, id, editpending) VALUES (162925, 3813831, 4821907, 0);
INSERT INTO recording_puid (recording, puid, id, editpending) VALUES (162925, 3926135, 4960286, 0);
INSERT INTO recording_puid (recording, puid, id, editpending) VALUES (162925, 3927960, 4962685, 0);
INSERT INTO recording_puid (recording, puid, id, editpending) VALUES (162925, 4154716, 5254064, 0);
INSERT INTO isrc (source, recording, isrc, id, editpending) VALUES (0, 162925, 'USAT20703878', 30029, 0);
UPDATE recording_meta SET lastupdate = '2010-06-21 21:40:20.31954+02', ratingcount = 1, rating = 60 WHERE id = 162925;
INSERT INTO recording_tag (count, recording, tag) VALUES (3, 162925, 7);
INSERT INTO recording_tag (count, recording, tag) VALUES (3, 162925, 271);
INSERT INTO track_name (name, id) VALUES ('No Quarter', 2701318);
INSERT INTO recording (length, comment, name, artist_credit, id, editpending, gid) VALUES (420573, NULL, 2701318, 388, 162926, 0, '2822a034-283d-4082-8464-6189ff29fbb9');
INSERT INTO puid (version, puid, id) VALUES (1, '144d8a53-8018-c75f-b781-3d8ad5b25e10', 89395);
INSERT INTO puid (version, puid, id) VALUES (1, '41031544-14b5-8c4e-e0e2-5a94c49c193a', 263196);
INSERT INTO puid (version, puid, id) VALUES (1, '7c744a66-76ce-a2c6-cdde-4af426858b7f', 376897);
INSERT INTO puid (version, puid, id) VALUES (1, '96b6117e-e1b9-cc7a-7cd2-864b17ac7aaa', 427263);
INSERT INTO puid (version, puid, id) VALUES (1, 'c4d1f583-69d4-d814-5d8c-e9c969e6d1ed', 515441);
INSERT INTO puid (version, puid, id) VALUES (1, 'e2cbdb64-2459-62a6-ec4c-580e7442fd87', 572750);
INSERT INTO puid (version, puid, id) VALUES (140, '52d111a2-3be7-0dec-348c-b750460ca16c', 1802401);
INSERT INTO puid (version, puid, id) VALUES (140, '56897edd-cfb2-a0fa-8ddc-8750f0011ea6', 1997590);
INSERT INTO puid (version, puid, id) VALUES (178, '705248f4-d293-5e89-dd5f-e6e8ed688c30', 2086906);
INSERT INTO puid (version, puid, id) VALUES (181, '5cbe70fb-fab8-f38b-3be5-5ff5fe3e646f', 2217877);
INSERT INTO puid (version, puid, id) VALUES (188, '1fc00108-147d-343c-aecc-5d220af74d26', 2279216);
INSERT INTO puid (version, puid, id) VALUES (186, '9f0b64a4-ddf2-893c-f569-8d935184fdc5', 2657935);
INSERT INTO puid (version, puid, id) VALUES (199, '1371451b-3053-480b-9bcf-a42c4ad906fb', 2976584);
INSERT INTO puid (version, puid, id) VALUES (194, '40232d44-2be9-4143-0204-c852e68096df', 3156745);
INSERT INTO puid (version, puid, id) VALUES (246, '1d894ffe-d99e-62ab-e783-2aad8b6dcf3a', 4335124);
INSERT INTO recording_puid (recording, puid, id, editpending) VALUES (162926, 89395, 115171, 0);
INSERT INTO recording_puid (recording, puid, id, editpending) VALUES (162926, 263196, 338485, 0);
INSERT INTO recording_puid (recording, puid, id, editpending) VALUES (162926, 376897, 484566, 0);
INSERT INTO recording_puid (recording, puid, id, editpending) VALUES (162926, 427263, 549583, 0);
INSERT INTO recording_puid (recording, puid, id, editpending) VALUES (162926, 515441, 662964, 0);
INSERT INTO recording_puid (recording, puid, id, editpending) VALUES (162926, 572750, 736502, 0);
INSERT INTO recording_puid (recording, puid, id, editpending) VALUES (162926, 1802401, 2250404, 0);
INSERT INTO recording_puid (recording, puid, id, editpending) VALUES (162926, 1997590, 2493151, 0);
INSERT INTO recording_puid (recording, puid, id, editpending) VALUES (162926, 2086906, 2606632, 0);
INSERT INTO recording_puid (recording, puid, id, editpending) VALUES (162926, 2217877, 2768337, 0);
INSERT INTO recording_puid (recording, puid, id, editpending) VALUES (162926, 2279216, 2845536, 0);
INSERT INTO recording_puid (recording, puid, id, editpending) VALUES (162926, 2657935, 3348484, 0);
INSERT INTO recording_puid (recording, puid, id, editpending) VALUES (162926, 2976584, 3736336, 0);
INSERT INTO recording_puid (recording, puid, id, editpending) VALUES (162926, 3156745, 3965217, 0);
INSERT INTO recording_puid (recording, puid, id, editpending) VALUES (162926, 4335124, 5481477, 0);
INSERT INTO isrc (source, recording, isrc, id, editpending) VALUES (0, 162926, 'USAT20703879', 30030, 0);
INSERT INTO isrc (source, recording, isrc, id, editpending) VALUES (0, 162926, 'USAT29900444', 21544, 0);
UPDATE recording_meta SET lastupdate = '2010-06-21 21:40:20.31954+02', ratingcount = NULL, rating = NULL WHERE id = 162926;
INSERT INTO tag (refcount, name, id) VALUES (133, 'covered by 4', 2150);
INSERT INTO recording_tag (count, recording, tag) VALUES (2, 162926, 7);
INSERT INTO recording_tag (count, recording, tag) VALUES (3, 162926, 271);
INSERT INTO recording_tag (count, recording, tag) VALUES (1, 162926, 987);
INSERT INTO recording_tag (count, recording, tag) VALUES (1, 162926, 2150);
INSERT INTO track_name (name, id) VALUES ('The Ocean', 3889978);
INSERT INTO recording (length, comment, name, artist_credit, id, editpending, gid) VALUES (271066, NULL, 3889978, 388, 162927, 0, '9868d850-a37b-4e03-b097-8e2b5d26429c');
INSERT INTO puid (version, puid, id) VALUES (1, '05d2acd4-b41d-156d-23ba-a6ae8a521950', 25807);
INSERT INTO puid (version, puid, id) VALUES (1, '1a6f52d8-6fc0-8c9e-bebd-a3e60a323821', 116244);
INSERT INTO puid (version, puid, id) VALUES (1, '2e0b177b-8ce9-e953-3f6a-d84b78a7c9db', 201381);
INSERT INTO puid (version, puid, id) VALUES (1, '3963d190-7ff6-b29a-8c59-f3022291df2d', 248453);
INSERT INTO puid (version, puid, id) VALUES (1, 'c6426f9d-6032-1a78-9f8a-e9c245df7a23', 518258);
INSERT INTO puid (version, puid, id) VALUES (1, 'e44c9b3e-d027-e6e9-47c4-1ba6771a5ce9', 575620);
INSERT INTO puid (version, puid, id) VALUES (1, 'fefbe088-53c4-d32d-56ff-3246be801b09', 626668);
INSERT INTO puid (version, puid, id) VALUES (131, 'dda2b21e-6617-61ce-6b02-a51b74650889', 840259);
INSERT INTO clientversion (version, id) VALUES ('MusicBrainz Picard-0.9.0alpha6', 153);
INSERT INTO puid (version, puid, id) VALUES (153, '29905d0d-9118-3e6c-73e4-09ed29838656', 1630771);
INSERT INTO puid (version, puid, id) VALUES (181, 'a1e807ae-d5ce-6f73-8d26-d0a26b5d0849', 2177660);
INSERT INTO puid (version, puid, id) VALUES (181, '5b8b8f3c-d2ba-32d9-6740-7147011ea05d', 2217876);
INSERT INTO puid (version, puid, id) VALUES (181, '73662363-8984-4075-b88a-540e0c1c5df7', 2319547);
INSERT INTO puid (version, puid, id) VALUES (188, '7fb3cbcf-5287-2eb7-3862-ed643c494240', 2745422);
INSERT INTO clientversion (version, id) VALUES ('Jaikoz-2.6.0', 198);
INSERT INTO puid (version, puid, id) VALUES (198, '05fde8a5-9181-9295-4f9d-74867f8b5f27', 2869261);
INSERT INTO puid (version, puid, id) VALUES (194, '36a3343f-7b85-c400-f553-fd372c3cf0b5', 3146295);
INSERT INTO puid (version, puid, id) VALUES (204, '381ddede-4bda-55d5-8dd2-64acf71d5b5c', 3588791);
INSERT INTO puid (version, puid, id) VALUES (246, '3265dae9-684f-dff3-0d56-9e84f82f1ebd', 3780689);
INSERT INTO recording_puid (recording, puid, id, editpending) VALUES (162927, 25807, 33192, 0);
INSERT INTO recording_puid (recording, puid, id, editpending) VALUES (162927, 116244, 149512, 0);
INSERT INTO recording_puid (recording, puid, id, editpending) VALUES (162927, 201381, 259179, 0);
INSERT INTO recording_puid (recording, puid, id, editpending) VALUES (162927, 248453, 1488870, 0);
INSERT INTO recording_puid (recording, puid, id, editpending) VALUES (162927, 518258, 666554, 0);
INSERT INTO recording_puid (recording, puid, id, editpending) VALUES (162927, 575620, 740151, 0);
INSERT INTO recording_puid (recording, puid, id, editpending) VALUES (162927, 626668, 805678, 0);
INSERT INTO recording_puid (recording, puid, id, editpending) VALUES (162927, 840259, 1284307, 0);
INSERT INTO recording_puid (recording, puid, id, editpending) VALUES (162927, 1630771, 3459059, 0);
INSERT INTO recording_puid (recording, puid, id, editpending) VALUES (162927, 2177660, 2717865, 0);
INSERT INTO recording_puid (recording, puid, id, editpending) VALUES (162927, 2217876, 2768336, 0);
INSERT INTO recording_puid (recording, puid, id, editpending) VALUES (162927, 2319547, 2896783, 0);
INSERT INTO recording_puid (recording, puid, id, editpending) VALUES (162927, 2745422, 3437726, 0);
INSERT INTO recording_puid (recording, puid, id, editpending) VALUES (162927, 2869261, 3597394, 0);
INSERT INTO recording_puid (recording, puid, id, editpending) VALUES (162927, 3146295, 3951310, 0);
INSERT INTO recording_puid (recording, puid, id, editpending) VALUES (162927, 3588791, 4532824, 0);
INSERT INTO recording_puid (recording, puid, id, editpending) VALUES (162927, 3780689, 4780070, 0);
UPDATE recording_meta SET lastupdate = '2010-06-21 21:40:20.31954+02', ratingcount = NULL, rating = NULL WHERE id = 162927;
INSERT INTO recording_tag (count, recording, tag) VALUES (1, 162927, 7);
INSERT INTO recording_tag (count, recording, tag) VALUES (1, 162927, 271);
INSERT INTO recording_tag (count, recording, tag) VALUES (1, 162927, 987);
INSERT INTO track (length, recording, name, position, artist_credit, id, tracklist, editpending) VALUES (330160, 160074, 3933214, 1, 388, 162920, 18759, 0);
INSERT INTO track (length, recording, name, position, artist_credit, id, tracklist, editpending) VALUES (459266, 162921, 3906353, 2, 388, 162921, 18759, 0);
INSERT INTO track (length, recording, name, position, artist_credit, id, tracklist, editpending) VALUES (290000, 162922, 2843610, 3, 388, 162922, 18759, 0);
INSERT INTO track (length, recording, name, position, artist_credit, id, tracklist, editpending) VALUES (197266, 162923, 3803441, 4, 388, 162923, 18759, 0);
INSERT INTO track (length, recording, name, position, artist_credit, id, tracklist, editpending) VALUES (223173, 162924, 855488, 5, 388, 162924, 18759, 0);
INSERT INTO track (length, recording, name, position, artist_credit, id, tracklist, editpending) VALUES (262626, 162925, 1090628, 6, 388, 162925, 18759, 0);
INSERT INTO track (length, recording, name, position, artist_credit, id, tracklist, editpending) VALUES (420573, 162926, 2701318, 7, 388, 162926, 18759, 0);
INSERT INTO track (length, recording, name, position, artist_credit, id, tracklist, editpending) VALUES (271066, 162927, 3889978, 8, 388, 162927, 18759, 0);
INSERT INTO medium (format, name, position, release, id, tracklist, editpending) VALUES (7, NULL, 1, 12998, 12998, 18759, 0);
INSERT INTO label_name (name, id) VALUES ('Atlantic', 3267);
INSERT INTO label (country, sortname, labelcode, name, enddate_day, begindate_day, comment, begindate_year, begindate_month, enddate_year, type, id, editpending, enddate_month, gid) VALUES (222, 3267, 121, 3267, NULL, NULL, NULL, 1947, NULL, NULL, 4, 33, 0, NULL, '50c384a2-0b44-401b-b893-8181173339c7');
INSERT INTO label_name (name, id) VALUES ('Atlantic Recording Corporation', 3270);
INSERT INTO label_name (name, id) VALUES ('Atlantic Records', 3271);
INSERT INTO label_alias (name, locale, label, id, editpending) VALUES (3267, NULL, 33, 32, 0);
INSERT INTO label_alias (name, locale, label, id, editpending) VALUES (3270, NULL, 33, 33, 0);
INSERT INTO label_alias (name, locale, label, id, editpending) VALUES (3271, NULL, 33, 34, 0);
UPDATE label_meta SET lastupdate = NULL, ratingcount = NULL, rating = NULL WHERE id = 33;
INSERT INTO tag (refcount, name, id) VALUES (1, 'major label', 8383);
INSERT INTO tag (refcount, name, id) VALUES (12480, 'jazz', 71);
INSERT INTO tag (refcount, name, id) VALUES (314, 'free jazz', 1246);
INSERT INTO label_tag (count, tag, label) VALUES (1, 8383, 33);
INSERT INTO label_tag (count, tag, label) VALUES (1, 748, 33);
INSERT INTO label_tag (count, tag, label) VALUES (1, 71, 33);
INSERT INTO label_tag (count, tag, label) VALUES (1, 273, 33);
INSERT INTO label_tag (count, tag, label) VALUES (1, 111, 33);
INSERT INTO label_tag (count, tag, label) VALUES (1, 1246, 33);
INSERT INTO label_tag (count, tag, label) VALUES (1, 343, 33);
INSERT INTO release_label (catno, label, release, id) VALUES ('SD 7255', 33, 12998, 387466);
INSERT INTO medium (format, name, position, release, id, tracklist, editpending) VALUES (1, NULL, 1, 278984, 278984, 18759, 0);
INSERT INTO cdtoc (discid, leadoutoffset, degraded, trackoffset, trackcount, freedbid, id) VALUES ('YawI_3ga7sXXZk6jGfmPOm9god4-', 184210, '0', '{150,24912,59357,81107,95902,112640,132337,163880}', 8, '60099608', 893);
INSERT INTO cdtoc (discid, leadoutoffset, degraded, trackoffset, trackcount, freedbid, id) VALUES ('8IxUHoNrTHMAmTIlhuY4F7A3pv4-', 184707, '0', '{225,24977,59460,81232,95882,112782,132632,164402}', 8, '69099b08', 7927);
INSERT INTO cdtoc (discid, leadoutoffset, degraded, trackoffset, trackcount, freedbid, id) VALUES ('Sehck3.MCN8EFcUJ5.F8nR4H3v0-', 184210, '0', '{182,24925,59357,81107,95905,112640,132355,163885}', 8, '60099608', 49930);
INSERT INTO cdtoc (discid, leadoutoffset, degraded, trackoffset, trackcount, freedbid, id) VALUES ('6QwQ1XpuVHRAf2WmEJ7ncFCHIFE-', 185931, '0', '{150,25072,59718,81659,96480,113544,133562,165506}', 8, '6809ad08', 98281);
INSERT INTO cdtoc (discid, leadoutoffset, degraded, trackoffset, trackcount, freedbid, id) VALUES ('nuzctgwwFzYqqT06PC55YXawumw-', 184190, '0', '{182,24917,59357,81107,95905,112640,132355,163885}', 8, '60099508', 108503);
INSERT INTO cdtoc (discid, leadoutoffset, degraded, trackoffset, trackcount, freedbid, id) VALUES ('7sSDtdOuG5P3Y.eEDls6U7SYorE-', 184665, '0', '{183,24930,59413,81178,95828,112728,132578,164355}', 8, '63099c08', 121086);
INSERT INTO cdtoc (discid, leadoutoffset, degraded, trackoffset, trackcount, freedbid, id) VALUES ('9h2hHjVbVjVI6KwuTGDZzhbmc9U-', 184240, '0', '{182,24937,59360,81125,95920,112650,132350,163895}', 8, '61099608', 152998);
INSERT INTO cdtoc (discid, leadoutoffset, degraded, trackoffset, trackcount, freedbid, id) VALUES ('AUwjxNYeUi4fSgvQJfjGRDwJXJ0-', 184165, '0', '{150,24895,59325,81075,95872,112607,132322,163852}', 8, '5e099508', 181552);
INSERT INTO cdtoc (discid, leadoutoffset, degraded, trackoffset, trackcount, freedbid, id) VALUES ('ZeUS.FCJxbcQhhKEEul4EHw6NYQ-', 184690, '0', '{183,24923,59405,81178,95828,112728,132578,164348}', 8, '63099c08', 184796);
INSERT INTO cdtoc (discid, leadoutoffset, degraded, trackoffset, trackcount, freedbid, id) VALUES ('YOLlLOewMCnK5OdwRldTW8H8Ph0-', 184210, '0', '{182,24928,59358,81108,95905,112640,132355,163885}', 8, '60099608', 256078);
INSERT INTO cdtoc (discid, leadoutoffset, degraded, trackoffset, trackcount, freedbid, id) VALUES ('AE1YB3XUylgfysw.tszWOdkrwiQ-', 184245, '0', '{150,24948,59365,81115,95913,112648,132363,163893}', 8, '60099608', 268087);
INSERT INTO cdtoc (discid, leadoutoffset, degraded, trackoffset, trackcount, freedbid, id) VALUES ('VWXyO4ux.s2_c5jFS1Q4Etsp6co-', 236918, '0', '{150,33045,69418,101400,119930,137573,158710,211493}', 8, '6b0c5408', 291363);
INSERT INTO cdtoc (discid, leadoutoffset, degraded, trackoffset, trackcount, freedbid, id) VALUES ('RQ69TCHg_nsoKXtFgDc5T5QGMgQ-', 184657, '0', '{150,24890,59372,81145,95795,112695,132545,164315}', 8, '5e099c08', 295235);
INSERT INTO cdtoc (discid, leadoutoffset, degraded, trackoffset, trackcount, freedbid, id) VALUES ('dvMaF6OoUA42N9Jw_nwISI86ocY-', 184805, '0', '{187,25000,59482,81242,95895,112795,132645,164425}', 8, '69099e08', 316245);
INSERT INTO cdtoc (discid, leadoutoffset, degraded, trackoffset, trackcount, freedbid, id) VALUES ('8g0LhwVHIn_LfBt88ruvkYe1X3g-', 184245, '0', '{150,24947,59365,81115,95912,112647,132362,163892}', 8, '60099608', 339838);
INSERT INTO cdtoc (discid, leadoutoffset, degraded, trackoffset, trackcount, freedbid, id) VALUES ('vdqjl0qd439MIsKaj0snDOhuiLU-', 184645, '0', '{150,24890,59372,81145,95795,112695,132545,164315}', 8, '5e099b08', 354280);
INSERT INTO medium_cdtoc (medium, id, cdtoc, editpending) VALUES (278984, 171097, 893, 0);
INSERT INTO medium_cdtoc (medium, id, cdtoc, editpending) VALUES (278984, 171099, 7927, 0);
INSERT INTO medium_cdtoc (medium, id, cdtoc, editpending) VALUES (278984, 171101, 49930, 0);
INSERT INTO medium_cdtoc (medium, id, cdtoc, editpending) VALUES (278984, 171103, 98281, 0);
INSERT INTO medium_cdtoc (medium, id, cdtoc, editpending) VALUES (278984, 171105, 108503, 0);
INSERT INTO medium_cdtoc (medium, id, cdtoc, editpending) VALUES (278984, 171107, 121086, 0);
INSERT INTO medium_cdtoc (medium, id, cdtoc, editpending) VALUES (278984, 171109, 152998, 0);
INSERT INTO medium_cdtoc (medium, id, cdtoc, editpending) VALUES (278984, 171111, 181552, 0);
INSERT INTO medium_cdtoc (medium, id, cdtoc, editpending) VALUES (278984, 171113, 184796, 0);
INSERT INTO medium_cdtoc (medium, id, cdtoc, editpending) VALUES (278984, 171115, 256078, 0);
INSERT INTO medium_cdtoc (medium, id, cdtoc, editpending) VALUES (278984, 171117, 268087, 0);
INSERT INTO medium_cdtoc (medium, id, cdtoc, editpending) VALUES (278984, 171119, 291363, 0);
INSERT INTO medium_cdtoc (medium, id, cdtoc, editpending) VALUES (278984, 171121, 295235, 0);
INSERT INTO medium_cdtoc (medium, id, cdtoc, editpending) VALUES (278984, 171123, 316245, 0);
INSERT INTO medium_cdtoc (medium, id, cdtoc, editpending) VALUES (278984, 171125, 339838, 0);
INSERT INTO medium_cdtoc (medium, id, cdtoc, editpending) VALUES (278984, 171127, 354280, 0);
INSERT INTO release_label (catno, label, release, id) VALUES ('82639-2', 33, 278984, 74703);
INSERT INTO medium (format, name, position, release, id, tracklist, editpending) VALUES (1, NULL, 1, 441328, 441328, 18759, 0);
INSERT INTO medium_cdtoc (medium, id, cdtoc, editpending) VALUES (441328, 171098, 893, 0);
INSERT INTO medium_cdtoc (medium, id, cdtoc, editpending) VALUES (441328, 171100, 7927, 0);
INSERT INTO medium_cdtoc (medium, id, cdtoc, editpending) VALUES (441328, 171102, 49930, 0);
INSERT INTO medium_cdtoc (medium, id, cdtoc, editpending) VALUES (441328, 171104, 98281, 0);
INSERT INTO medium_cdtoc (medium, id, cdtoc, editpending) VALUES (441328, 171106, 108503, 0);
INSERT INTO medium_cdtoc (medium, id, cdtoc, editpending) VALUES (441328, 171108, 121086, 0);
INSERT INTO medium_cdtoc (medium, id, cdtoc, editpending) VALUES (441328, 171110, 152998, 0);
INSERT INTO medium_cdtoc (medium, id, cdtoc, editpending) VALUES (441328, 171112, 181552, 0);
INSERT INTO medium_cdtoc (medium, id, cdtoc, editpending) VALUES (441328, 171114, 184796, 0);
INSERT INTO medium_cdtoc (medium, id, cdtoc, editpending) VALUES (441328, 171116, 256078, 0);
INSERT INTO medium_cdtoc (medium, id, cdtoc, editpending) VALUES (441328, 171118, 268087, 0);
INSERT INTO medium_cdtoc (medium, id, cdtoc, editpending) VALUES (441328, 171120, 291363, 0);
INSERT INTO medium_cdtoc (medium, id, cdtoc, editpending) VALUES (441328, 171122, 295235, 0);
INSERT INTO medium_cdtoc (medium, id, cdtoc, editpending) VALUES (441328, 171124, 316245, 0);
INSERT INTO medium_cdtoc (medium, id, cdtoc, editpending) VALUES (441328, 171126, 339838, 0);
INSERT INTO medium_cdtoc (medium, id, cdtoc, editpending) VALUES (441328, 171128, 354280, 0);
INSERT INTO label_type (name, id) VALUES ('Distributor', 1);
INSERT INTO label_name (name, id) VALUES ('Warner Music Japan', 44417);
INSERT INTO label (country, sortname, labelcode, name, enddate_day, begindate_day, comment, begindate_year, begindate_month, enddate_year, type, id, editpending, enddate_month, gid) VALUES (107, 44417, NULL, 44417, NULL, NULL, NULL, 1989, NULL, NULL, 1, 369, 0, NULL, '26ea8229-7cf7-4482-8dae-15589ceb5398');
INSERT INTO label_name (name, id) VALUES ('ワーナーミュージックジャパン', 263);
INSERT INTO label_name (name, id) VALUES ('ワーナーミュージック・ジャパン', 269);
INSERT INTO label_name (name, id) VALUES ('WMJ', 45159);
INSERT INTO label_alias (name, locale, label, id, editpending) VALUES (263, NULL, 369, 216, 0);
INSERT INTO label_alias (name, locale, label, id, editpending) VALUES (269, NULL, 369, 217, 0);
INSERT INTO label_alias (name, locale, label, id, editpending) VALUES (45159, NULL, 369, 218, 0);
UPDATE label_meta SET lastupdate = NULL, ratingcount = NULL, rating = NULL WHERE id = 369;
INSERT INTO release_label (catno, label, release, id) VALUES ('WPCR-13134', 369, 441328, 225794);
INSERT INTO medium (format, name, position, release, id, tracklist, editpending) VALUES (1, NULL, 1, 479654, 479654, 18759, 0);
INSERT INTO medium_cdtoc (medium, id, cdtoc, editpending) VALUES (479654, 465522, 893, 0);
INSERT INTO medium_cdtoc (medium, id, cdtoc, editpending) VALUES (479654, 465524, 7927, 0);
INSERT INTO medium_cdtoc (medium, id, cdtoc, editpending) VALUES (479654, 465526, 49930, 0);
INSERT INTO medium_cdtoc (medium, id, cdtoc, editpending) VALUES (479654, 465528, 98281, 0);
INSERT INTO medium_cdtoc (medium, id, cdtoc, editpending) VALUES (479654, 465530, 108503, 0);
INSERT INTO medium_cdtoc (medium, id, cdtoc, editpending) VALUES (479654, 465532, 121086, 0);
INSERT INTO medium_cdtoc (medium, id, cdtoc, editpending) VALUES (479654, 465534, 152998, 0);
INSERT INTO medium_cdtoc (medium, id, cdtoc, editpending) VALUES (479654, 465536, 181552, 0);
INSERT INTO medium_cdtoc (medium, id, cdtoc, editpending) VALUES (479654, 465538, 184796, 0);
INSERT INTO medium_cdtoc (medium, id, cdtoc, editpending) VALUES (479654, 465540, 256078, 0);
INSERT INTO medium_cdtoc (medium, id, cdtoc, editpending) VALUES (479654, 465542, 268087, 0);
INSERT INTO medium_cdtoc (medium, id, cdtoc, editpending) VALUES (479654, 465544, 291363, 0);
INSERT INTO medium_cdtoc (medium, id, cdtoc, editpending) VALUES (479654, 465546, 295235, 0);
INSERT INTO medium_cdtoc (medium, id, cdtoc, editpending) VALUES (479654, 465548, 316245, 0);
INSERT INTO medium_cdtoc (medium, id, cdtoc, editpending) VALUES (479654, 465550, 339838, 0);
INSERT INTO medium_cdtoc (medium, id, cdtoc, editpending) VALUES (479654, 465552, 354280, 0);
INSERT INTO release_label (catno, label, release, id) VALUES ('7567-81529-2', 33, 479654, 440029);
INSERT INTO medium (format, name, position, release, id, tracklist, editpending) VALUES (1, NULL, 1, 513103, 513103, 18759, 0);
INSERT INTO medium_cdtoc (medium, id, cdtoc, editpending) VALUES (513103, 434601, 893, 0);
INSERT INTO medium_cdtoc (medium, id, cdtoc, editpending) VALUES (513103, 434602, 7927, 0);
INSERT INTO medium_cdtoc (medium, id, cdtoc, editpending) VALUES (513103, 434603, 49930, 0);
INSERT INTO medium_cdtoc (medium, id, cdtoc, editpending) VALUES (513103, 434604, 98281, 0);
INSERT INTO medium_cdtoc (medium, id, cdtoc, editpending) VALUES (513103, 434605, 108503, 0);
INSERT INTO medium_cdtoc (medium, id, cdtoc, editpending) VALUES (513103, 434606, 121086, 0);
INSERT INTO medium_cdtoc (medium, id, cdtoc, editpending) VALUES (513103, 434607, 152998, 0);
INSERT INTO medium_cdtoc (medium, id, cdtoc, editpending) VALUES (513103, 434608, 181552, 0);
INSERT INTO medium_cdtoc (medium, id, cdtoc, editpending) VALUES (513103, 434609, 184796, 0);
INSERT INTO medium_cdtoc (medium, id, cdtoc, editpending) VALUES (513103, 434610, 256078, 0);
INSERT INTO medium_cdtoc (medium, id, cdtoc, editpending) VALUES (513103, 434611, 268087, 0);
INSERT INTO medium_cdtoc (medium, id, cdtoc, editpending) VALUES (513103, 434612, 291363, 0);
INSERT INTO medium_cdtoc (medium, id, cdtoc, editpending) VALUES (513103, 434613, 295235, 0);
INSERT INTO medium_cdtoc (medium, id, cdtoc, editpending) VALUES (513103, 434614, 316245, 0);
INSERT INTO medium_cdtoc (medium, id, cdtoc, editpending) VALUES (513103, 434615, 339838, 0);
INSERT INTO medium_cdtoc (medium, id, cdtoc, editpending) VALUES (513103, 434616, 354280, 0);
INSERT INTO release_label (catno, label, release, id) VALUES ('250 014', 33, 513103, 295622);
INSERT INTO medium (format, name, position, release, id, tracklist, editpending) VALUES (7, NULL, 1, 523041, 523041, 18759, 0);
INSERT INTO label_type (name, id) VALUES ('Reissue Production', 6);
INSERT INTO label_name (name, id) VALUES ('Classic Records', 8053);
INSERT INTO label (country, sortname, labelcode, name, enddate_day, begindate_day, comment, begindate_year, begindate_month, enddate_year, type, id, editpending, enddate_month, gid) VALUES (222, 8053, NULL, 8053, NULL, NULL, NULL, NULL, NULL, NULL, 6, 8092, 0, NULL, 'f8714b81-78da-4f6e-a20c-7b2bad7709ce');
UPDATE label_meta SET lastupdate = NULL, ratingcount = NULL, rating = NULL WHERE id = 8092;
INSERT INTO release_label (catno, label, release, id) VALUES ('SD 7255', 8092, 523041, 302317);
INSERT INTO medium (format, name, position, release, id, tracklist, editpending) VALUES (1, NULL, 1, 553372, 553372, 18759, 0);
INSERT INTO medium_cdtoc (medium, id, cdtoc, editpending) VALUES (553372, 233240, 893, 0);
INSERT INTO medium_cdtoc (medium, id, cdtoc, editpending) VALUES (553372, 233241, 7927, 0);
INSERT INTO medium_cdtoc (medium, id, cdtoc, editpending) VALUES (553372, 233242, 49930, 0);
INSERT INTO medium_cdtoc (medium, id, cdtoc, editpending) VALUES (553372, 233243, 98281, 0);
INSERT INTO medium_cdtoc (medium, id, cdtoc, editpending) VALUES (553372, 233244, 108503, 0);
INSERT INTO medium_cdtoc (medium, id, cdtoc, editpending) VALUES (553372, 233245, 121086, 0);
INSERT INTO medium_cdtoc (medium, id, cdtoc, editpending) VALUES (553372, 233246, 152998, 0);
INSERT INTO medium_cdtoc (medium, id, cdtoc, editpending) VALUES (553372, 233247, 181552, 0);
INSERT INTO medium_cdtoc (medium, id, cdtoc, editpending) VALUES (553372, 233248, 184796, 0);
INSERT INTO medium_cdtoc (medium, id, cdtoc, editpending) VALUES (553372, 233249, 256078, 0);
INSERT INTO medium_cdtoc (medium, id, cdtoc, editpending) VALUES (553372, 233250, 268087, 0);
INSERT INTO medium_cdtoc (medium, id, cdtoc, editpending) VALUES (553372, 233251, 291363, 0);
INSERT INTO medium_cdtoc (medium, id, cdtoc, editpending) VALUES (553372, 233252, 295235, 0);
INSERT INTO medium_cdtoc (medium, id, cdtoc, editpending) VALUES (553372, 233253, 316245, 0);
INSERT INTO medium_cdtoc (medium, id, cdtoc, editpending) VALUES (553372, 233254, 339838, 0);
INSERT INTO medium_cdtoc (medium, id, cdtoc, editpending) VALUES (553372, 233255, 354280, 0);
INSERT INTO release_label (catno, label, release, id) VALUES ('R2-513820', 33, 553372, 327145);
INSERT INTO medium (format, name, position, release, id, tracklist, editpending) VALUES (1, NULL, 1, 601118, 601118, 18759, 0);
INSERT INTO medium_cdtoc (medium, id, cdtoc, editpending) VALUES (601118, 465521, 893, 0);
INSERT INTO medium_cdtoc (medium, id, cdtoc, editpending) VALUES (601118, 465523, 7927, 0);
INSERT INTO medium_cdtoc (medium, id, cdtoc, editpending) VALUES (601118, 465525, 49930, 0);
INSERT INTO medium_cdtoc (medium, id, cdtoc, editpending) VALUES (601118, 465527, 98281, 0);
INSERT INTO medium_cdtoc (medium, id, cdtoc, editpending) VALUES (601118, 465529, 108503, 0);
INSERT INTO medium_cdtoc (medium, id, cdtoc, editpending) VALUES (601118, 465531, 121086, 0);
INSERT INTO medium_cdtoc (medium, id, cdtoc, editpending) VALUES (601118, 465533, 152998, 0);
INSERT INTO medium_cdtoc (medium, id, cdtoc, editpending) VALUES (601118, 465535, 181552, 0);
INSERT INTO medium_cdtoc (medium, id, cdtoc, editpending) VALUES (601118, 465537, 184796, 0);
INSERT INTO medium_cdtoc (medium, id, cdtoc, editpending) VALUES (601118, 465539, 256078, 0);
INSERT INTO medium_cdtoc (medium, id, cdtoc, editpending) VALUES (601118, 465541, 268087, 0);
INSERT INTO medium_cdtoc (medium, id, cdtoc, editpending) VALUES (601118, 465543, 291363, 0);
INSERT INTO medium_cdtoc (medium, id, cdtoc, editpending) VALUES (601118, 465545, 295235, 0);
INSERT INTO medium_cdtoc (medium, id, cdtoc, editpending) VALUES (601118, 465547, 316245, 0);
INSERT INTO medium_cdtoc (medium, id, cdtoc, editpending) VALUES (601118, 465549, 339838, 0);
INSERT INTO medium_cdtoc (medium, id, cdtoc, editpending) VALUES (601118, 465551, 354280, 0);
INSERT INTO release_label (catno, label, release, id) VALUES ('7567-82639-2', 33, 601118, 31141);
INSERT INTO medium (format, name, position, release, id, tracklist, editpending) VALUES (1, NULL, 1, 630918, 630918, 18759, 0);
INSERT INTO medium_cdtoc (medium, id, cdtoc, editpending) VALUES (630918, 357327, 893, 0);
INSERT INTO medium_cdtoc (medium, id, cdtoc, editpending) VALUES (630918, 357328, 7927, 0);
INSERT INTO medium_cdtoc (medium, id, cdtoc, editpending) VALUES (630918, 357329, 49930, 0);
INSERT INTO medium_cdtoc (medium, id, cdtoc, editpending) VALUES (630918, 357330, 98281, 0);
INSERT INTO medium_cdtoc (medium, id, cdtoc, editpending) VALUES (630918, 357331, 108503, 0);
INSERT INTO medium_cdtoc (medium, id, cdtoc, editpending) VALUES (630918, 357332, 121086, 0);
INSERT INTO medium_cdtoc (medium, id, cdtoc, editpending) VALUES (630918, 357333, 152998, 0);
INSERT INTO medium_cdtoc (medium, id, cdtoc, editpending) VALUES (630918, 357334, 181552, 0);
INSERT INTO medium_cdtoc (medium, id, cdtoc, editpending) VALUES (630918, 357335, 184796, 0);
INSERT INTO medium_cdtoc (medium, id, cdtoc, editpending) VALUES (630918, 357336, 256078, 0);
INSERT INTO medium_cdtoc (medium, id, cdtoc, editpending) VALUES (630918, 357337, 268087, 0);
INSERT INTO medium_cdtoc (medium, id, cdtoc, editpending) VALUES (630918, 357338, 291363, 0);
INSERT INTO medium_cdtoc (medium, id, cdtoc, editpending) VALUES (630918, 357339, 295235, 0);
INSERT INTO medium_cdtoc (medium, id, cdtoc, editpending) VALUES (630918, 357340, 316245, 0);
INSERT INTO medium_cdtoc (medium, id, cdtoc, editpending) VALUES (630918, 357341, 339838, 0);
INSERT INTO medium_cdtoc (medium, id, cdtoc, editpending) VALUES (630918, 357342, 354280, 0);
INSERT INTO release_label (catno, label, release, id) VALUES ('19130-2', 33, 630918, 440030);
INSERT INTO medium (format, name, position, release, id, tracklist, editpending) VALUES (1, NULL, 1, 630919, 630919, 18759, 0);
INSERT INTO medium_cdtoc (medium, id, cdtoc, editpending) VALUES (630919, 62820, 893, 0);
INSERT INTO medium_cdtoc (medium, id, cdtoc, editpending) VALUES (630919, 62821, 7927, 0);
INSERT INTO medium_cdtoc (medium, id, cdtoc, editpending) VALUES (630919, 62822, 49930, 0);
INSERT INTO medium_cdtoc (medium, id, cdtoc, editpending) VALUES (630919, 62823, 98281, 0);
INSERT INTO medium_cdtoc (medium, id, cdtoc, editpending) VALUES (630919, 62824, 108503, 0);
INSERT INTO medium_cdtoc (medium, id, cdtoc, editpending) VALUES (630919, 62825, 121086, 0);
INSERT INTO medium_cdtoc (medium, id, cdtoc, editpending) VALUES (630919, 62826, 152998, 0);
INSERT INTO medium_cdtoc (medium, id, cdtoc, editpending) VALUES (630919, 62827, 181552, 0);
INSERT INTO medium_cdtoc (medium, id, cdtoc, editpending) VALUES (630919, 62828, 184796, 0);
INSERT INTO medium_cdtoc (medium, id, cdtoc, editpending) VALUES (630919, 62829, 256078, 0);
INSERT INTO medium_cdtoc (medium, id, cdtoc, editpending) VALUES (630919, 62830, 268087, 0);
INSERT INTO medium_cdtoc (medium, id, cdtoc, editpending) VALUES (630919, 62831, 291363, 0);
INSERT INTO medium_cdtoc (medium, id, cdtoc, editpending) VALUES (630919, 62832, 295235, 0);
INSERT INTO medium_cdtoc (medium, id, cdtoc, editpending) VALUES (630919, 62833, 316245, 0);
INSERT INTO medium_cdtoc (medium, id, cdtoc, editpending) VALUES (630919, 62834, 339838, 0);
INSERT INTO medium_cdtoc (medium, id, cdtoc, editpending) VALUES (630919, 62835, 354280, 0);
INSERT INTO release_label (catno, label, release, id) VALUES ('50014', 33, 630919, 398165);
UPDATE release_group_meta SET firstreleasedate_day = 28, rating = 97, lastupdate = '2009-05-24 22:47:00.490177+02', firstreleasedate_year = 1973, ratingcount = 6, releasecount = 10, firstreleasedate_month = 3 WHERE id = 18759;
INSERT INTO tag (refcount, name, id) VALUES (628, 'should be public domain', 25673);
INSERT INTO tag (refcount, name, id) VALUES (12, '1973', 8564);
INSERT INTO release_group_tag (count, release_group, tag) VALUES (5, 18759, 271);
INSERT INTO release_group_tag (count, release_group, tag) VALUES (4, 18759, 7);
INSERT INTO release_group_tag (count, release_group, tag) VALUES (1, 18759, 987);
INSERT INTO release_group_tag (count, release_group, tag) VALUES (1, 18759, 25673);
INSERT INTO release_group_tag (count, release_group, tag) VALUES (2, 18759, 712);
INSERT INTO release_group_tag (count, release_group, tag) VALUES (1, 18759, 8564);
INSERT INTO release_name (name, id) VALUES ('Recipe for Hate', 467007);
INSERT INTO artist_name (name, id) VALUES ('Bad Religion', 61677);
INSERT INTO artist_credit (artistcount, refcount, name, id) VALUES (1, 2818, 61677, 779);
INSERT INTO artist (country, sortname, name, enddate_day, begindate_day, comment, begindate_year, begindate_month, enddate_year, type, id, editpending, gender, enddate_month, gid) VALUES (NULL, 61677, 61677, NULL, NULL, NULL, 1980, NULL, NULL, 2, 779, 0, NULL, NULL, '149e6720-4e4a-41a4-afca-6d29083fc091');
UPDATE artist_meta SET lastupdate = NULL, ratingcount = 5, rating = 92 WHERE id = 779;
INSERT INTO tag (refcount, name, id) VALUES (11, 'melodic hardcore', 1107);
INSERT INTO tag (refcount, name, id) VALUES (142, 'hardcore punk', 743);
INSERT INTO tag (refcount, name, id) VALUES (10126, 'punk', 88);
INSERT INTO tag (refcount, name, id) VALUES (1984, 'rock and indie', 4662);
INSERT INTO tag (refcount, name, id) VALUES (3, 'california punk', 28312);
INSERT INTO tag (refcount, name, id) VALUES (233, 'california', 1887);
INSERT INTO tag (refcount, name, id) VALUES (23, 'epitaph', 25514);
INSERT INTO tag (refcount, name, id) VALUES (6, 'atlantic', 28311);
INSERT INTO tag (refcount, name, id) VALUES (1062, 'punk rock', 133);
INSERT INTO tag (refcount, name, id) VALUES (16, 'classic hardcore punk', 28313);
INSERT INTO tag (refcount, name, id) VALUES (4, 'classic punk', 28314);
INSERT INTO artist_tag (count, artist, tag) VALUES (1, 779, 1107);
INSERT INTO artist_tag (count, artist, tag) VALUES (2, 779, 743);
INSERT INTO artist_tag (count, artist, tag) VALUES (2, 779, 111);
INSERT INTO artist_tag (count, artist, tag) VALUES (1, 779, 748);
INSERT INTO artist_tag (count, artist, tag) VALUES (2, 779, 273);
INSERT INTO artist_tag (count, artist, tag) VALUES (1, 779, 88);
INSERT INTO artist_tag (count, artist, tag) VALUES (1, 779, 4662);
INSERT INTO artist_tag (count, artist, tag) VALUES (1, 779, 28312);
INSERT INTO artist_tag (count, artist, tag) VALUES (1, 779, 1887);
INSERT INTO artist_tag (count, artist, tag) VALUES (1, 779, 25514);
INSERT INTO artist_tag (count, artist, tag) VALUES (1, 779, 28311);
INSERT INTO artist_tag (count, artist, tag) VALUES (1, 779, 133);
INSERT INTO artist_tag (count, artist, tag) VALUES (1, 779, 28313);
INSERT INTO artist_tag (count, artist, tag) VALUES (1, 779, 28314);
INSERT INTO artist_credit_name (artist, name, position, artist_credit, joinphrase) VALUES (779, 61677, 0, 779, NULL);
INSERT INTO release_group (comment, name, type, artist_credit, id, editpending, gid) VALUES (NULL, 467007, 2, 779, 47743, 0, '3e38adc0-bb7d-39d1-a811-7ce6db5d869d');
INSERT INTO release (date_day, status, release_group, packaging, id, quality, country, script, language, name, artist_credit, barcode, comment, date_year, date_month, gid, editpending) VALUES (21, 1, 47743, NULL, 32094, -1, 222, 28, 120, 467007, 779, '075678254628', NULL, 1993, 9, 'f07d489d-a06e-4f39-b95e-5692e2a4f465', 0);
INSERT INTO release (date_day, status, release_group, packaging, id, quality, country, script, language, name, artist_credit, barcode, comment, date_year, date_month, gid, editpending) VALUES (6, 1, 47743, NULL, 509518, -1, 222, 28, 120, 467007, 779, '8714092642025', NULL, 1993, 4, '99303476-675d-3c88-a4ee-8c40ea91b1e2', 0);
INSERT INTO tracklist (trackcount, id) VALUES (0, 47743);
INSERT INTO track_name (name, id) VALUES ('Recipe for Hate', 3114752);
INSERT INTO recording (length, comment, name, artist_credit, id, editpending, gid) VALUES (122666, NULL, 3114752, 779, 334848, 0, '771d9f71-987a-4267-b4e6-08375b77ace6');
INSERT INTO puid (version, puid, id) VALUES (1, '444d2e93-b09e-2861-29b8-2a852599cf60', 269436);
INSERT INTO puid (version, puid, id) VALUES (1, '74b943d6-9e0a-f29d-ebb5-46a86ebc74f8', 362200);
INSERT INTO puid (version, puid, id) VALUES (134, '7e7ef1c4-f67b-4d99-3674-c845e22ce1c3', 1039263);
INSERT INTO puid (version, puid, id) VALUES (134, '9abe6adc-a7e2-9f71-0ceb-de9c351884c0', 1110958);
INSERT INTO puid (version, puid, id) VALUES (156, 'fc837558-b10b-91b9-d630-0248957c531d', 1721627);
INSERT INTO recording_puid (recording, puid, id, editpending) VALUES (334848, 269436, 346653, 0);
INSERT INTO recording_puid (recording, puid, id, editpending) VALUES (334848, 362200, 465788, 0);
INSERT INTO recording_puid (recording, puid, id, editpending) VALUES (334848, 1039263, 1312027, 0);
INSERT INTO recording_puid (recording, puid, id, editpending) VALUES (334848, 1110958, 1399318, 0);
INSERT INTO recording_puid (recording, puid, id, editpending) VALUES (334848, 1721627, 2149980, 0);
UPDATE recording_meta SET lastupdate = '2010-06-21 21:40:20.31954+02', ratingcount = NULL, rating = NULL WHERE id = 334848;
INSERT INTO tag (refcount, name, id) VALUES (2173, 'rock pop', 2987);
INSERT INTO recording_tag (count, recording, tag) VALUES (1, 334848, 2987);
INSERT INTO track_name (name, id) VALUES ('Kerosene', 2029171);
INSERT INTO recording (length, comment, name, artist_credit, id, editpending, gid) VALUES (161666, NULL, 2029171, 779, 334849, 0, 'b2e09566-5676-4229-b156-c37e8e88b989');
INSERT INTO puid (version, puid, id) VALUES (1, '006a3400-d9bb-0dfc-0de3-33f7cea12d67', 1802);
INSERT INTO puid (version, puid, id) VALUES (1, 'ec216eba-9275-80f9-9484-a6ef9177d4f4', 590705);
INSERT INTO puid (version, puid, id) VALUES (134, 'ceddd2bd-32f7-b03b-6e09-889da046be07', 939333);
INSERT INTO puid (version, puid, id) VALUES (134, '68dac099-65d6-4f82-8299-def1e37c4776', 1110951);
INSERT INTO puid (version, puid, id) VALUES (156, '98801a43-880b-22cd-531d-bd9701500fb2', 1721730);
INSERT INTO puid (version, puid, id) VALUES (140, '76f88bdc-51d1-6921-1b5e-dab7f123636c', 2145272);
INSERT INTO recording_puid (recording, puid, id, editpending) VALUES (334849, 1802, 2441, 0);
INSERT INTO recording_puid (recording, puid, id, editpending) VALUES (334849, 590705, 2836120, 0);
INSERT INTO recording_puid (recording, puid, id, editpending) VALUES (334849, 939333, 1189495, 0);
INSERT INTO recording_puid (recording, puid, id, editpending) VALUES (334849, 1110951, 1399311, 0);
INSERT INTO recording_puid (recording, puid, id, editpending) VALUES (334849, 1721730, 2150083, 0);
INSERT INTO recording_puid (recording, puid, id, editpending) VALUES (334849, 2145272, 2678137, 0);
UPDATE recording_meta SET lastupdate = '2010-06-21 21:40:20.31954+02', ratingcount = NULL, rating = NULL WHERE id = 334849;
INSERT INTO recording_tag (count, recording, tag) VALUES (1, 334849, 2987);
INSERT INTO track_name (name, id) VALUES ('American Jesus', 207638);
INSERT INTO recording (length, comment, name, artist_credit, id, editpending, gid) VALUES (197400, NULL, 207638, 779, 334850, 0, '453de38c-6d0d-4bb8-93ff-88d78774352a');
INSERT INTO puid (version, puid, id) VALUES (1, 'b2fff4b0-df0b-1704-a404-000d2ee4be03', 481239);
INSERT INTO puid (version, puid, id) VALUES (1, 'c4718283-a96a-5615-f74a-8f90bdd7553b', 514698);
INSERT INTO puid (version, puid, id) VALUES (1, 'f6aa3a5c-e440-79ff-415f-9e36bb54ab7f', 610887);
INSERT INTO puid (version, puid, id) VALUES (140, '8536e077-fd5d-fa6e-bf07-0bdcd6a5f8da', 1391136);
INSERT INTO puid (version, puid, id) VALUES (156, '4b7ef13d-8a38-d14f-9a89-f97eac1223ae', 1721803);
INSERT INTO puid (version, puid, id) VALUES (139, 'e8b73889-575b-db87-99c8-22649a160de2', 2225490);
INSERT INTO puid (version, puid, id) VALUES (188, '0c753402-80df-527c-efbc-640759c2dd8c', 2665243);
INSERT INTO puid (version, puid, id) VALUES (188, '45ff85cb-78cf-40b0-756b-81ada9a3d905', 2747419);
INSERT INTO recording_puid (recording, puid, id, editpending) VALUES (334850, 481239, 619174, 0);
INSERT INTO recording_puid (recording, puid, id, editpending) VALUES (334850, 514698, 662023, 0);
INSERT INTO recording_puid (recording, puid, id, editpending) VALUES (334850, 610887, 785330, 0);
INSERT INTO recording_puid (recording, puid, id, editpending) VALUES (334850, 1391136, 1744176, 0);
INSERT INTO recording_puid (recording, puid, id, editpending) VALUES (334850, 1721803, 2150156, 0);
INSERT INTO recording_puid (recording, puid, id, editpending) VALUES (334850, 2225490, 2778220, 0);
INSERT INTO recording_puid (recording, puid, id, editpending) VALUES (334850, 2665243, 3331234, 0);
INSERT INTO recording_puid (recording, puid, id, editpending) VALUES (334850, 2747419, 3440264, 0);
UPDATE recording_meta SET lastupdate = '2010-06-21 21:40:20.31954+02', ratingcount = NULL, rating = NULL WHERE id = 334850;
INSERT INTO tag (refcount, name, id) VALUES (49, 'general punk', 21080);
INSERT INTO recording_tag (count, recording, tag) VALUES (1, 334850, 2987);
INSERT INTO recording_tag (count, recording, tag) VALUES (1, 334850, 21080);
INSERT INTO track_name (name, id) VALUES ('Portrait of Authority', 2989046);
INSERT INTO recording (length, comment, name, artist_credit, id, editpending, gid) VALUES (164773, NULL, 2989046, 779, 334851, 0, '42a31f1d-74e3-429e-a13a-e0f51bffdcce');
INSERT INTO puid (version, puid, id) VALUES (1, '30ab6ebf-b4ab-889d-cc7d-8ec5239f15df', 212855);
INSERT INTO puid (version, puid, id) VALUES (1, '4260d337-26fe-cdab-3fa1-f18d7966c49f', 265772);
INSERT INTO puid (version, puid, id) VALUES (1, 'f2139bf6-f6cd-5faf-d815-ea6844ac4877', 602116);
INSERT INTO puid (version, puid, id) VALUES (134, '81a590c6-3f2a-94ba-b26f-560f4598115c', 1110952);
INSERT INTO puid (version, puid, id) VALUES (156, 'bf9ba996-b139-2e14-616e-8d43a1e07645', 1721733);
INSERT INTO puid (version, puid, id) VALUES (140, 'feded49b-22e2-743d-92a4-b775fd8a7d1c', 2026249);
INSERT INTO puid (version, puid, id) VALUES (140, 'b3aaebab-33af-ba6b-aa22-bf59f00fb7b0', 2114727);
INSERT INTO puid (version, puid, id) VALUES (139, 'f177c752-5371-9321-ab8d-8cca22eaba44', 2225491);
INSERT INTO puid (version, puid, id) VALUES (188, '21f34dd6-cf20-ce5c-6e6f-2c4ca15782a1', 2246727);
INSERT INTO puid (version, puid, id) VALUES (188, '9749491d-dab5-cb7f-b644-376fd049bdbb', 2558861);
INSERT INTO recording_puid (recording, puid, id, editpending) VALUES (334851, 212855, 273861, 0);
INSERT INTO recording_puid (recording, puid, id, editpending) VALUES (334851, 265772, 341788, 0);
INSERT INTO recording_puid (recording, puid, id, editpending) VALUES (334851, 602116, 774116, 0);
INSERT INTO recording_puid (recording, puid, id, editpending) VALUES (334851, 1110952, 1399312, 0);
INSERT INTO recording_puid (recording, puid, id, editpending) VALUES (334851, 1721733, 2150086, 0);
INSERT INTO recording_puid (recording, puid, id, editpending) VALUES (334851, 2026249, 2529783, 0);
INSERT INTO recording_puid (recording, puid, id, editpending) VALUES (334851, 2114727, 2640343, 0);
INSERT INTO recording_puid (recording, puid, id, editpending) VALUES (334851, 2225491, 2778221, 0);
INSERT INTO recording_puid (recording, puid, id, editpending) VALUES (334851, 2246727, 2804573, 0);
INSERT INTO recording_puid (recording, puid, id, editpending) VALUES (334851, 2558861, 3262868, 0);
UPDATE recording_meta SET lastupdate = '2010-06-21 21:40:20.31954+02', ratingcount = NULL, rating = NULL WHERE id = 334851;
INSERT INTO track_name (name, id) VALUES ('Man With a Mission', 2387969);
INSERT INTO recording (length, comment, name, artist_credit, id, editpending, gid) VALUES (191493, NULL, 2387969, 779, 334852, 0, '258160de-3785-4c93-852e-543a69812351');
INSERT INTO puid (version, puid, id) VALUES (1, '71decb5a-3f16-382d-4ea9-85e648a69222', 356685);
INSERT INTO puid (version, puid, id) VALUES (1, 'a3c5a4f8-5e00-6ac7-05d9-fa23e0306c0c', 452163);
INSERT INTO puid (version, puid, id) VALUES (129, 'e0aee481-20a0-e3e7-a1e0-11f09b16cb8e', 691408);
INSERT INTO puid (version, puid, id) VALUES (156, '64bb04b0-a8f6-d61b-673e-40b2951416f0', 1721551);
INSERT INTO puid (version, puid, id) VALUES (140, '0c7cf2de-942b-4c8c-e498-bad2f1a2fa07', 1731547);
INSERT INTO puid (version, puid, id) VALUES (246, '064822a4-a034-1879-7a33-16525a242ee2', 3963166);
INSERT INTO recording_puid (recording, puid, id, editpending) VALUES (334852, 356685, 458836, 0);
INSERT INTO recording_puid (recording, puid, id, editpending) VALUES (334852, 452163, 581870, 0);
INSERT INTO recording_puid (recording, puid, id, editpending) VALUES (334852, 691408, 885949, 0);
INSERT INTO recording_puid (recording, puid, id, editpending) VALUES (334852, 1721551, 2149904, 0);
INSERT INTO recording_puid (recording, puid, id, editpending) VALUES (334852, 1731547, 2162321, 0);
INSERT INTO recording_puid (recording, puid, id, editpending) VALUES (334852, 3963166, 5006568, 0);
UPDATE recording_meta SET lastupdate = '2010-06-21 21:40:20.31954+02', ratingcount = NULL, rating = NULL WHERE id = 334852;
INSERT INTO track_name (name, id) VALUES ('All Good Soldiers', 176680);
INSERT INTO recording (length, comment, name, artist_credit, id, editpending, gid) VALUES (187373, NULL, 176680, 779, 334853, 0, 'd3424bfb-65da-41b6-9b9f-1b5e3eeb218a');
INSERT INTO puid (version, puid, id) VALUES (1, '8c30bc66-d064-e239-4007-d62e751ee66f', 407366);
INSERT INTO puid (version, puid, id) VALUES (131, 'ab266e82-b642-88ac-7822-77e79bf3c9e1', 836611);
INSERT INTO puid (version, puid, id) VALUES (156, 'f096187c-8d53-ee02-47c2-b34cd055d9fa', 1721862);
INSERT INTO recording_puid (recording, puid, id, editpending) VALUES (334853, 407366, 523974, 0);
INSERT INTO recording_puid (recording, puid, id, editpending) VALUES (334853, 836611, 1064058, 0);
INSERT INTO recording_puid (recording, puid, id, editpending) VALUES (334853, 1721862, 2150215, 0);
UPDATE recording_meta SET lastupdate = '2010-06-21 21:40:20.31954+02', ratingcount = NULL, rating = NULL WHERE id = 334853;
INSERT INTO recording_tag (count, recording, tag) VALUES (1, 334853, 2987);
INSERT INTO track_name (name, id) VALUES ('Watch It Die', 4284494);
INSERT INTO recording (length, comment, name, artist_credit, id, editpending, gid) VALUES (154533, NULL, 4284494, 779, 334854, 0, '1e3b888b-29da-4c81-a86b-954de41d871a');
INSERT INTO puid (version, puid, id) VALUES (1, '619a0bf2-63b1-4e51-3048-6c5cb3bf6380', 325460);
INSERT INTO puid (version, puid, id) VALUES (1, 'd8f6a273-bda4-fd44-a184-0edef54b8985', 554117);
INSERT INTO puid (version, puid, id) VALUES (134, '16a61fba-b269-2400-69a3-99568bd0daaf', 1110953);
INSERT INTO puid (version, puid, id) VALUES (156, 'b4c37741-8035-1c19-bd2d-dcbbb75696fb', 1721823);
INSERT INTO clientversion (version, id) VALUES ('Jaikoz-1.9.0', 161);
INSERT INTO puid (version, puid, id) VALUES (161, 'cb657066-91c0-41e6-fd2c-b79cf25b9999', 1732197);
INSERT INTO puid (version, puid, id) VALUES (204, 'de856373-35e1-b6b3-dcde-4ef4cc7d9272', 3212449);
INSERT INTO recording_puid (recording, puid, id, editpending) VALUES (334854, 325460, 418730, 0);
INSERT INTO recording_puid (recording, puid, id, editpending) VALUES (334854, 554117, 712587, 0);
INSERT INTO recording_puid (recording, puid, id, editpending) VALUES (334854, 1110953, 1399313, 0);
INSERT INTO recording_puid (recording, puid, id, editpending) VALUES (334854, 1721823, 2150176, 0);
INSERT INTO recording_puid (recording, puid, id, editpending) VALUES (334854, 1732197, 2163211, 0);
INSERT INTO recording_puid (recording, puid, id, editpending) VALUES (334854, 3212449, 4036647, 0);
UPDATE recording_meta SET lastupdate = '2010-06-21 21:40:20.31954+02', ratingcount = NULL, rating = NULL WHERE id = 334854;
INSERT INTO track_name (name, id) VALUES ('Struck a Nerve', 3606068);
INSERT INTO recording (length, comment, name, artist_credit, id, editpending, gid) VALUES (227493, NULL, 3606068, 779, 334855, 0, '2f83d319-e4f4-4808-ae63-177fe7a2f9e3');
INSERT INTO puid (version, puid, id) VALUES (1, '0e2b2639-82bc-50a7-2a79-68d2fb875daf', 62624);
INSERT INTO puid (version, puid, id) VALUES (1, '5cb77408-fdc7-8439-d1c7-4bb465677f08', 316166);
INSERT INTO puid (version, puid, id) VALUES (129, 'fa34734e-c84a-48b3-a88f-59a40b2d412d', 661311);
INSERT INTO puid (version, puid, id) VALUES (156, 'dda50a0b-ac47-5aa0-29ec-02c2cea5bc54', 1721630);
INSERT INTO puid (version, puid, id) VALUES (139, '8293bbd2-748a-d16f-3042-d50db37147ca', 2225492);
INSERT INTO recording_puid (recording, puid, id, editpending) VALUES (334855, 62624, 80804, 0);
INSERT INTO recording_puid (recording, puid, id, editpending) VALUES (334855, 316166, 406745, 0);
INSERT INTO recording_puid (recording, puid, id, editpending) VALUES (334855, 661311, 850048, 0);
INSERT INTO recording_puid (recording, puid, id, editpending) VALUES (334855, 1721630, 2149983, 0);
INSERT INTO recording_puid (recording, puid, id, editpending) VALUES (334855, 2225492, 2778222, 0);
UPDATE recording_meta SET lastupdate = '2010-06-21 21:40:20.31954+02', ratingcount = NULL, rating = NULL WHERE id = 334855;
INSERT INTO track_name (name, id) VALUES ('My Poor Friend Me', 2597295);
INSERT INTO recording (length, comment, name, artist_credit, id, editpending, gid) VALUES (162800, NULL, 2597295, 779, 334856, 0, 'd22be1c6-1cd1-4c61-afaf-0a3b639355a6');
INSERT INTO puid (version, puid, id) VALUES (1, '379ab5d7-13ca-c6e8-3254-0a6ba81571ae', 243010);
INSERT INTO puid (version, puid, id) VALUES (1, '4a2e9128-8609-cce2-8bae-66fe8f60d805', 280688);
INSERT INTO puid (version, puid, id) VALUES (1, 'fdca7c25-14f5-fc55-f1ff-a382f5977296', 624386);
INSERT INTO puid (version, puid, id) VALUES (129, '813de991-e41e-5472-2f6f-b9783b2bf78b', 691402);
INSERT INTO puid (version, puid, id) VALUES (131, 'a60bb212-1e6c-ee7b-3555-12237e26f3dd', 852042);
INSERT INTO puid (version, puid, id) VALUES (140, '0faf952b-8ba5-c721-c839-30b03872a1a0', 1649175);
INSERT INTO puid (version, puid, id) VALUES (156, 'f6dafb70-21d2-0ee6-b866-c61a2a09c466', 1722021);
INSERT INTO puid (version, puid, id) VALUES (140, '2d8918f3-5cc8-a202-18b4-e29b7ebed251', 1924620);
INSERT INTO puid (version, puid, id) VALUES (204, '24fa7a37-44b1-aa0a-d26d-d8b0cdfb861e', 3210266);
INSERT INTO recording_puid (recording, puid, id, editpending) VALUES (334856, 243010, 312565, 0);
INSERT INTO recording_puid (recording, puid, id, editpending) VALUES (334856, 280688, 361271, 0);
INSERT INTO recording_puid (recording, puid, id, editpending) VALUES (334856, 624386, 802747, 0);
INSERT INTO recording_puid (recording, puid, id, editpending) VALUES (334856, 691402, 885935, 0);
INSERT INTO recording_puid (recording, puid, id, editpending) VALUES (334856, 852042, 1082877, 0);
INSERT INTO recording_puid (recording, puid, id, editpending) VALUES (334856, 1649175, 2060555, 0);
INSERT INTO recording_puid (recording, puid, id, editpending) VALUES (334856, 1722021, 2150374, 0);
INSERT INTO recording_puid (recording, puid, id, editpending) VALUES (334856, 1924620, 2401824, 0);
INSERT INTO recording_puid (recording, puid, id, editpending) VALUES (334856, 3210266, 4034056, 0);
UPDATE recording_meta SET lastupdate = '2010-06-21 21:40:20.31954+02', ratingcount = NULL, rating = NULL WHERE id = 334856;
INSERT INTO track_name (name, id) VALUES ('Lookin'' In', 2289161);
INSERT INTO recording (length, comment, name, artist_credit, id, editpending, gid) VALUES (123600, NULL, 2289161, 779, 334857, 0, '69e276ff-a4d0-4de1-87ef-a462aeedc2da');
INSERT INTO puid (version, puid, id) VALUES (1, '3ca77354-b22c-7437-269e-5bd8bb90d042', 254805);
INSERT INTO puid (version, puid, id) VALUES (134, '68c46184-920d-a6c7-f3e3-ed04d4474ffc', 1110950);
INSERT INTO puid (version, puid, id) VALUES (156, '52ae0d36-c117-e0a5-d396-e76d745dbda8', 1721942);
INSERT INTO puid (version, puid, id) VALUES (140, '50dff203-32aa-3bca-fda9-69410dd39f3d', 2075159);
INSERT INTO recording_puid (recording, puid, id, editpending) VALUES (334857, 254805, 327701, 0);
INSERT INTO recording_puid (recording, puid, id, editpending) VALUES (334857, 1110950, 1399310, 0);
INSERT INTO recording_puid (recording, puid, id, editpending) VALUES (334857, 1721942, 2150295, 0);
INSERT INTO recording_puid (recording, puid, id, editpending) VALUES (334857, 2075159, 2592098, 0);
UPDATE recording_meta SET lastupdate = '2010-06-21 21:40:20.31954+02', ratingcount = NULL, rating = NULL WHERE id = 334857;
INSERT INTO track_name (name, id) VALUES ('Don''t Pray on Me', 1027657);
INSERT INTO recording (length, comment, name, artist_credit, id, editpending, gid) VALUES (162840, NULL, 1027657, 779, 334858, 0, 'f3966ac3-aade-4476-acce-419fb03af943');
INSERT INTO puid (version, puid, id) VALUES (1, '4dcef4f3-4574-e32f-01be-03f77ea29ced', 287630);
INSERT INTO puid (version, puid, id) VALUES (1, '8b32899f-11ad-5bdf-a907-5260839c3b4c', 405385);
INSERT INTO puid (version, puid, id) VALUES (134, '17b8c73a-8f4a-b147-6bdc-83e38c4a353d', 1110955);
INSERT INTO puid (version, puid, id) VALUES (156, 'aa66953e-87b5-64fb-147d-9769a705e83c', 1721278);
INSERT INTO recording_puid (recording, puid, id, editpending) VALUES (334858, 287630, 370273, 0);
INSERT INTO recording_puid (recording, puid, id, editpending) VALUES (334858, 405385, 521391, 0);
INSERT INTO recording_puid (recording, puid, id, editpending) VALUES (334858, 1110955, 1399315, 0);
INSERT INTO recording_puid (recording, puid, id, editpending) VALUES (334858, 1721278, 2149631, 0);
UPDATE recording_meta SET lastupdate = '2010-06-21 21:40:20.31954+02', ratingcount = NULL, rating = NULL WHERE id = 334858;
INSERT INTO track_name (name, id) VALUES ('Modern Day Catastrophists', 2511832);
INSERT INTO recording (length, comment, name, artist_credit, id, editpending, gid) VALUES (166626, NULL, 2511832, 779, 334859, 0, '1796c53a-2d8c-484c-8a0b-6d01fff9a3ab');
INSERT INTO puid (version, puid, id) VALUES (1, 'b24e77ab-eeee-6416-f181-2287d7ad02fa', 479835);
INSERT INTO puid (version, puid, id) VALUES (134, 'c9e97d95-10cd-e46b-b1c6-ed0738d0a4ea', 1110956);
INSERT INTO puid (version, puid, id) VALUES (156, '14c85a0a-776b-1ec2-d089-8ee6b0befcea', 1721724);
INSERT INTO puid (version, puid, id) VALUES (139, '193d4abc-93e8-f354-75cc-124f3f4f0cb5', 2225493);
INSERT INTO recording_puid (recording, puid, id, editpending) VALUES (334859, 479835, 617388, 0);
INSERT INTO recording_puid (recording, puid, id, editpending) VALUES (334859, 1110956, 1399316, 0);
INSERT INTO recording_puid (recording, puid, id, editpending) VALUES (334859, 1721724, 2150077, 0);
INSERT INTO recording_puid (recording, puid, id, editpending) VALUES (334859, 2225493, 2778223, 0);
UPDATE recording_meta SET lastupdate = '2010-06-21 21:40:20.31954+02', ratingcount = NULL, rating = NULL WHERE id = 334859;
INSERT INTO track_name (name, id) VALUES ('Skyscraper', 3419786);
INSERT INTO recording (length, comment, name, artist_credit, id, editpending, gid) VALUES (195040, NULL, 3419786, 779, 334860, 0, '34d5b05e-01ce-4180-832f-c05c18689074');
INSERT INTO puid (version, puid, id) VALUES (1, '20335b1b-c5b0-d4bb-630d-257717a36497', 141483);
INSERT INTO puid (version, puid, id) VALUES (1, 'bd8698bc-1824-1173-2554-a33870fa1c21', 501578);
INSERT INTO puid (version, puid, id) VALUES (131, '0b3865bf-4728-393c-9dbd-5ea819654aa2', 852044);
INSERT INTO puid (version, puid, id) VALUES (134, '5d7e023a-ded0-a0c1-ce8e-711cb8303b55', 1110957);
INSERT INTO puid (version, puid, id) VALUES (140, 'a93b00c3-641a-53d4-40a6-21493a8cc5f5', 1391139);
INSERT INTO puid (version, puid, id) VALUES (156, '52c4cf01-1608-2aff-fc1a-7fe53268ac6e', 1721876);
INSERT INTO puid (version, puid, id) VALUES (140, 'ff3e458f-07c5-6244-ce88-231651298248', 1731546);
INSERT INTO puid (version, puid, id) VALUES (161, '407727c6-4f6a-b19f-9075-cce11c5ea58c', 1732210);
INSERT INTO puid (version, puid, id) VALUES (140, '052da576-26fd-e6ac-7007-abfcc71cd5ac', 1810403);
INSERT INTO recording_puid (recording, puid, id, editpending) VALUES (334860, 141483, 181993, 0);
INSERT INTO recording_puid (recording, puid, id, editpending) VALUES (334860, 501578, 645276, 0);
INSERT INTO recording_puid (recording, puid, id, editpending) VALUES (334860, 852044, 1082879, 0);
INSERT INTO recording_puid (recording, puid, id, editpending) VALUES (334860, 1110957, 1399317, 0);
INSERT INTO recording_puid (recording, puid, id, editpending) VALUES (334860, 1391139, 1744179, 0);
INSERT INTO recording_puid (recording, puid, id, editpending) VALUES (334860, 1721876, 2150229, 0);
INSERT INTO recording_puid (recording, puid, id, editpending) VALUES (334860, 1731546, 2162320, 0);
INSERT INTO recording_puid (recording, puid, id, editpending) VALUES (334860, 1732210, 2163224, 0);
INSERT INTO recording_puid (recording, puid, id, editpending) VALUES (334860, 1810403, 2260220, 0);
UPDATE recording_meta SET lastupdate = '2010-06-21 21:40:20.31954+02', ratingcount = NULL, rating = NULL WHERE id = 334860;
INSERT INTO track_name (name, id) VALUES ('Stealth', 3566590);
INSERT INTO recording (length, comment, name, artist_credit, id, editpending, gid) VALUES (42026, NULL, 3566590, 779, 334861, 0, '80ab1bae-6638-4603-b65a-29b9966671c8');
INSERT INTO puid (version, puid, id) VALUES (1, '08725dc8-c723-9819-e3d3-f8df7740660b', 37302);
INSERT INTO puid (version, puid, id) VALUES (1, '1cb29d0f-f00c-94f6-b389-312e387acca3', 126150);
INSERT INTO puid (version, puid, id) VALUES (134, '2a56983a-f168-bab8-1196-88ec000f87ff', 1110954);
INSERT INTO puid (version, puid, id) VALUES (156, 'ae04148a-4d76-dc81-b57d-5fb75a6dde0f', 1721188);
INSERT INTO puid (version, puid, id) VALUES (140, 'c8770397-f629-2ee8-f26e-e57f4396fd28', 1924621);
INSERT INTO recording_puid (recording, puid, id, editpending) VALUES (334861, 37302, 48098, 0);
INSERT INTO recording_puid (recording, puid, id, editpending) VALUES (334861, 126150, 162266, 0);
INSERT INTO recording_puid (recording, puid, id, editpending) VALUES (334861, 1110954, 1399314, 0);
INSERT INTO recording_puid (recording, puid, id, editpending) VALUES (334861, 1721188, 2149541, 0);
INSERT INTO recording_puid (recording, puid, id, editpending) VALUES (334861, 1924621, 2401825, 0);
UPDATE recording_meta SET lastupdate = '2010-06-21 21:40:20.31954+02', ratingcount = NULL, rating = NULL WHERE id = 334861;
INSERT INTO track (length, recording, name, position, artist_credit, id, tracklist, editpending) VALUES (122666, 334848, 3114752, 1, 779, 334848, 47743, 0);
INSERT INTO track (length, recording, name, position, artist_credit, id, tracklist, editpending) VALUES (161666, 334849, 2029171, 2, 779, 334849, 47743, 0);
INSERT INTO track (length, recording, name, position, artist_credit, id, tracklist, editpending) VALUES (197400, 334850, 207638, 3, 779, 334850, 47743, 0);
INSERT INTO track (length, recording, name, position, artist_credit, id, tracklist, editpending) VALUES (164773, 334851, 2989046, 4, 779, 334851, 47743, 0);
INSERT INTO track (length, recording, name, position, artist_credit, id, tracklist, editpending) VALUES (191493, 334852, 2387969, 5, 779, 334852, 47743, 0);
INSERT INTO track (length, recording, name, position, artist_credit, id, tracklist, editpending) VALUES (187373, 334853, 176680, 6, 779, 334853, 47743, 0);
INSERT INTO track (length, recording, name, position, artist_credit, id, tracklist, editpending) VALUES (154533, 334854, 4284494, 7, 779, 334854, 47743, 0);
INSERT INTO track (length, recording, name, position, artist_credit, id, tracklist, editpending) VALUES (227493, 334855, 3606068, 8, 779, 334855, 47743, 0);
INSERT INTO track (length, recording, name, position, artist_credit, id, tracklist, editpending) VALUES (162800, 334856, 2597295, 9, 779, 334856, 47743, 0);
INSERT INTO track (length, recording, name, position, artist_credit, id, tracklist, editpending) VALUES (123600, 334857, 2289161, 10, 779, 334857, 47743, 0);
INSERT INTO track (length, recording, name, position, artist_credit, id, tracklist, editpending) VALUES (162840, 334858, 1027657, 11, 779, 334858, 47743, 0);
INSERT INTO track (length, recording, name, position, artist_credit, id, tracklist, editpending) VALUES (166626, 334859, 2511832, 12, 779, 334859, 47743, 0);
INSERT INTO track (length, recording, name, position, artist_credit, id, tracklist, editpending) VALUES (195040, 334860, 3419786, 13, 779, 334860, 47743, 0);
INSERT INTO track (length, recording, name, position, artist_credit, id, tracklist, editpending) VALUES (42026, 334861, 3566590, 14, 779, 334861, 47743, 0);
INSERT INTO medium (format, name, position, release, id, tracklist, editpending) VALUES (1, NULL, 1, 32094, 32094, 47743, 0);
INSERT INTO cdtoc (discid, leadoutoffset, degraded, trackoffset, trackcount, freedbid, id) VALUES ('5t9hqzNTxRPT7zKSgqbIaUPfBzg-', 169707, '0', '{182,9382,21507,36312,48670,63032,77085,88675,105737,117947,127217,139430,151927,166555}', 14, 'b708d40e', 10144);
INSERT INTO cdtoc (discid, leadoutoffset, degraded, trackoffset, trackcount, freedbid, id) VALUES ('Oa9KN2peBaJdn1znF7XXMXKkhLo-', 169667, '0', '{150,9347,21470,36285,48637,63002,77035,88645,105707,117925,127190,139395,151892,166525}', 14, 'b208d40e', 112902);
INSERT INTO cdtoc (discid, leadoutoffset, degraded, trackoffset, trackcount, freedbid, id) VALUES ('tR2SpfaE.q4kUoGwP.NkPT6vwhc-', 169707, '0', '{182,9380,21505,36312,48667,63032,77082,88675,105737,117947,127217,139430,151925,166555}', 14, 'b708d40e', 146522);
INSERT INTO cdtoc (discid, leadoutoffset, degraded, trackoffset, trackcount, freedbid, id) VALUES ('5ryUSsKSzUhTIcCvvBbzY6mmP70-', 169600, '0', '{150,9280,21410,36220,48575,62940,76970,88582,105647,117847,127127,139330,151812,166457}', 14, 'b908d30e', 164606);
INSERT INTO cdtoc (discid, leadoutoffset, degraded, trackoffset, trackcount, freedbid, id) VALUES ('9pK3Eo7YF8qSiBlGg9D0l5sNuaU-', 169657, '0', '{150,9305,21420,36237,48587,62945,76977,88592,105660,117865,127147,139337,151820,163460}', 14, 'c008d40e', 252608);
INSERT INTO cdtoc (discid, leadoutoffset, degraded, trackoffset, trackcount, freedbid, id) VALUES ('syCuIG.VDtfkIkCZ7srayNW8rnA-', 169673, '0', '{150,9348,21473,36280,48635,63000,77050,88643,105705,117915,127185,139398,151893,166523}', 14, 'b208d40e', 376870);
INSERT INTO medium_cdtoc (medium, id, cdtoc, editpending) VALUES (32094, 234917, 10144, 0);
INSERT INTO medium_cdtoc (medium, id, cdtoc, editpending) VALUES (32094, 234918, 112902, 0);
INSERT INTO medium_cdtoc (medium, id, cdtoc, editpending) VALUES (32094, 234919, 146522, 0);
INSERT INTO medium_cdtoc (medium, id, cdtoc, editpending) VALUES (32094, 234920, 164606, 0);
INSERT INTO medium_cdtoc (medium, id, cdtoc, editpending) VALUES (32094, 234921, 252608, 0);
INSERT INTO medium_cdtoc (medium, id, cdtoc, editpending) VALUES (32094, 234922, 376870, 0);
INSERT INTO release_label (catno, label, release, id) VALUES ('7 82546-2', 33, 32094, 61210);
INSERT INTO medium (format, name, position, release, id, tracklist, editpending) VALUES (1, NULL, 1, 509518, 509518, 47743, 0);
INSERT INTO medium_cdtoc (medium, id, cdtoc, editpending) VALUES (509518, 451604, 10144, 0);
INSERT INTO medium_cdtoc (medium, id, cdtoc, editpending) VALUES (509518, 451605, 112902, 0);
INSERT INTO medium_cdtoc (medium, id, cdtoc, editpending) VALUES (509518, 451606, 146522, 0);
INSERT INTO medium_cdtoc (medium, id, cdtoc, editpending) VALUES (509518, 451607, 164606, 0);
INSERT INTO medium_cdtoc (medium, id, cdtoc, editpending) VALUES (509518, 451608, 252608, 0);
INSERT INTO medium_cdtoc (medium, id, cdtoc, editpending) VALUES (509518, 451609, 376870, 0);
INSERT INTO label_name (name, id) VALUES ('Epitaph', 13538);
INSERT INTO label (country, sortname, labelcode, name, enddate_day, begindate_day, comment, begindate_year, begindate_month, enddate_year, type, id, editpending, enddate_month, gid) VALUES (222, 13538, NULL, 13538, NULL, NULL, NULL, 1980, NULL, NULL, 4, 395, 0, NULL, '1bfd06be-a6ed-4ced-8159-7d4d2923a40c');
INSERT INTO label_name (name, id) VALUES ('Epitaph Records', 13540);
INSERT INTO label_alias (name, locale, label, id, editpending) VALUES (13540, NULL, 395, 230, 0);
UPDATE label_meta SET lastupdate = NULL, ratingcount = 1, rating = 80 WHERE id = 395;
INSERT INTO tag (refcount, name, id) VALUES (113, 'los angeles', 2147);
INSERT INTO label_tag (count, tag, label) VALUES (1, 743, 395);
INSERT INTO label_tag (count, tag, label) VALUES (1, 25514, 395);
INSERT INTO label_tag (count, tag, label) VALUES (1, 88, 395);
INSERT INTO label_tag (count, tag, label) VALUES (1, 1887, 395);
INSERT INTO label_tag (count, tag, label) VALUES (1, 2147, 395);
INSERT INTO label_tag (count, tag, label) VALUES (1, 273, 395);
INSERT INTO release_label (catno, label, release, id) VALUES ('86420-2', 395, 509518, 360440);
UPDATE release_group_meta SET firstreleasedate_day = 6, rating = 100, lastupdate = '2009-05-24 22:47:00.490177+02', firstreleasedate_year = 1993, ratingcount = 1, releasecount = 2, firstreleasedate_month = 4 WHERE id = 47743;
INSERT INTO tag (refcount, name, id) VALUES (61, '1993', 1566);
INSERT INTO release_group_tag (count, release_group, tag) VALUES (1, 47743, 28311);
INSERT INTO release_group_tag (count, release_group, tag) VALUES (1, 47743, 21080);
INSERT INTO release_group_tag (count, release_group, tag) VALUES (1, 47743, 25514);
INSERT INTO release_group_tag (count, release_group, tag) VALUES (1, 47743, 743);
INSERT INTO release_group_tag (count, release_group, tag) VALUES (1, 47743, 2987);
INSERT INTO release_group_tag (count, release_group, tag) VALUES (1, 47743, 7);
INSERT INTO release_group_tag (count, release_group, tag) VALUES (1, 47743, 88);
INSERT INTO release_group_tag (count, release_group, tag) VALUES (1, 47743, 1566);
INSERT INTO link_type (priority, childorder, entitytype0, parent, shortlinkphrase, linkphrase, name, description, entitytype1, rlinkphrase, id, gid) VALUES (0, 3, 'artist', NULL, 'production ', 'production ', 'production ', '', 'recording', 'production', 126, 'b367fae0-c4b0-48b9-a40c-f3ae4c02cffc');
INSERT INTO link_type (priority, childorder, entitytype0, parent, shortlinkphrase, linkphrase, name, description, entitytype1, rlinkphrase, id, gid) VALUES (0, 0, 'artist', 126, 'producer', '{additional:additionally} {assistant} {associate} {co:co-}{executive:executive }produced', 'producer', 'Indicates the producer, co-producer, executive producer or co-executive producer for this work. (<a href="http://musicbrainz.org/doc/Producer_Relationship_Type">Details</a>)', 'recording', 'was {additional:additionally} {assistant} {associate} {co:co-}{executive:executive }produced by', 138, '5c0ceac3-feb4-41f0-868d-dc06f6e27fc0');
INSERT INTO link (attributecount, link_type, enddate_day, begindate_day, begindate_year, begindate_month, enddate_year, id, enddate_month) VALUES (0, 138, NULL, NULL, NULL, NULL, NULL, 11137, NULL);
INSERT INTO l_artist_recording (link, entity1, entity0, id, editpending) VALUES (11137, 1542682, 11545, 505532, 0);
INSERT INTO l_artist_recording (link, entity1, entity0, id, editpending) VALUES (11137, 1542683, 11545, 505544, 0);
INSERT INTO l_artist_recording (link, entity1, entity0, id, editpending) VALUES (11137, 1542684, 11545, 505575, 0);
INSERT INTO l_artist_recording (link, entity1, entity0, id, editpending) VALUES (11137, 1542685, 11545, 505578, 0);
INSERT INTO l_artist_recording (link, entity1, entity0, id, editpending) VALUES (11137, 1542686, 11545, 505581, 0);
INSERT INTO l_artist_recording (link, entity1, entity0, id, editpending) VALUES (11137, 1542687, 11545, 505845, 0);
INSERT INTO l_artist_recording (link, entity1, entity0, id, editpending) VALUES (11137, 1542688, 11545, 505847, 0);
INSERT INTO l_artist_recording (link, entity1, entity0, id, editpending) VALUES (11137, 1542689, 11545, 505849, 0);
INSERT INTO l_artist_recording (link, entity1, entity0, id, editpending) VALUES (11137, 1542690, 11545, 506838, 0);
INSERT INTO l_artist_recording (link, entity1, entity0, id, editpending) VALUES (11137, 1542691, 11545, 506840, 0);
INSERT INTO link_type (priority, childorder, entitytype0, parent, shortlinkphrase, linkphrase, name, description, entitytype1, rlinkphrase, id, gid) VALUES (0, 0, 'artist', NULL, 'performance ', 'performance', 'performance ', '', 'recording', 'performance ', 122, 'f8673e29-02a5-47b7-af61-dd4519328dd0');
INSERT INTO link_type (priority, childorder, entitytype0, parent, shortlinkphrase, linkphrase, name, description, entitytype1, rlinkphrase, id, gid) VALUES (0, 0, 'artist', 122, 'performer', '{additional:additionally} {guest} performed', 'performer', 'Indicates an artist that performed on this work. (<a href="http://musicbrainz.org/doc/Performer_Relationship_Type">Details</a>)', 'recording', 'was {additional:additionally} {guest} performed by', 124, '628a9658-f54c-4142-b0c0-95f031b544da');
INSERT INTO link_type (priority, childorder, entitytype0, parent, shortlinkphrase, linkphrase, name, description, entitytype1, rlinkphrase, id, gid) VALUES (0, 1, 'artist', 124, 'vocal', 'performed {additional} {guest} {vocal} vocal on', 'vocal', 'Indicates an artist performed in a particular voice on this work. (<a href="http://musicbrainz.org/doc/Performer_Relationship_Type">Details</a>)', 'recording', 'has {additional} {guest} {vocal} vocal performed by', 130, '0fdbe3c6-7700-4a31-ae54-b53f06ae1cfa');
INSERT INTO link (attributecount, link_type, enddate_day, begindate_day, begindate_year, begindate_month, enddate_year, id, enddate_month) VALUES (1, 130, NULL, NULL, NULL, NULL, NULL, 11156, NULL);
INSERT INTO link_attribute_type (childorder, parent, name, root, id, description, gid) VALUES (0, NULL, 'guest', 194, 194, 'This attribute indicates a ''guest'' performance where the performer is not usually part of the band.', 'b3045913-62ac-433e-9211-ac683cdf6b5c');
INSERT INTO link_attribute (link, attribute_type) VALUES (11156, 194);
INSERT INTO l_artist_recording (link, entity1, entity0, id, editpending) VALUES (11156, 4525123, 9496, 534673, 0);
INSERT INTO link_type (priority, childorder, entitytype0, parent, shortlinkphrase, linkphrase, name, description, entitytype1, rlinkphrase, id, gid) VALUES (0, 1, 'artist', 126, 'engineer', '{additional:additionally} {assistant} {associate} {co:co-}{executive:executive }engineered', 'engineer', 'Indicates the engineer for this work. (<a href="http://musicbrainz.org/doc/Engineer_Relationship_Type">Details</a>)', 'recording', 'was {additional:additionally} {assistant} {associate} {co:co-}{executive:executive }engineered by', 142, '5dcc52af-7064-4051-8d62-7d80f4c3c907');
INSERT INTO link_type (priority, childorder, entitytype0, parent, shortlinkphrase, linkphrase, name, description, entitytype1, rlinkphrase, id, gid) VALUES (0, 5, 'artist', 142, 'programming', '{additional:additionally} {assistant} {associate} programmed {instrument:% on}', 'programming', 'This relationship links a track or a release to the person who did programming of electronic instruments. (<a href="http://musicbrainz.org/doc/Programming_Relationship_Type">Details</a>)', 'recording', '{instrument:has %|was} {additional:additionally} {assistant} {associate} programmed by', 153, '36c50022-44e0-488d-994b-33f11d20301e');
INSERT INTO link (attributecount, link_type, enddate_day, begindate_day, begindate_year, begindate_month, enddate_year, id, enddate_month) VALUES (0, 153, NULL, NULL, NULL, NULL, NULL, 11159, NULL);
INSERT INTO l_artist_recording (link, entity1, entity0, id, editpending) VALUES (11137, 4525123, 135345, 518922, 0);
INSERT INTO l_artist_recording (link, entity1, entity0, id, editpending) VALUES (11159, 4525123, 135345, 518905, 0);
INSERT INTO link_type (priority, childorder, entitytype0, parent, shortlinkphrase, linkphrase, name, description, entitytype1, rlinkphrase, id, gid) VALUES (0, 3, 'artist', NULL, 'production ', 'production', 'production ', '', 'release', 'production ', 23, '3172a175-7c9d-44ce-a8b7-9a9187b33762');
INSERT INTO link_type (priority, childorder, entitytype0, parent, shortlinkphrase, linkphrase, name, description, entitytype1, rlinkphrase, id, gid) VALUES (0, 2, 'artist', 23, 'misc', 'has a miscellaneous role on', 'misc', 'Indicates a miscellaneous support role. This is usually stated in the liner notes of an album. (<a href="http://musicbrainz.org/doc/Miscellaneous_Production_Relationship_Type">Details</a>)', 'release', 'contains miscellaneous support from', 49, '0b63af5e-85b2-4891-8234-bddab251399d');
INSERT INTO link_type (priority, childorder, entitytype0, parent, shortlinkphrase, linkphrase, name, description, entitytype1, rlinkphrase, id, gid) VALUES (0, 5, 'artist', 49, 'design/illustration', 'provided {additional} design/illustration on', 'design/illustration', 'Indicates a person or agency that did the design/illustration for this album. (<a href="http://musicbrainz.org/doc/Miscellaneous_Production_Relationship_Type">Details</a>)', 'release', 'has {additional} design/illustration by', 57, '307e95dd-88b5-419b-8223-b146d4a0d439');
INSERT INTO link (attributecount, link_type, enddate_day, begindate_day, begindate_year, begindate_month, enddate_year, id, enddate_month) VALUES (0, 57, NULL, NULL, NULL, NULL, NULL, 31, NULL);
INSERT INTO l_artist_release (link, entity1, entity0, id, editpending) VALUES (31, 24752, 11545, 90282, 0);
INSERT INTO l_artist_release (link, entity1, entity0, id, editpending) VALUES (31, 243064, 11545, 90280, 0);
INSERT INTO l_artist_release (link, entity1, entity0, id, editpending) VALUES (31, 654729, 11545, 90281, 0);
INSERT INTO link_type (priority, childorder, entitytype0, parent, shortlinkphrase, linkphrase, name, description, entitytype1, rlinkphrase, id, gid) VALUES (0, 0, 'artist', 23, 'producer', '{additional:additionally} {assistant} {associate} {co:co-}{executive:executive }produced', 'producer', 'Indicates the producer, co-producer, executive producer or co-executive producer for this work. (<a href="http://musicbrainz.org/doc/Producer_Relationship_Type">Details</a>)', 'release', 'was {additional:additionally} {assistant} {associate} {co:co-}{executive:executive }produced by', 39, '8bf377ba-8d71-4ecc-97f2-7bb2d8a2a75f');
INSERT INTO link (attributecount, link_type, enddate_day, begindate_day, begindate_year, begindate_month, enddate_year, id, enddate_month) VALUES (0, 39, NULL, NULL, NULL, NULL, NULL, 30, NULL);
INSERT INTO link_type (priority, childorder, entitytype0, parent, shortlinkphrase, linkphrase, name, description, entitytype1, rlinkphrase, id, gid) VALUES (0, 4, 'artist', 49, 'art direction', 'provided {additional} art direction on', 'art direction', 'Indicates a person or agency that did the art direction for this album. (<a href="http://musicbrainz.org/doc/Miscellaneous_Production_Relationship_Type">Details</a>)', 'release', 'has {additional} art direction by', 56, 'f3b80a09-5ebf-4ad2-9c46-3e6bce971d1b');
INSERT INTO link (attributecount, link_type, enddate_day, begindate_day, begindate_year, begindate_month, enddate_year, id, enddate_month) VALUES (0, 56, NULL, NULL, NULL, NULL, NULL, 61, NULL);
INSERT INTO l_artist_release (link, entity1, entity0, id, editpending) VALUES (30, 19969, 242, 150259, 0);
INSERT INTO l_artist_release (link, entity1, entity0, id, editpending) VALUES (30, 31689, 242, 150256, 0);
INSERT INTO l_artist_release (link, entity1, entity0, id, editpending) VALUES (30, 31690, 242, 150258, 0);
INSERT INTO l_artist_release (link, entity1, entity0, id, editpending) VALUES (30, 278075, 242, 150257, 0);
INSERT INTO l_artist_release (link, entity1, entity0, id, editpending) VALUES (30, 338506, 242, 150260, 0);
INSERT INTO l_artist_release (link, entity1, entity0, id, editpending) VALUES (61, 19969, 242, 149026, 0);
INSERT INTO l_artist_release (link, entity1, entity0, id, editpending) VALUES (61, 31689, 242, 149023, 0);
INSERT INTO l_artist_release (link, entity1, entity0, id, editpending) VALUES (61, 31690, 242, 149025, 0);
INSERT INTO l_artist_release (link, entity1, entity0, id, editpending) VALUES (61, 278075, 242, 149024, 0);
INSERT INTO l_artist_release (link, entity1, entity0, id, editpending) VALUES (61, 338506, 242, 149027, 0);
INSERT INTO link_type (priority, childorder, entitytype0, parent, shortlinkphrase, linkphrase, name, description, entitytype1, rlinkphrase, id, gid) VALUES (0, 0, 'artist', NULL, 'contract', 'contract', 'contract', '', 'label', 'contract', 118, 'e74a40e7-0f27-4e05-bdbd-eb10f5309472');
INSERT INTO link_type (priority, childorder, entitytype0, parent, shortlinkphrase, linkphrase, name, description, entitytype1, rlinkphrase, id, gid) VALUES (0, 0, 'artist', 118, 'label founder', 'founded', 'label founder', 'This relationship type can be used to link a label to the person(s) who founded it. (<a href="http://musicbrainz.org/doc/Label_Founder_Relationship_Type">Details</a>)', 'label', 'was founded by', 115, '577996f3-7ff9-45cf-877e-740fb1267a63');
INSERT INTO link (attributecount, link_type, enddate_day, begindate_day, begindate_year, begindate_month, enddate_year, id, enddate_month) VALUES (0, 115, NULL, NULL, NULL, NULL, NULL, 10601, NULL);
INSERT INTO l_artist_label (link, entity1, entity0, id, editpending) VALUES (10601, 1949, 9772, 2359, 0);
INSERT INTO l_artist_label (link, entity1, entity0, id, editpending) VALUES (10601, 3545, 9772, 2485, 0);
INSERT INTO link_type (priority, childorder, entitytype0, parent, shortlinkphrase, linkphrase, name, description, entitytype1, rlinkphrase, id, gid) VALUES (0, 3, 'artist', 118, 'recording contract', 'had a recording contract with', 'recording contract', 'Should be used to describe the fact an artist signed a recording contract with a label. (<a href="http://musicbrainz.org/doc/Recording_Contract_Relationship_Type">Details</a>)', 'label', 'signed', 120, 'b336d682-592f-4486-9f45-3d5d59895bdc');
INSERT INTO link (attributecount, link_type, enddate_day, begindate_day, begindate_year, begindate_month, enddate_year, id, enddate_month) VALUES (0, 120, NULL, NULL, 1993, NULL, 2001, 10889, NULL);
INSERT INTO l_artist_label (link, entity1, entity0, id, editpending) VALUES (10889, 33, 779, 1288, 0);
INSERT INTO l_artist_label (link, entity1, entity0, id, editpending) VALUES (10601, 2988, 242, 2886, 0);
INSERT INTO url (refcount, url, id, description, editpending, gid) VALUES (1, 'http://en.wikipedia.org/wiki/Plone_%28band%29', 151485, '', 0, '4d37d15b-edb4-4fd4-9359-17f7aef71d74');
INSERT INTO link_type (priority, childorder, entitytype0, parent, shortlinkphrase, linkphrase, name, description, entitytype1, rlinkphrase, id, gid) VALUES (0, 3, 'artist', NULL, 'other databases', 'other databases', 'other databases', '', 'url', 'other databases', 226, 'd94fb61c-fa20-4e3c-a19a-71a949fb2c55');
INSERT INTO link_type (priority, childorder, entitytype0, parent, shortlinkphrase, linkphrase, name, description, entitytype1, rlinkphrase, id, gid) VALUES (0, 0, 'artist', 226, 'wikipedia', 'has a Wikipedia page at', 'wikipedia', 'Points to the Wikipedia page for this artist. (<a href="http://musicbrainz.org/doc/Wikipedia_Relationship_Type">Details</a>)', 'url', 'is a Wikipedia page for', 213, '29651736-fa6d-48e4-aadc-a557c6add1cb');
INSERT INTO link (attributecount, link_type, enddate_day, begindate_day, begindate_year, begindate_month, enddate_year, id, enddate_month) VALUES (0, 213, NULL, NULL, NULL, NULL, NULL, 18300, NULL);
INSERT INTO url (refcount, url, id, description, editpending, gid) VALUES (1, 'http://www.discogs.com/artist/Plone', 151489, '', 0, '440e9a25-aec5-48ff-8579-c82d320971ac');
INSERT INTO link_type (priority, childorder, entitytype0, parent, shortlinkphrase, linkphrase, name, description, entitytype1, rlinkphrase, id, gid) VALUES (0, 1, 'artist', 226, 'discogs', 'has a Discogs page at', 'discogs', 'Points to the Discogs page for this artist. Always use the domain <code>www.discogs.com</code> and no genre subdomains. (<a href="http://musicbrainz.org/doc/Discogs_Relationship_Type">Details</a>)', 'url', 'is a Discogs page for', 214, '04a5b104-a4c2-4bac-99a1-7b837c37d9e4');
INSERT INTO link (attributecount, link_type, enddate_day, begindate_day, begindate_year, begindate_month, enddate_year, id, enddate_month) VALUES (0, 214, NULL, NULL, NULL, NULL, NULL, 18297, NULL);
INSERT INTO l_artist_url (link, entity1, entity0, id, editpending) VALUES (18300, 151485, 11545, 235419, 0);
INSERT INTO l_artist_url (link, entity1, entity0, id, editpending) VALUES (18297, 151489, 11545, 235370, 0);
INSERT INTO url (refcount, url, id, description, editpending, gid) VALUES (1, 'http://www.discogs.com/artist/SKC', 203616, '', 0, '4587e1d1-66ea-420c-a145-67d3faf8166b');
INSERT INTO l_artist_url (link, entity1, entity0, id, editpending) VALUES (18297, 203616, 100300, 257581, 0);
INSERT INTO url (refcount, url, id, description, editpending, gid) VALUES (1, 'http://www.discogs.com/artist/Sub+Focus', 93917, '', 0, 'dbfb9fc2-04ca-44ea-99ab-503af37e61d6');
INSERT INTO url (refcount, url, id, description, editpending, gid) VALUES (1, 'http://en.wikipedia.org/wiki/Sub_Focus', 447788, '', 0, '8510282a-1127-4092-94bc-d93c3a44344e');
INSERT INTO url (refcount, url, id, description, editpending, gid) VALUES (1, 'http://www.myspace.com/subfocus', 447789, '', 0, '92b16c7b-78df-40d9-a941-c59860d0701e');
INSERT INTO link_type (priority, childorder, entitytype0, parent, shortlinkphrase, linkphrase, name, description, entitytype1, rlinkphrase, id, gid) VALUES (0, 1, 'artist', NULL, 'online community', 'has an online community page at', 'online community', 'This relationship type can be used to link a MusicBrainz artist to their online community pages. In addition to providing a link for users to find more information, and listen to music of the artist, online community sites are often used by many artists in lieu of, or additionally to, their official homepage. (<a href="http://musicbrainz.org/doc/Online_Community_Relationship_Type">Details</a>)', 'url', 'is an online community page for', 224, '35b3a50f-bf0e-4309-a3b4-58eeed8cee6a');
INSERT INTO link_type (priority, childorder, entitytype0, parent, shortlinkphrase, linkphrase, name, description, entitytype1, rlinkphrase, id, gid) VALUES (0, 0, 'artist', 224, 'myspace', 'has a MySpace page at', 'myspace', 'This relationship type can be used to link a MusicBrainz artist to the equivalent entry in MySpace. Please, use URLs in format <code>http://www.myspace.com/&lt;artist&gt;</code> (<a href="http://musicbrainz.org/doc/MySpace_Relationship_Type">Details</a>)', 'url', 'is a MySpace page for', 227, 'bac47923-ecde-4b59-822e-d08f0cd10156');
INSERT INTO link (attributecount, link_type, enddate_day, begindate_day, begindate_year, begindate_month, enddate_year, id, enddate_month) VALUES (0, 227, NULL, NULL, NULL, NULL, NULL, 18298, NULL);
INSERT INTO url (refcount, url, id, description, editpending, gid) VALUES (1, 'http://www.bbc.co.uk/music/artists/8cf49f40-b8fe-4a63-b4ea-f922d6145bb4', 663949, '', 0, '3fb37a97-10e9-422c-b87e-b2e7f94212b6');
INSERT INTO link_type (priority, childorder, entitytype0, parent, shortlinkphrase, linkphrase, name, description, entitytype1, rlinkphrase, id, gid) VALUES (0, 0, 'artist', NULL, 'discography ', 'discography ', 'discography ', '', 'url', 'discography', 217, 'd0c5cf3a-8afb-4d24-ad47-00f43dc509fe');
INSERT INTO link_type (priority, childorder, entitytype0, parent, shortlinkphrase, linkphrase, name, description, entitytype1, rlinkphrase, id, gid) VALUES (0, 4, 'artist', 217, 'BBC Music page', 'has a BBC Music page at', 'BBC Music page', 'This link is used to link to specific artists on the /music pages at the BBC web site.', 'url', 'is a BBC Music page for', 205, 'd028a975-000c-4525-9333-d3c8425e4b54');
INSERT INTO link (attributecount, link_type, enddate_day, begindate_day, begindate_year, begindate_month, enddate_year, id, enddate_month) VALUES (0, 205, NULL, NULL, NULL, NULL, NULL, 18305, NULL);
INSERT INTO l_artist_url (link, entity1, entity0, id, editpending) VALUES (18297, 93917, 199379, 211107, 0);
INSERT INTO l_artist_url (link, entity1, entity0, id, editpending) VALUES (18300, 447788, 199379, 85797, 0);
INSERT INTO l_artist_url (link, entity1, entity0, id, editpending) VALUES (18298, 447789, 199379, 85875, 0);
INSERT INTO l_artist_url (link, entity1, entity0, id, editpending) VALUES (18305, 663949, 199379, 56799, 0);
INSERT INTO url (refcount, url, id, description, editpending, gid) VALUES (1, 'http://www.discogs.com/artist/Andy+C', 28273, 'Andy C @ discogs', 0, 'ab2e7401-900d-4baf-b91b-f7062c29cc48');
INSERT INTO url (refcount, url, id, description, editpending, gid) VALUES (1, 'http://en.wikipedia.org/wiki/Andy_C', 329915, '', 0, '88a86917-4a07-4c3e-a178-66336da53a9e');
INSERT INTO l_artist_url (link, entity1, entity0, id, editpending) VALUES (18297, 28273, 9772, 186369, 0);
INSERT INTO l_artist_url (link, entity1, entity0, id, editpending) VALUES (18300, 329915, 9772, 19260, 0);
INSERT INTO url (refcount, url, id, description, editpending, gid) VALUES (1, 'http://www.discogs.com/artist/Chris.Su', 215816, '', 0, '39bd7363-bc71-4a4f-acc6-7d130b47b30d');
INSERT INTO l_artist_url (link, entity1, entity0, id, editpending) VALUES (18297, 215816, 273135, 258086, 0);
INSERT INTO url (refcount, url, id, description, editpending, gid) VALUES (1, 'http://www.discogs.com/artist/DJ+Distance', 181389, '', 0, '03e3d0be-d336-447e-b7da-06d0adcd15cd');
INSERT INTO url (refcount, url, id, description, editpending, gid) VALUES (1, 'http://www.myspace.com/djdistancedub', 670179, '', 0, '63854ab2-4804-481f-8b07-e2cbe8192c0f');
INSERT INTO url (refcount, url, id, description, editpending, gid) VALUES (1, 'http://dj-distance.blogspot.com/', 670180, '', 0, '5eb2c075-3c3b-4cf7-ab77-2dacaee19366');
INSERT INTO link_type (priority, childorder, entitytype0, parent, shortlinkphrase, linkphrase, name, description, entitytype1, rlinkphrase, id, gid) VALUES (0, 3, 'artist', 224, 'blog', 'has a blog at', 'blog', 'This relationship type can be used to link a MusicBrainz artist to their weblogs.', 'url', 'is a blog of', 228, 'eb535226-f8ca-499d-9b18-6a144df4ae6f');
INSERT INTO link (attributecount, link_type, enddate_day, begindate_day, begindate_year, begindate_month, enddate_year, id, enddate_month) VALUES (0, 228, NULL, NULL, NULL, NULL, NULL, 18313, NULL);
INSERT INTO url (refcount, url, id, description, editpending, gid) VALUES (1, 'http://en.wikipedia.org/wiki/Distance_%28musician%29', 670181, '', 0, '651248e8-6a8f-4365-948a-aa43559caf58');
INSERT INTO l_artist_url (link, entity1, entity0, id, editpending) VALUES (18297, 181389, 427385, 247412, 0);
INSERT INTO l_artist_url (link, entity1, entity0, id, editpending) VALUES (18298, 670179, 427385, 19150, 0);
INSERT INTO l_artist_url (link, entity1, entity0, id, editpending) VALUES (18313, 670180, 427385, 19202, 0);
INSERT INTO l_artist_url (link, entity1, entity0, id, editpending) VALUES (18300, 670181, 427385, 19310, 0);
INSERT INTO url (refcount, url, id, description, editpending, gid) VALUES (1, 'http://www.mop2001.com/bag.html', 24048, 'official homepage', 0, '2665145a-4474-4c57-97d1-c0299048177a');
INSERT INTO link_type (priority, childorder, entitytype0, parent, shortlinkphrase, linkphrase, name, description, entitytype1, rlinkphrase, id, gid) VALUES (0, 0, 'artist', 217, 'official homepage', 'has an official homepage at', 'official homepage', 'Indicates the official homepage for an artist. (<a href="http://musicbrainz.org/doc/Official_Homepage_Relationship_Type">Details</a>)', 'url', 'is an official homepage of', 222, 'fe33d22f-c3b0-4d68-bd53-a856badf2b15');
INSERT INTO link (attributecount, link_type, enddate_day, begindate_day, begindate_year, begindate_month, enddate_year, id, enddate_month) VALUES (0, 222, NULL, NULL, NULL, NULL, NULL, 18301, NULL);
INSERT INTO l_artist_url (link, entity1, entity0, id, editpending) VALUES (18301, 24048, 283833, 183861, 0);
INSERT INTO url (refcount, url, id, description, editpending, gid) VALUES (2, 'http://www.badreligion.com/', 845, '', 0, '3ce58cd4-092f-409f-9739-36dda741e9d2');
INSERT INTO url (refcount, url, id, description, editpending, gid) VALUES (1, 'http://en.wikipedia.org/wiki/Bad_Religion', 862, 'Wikipedia article', 0, '7e11affa-53be-4435-b8bc-d63ab29878f7');
INSERT INTO url (refcount, url, id, description, editpending, gid) VALUES (1, 'http://www.discogs.com/artist/Bad+Religion', 4576, '', 0, '5cbfd2f0-9b67-458b-ae7a-b6276ab79216');
INSERT INTO url (refcount, url, id, description, editpending, gid) VALUES (1, 'http://www.thebrpage.net/', 4577, 'One of the largest BR fan pages', 0, 'd71a606a-13e7-492a-996c-86c1b9807d50');
INSERT INTO link_type (priority, childorder, entitytype0, parent, shortlinkphrase, linkphrase, name, description, entitytype1, rlinkphrase, id, gid) VALUES (0, 1, 'artist', 217, 'fanpage', 'has a fan page at', 'fanpage', 'Indicates a homepage by a fan for an artist. (<a href="http://musicbrainz.org/doc/Fanpage_Relationship_Type">Details</a>)', 'url', 'is the fan page of', 220, 'f484f897-81cc-406e-96f9-cd799a04ee24');
INSERT INTO link (attributecount, link_type, enddate_day, begindate_day, begindate_year, begindate_month, enddate_year, id, enddate_month) VALUES (0, 220, NULL, NULL, NULL, NULL, NULL, 18304, NULL);
INSERT INTO url (refcount, url, id, description, editpending, gid) VALUES (1, 'http://de.wikipedia.org/wiki/Bad_Religion', 5017, '', 0, 'a1e956d4-3468-43f0-a11a-8bad38bff9b1');
INSERT INTO url (refcount, url, id, description, editpending, gid) VALUES (1, 'http://musicmoz.org/Bands_and_Artists/B/Bad_Religion/', 6731, '', 0, '6231f330-ee60-4af3-962e-471c6d7e8850');
INSERT INTO link_type (priority, childorder, entitytype0, parent, shortlinkphrase, linkphrase, name, description, entitytype1, rlinkphrase, id, gid) VALUES (0, 2, 'artist', 226, 'musicmoz', 'has a MusicMoz page at', 'musicmoz', 'Points to the MusicMoz page for this artist. (<a href="http://musicbrainz.org/doc/MusicMoz_Relationship_Type">Details</a>)', 'url', 'is a MusicMoz page for', 215, 'ded9a80a-e6de-4831-880c-c78b9981b54b');
INSERT INTO link (attributecount, link_type, enddate_day, begindate_day, begindate_year, begindate_month, enddate_year, id, enddate_month) VALUES (0, 215, NULL, NULL, NULL, NULL, NULL, 18309, NULL);
INSERT INTO url (refcount, url, id, description, editpending, gid) VALUES (1, 'http://www.myspace.com/badreligion', 315339, '', 0, '7826c740-8483-4df3-8784-169228bf90b5');
INSERT INTO url (refcount, url, id, description, editpending, gid) VALUES (1, 'http://www.purevolume.com/badreligion', 315340, '', 0, '1b2479c6-c056-443b-bd97-beecf9931ab8');
INSERT INTO link_type (priority, childorder, entitytype0, parent, shortlinkphrase, linkphrase, name, description, entitytype1, rlinkphrase, id, gid) VALUES (0, 1, 'artist', 224, 'purevolume', 'has a PureVolume page at', 'purevolume', 'This relationship type can be used to link a MusicBrainz artist to the equivalent entry in PureVolume. Please use URLs in the format <code>http://www.purevolume.com/&lt;artist&gt;</code> (<a href="http://musicbrainz.org/doc/PureVolume_Relationship_Type">Details</a>)', 'url', 'is a PureVolume page for', 208, 'b6f02157-a9d3-4f24-9057-0675b2dbc581');
INSERT INTO link (attributecount, link_type, enddate_day, begindate_day, begindate_year, begindate_month, enddate_year, id, enddate_month) VALUES (0, 208, NULL, NULL, NULL, NULL, NULL, 18328, NULL);
INSERT INTO url (refcount, url, id, description, editpending, gid) VALUES (1, 'http://www.imdb.com/name/nm1137815/', 315341, '', 0, 'd433def5-3316-42d0-9b8f-6d6e0d16bcdb');
INSERT INTO link_type (priority, childorder, entitytype0, parent, shortlinkphrase, linkphrase, name, description, entitytype1, rlinkphrase, id, gid) VALUES (0, 0, 'artist', 226, 'IMDb', 'has an IMDb page at', 'IMDb', 'Points to the Internet Movie Database page for this artist. URLs should follow the format <code>http://www.imdb.com/name/&lt;ID&gt;/</code>. (<a href="http://musicbrainz.org/doc/IMDb_Relationship_Type">Details</a>)', 'url', 'is an IMDb page for', 212, '94c8b0cc-4477-4106-932c-da60e63de61c');
INSERT INTO link (attributecount, link_type, enddate_day, begindate_day, begindate_year, begindate_month, enddate_year, id, enddate_month) VALUES (0, 212, NULL, NULL, NULL, NULL, NULL, 18299, NULL);
INSERT INTO url (refcount, url, id, description, editpending, gid) VALUES (1, 'http://www.bbc.co.uk/music/artists/149e6720-4e4a-41a4-afca-6d29083fc091', 583417, '', 0, '0efa48b3-81d8-4d79-9fd9-2a2b6a2d2841');
INSERT INTO l_artist_url (link, entity1, entity0, id, editpending) VALUES (18301, 845, 779, 165922, 0);
INSERT INTO l_artist_url (link, entity1, entity0, id, editpending) VALUES (18300, 862, 779, 165815, 0);
INSERT INTO l_artist_url (link, entity1, entity0, id, editpending) VALUES (18297, 4576, 779, 168397, 0);
INSERT INTO l_artist_url (link, entity1, entity0, id, editpending) VALUES (18304, 4577, 779, 168220, 0);
INSERT INTO l_artist_url (link, entity1, entity0, id, editpending) VALUES (18300, 5017, 779, 170581, 0);
INSERT INTO l_artist_url (link, entity1, entity0, id, editpending) VALUES (18309, 6731, 779, 170056, 0);
INSERT INTO l_artist_url (link, entity1, entity0, id, editpending) VALUES (18298, 315339, 779, 56153, 0);
INSERT INTO l_artist_url (link, entity1, entity0, id, editpending) VALUES (18328, 315340, 779, 56232, 0);
INSERT INTO l_artist_url (link, entity1, entity0, id, editpending) VALUES (18299, 315341, 779, 56304, 0);
INSERT INTO l_artist_url (link, entity1, entity0, id, editpending) VALUES (18305, 583417, 779, 68081, 0);
INSERT INTO url (refcount, url, id, description, editpending, gid) VALUES (1, 'http://www.avexnet.or.jp/boa', 13741, '', 0, '8083ab36-19c2-4fd6-a80c-f62146692ab4');
INSERT INTO url (refcount, url, id, description, editpending, gid) VALUES (1, 'http://en.wikipedia.org/wiki/BoA', 13742, '', 0, '4ea9e636-4a29-4aa1-899d-63ff8d2a432c');
INSERT INTO url (refcount, url, id, description, editpending, gid) VALUES (1, 'http://ko.wikipedia.org/wiki/보아', 205022, '', 0, '0f07a034-6d5a-414f-823f-b37569ac8058');
INSERT INTO url (refcount, url, id, description, editpending, gid) VALUES (1, 'http://boa.iple.com', 205030, 'Official website', 0, 'f8507caa-9caa-44fc-83d0-68c78d2b9798');
INSERT INTO url (refcount, url, id, description, editpending, gid) VALUES (1, 'http://ja.wikipedia.org/wiki/BoA', 455886, '', 0, '624e45b7-9b84-4c71-8d7a-9606dfcb5a4d');
INSERT INTO url (refcount, url, id, description, editpending, gid) VALUES (1, 'http://www.myspace.com/boamusicusa', 537138, '', 0, 'fafd045b-f996-48d3-9f8b-39c47571c347');
INSERT INTO url (refcount, url, id, description, editpending, gid) VALUES (1, 'http://www.boaamerica.com/', 537139, '', 0, '91bc766e-3d9d-4260-9412-8af4d551c10e');
INSERT INTO url (refcount, url, id, description, editpending, gid) VALUES (1, 'http://wiki.jpopstop.com/wiki/BoA', 729246, '', 0, '6ed2a10a-167a-47aa-b3ed-57c9220a2f4e');
INSERT INTO url (refcount, url, id, description, editpending, gid) VALUES (1, 'http://wiki.jpopstop.com/images/7/74/identity.png', 729251, '', 0, '8451ab08-8ab6-48d7-8335-e92bd4e252af');
INSERT INTO link_type (priority, childorder, entitytype0, parent, shortlinkphrase, linkphrase, name, description, entitytype1, rlinkphrase, id, gid) VALUES (0, 0, 'artist', 217, 'image', 'has a picture at', 'image', 'Indicates a pictorial image (JPEG, GIF, PNG) of an artist. (<a href="http://musicbrainz.org/doc/Image_Relationship_Type">Details</a>)', 'url', 'is a picture of', 207, '221132e9-e30e-43f2-a741-15afc4c5fa7c');
INSERT INTO link (attributecount, link_type, enddate_day, begindate_day, begindate_year, begindate_month, enddate_year, id, enddate_month) VALUES (0, 207, NULL, NULL, NULL, NULL, NULL, 18303, NULL);
INSERT INTO l_artist_url (link, entity1, entity0, id, editpending) VALUES (18301, 13741, 9496, 177550, 0);
INSERT INTO l_artist_url (link, entity1, entity0, id, editpending) VALUES (18300, 13742, 9496, 176339, 0);
INSERT INTO l_artist_url (link, entity1, entity0, id, editpending) VALUES (18300, 205022, 9496, 258343, 0);
INSERT INTO l_artist_url (link, entity1, entity0, id, editpending) VALUES (18301, 205030, 9496, 258341, 0);
INSERT INTO l_artist_url (link, entity1, entity0, id, editpending) VALUES (18300, 455886, 9496, 151683, 0);
INSERT INTO l_artist_url (link, entity1, entity0, id, editpending) VALUES (18298, 537138, 9496, 36845, 0);
INSERT INTO l_artist_url (link, entity1, entity0, id, editpending) VALUES (18301, 537139, 9496, 36922, 0);
INSERT INTO l_artist_url (link, entity1, entity0, id, editpending) VALUES (18304, 729246, 9496, 91449, 0);
INSERT INTO l_artist_url (link, entity1, entity0, id, editpending) VALUES (18303, 729251, 9496, 91687, 0);
INSERT INTO url (refcount, url, id, description, editpending, gid) VALUES (1, 'http://www.m-flo.com', 14418, '', 0, 'b16e50c9-ac7d-4415-848f-1b682800cd98');
INSERT INTO url (refcount, url, id, description, editpending, gid) VALUES (1, 'http://en.wikipedia.org/wiki/M-flo', 14419, '', 0, '53872af0-973a-45fb-82b5-af25974b1feb');
INSERT INTO url (refcount, url, id, description, editpending, gid) VALUES (1, 'http://www.discogs.com/artist/M-flo', 30977, 'Discogs page', 0, '6182d305-abff-4cd1-b0a5-8bf8501b86a6');
INSERT INTO url (refcount, url, id, description, editpending, gid) VALUES (1, 'http://mu-mo.net/id/m-flo/', 149960, '', 0, '0bd23ae2-cd25-4ad8-9cc1-614765760c28');
INSERT INTO url (refcount, url, id, description, editpending, gid) VALUES (1, 'http://ja.wikipedia.org/wiki/M-flo', 151929, '', 0, '187960af-c1b1-4220-ae94-9b92ff6b7a04');
INSERT INTO l_artist_url (link, entity1, entity0, id, editpending) VALUES (18301, 14418, 135345, 177571, 0);
INSERT INTO l_artist_url (link, entity1, entity0, id, editpending) VALUES (18300, 14419, 135345, 177656, 0);
INSERT INTO l_artist_url (link, entity1, entity0, id, editpending) VALUES (18297, 30977, 135345, 186560, 0);
INSERT INTO l_artist_url (link, entity1, entity0, id, editpending) VALUES (18301, 149960, 135345, 235546, 0);
INSERT INTO l_artist_url (link, entity1, entity0, id, editpending) VALUES (18300, 151929, 135345, 236474, 0);
INSERT INTO url (refcount, url, id, description, editpending, gid) VALUES (1, 'http://www.ledzeppelin.com/', 2414, 'Official website as of 2007-11-20.', 0, '22cdca4c-b77a-4ccd-926b-75e8bdc75876');
INSERT INTO link (attributecount, link_type, enddate_day, begindate_day, begindate_year, begindate_month, enddate_year, id, enddate_month) VALUES (0, 222, NULL, 20, 2007, 11, NULL, 18478, NULL);
INSERT INTO url (refcount, url, id, description, editpending, gid) VALUES (1, 'http://en.wikipedia.org/wiki/Led_Zeppelin', 2734, 'Led Zeppelin''s page on Wikipedia', 0, 'cce0f9b5-ba68-4fd6-8e63-8af583d95ab7');
INSERT INTO url (refcount, url, id, description, editpending, gid) VALUES (1, 'http://musicmoz.org/Bands_and_Artists/L/Led_Zeppelin/', 4117, '', 0, '6e2d4586-30d7-4407-b970-35e7d27e1588');
INSERT INTO url (refcount, url, id, description, editpending, gid) VALUES (1, 'http://www.discogs.com/artist/Led+Zeppelin', 8720, '', 0, '1471f357-8b80-40a2-96c2-8f3b44452fc9');
INSERT INTO url (refcount, url, id, description, editpending, gid) VALUES (1, 'http://www.imdb.com/name/nm0496389/', 314780, '', 0, 'b1011050-812e-4dd9-bf7f-3cb5880a269e');
INSERT INTO url (refcount, url, id, description, editpending, gid) VALUES (1, 'http://www.vjez.com', 425366, '', 0, '0ddd6241-b380-45b1-a389-ce70381f39c6');
INSERT INTO link_type (priority, childorder, entitytype0, parent, shortlinkphrase, linkphrase, name, description, entitytype1, rlinkphrase, id, gid) VALUES (0, 3, 'artist', 217, 'discography', 'has a discography page at', 'discography', 'Indicates a webpage with a discography of an artist. (<a href="http://musicbrainz.org/doc/Discography_Relationship_Type">Details</a>)', 'url', 'is the discography page of', 223, '4fb0eeec-a6eb-4ae3-ad52-b55765b94e8f');
INSERT INTO link (attributecount, link_type, enddate_day, begindate_day, begindate_year, begindate_month, enddate_year, id, enddate_month) VALUES (0, 223, NULL, NULL, NULL, NULL, NULL, 18302, NULL);
INSERT INTO url (refcount, url, id, description, editpending, gid) VALUES (1, 'http://www.bbc.co.uk/music/artists/678d88b2-87b0-403b-b63d-5da7465aecc3', 583587, '', 0, '27e1303d-e2c0-4395-982d-02a764331f0d');
INSERT INTO url (refcount, url, id, description, editpending, gid) VALUES (1, 'http://www.youtube.com/user/LedZepBoots', 722911, 'Led Zep Boots on Youtube', 0, '845e5f3c-52cd-4f87-bcd4-316ad64151a7');
INSERT INTO link (attributecount, link_type, enddate_day, begindate_day, begindate_year, begindate_month, enddate_year, id, enddate_month) VALUES (0, 224, NULL, NULL, NULL, NULL, NULL, 18315, NULL);
INSERT INTO url (refcount, url, id, description, editpending, gid) VALUES (1, 'http://www.facebook.com/group.php?gid=354144225707', 722912, 'Led Zep Radio', 0, '945bde63-e925-4743-88c0-d9d711d4fed9');
INSERT INTO l_artist_url (link, entity1, entity0, id, editpending) VALUES (18478, 2414, 388, 127794, 0);
INSERT INTO l_artist_url (link, entity1, entity0, id, editpending) VALUES (18300, 2734, 388, 167573, 0);
INSERT INTO l_artist_url (link, entity1, entity0, id, editpending) VALUES (18309, 4117, 388, 170948, 0);
INSERT INTO l_artist_url (link, entity1, entity0, id, editpending) VALUES (18297, 8720, 388, 172751, 0);
INSERT INTO l_artist_url (link, entity1, entity0, id, editpending) VALUES (18299, 314780, 388, 31703, 0);
INSERT INTO l_artist_url (link, entity1, entity0, id, editpending) VALUES (18302, 425366, 388, 119686, 0);
INSERT INTO l_artist_url (link, entity1, entity0, id, editpending) VALUES (18305, 583587, 388, 77982, 0);
INSERT INTO l_artist_url (link, entity1, entity0, id, editpending) VALUES (18315, 722911, 388, 126293, 0);
INSERT INTO l_artist_url (link, entity1, entity0, id, editpending) VALUES (18304, 722912, 388, 126219, 0);
INSERT INTO url (refcount, url, id, description, editpending, gid) VALUES (1, 'http://www.thechemicalbrothers.com/', 567, '', 0, '59c2f422-d40f-4ba0-9061-5738ca826036');
INSERT INTO url (refcount, url, id, description, editpending, gid) VALUES (1, 'http://en.wikipedia.org/wiki/The_Chemical_Brothers', 2943, 'The Chemical Brothers on Wikipedia', 0, '28eac461-c5e2-4c39-bfc6-10699e769036');
INSERT INTO url (refcount, url, id, description, editpending, gid) VALUES (1, 'http://musicmoz.org/Bands_and_Artists/C/Chemical_Brothers,_The/', 3905, '', 0, '53975436-4db9-4fd6-a6c1-0082a388e99b');
INSERT INTO url (refcount, url, id, description, editpending, gid) VALUES (1, 'http://www.discogs.com/artist/Chemical+Brothers,+The', 12091, 'The Chemical Brothers @ discogs', 0, '3b238153-9e67-4a57-9dff-2dac4926d4e1');
INSERT INTO url (refcount, url, id, description, editpending, gid) VALUES (1, 'http://www.toshiba-emi.co.jp/chems/', 17013, 'JP official web', 0, '46451ddc-464a-4b12-8f66-581cd37f77ef');
INSERT INTO url (refcount, url, id, description, editpending, gid) VALUES (1, 'http://www.chemical-brothers.de', 76927, 'official german homepage', 0, 'f0586c6b-32fa-46db-925a-417f27c62c74');
INSERT INTO url (refcount, url, id, description, editpending, gid) VALUES (1, 'http://www.myspace.com/thechemicalbrothers', 293562, '', 0, '3be09bc3-4093-4a00-b417-68a114d19f3b');
INSERT INTO url (refcount, url, id, description, editpending, gid) VALUES (1, 'http://www.purevolume.com/thechemicalbrothers', 546973, '', 0, '87282994-4a55-4477-bf92-10d963fba67f');
INSERT INTO url (refcount, url, id, description, editpending, gid) VALUES (1, 'http://www.imdb.com/name/nm1739242/', 546974, '', 0, '272424cf-77c4-48a0-af6b-8d1e65f06771');
INSERT INTO url (refcount, url, id, description, editpending, gid) VALUES (1, 'http://www.bbc.co.uk/music/artists/1946a82a-f927-40c2-8235-38d64f50d043', 583680, '', 0, '98318d8b-249d-4ed8-a0af-83343e4227ad');
INSERT INTO l_artist_url (link, entity1, entity0, id, editpending) VALUES (18301, 567, 242, 165518, 0);
INSERT INTO l_artist_url (link, entity1, entity0, id, editpending) VALUES (18300, 2943, 242, 167726, 0);
INSERT INTO l_artist_url (link, entity1, entity0, id, editpending) VALUES (18309, 3905, 242, 171064, 0);
INSERT INTO l_artist_url (link, entity1, entity0, id, editpending) VALUES (18297, 12091, 242, 175250, 0);
INSERT INTO l_artist_url (link, entity1, entity0, id, editpending) VALUES (18301, 17013, 242, 178493, 0);
INSERT INTO l_artist_url (link, entity1, entity0, id, editpending) VALUES (18301, 76927, 242, 206950, 0);
INSERT INTO l_artist_url (link, entity1, entity0, id, editpending) VALUES (18298, 293562, 242, 151047, 0);
INSERT INTO l_artist_url (link, entity1, entity0, id, editpending) VALUES (18328, 546973, 242, 147664, 0);
INSERT INTO l_artist_url (link, entity1, entity0, id, editpending) VALUES (18299, 546974, 242, 147740, 0);
INSERT INTO l_artist_url (link, entity1, entity0, id, editpending) VALUES (18305, 583680, 242, 83207, 0);
INSERT INTO link_type (priority, childorder, entitytype0, parent, shortlinkphrase, linkphrase, name, description, entitytype1, rlinkphrase, id, gid) VALUES (0, 0, 'recording', NULL, 'covers and versions ', 'covers or other versions ', 'covers and versions ', '', 'recording', 'covers or other versions', 255, '6a76ad99-cc5d-4ebc-a6e4-b2eb2eb3ad98');
INSERT INTO link_type (priority, childorder, entitytype0, parent, shortlinkphrase, linkphrase, name, description, entitytype1, rlinkphrase, id, gid) VALUES (0, 2, 'recording', 255, 'other version', 'is the earliest version of', 'other version', 'Indicates another version of the same song. This is the case when the same artist made a different recording of the same song. Please take care to always point to the *first* version of that song ever released! (<a href="http://musicbrainz.org/doc/Other_Version_Relationship_Type">Details</a>)', 'recording', 'is a later version of', 261, '7440b539-19ab-4243-8c03-4f5942ca2218');
INSERT INTO link (attributecount, link_type, enddate_day, begindate_day, begindate_year, begindate_month, enddate_year, id, enddate_month) VALUES (0, 261, NULL, NULL, NULL, NULL, NULL, 18934, NULL);
INSERT INTO l_recording_recording (link, entity1, entity0, id, editpending) VALUES (18934, 4223061, 4223059, 35975, 0);
INSERT INTO link_type (priority, childorder, entitytype0, parent, shortlinkphrase, linkphrase, name, description, entitytype1, rlinkphrase, id, gid) VALUES (0, 1, 'recording', NULL, 'remixes ', 'remixes ', 'remixes ', '', 'recording', 'remixes', 256, '1baddd63-4539-4d49-ae43-600df9ef4647');
INSERT INTO link_type (priority, childorder, entitytype0, parent, shortlinkphrase, linkphrase, name, description, entitytype1, rlinkphrase, id, gid) VALUES (0, 0, 'recording', 256, 'samples material', 'contains {additional} samples from', 'samples material', 'Indicates that a track contains samples from another (or more) tracks. (<a href="http://musicbrainz.org/doc/Samples_Relationship_Type">Details</a>)', 'recording', 'provides {additional} samples for', 264, '9efd9ce9-e702-448b-8e76-641515e8fe62');
INSERT INTO link (attributecount, link_type, enddate_day, begindate_day, begindate_year, begindate_month, enddate_year, id, enddate_month) VALUES (0, 264, NULL, NULL, NULL, NULL, NULL, 18931, NULL);
INSERT INTO l_recording_recording (link, entity1, entity0, id, editpending) VALUES (18931, 1462891, 2726271, 52220, 0);
INSERT INTO work_name (name, id) VALUES ('On My Bus', 81724);
INSERT INTO work (name, artist_credit, iswc, comment, id, type, gid, editpending) VALUES (81724, 11545, NULL, NULL, 1542682, NULL, '44704dda-b877-4551-a2a8-c1f764476e65', 0);
UPDATE work_meta SET lastupdate = '2010-06-21 22:09:39.456545+02', ratingcount = NULL, rating = NULL WHERE id = 1542682;
INSERT INTO link_type (priority, childorder, entitytype0, parent, shortlinkphrase, linkphrase, name, description, entitytype1, rlinkphrase, id, gid) VALUES (0, 0, 'recording', NULL, 'performance', 'is a performance of', 'performance', '', 'work', 'has performance', 330, 'b411eff4-0dc3-303e-8a35-179c39643841');
INSERT INTO link (attributecount, link_type, enddate_day, begindate_day, begindate_year, begindate_month, enddate_year, id, enddate_month) VALUES (0, 330, NULL, NULL, NULL, NULL, NULL, 18995, NULL);
INSERT INTO l_recording_work (link, entity1, entity0, id, editpending) VALUES (18995, 1542682, 1542682, 33088, 0);
INSERT INTO work_name (name, id) VALUES ('Got Glint?', 45101);
INSERT INTO work (name, artist_credit, iswc, comment, id, type, gid, editpending) VALUES (45101, 242, NULL, NULL, 2726278, NULL, '310a7db0-9a0f-4833-817f-ae4f6adc026e', 0);
UPDATE work_meta SET lastupdate = '2010-06-21 22:09:39.456545+02', ratingcount = NULL, rating = NULL WHERE id = 2726278;
INSERT INTO l_recording_work (link, entity1, entity0, id, editpending) VALUES (18995, 2726278, 2726278, 46991, 0);
INSERT INTO work_name (name, id) VALUES ('Surrender', 110368);
INSERT INTO work (name, artist_credit, iswc, comment, id, type, gid, editpending) VALUES (110368, 242, NULL, NULL, 2726280, NULL, '9c83afdc-cd59-4d2a-b990-611b6c7c1899', 0);
UPDATE work_meta SET lastupdate = '2010-06-21 22:09:39.456545+02', ratingcount = NULL, rating = NULL WHERE id = 2726280;
INSERT INTO l_recording_work (link, entity1, entity0, id, editpending) VALUES (18995, 2726280, 2726280, 46992, 0);
INSERT INTO work_name (name, id) VALUES ('Plock', 87786);
INSERT INTO work (name, artist_credit, iswc, comment, id, type, gid, editpending) VALUES (87786, 11545, NULL, NULL, 1542684, NULL, '6e89c516-b0b6-4735-a758-38e31855dcb6', 0);
UPDATE work_meta SET lastupdate = '2010-06-21 22:09:39.456545+02', ratingcount = NULL, rating = NULL WHERE id = 1542684;
INSERT INTO l_recording_work (link, entity1, entity0, id, editpending) VALUES (18995, 1542684, 1542684, 33090, 0);
INSERT INTO work_name (name, id) VALUES ('Busy Working', 17512);
INSERT INTO work (name, artist_credit, iswc, comment, id, type, gid, editpending) VALUES (17512, 11545, NULL, NULL, 1542686, NULL, '4f392ffb-d3df-4f8a-ba74-fdecbb1be877', 0);
UPDATE work_meta SET lastupdate = '2010-06-21 22:09:39.456545+02', ratingcount = NULL, rating = NULL WHERE id = 1542686;
INSERT INTO l_recording_work (link, entity1, entity0, id, editpending) VALUES (18995, 1542686, 1542686, 33092, 0);
INSERT INTO work_name (name, id) VALUES ('The Sunshine Underground', 123236);
INSERT INTO work (name, artist_credit, iswc, comment, id, type, gid, editpending) VALUES (123236, 242, NULL, NULL, 2726276, NULL, '7d37745a-fdf8-4ee4-b6f2-1453bd432572', 0);
UPDATE work_meta SET lastupdate = '2010-06-21 22:09:39.456545+02', ratingcount = NULL, rating = NULL WHERE id = 2726276;
INSERT INTO l_recording_work (link, entity1, entity0, id, editpending) VALUES (18995, 2726276, 2726276, 46989, 0);
INSERT INTO work_name (name, id) VALUES ('Hey Boy Hey Girl', 48351);
INSERT INTO work (name, artist_credit, iswc, comment, id, type, gid, editpending) VALUES (48351, 242, NULL, NULL, 203492, NULL, '3b23ac75-0781-405a-8ef5-a3377df0b86c', 0);
UPDATE work_meta SET lastupdate = '2010-06-21 22:09:39.456545+02', ratingcount = NULL, rating = NULL WHERE id = 203492;
INSERT INTO l_recording_work (link, entity1, entity0, id, editpending) VALUES (18995, 203492, 1062699, 3908, 0);
INSERT INTO work_name (name, id) VALUES ('Top & Low Rent', 126273);
INSERT INTO work (name, artist_credit, iswc, comment, id, type, gid, editpending) VALUES (126273, 11545, NULL, NULL, 1542683, NULL, '8920288e-7541-48a7-b23b-f80447c8b1ab', 0);
UPDATE work_meta SET lastupdate = '2010-06-21 22:09:39.456545+02', ratingcount = NULL, rating = NULL WHERE id = 1542683;
INSERT INTO l_recording_work (link, entity1, entity0, id, editpending) VALUES (18995, 1542683, 1542683, 33089, 0);
INSERT INTO work_name (name, id) VALUES ('No Quarter', 79142);
INSERT INTO work (name, artist_credit, iswc, comment, id, type, gid, editpending) VALUES (79142, 388, NULL, NULL, 162926, NULL, '2822a034-283d-4082-8464-6189ff29fbb9', 0);
UPDATE work_meta SET lastupdate = '2010-06-21 22:09:39.456545+02', ratingcount = NULL, rating = NULL WHERE id = 162926;
INSERT INTO l_recording_work (link, entity1, entity0, id, editpending) VALUES (18995, 162926, 162926, 2110, 0);
INSERT INTO work_name (name, id) VALUES ('EXPECT', 37440);
INSERT INTO work (name, artist_credit, iswc, comment, id, type, gid, editpending) VALUES (37440, 9496, NULL, NULL, 3622826, NULL, '3f3ec8e2-24be-46dc-812b-bb5d5b608eb0', 0);
UPDATE work_meta SET lastupdate = '2010-06-21 22:09:39.456545+02', ratingcount = NULL, rating = NULL WHERE id = 3622826;
INSERT INTO l_recording_work (link, entity1, entity0, id, editpending) VALUES (18995, 3622826, 3622826, 56184, 0);
INSERT INTO work_name (name, id) VALUES ('Marbles', 70470);
INSERT INTO work (name, artist_credit, iswc, comment, id, type, gid, editpending) VALUES (70470, 11545, NULL, NULL, 1542685, NULL, '791d9b27-ae1a-4295-8943-ded4284f2122', 0);
UPDATE work_meta SET lastupdate = '2010-06-21 22:09:39.456545+02', ratingcount = NULL, rating = NULL WHERE id = 1542685;
INSERT INTO l_recording_work (link, entity1, entity0, id, editpending) VALUES (18995, 1542685, 1542685, 33091, 0);
INSERT INTO work_name (name, id) VALUES ('The Crunge', 118542);
INSERT INTO work (name, artist_credit, iswc, comment, id, type, gid, editpending) VALUES (118542, 388, NULL, NULL, 162923, NULL, '8b8216e5-137b-4ebd-a94f-a29fb7a3f014', 0);
UPDATE work_meta SET lastupdate = '2010-06-21 22:09:39.456545+02', ratingcount = NULL, rating = NULL WHERE id = 162923;
INSERT INTO l_recording_work (link, entity1, entity0, id, editpending) VALUES (18995, 162923, 162923, 2107, 0);
INSERT INTO work_name (name, id) VALUES ('Out of Control', 82782);
INSERT INTO work (name, artist_credit, iswc, comment, id, type, gid, editpending) VALUES (82782, 242, NULL, NULL, 1353886, NULL, 'fc336694-71c3-4963-b221-2c0687e26cfb', 0);
UPDATE work_meta SET lastupdate = '2010-06-21 22:09:39.456545+02', ratingcount = NULL, rating = NULL WHERE id = 1353886;
INSERT INTO l_recording_work (link, entity1, entity0, id, editpending) VALUES (18995, 1353886, 1408789, 46986, 0);
INSERT INTO work_name (name, id) VALUES ('Be the one', 13985);
INSERT INTO work (name, artist_credit, iswc, comment, id, type, gid, editpending) VALUES (13985, 9496, NULL, NULL, 3622825, NULL, 'f9234d15-137b-4229-9b76-717885ba7224', 0);
UPDATE work_meta SET lastupdate = '2010-06-21 22:09:39.456545+02', ratingcount = NULL, rating = NULL WHERE id = 3622825;
INSERT INTO l_recording_work (link, entity1, entity0, id, editpending) VALUES (18995, 3622825, 3622825, 56183, 0);
INSERT INTO work_name (name, id) VALUES ('The Song Remains the Same', 123015);
INSERT INTO work (name, artist_credit, iswc, comment, id, type, gid, editpending) VALUES (123015, 388, NULL, NULL, 162920, NULL, '055daa51-9d8a-4f52-a5a8-c72139279e3e', 0);
UPDATE work_meta SET lastupdate = '2010-06-21 22:09:39.456545+02', ratingcount = NULL, rating = NULL WHERE id = 162920;
INSERT INTO l_recording_work (link, entity1, entity0, id, editpending) VALUES (18995, 162920, 160074, 2104, 0);
INSERT INTO work_name (name, id) VALUES ('Shine We Are!', 99650);
INSERT INTO work (name, artist_credit, iswc, comment, id, type, gid, editpending) VALUES (99650, 9496, NULL, NULL, 1307406, NULL, 'ddbe4d0c-9b41-4db8-9244-cd08cc6ee2d8', 0);
UPDATE work_meta SET lastupdate = '2010-06-21 22:09:39.456545+02', ratingcount = NULL, rating = NULL WHERE id = 1307406;
INSERT INTO l_recording_work (link, entity1, entity0, id, editpending) VALUES (18995, 1307406, 1307406, 56179, 0);
INSERT INTO work_name (name, id) VALUES ('D''yer Mak''er', 33692);
INSERT INTO work (name, artist_credit, iswc, comment, id, type, gid, editpending) VALUES (33692, 388, NULL, NULL, 162925, NULL, '5483d397-985a-448b-817e-d6d6f32cb79b', 0);
UPDATE work_meta SET lastupdate = '2010-06-21 22:09:39.456545+02', ratingcount = NULL, rating = NULL WHERE id = 162925;
INSERT INTO l_recording_work (link, entity1, entity0, id, editpending) VALUES (18995, 162925, 162925, 2109, 0);
INSERT INTO work_name (name, id) VALUES ('DOUBLE', 32326);
INSERT INTO work (name, artist_credit, iswc, comment, id, type, gid, editpending) VALUES (32326, 9496, NULL, NULL, 3451975, NULL, '25db6c3b-eeb7-4258-9a81-fb9b4c903bfc', 0);
UPDATE work_meta SET lastupdate = '2010-06-21 22:09:39.456545+02', ratingcount = NULL, rating = NULL WHERE id = 3451975;
INSERT INTO l_recording_work (link, entity1, entity0, id, editpending) VALUES (18995, 3451975, 3451975, 55965, 0);
INSERT INTO work_name (name, id) VALUES ('LOVE & HONESTY', 68081);
INSERT INTO work (name, artist_credit, iswc, comment, id, type, gid, editpending) VALUES (68081, 9496, NULL, NULL, 3622823, NULL, '150621f0-3e08-43a3-9882-6a68322fcc04', 0);
UPDATE work_meta SET lastupdate = '2010-06-21 22:09:39.456545+02', ratingcount = NULL, rating = NULL WHERE id = 3622823;
INSERT INTO l_recording_work (link, entity1, entity0, id, editpending) VALUES (18995, 3622823, 3622823, 56181, 0);
INSERT INTO work_name (name, id) VALUES ('Summer Plays Out', 109840);
INSERT INTO work (name, artist_credit, iswc, comment, id, type, gid, editpending) VALUES (109840, 11545, NULL, NULL, 1542691, NULL, 'a8614bda-42dc-43c7-ac5f-4067acb6f1c5', 0);
UPDATE work_meta SET lastupdate = '2010-06-21 22:09:39.456545+02', ratingcount = NULL, rating = NULL WHERE id = 1542691;
INSERT INTO l_recording_work (link, entity1, entity0, id, editpending) VALUES (18995, 1542691, 1542691, 33097, 0);
INSERT INTO work_name (name, id) VALUES ('サマーれげぇ!レインボー', 1444);
INSERT INTO work (name, artist_credit, iswc, comment, id, type, gid, editpending) VALUES (1444, 265420, NULL, NULL, 4223059, NULL, '162630d9-36d2-4a8d-ade1-1c77440b34e7', 0);
UPDATE work_meta SET lastupdate = '2010-06-21 22:09:39.456545+02', ratingcount = NULL, rating = NULL WHERE id = 4223059;
INSERT INTO l_recording_work (link, entity1, entity0, id, editpending) VALUES (18995, 4223059, 4223059, 61955, 0);
INSERT INTO work_name (name, id) VALUES ('Dancing Days', 26717);
INSERT INTO work (name, artist_credit, iswc, comment, id, type, gid, editpending) VALUES (26717, 388, NULL, NULL, 162924, NULL, 'f6603ffa-54c7-4e5b-a744-70a13a1c9dc3', 0);
UPDATE work_meta SET lastupdate = '2010-06-21 22:09:39.456545+02', ratingcount = NULL, rating = NULL WHERE id = 162924;
INSERT INTO l_recording_work (link, entity1, entity0, id, editpending) VALUES (18995, 162924, 162924, 2108, 0);
INSERT INTO work_name (name, id) VALUES ('Under the Influence', 129349);
INSERT INTO work (name, artist_credit, iswc, comment, id, type, gid, editpending) VALUES (129349, 242, NULL, NULL, 2726272, NULL, '4b364aa9-f227-42b8-b0c2-ee32f5ccf4fa', 0);
UPDATE work_meta SET lastupdate = '2010-06-21 22:09:39.456545+02', ratingcount = NULL, rating = NULL WHERE id = 2726272;
INSERT INTO l_recording_work (link, entity1, entity0, id, editpending) VALUES (18995, 2726272, 2726272, 46985, 0);
INSERT INTO work_name (name, id) VALUES ('Be Rude to Your School', 13900);
INSERT INTO work (name, artist_credit, iswc, comment, id, type, gid, editpending) VALUES (13900, 11545, NULL, NULL, 1542690, NULL, '7e379a1d-f2bc-47b8-964e-00723df34c8a', 0);
UPDATE work_meta SET lastupdate = '2010-06-21 22:09:39.456545+02', ratingcount = NULL, rating = NULL WHERE id = 1542690;
INSERT INTO l_recording_work (link, entity1, entity0, id, editpending) VALUES (18995, 1542690, 1542690, 33096, 0);
INSERT INTO work_name (name, id) VALUES ('Easy To Be Hard', 33990);
INSERT INTO work (name, artist_credit, iswc, comment, id, type, gid, editpending) VALUES (33990, 9496, NULL, NULL, 3622830, NULL, '18c16c80-421d-476f-893c-0b02f964bd86', 0);
UPDATE work_meta SET lastupdate = '2010-06-21 22:09:39.456545+02', ratingcount = NULL, rating = NULL WHERE id = 3622830;
INSERT INTO l_recording_work (link, entity1, entity0, id, editpending) VALUES (18995, 3622830, 3622830, 56188, 0);
INSERT INTO work_name (name, id) VALUES ('OVER～across the time～', 82972);
INSERT INTO work (name, artist_credit, iswc, comment, id, type, gid, editpending) VALUES (82972, 9496, NULL, NULL, 3622827, NULL, 'f0de8cba-2f1e-4633-9163-c8c933b25d87', 0);
UPDATE work_meta SET lastupdate = '2010-06-21 22:09:39.456545+02', ratingcount = NULL, rating = NULL WHERE id = 3622827;
INSERT INTO l_recording_work (link, entity1, entity0, id, editpending) VALUES (18995, 3622827, 3622827, 56185, 0);
INSERT INTO work_name (name, id) VALUES ('The Greek Alphabet', 119847);
INSERT INTO work (name, artist_credit, iswc, comment, id, type, gid, editpending) VALUES (119847, 11545, NULL, NULL, 1542687, NULL, 'dc891eca-bf42-4103-8682-86068fe732a5', 0);
UPDATE work_meta SET lastupdate = '2010-06-21 22:09:39.456545+02', ratingcount = NULL, rating = NULL WHERE id = 1542687;
INSERT INTO l_recording_work (link, entity1, entity0, id, editpending) VALUES (18995, 1542687, 1542687, 33093, 0);
INSERT INTO work_name (name, id) VALUES ('Dream On', 32863);
INSERT INTO work (name, artist_credit, iswc, comment, id, type, gid, editpending) VALUES (32863, 242, NULL, NULL, 2726281, NULL, '6efd1d7e-4c99-4dee-b3ef-55724809fb28', 0);
UPDATE work_meta SET lastupdate = '2010-06-21 22:09:39.456545+02', ratingcount = NULL, rating = NULL WHERE id = 2726281;
INSERT INTO l_recording_work (link, entity1, entity0, id, editpending) VALUES (18995, 2726281, 2726281, 46993, 0);
INSERT INTO work_name (name, id) VALUES ('Bibi Plone', 14233);
INSERT INTO work (name, artist_credit, iswc, comment, id, type, gid, editpending) VALUES (14233, 11545, NULL, NULL, 1542689, NULL, '6f9c8c32-3aae-4dad-b023-56389361cf6b', 0);
UPDATE work_meta SET lastupdate = '2010-06-21 22:09:39.456545+02', ratingcount = NULL, rating = NULL WHERE id = 1542689;
INSERT INTO l_recording_work (link, entity1, entity0, id, editpending) VALUES (18995, 1542689, 1542689, 33095, 0);
INSERT INTO work_name (name, id) VALUES ('Flashback', 40069);
INSERT INTO work (name, artist_credit, iswc, comment, id, type, gid, editpending) VALUES (40069, 242, NULL, NULL, 203493, NULL, 'a2d41ad7-46e7-4e12-81a3-7c39931e43b4', 0);
UPDATE work_meta SET lastupdate = '2010-06-21 22:09:39.456545+02', ratingcount = NULL, rating = NULL WHERE id = 203493;
INSERT INTO l_recording_work (link, entity1, entity0, id, editpending) VALUES (18995, 203493, 4844121, 3909, 0);
INSERT INTO work_name (name, id) VALUES ('HELLO! また会おうね (7人祭 version)', 47860);
INSERT INTO work (name, artist_credit, iswc, comment, id, type, gid, editpending) VALUES (47860, 265420, NULL, NULL, 4223060, NULL, '487cac92-eed5-4efa-8563-c9a818079b9a', 0);
UPDATE work_meta SET lastupdate = '2010-06-21 22:09:39.456545+02', ratingcount = NULL, rating = NULL WHERE id = 4223060;
INSERT INTO l_recording_work (link, entity1, entity0, id, editpending) VALUES (18995, 4223060, 4223060, 61956, 0);
INSERT INTO work_name (name, id) VALUES ('Orange Wedge', 82191);
INSERT INTO work (name, artist_credit, iswc, comment, id, type, gid, editpending) VALUES (82191, 242, NULL, NULL, 2726274, NULL, '0982e813-a279-482c-8057-285d07372fb9', 0);
UPDATE work_meta SET lastupdate = '2010-06-21 22:09:39.456545+02', ratingcount = NULL, rating = NULL WHERE id = 2726274;
INSERT INTO l_recording_work (link, entity1, entity0, id, editpending) VALUES (18995, 2726274, 2726274, 46987, 0);
INSERT INTO work_name (name, id) VALUES ('Press a Key', 89421);
INSERT INTO work (name, artist_credit, iswc, comment, id, type, gid, editpending) VALUES (89421, 11545, NULL, NULL, 1542688, NULL, '25e9ae0f-8b7d-4230-9cde-9a07f7680e4a', 0);
UPDATE work_meta SET lastupdate = '2010-06-21 22:09:39.456545+02', ratingcount = NULL, rating = NULL WHERE id = 1542688;
INSERT INTO l_recording_work (link, entity1, entity0, id, editpending) VALUES (18995, 1542688, 1542688, 33094, 0);
INSERT INTO work_name (name, id) VALUES ('Out of Control (Sasha remix)', 82790);
INSERT INTO work (name, artist_credit, iswc, comment, id, type, gid, editpending) VALUES (82790, 242, NULL, NULL, 1353888, NULL, 'd11ee82c-f624-4b86-a272-06ae719438dc', 0);
UPDATE work_meta SET lastupdate = '2010-06-21 22:09:39.456545+02', ratingcount = NULL, rating = NULL WHERE id = 1353888;
INSERT INTO l_recording_work (link, entity1, entity0, id, editpending) VALUES (18995, 1353888, 4844123, 30312, 0);
INSERT INTO work_name (name, id) VALUES ('SOME DAY ONE DAY (feat. VERBAL (m-flo))', 102691);
INSERT INTO work (name, artist_credit, iswc, comment, id, type, gid, editpending) VALUES (102691, 9496, NULL, NULL, 3622822, NULL, '0c0245df-34f0-416b-8c3f-f20f66e116d0', 0);
UPDATE work_meta SET lastupdate = '2010-06-21 22:09:39.456545+02', ratingcount = NULL, rating = NULL WHERE id = 3622822;
INSERT INTO l_recording_work (link, entity1, entity0, id, editpending) VALUES (18995, 3622822, 3622822, 56180, 0);
INSERT INTO work_name (name, id) VALUES ('the Love Bug', 120659);
INSERT INTO work (name, artist_credit, iswc, comment, id, type, gid, editpending) VALUES (120659, 728254, NULL, NULL, 4525123, NULL, '0cf3008f-e246-428f-abc1-35f87d584d60', 0);
UPDATE work_meta SET lastupdate = '2010-06-21 22:09:39.456545+02', ratingcount = NULL, rating = NULL WHERE id = 4525123;
INSERT INTO l_recording_work (link, entity1, entity0, id, editpending) VALUES (18995, 4525123, 4525123, 64752, 0);
INSERT INTO work_name (name, id) VALUES ('The Ocean', 121681);
INSERT INTO work (name, artist_credit, iswc, comment, id, type, gid, editpending) VALUES (121681, 388, NULL, NULL, 162927, NULL, '9868d850-a37b-4e03-b097-8e2b5d26429c', 0);
UPDATE work_meta SET lastupdate = '2010-06-21 22:09:39.456545+02', ratingcount = NULL, rating = NULL WHERE id = 162927;
INSERT INTO l_recording_work (link, entity1, entity0, id, editpending) VALUES (18995, 162927, 162927, 2111, 0);
INSERT INTO work_name (name, id) VALUES ('Music: Response', 75971);
INSERT INTO work (name, artist_credit, iswc, comment, id, type, gid, editpending) VALUES (75971, 242, NULL, NULL, 2726271, NULL, '12842247-cabf-4a85-9e8d-4e1201c42364', 0);
UPDATE work_meta SET lastupdate = '2010-06-21 22:09:39.456545+02', ratingcount = NULL, rating = NULL WHERE id = 2726271;
INSERT INTO l_recording_work (link, entity1, entity0, id, editpending) VALUES (18995, 2726271, 2726271, 46984, 0);
INSERT INTO work_name (name, id) VALUES ('Milky Way 〜君の歌〜', 73231);
INSERT INTO work (name, artist_credit, iswc, comment, id, type, gid, editpending) VALUES (73231, 9496, NULL, NULL, 3584196, NULL, '1272ecf4-fc8d-4d10-889c-afe6a1fa2d8f', 0);
UPDATE work_meta SET lastupdate = '2010-06-21 22:09:39.456545+02', ratingcount = NULL, rating = NULL WHERE id = 3584196;
INSERT INTO work_name (name, id) VALUES ('Milky Way-君の歌-', 73232);
INSERT INTO work (name, artist_credit, iswc, comment, id, type, gid, editpending) VALUES (73232, 9496, NULL, NULL, 3622832, NULL, '3c13b324-0c0e-4f67-a677-2bf0be7842af', 0);
UPDATE work_meta SET lastupdate = '2010-06-21 22:09:39.456545+02', ratingcount = NULL, rating = NULL WHERE id = 3622832;
INSERT INTO l_recording_work (link, entity1, entity0, id, editpending) VALUES (18995, 3584196, 3584196, 55967, 0);
INSERT INTO l_recording_work (link, entity1, entity0, id, editpending) VALUES (18995, 3622832, 3584196, 56190, 0);
INSERT INTO work_name (name, id) VALUES ('Over the Hills and Far Away', 83048);
INSERT INTO work (name, artist_credit, iswc, comment, id, type, gid, editpending) VALUES (83048, 388, NULL, NULL, 162922, NULL, '7a80bc16-c327-4bcb-92c0-a880fbbc8bf6', 0);
UPDATE work_meta SET lastupdate = '2010-06-21 22:09:39.456545+02', ratingcount = NULL, rating = NULL WHERE id = 162922;
INSERT INTO l_recording_work (link, entity1, entity0, id, editpending) VALUES (18995, 162922, 162922, 2106, 0);
INSERT INTO work_name (name, id) VALUES ('Song With No Name～名前のない歌～', 105334);
INSERT INTO work (name, artist_credit, iswc, comment, id, type, gid, editpending) VALUES (105334, 9496, NULL, NULL, 3622831, NULL, 'df229cdb-9539-46b7-92e9-d164b27f6361', 0);
UPDATE work_meta SET lastupdate = '2010-06-21 22:09:39.456545+02', ratingcount = NULL, rating = NULL WHERE id = 3622831;
INSERT INTO l_recording_work (link, entity1, entity0, id, editpending) VALUES (18995, 3622831, 3622831, 56189, 0);
INSERT INTO work_name (name, id) VALUES ('The Rain Song', 122194);
INSERT INTO work (name, artist_credit, iswc, comment, id, type, gid, editpending) VALUES (122194, 388, NULL, NULL, 162921, NULL, 'ff650e55-0136-4bb5-bbe5-dc429edae5c5', 0);
UPDATE work_meta SET lastupdate = '2010-06-21 22:09:39.456545+02', ratingcount = NULL, rating = NULL WHERE id = 162921;
INSERT INTO l_recording_work (link, entity1, entity0, id, editpending) VALUES (18995, 162921, 162921, 2105, 0);
INSERT INTO work_name (name, id) VALUES ('Power Move', 88534);
INSERT INTO work (name, artist_credit, iswc, comment, id, type, gid, editpending) VALUES (88534, 242, NULL, NULL, 1353887, NULL, '1d1f60dc-52ba-4198-9b6f-83d65200a72c', 0);
UPDATE work_meta SET lastupdate = '2010-06-21 22:09:39.456545+02', ratingcount = NULL, rating = NULL WHERE id = 1353887;
INSERT INTO l_recording_work (link, entity1, entity0, id, editpending) VALUES (18995, 1353887, 4844122, 30311, 0);
INSERT INTO work_name (name, id) VALUES ('Let Forever Be', 65057);
INSERT INTO work (name, artist_credit, iswc, comment, id, type, gid, editpending) VALUES (65057, 242, NULL, NULL, 211564, NULL, '8db8dbba-4586-4e98-8f76-934f96aa7516', 0);
UPDATE work_meta SET lastupdate = '2010-06-21 22:09:39.456545+02', ratingcount = NULL, rating = NULL WHERE id = 211564;
INSERT INTO l_recording_work (link, entity1, entity0, id, editpending) VALUES (18995, 211564, 2726275, 4098, 0);
INSERT INTO work_name (name, id) VALUES ('Rock With You', 94498);
INSERT INTO work (name, artist_credit, iswc, comment, id, type, gid, editpending) VALUES (94498, 9496, NULL, NULL, 3451976, NULL, 'c869cc03-cb88-462b-974e-8e46c1538ad4', 0);
UPDATE work_meta SET lastupdate = '2010-06-21 22:09:39.456545+02', ratingcount = NULL, rating = NULL WHERE id = 3451976;
INSERT INTO l_recording_work (link, entity1, entity0, id, editpending) VALUES (18995, 3451976, 3451976, 56178, 0);
INSERT INTO work_name (name, id) VALUES ('心の手紙', 146632);
INSERT INTO work (name, artist_credit, iswc, comment, id, type, gid, editpending) VALUES (146632, 9496, NULL, NULL, 3622828, NULL, '98a4adf6-8761-4adb-a940-acb58dc664b3', 0);
UPDATE work_meta SET lastupdate = '2010-06-21 22:09:39.456545+02', ratingcount = NULL, rating = NULL WHERE id = 3622828;
INSERT INTO l_recording_work (link, entity1, entity0, id, editpending) VALUES (18995, 3622828, 3622828, 56186, 0);
INSERT INTO work_name (name, id) VALUES ('Asleep From Day', 10439);
INSERT INTO work (name, artist_credit, iswc, comment, id, type, gid, editpending) VALUES (10439, 242, NULL, NULL, 2726277, NULL, '1344425c-47ea-4d7b-a759-c7f5ec0fa191', 0);
UPDATE work_meta SET lastupdate = '2010-06-21 22:09:39.456545+02', ratingcount = NULL, rating = NULL WHERE id = 2726277;
INSERT INTO l_recording_work (link, entity1, entity0, id, editpending) VALUES (18995, 2726277, 2726277, 46990, 0);
INSERT INTO work_name (name, id) VALUES ('Midnight Parade', 73044);
INSERT INTO work (name, artist_credit, iswc, comment, id, type, gid, editpending) VALUES (73044, 9496, NULL, NULL, 3584195, NULL, 'f0f18e4b-3697-4b4d-9bd6-e986cfa38906', 0);
UPDATE work_meta SET lastupdate = '2010-06-21 22:09:39.456545+02', ratingcount = NULL, rating = NULL WHERE id = 3584195;
INSERT INTO l_recording_work (link, entity1, entity0, id, editpending) VALUES (18995, 3584195, 3584195, 56182, 0);
INSERT INTO url (refcount, url, id, description, editpending, gid) VALUES (1, 'http://en.wikipedia.org/wiki/The_Love_Bug_%28song%29', 615313, '', 0, '5e766c4e-16dd-47f2-b032-d96ef23c0cf1');
INSERT INTO link_type (priority, childorder, entitytype0, parent, shortlinkphrase, linkphrase, name, description, entitytype1, rlinkphrase, id, gid) VALUES (0, 3, 'release_group', NULL, 'other databases', 'other databases', 'other databases', '', 'url', 'other databases', 94, '9a7453fa-76e2-3069-b5b5-e9c631c2ce20');
INSERT INTO link_type (priority, childorder, entitytype0, parent, shortlinkphrase, linkphrase, name, description, entitytype1, rlinkphrase, id, gid) VALUES (0, 0, 'release_group', 94, 'wikipedia', 'has a Wikipedia page at', 'wikipedia', 'Points to the Wikipedia page for this album. (<a href="http://musicbrainz.org/doc/Wikipedia_Relationship_Type">Details</a>)', 'url', 'is a Wikipedia page for', 89, '6578f0e9-1ace-4095-9de8-6e517ddb1ceb');
INSERT INTO link (attributecount, link_type, enddate_day, begindate_day, begindate_year, begindate_month, enddate_year, id, enddate_month) VALUES (0, 89, NULL, NULL, NULL, NULL, NULL, 5444, NULL);
INSERT INTO url (refcount, url, id, description, editpending, gid) VALUES (1, 'http://ja.wikipedia.org/wiki/The_Love_Bug', 615327, '', 0, 'dff9a8ca-2029-4818-92d4-d45b91484b0a');
INSERT INTO l_release_group_url (link, entity1, entity0, id, editpending) VALUES (5444, 615313, 403214, 32791, 0);
INSERT INTO l_release_group_url (link, entity1, entity0, id, editpending) VALUES (5444, 615327, 403214, 14513, 0);
INSERT INTO url (refcount, url, id, description, editpending, gid) VALUES (1, 'http://en.wikipedia.org/wiki/For_Beginner_Piano', 151488, '', 0, '886cd436-d599-4d7f-8f78-fb5b45334176');
INSERT INTO l_release_group_url (link, entity1, entity0, id, editpending) VALUES (5444, 151488, 155364, 34127, 0);
INSERT INTO url (refcount, url, id, description, editpending, gid) VALUES (4, 'http://en.wikipedia.org/wiki/Surrender_%28The_Chemical_Brothers_album%29', 118623, '', 0, '844bbc95-cfad-4a03-a152-b465e76a0f92');
INSERT INTO l_release_group_url (link, entity1, entity0, id, editpending) VALUES (5444, 118623, 724150, 27884, 0);
INSERT INTO url (refcount, url, id, description, editpending, gid) VALUES (2, 'http://en.wikipedia.org/wiki/Love_and_Honesty', 263365, '', 0, '75f62298-a981-4264-a042-035cb305082e');
INSERT INTO url (refcount, url, id, description, editpending, gid) VALUES (1, 'http://ja.wikipedia.org/wiki/LOVE_%26_HONESTY', 639380, '', 0, '80761c4e-e004-4a92-94a6-164047125e53');
INSERT INTO url (refcount, url, id, description, editpending, gid) VALUES (1, 'http://www.discogs.com/master/11418', 639381, '', 0, '1f2cc313-4b57-44af-95b2-fe8154840c4e');
INSERT INTO link_type (priority, childorder, entitytype0, parent, shortlinkphrase, linkphrase, name, description, entitytype1, rlinkphrase, id, gid) VALUES (0, 1, 'release_group', 94, 'discogs', 'has a Discogs page at', 'discogs', 'Points to the Discogs page for this album. Always use the domain <code>www.discogs.com</code> and no genre subdomains. (<a href="http://musicbrainz.org/doc/Discogs_Relationship_Type">Details</a>)', 'url', 'is a Discogs page for', 90, '14028de3-cac1-38e0-9a53-5c12acb748f0');
INSERT INTO link (attributecount, link_type, enddate_day, begindate_day, begindate_year, begindate_month, enddate_year, id, enddate_month) VALUES (0, 90, NULL, NULL, NULL, NULL, NULL, 5452, NULL);
INSERT INTO l_release_group_url (link, entity1, entity0, id, editpending) VALUES (5444, 263365, 326504, 28162, 0);
INSERT INTO l_release_group_url (link, entity1, entity0, id, editpending) VALUES (5444, 639380, 326504, 35124, 0);
INSERT INTO l_release_group_url (link, entity1, entity0, id, editpending) VALUES (5452, 639381, 326504, 6839, 0);
INSERT INTO url (refcount, url, id, description, editpending, gid) VALUES (1, 'http://en.wikipedia.org/wiki/Houses_of_the_Holy', 8714, '', 0, '8ceabec6-1705-4c8f-b112-e51df55b9ded');
INSERT INTO l_release_group_url (link, entity1, entity0, id, editpending) VALUES (5444, 8714, 18759, 6533, 0);
INSERT INTO url (refcount, url, id, description, editpending, gid) VALUES (1, 'http://en.wikipedia.org/wiki/Recipe_for_Hate', 148612, '', 0, 'f395dbeb-f15a-4083-b825-56d5445a885f');
INSERT INTO l_release_group_url (link, entity1, entity0, id, editpending) VALUES (5444, 148612, 47743, 48548, 0);
INSERT INTO link_type (priority, childorder, entitytype0, parent, shortlinkphrase, linkphrase, name, description, entitytype1, rlinkphrase, id, gid) VALUES (0, 0, 'release', NULL, 'covers and versions ', 'covers or other versions ', 'covers and versions ', '', 'release', 'covers or other versions', 4, '3676d4aa-2fa7-435f-b83f-cdbbe4740938');
INSERT INTO link_type (priority, childorder, entitytype0, parent, shortlinkphrase, linkphrase, name, description, entitytype1, rlinkphrase, id, gid) VALUES (0, 5, 'release', 4, 'transl-tracklisting', 'is the original for the transl{transliterated:iter}ated track listing', 'transl-tracklisting', 'Indicates that an album has translated or transliterated titles on another album release. This relationship does not indicate a cover where the lyrics have been translated (that should be indicated with "cover" instead, although both relationships could apply in some cases). This relationship should only be used when the number, order, and audio of the tracks on the two albums are identical, and each of the titles corresponds in meaning. (<a href="http://musicbrainz.org/doc/Translation_Transliteration_Relationship_Type">Details</a>)', 'release', 'is a transl{transliterated:iter}ated track listing of', 6, 'fc399d47-23a7-4c28-bfcf-0607a562b644');
INSERT INTO link (attributecount, link_type, enddate_day, begindate_day, begindate_year, begindate_month, enddate_year, id, enddate_month) VALUES (1, 6, NULL, NULL, NULL, NULL, NULL, 4, NULL);
INSERT INTO link_attribute_type (childorder, parent, name, root, id, description, gid) VALUES (1, NULL, 'transliterated', 477, 477, 'Transliterated track listings don''t change the language, just the script or spelling.', 'a74533a5-ed6c-4b30-9519-43a449872f9d');
INSERT INTO link_attribute (link, attribute_type) VALUES (4, 477);
INSERT INTO l_release_release (link, entity1, entity0, id, editpending) VALUES (4, 123054, 49161, 4669, 1);
INSERT INTO l_release_release (link, entity1, entity0, id, editpending) VALUES (4, 4675, 558940, 22732, 0);
INSERT INTO l_release_release (link, entity1, entity0, id, editpending) VALUES (4, 4675, 59312, 22733, 0);
INSERT INTO url (refcount, url, id, description, editpending, gid) VALUES (1, 'http://www.amazon.com/gp/product/B000002J0B', 198087, '', 0, '00b52c9c-c175-4e59-8eae-66ee1c367fac');
INSERT INTO link_type (priority, childorder, entitytype0, parent, shortlinkphrase, linkphrase, name, description, entitytype1, rlinkphrase, id, gid) VALUES (0, 0, 'release', NULL, 'Affiliate links', 'links to affiliates', 'Affiliate links', '', 'url', 'links to affiliates', 78, '7c5c80e8-ed3a-4c9d-96bb-1131cdecb89d');
INSERT INTO link_type (priority, childorder, entitytype0, parent, shortlinkphrase, linkphrase, name, description, entitytype1, rlinkphrase, id, gid) VALUES (0, 0, 'release', 78, 'amazon asin', 'has Amazon ASIN', 'amazon asin', 'This link type is used for Amazon ASINs. This allows users to link to the Amazon pages to show the right cover art if MusicBrainz does not have the right ASIN link already. <p/> Paste any URL to any Amazon product page that contains an Amazon ASIN and the ASIN will be parsed from that URL. (<a href="http://musicbrainz.org/doc/Amazon_Relationship_Type">Details</a>)', 'url', 'from Amazon belongs to', 83, '4f2e710d-166c-480c-a293-2e2c8d658d87');
INSERT INTO link (attributecount, link_type, enddate_day, begindate_day, begindate_year, begindate_month, enddate_year, id, enddate_month) VALUES (0, 83, NULL, NULL, NULL, NULL, NULL, 5439, NULL);
INSERT INTO url (refcount, url, id, description, editpending, gid) VALUES (1, 'http://www.discogs.com/release/395727', 431688, '', 0, '2453d00f-78b8-4a08-82ac-0300d4f1499e');
INSERT INTO link_type (priority, childorder, entitytype0, parent, shortlinkphrase, linkphrase, name, description, entitytype1, rlinkphrase, id, gid) VALUES (0, 3, 'release', NULL, 'other databases', 'other databases', 'other databases', '', 'url', 'other databases', 79, 'c74dee45-3c85-41e9-a804-92ab1c654446');
INSERT INTO link_type (priority, childorder, entitytype0, parent, shortlinkphrase, linkphrase, name, description, entitytype1, rlinkphrase, id, gid) VALUES (0, 1, 'release', 79, 'discogs', 'has a Discogs page at', 'discogs', 'Points to the Discogs page for this album. Always use the domain <code>www.discogs.com</code> and no genre subdomains. (<a href="http://musicbrainz.org/doc/Discogs_Relationship_Type">Details</a>)', 'url', 'is a Discogs page for', 73, '4a78823c-1c53-4176-a5f3-58026c76f2bc');
INSERT INTO link (attributecount, link_type, enddate_day, begindate_day, begindate_year, begindate_month, enddate_year, id, enddate_month) VALUES (0, 73, NULL, NULL, NULL, NULL, NULL, 5438, NULL);
INSERT INTO url (refcount, url, id, description, editpending, gid) VALUES (1, 'http://www.discogs.com/release/1170216', 672191, '', 0, 'dd4330ed-d9d8-4463-b06e-01aaccb2e30a');
INSERT INTO url (refcount, url, id, description, editpending, gid) VALUES (1, 'http://www.discogs.com/release/577498', 727332, '', 0, 'e0500ac3-f90c-43db-92fc-85fbd3f12b04');
INSERT INTO l_release_url (link, entity1, entity0, id, editpending) VALUES (5439, 198087, 601118, 51079, 0);
INSERT INTO l_release_url (link, entity1, entity0, id, editpending) VALUES (5438, 431688, 601118, 223466, 0);
INSERT INTO l_release_url (link, entity1, entity0, id, editpending) VALUES (5438, 672191, 601118, 464619, 0);
INSERT INTO l_release_url (link, entity1, entity0, id, editpending) VALUES (5438, 727332, 601118, 166137, 0);
INSERT INTO url (refcount, url, id, description, editpending, gid) VALUES (2, 'http://www.amazon.co.uk/gp/product/B00000JKRG', 415535, '', 0, 'acde4783-92da-4d5a-bc2a-248985710b9e');
INSERT INTO url (refcount, url, id, description, editpending, gid) VALUES (2, 'http://www.discogs.com/release/9132', 415537, '', 0, '0cff5556-c152-4b98-b2a5-0a105e462069');
INSERT INTO l_release_url (link, entity1, entity0, id, editpending) VALUES (5439, 415535, 400930, 197808, 0);
INSERT INTO l_release_url (link, entity1, entity0, id, editpending) VALUES (5438, 415537, 400930, 212439, 0);
INSERT INTO url (refcount, url, id, description, editpending, gid) VALUES (1, 'http://www.discogs.com/release/388694', 336227, '', 0, 'd50a6a58-837e-4d6f-80fb-921bc637f31c');
INSERT INTO l_release_url (link, entity1, entity0, id, editpending) VALUES (5438, 336227, 372913, 271100, 0);
INSERT INTO l_release_url (link, entity1, entity0, id, editpending) VALUES (5438, 431688, 630919, 223473, 0);
INSERT INTO l_release_url (link, entity1, entity0, id, editpending) VALUES (5438, 672191, 630919, 464626, 0);
INSERT INTO l_release_url (link, entity1, entity0, id, editpending) VALUES (5438, 727332, 630919, 166144, 0);
INSERT INTO l_release_url (link, entity1, entity0, id, editpending) VALUES (5438, 431688, 479654, 223474, 0);
INSERT INTO l_release_url (link, entity1, entity0, id, editpending) VALUES (5438, 672191, 479654, 464627, 0);
INSERT INTO l_release_url (link, entity1, entity0, id, editpending) VALUES (5438, 727332, 479654, 166145, 0);
INSERT INTO url (refcount, url, id, description, editpending, gid) VALUES (2, 'http://www.amazon.co.uk/gp/product/B001IKWNCE', 748185, '', 0, '5855c1ff-5a05-4f32-a7c7-cbf83758fae0');
INSERT INTO url (refcount, url, id, description, editpending, gid) VALUES (1, 'http://www.discogs.com/release/1541060', 748186, '', 0, '239d7a4e-6c19-43e5-8493-875badf02246');
INSERT INTO l_release_url (link, entity1, entity0, id, editpending) VALUES (5439, 748185, 446581, 210144, 0);
INSERT INTO l_release_url (link, entity1, entity0, id, editpending) VALUES (5438, 748186, 446581, 9691, 0);
INSERT INTO url (refcount, url, id, description, editpending, gid) VALUES (1, 'http://www.discogs.com/release/229361', 323033, '', 0, '8d192e68-5b82-4d40-a185-0f12f1a6d772');
INSERT INTO l_release_url (link, entity1, entity0, id, editpending) VALUES (5438, 323033, 361465, 111244, 0);
INSERT INTO url (refcount, url, id, description, editpending, gid) VALUES (1, 'http://www.amazon.co.uk/gp/product/B00000GAII', 464482, '', 0, '5b84fdc3-2247-4835-a31f-d898261fe05f');
INSERT INTO l_release_url (link, entity1, entity0, id, editpending) VALUES (5439, 464482, 442242, 179158, 0);
INSERT INTO url (refcount, url, id, description, editpending, gid) VALUES (1, 'http://www.amazon.co.uk/gp/product/B00000J8EK', 219565, '', 0, 'a2deb60a-7833-4bf2-abfd-bcf3b02a313a');
INSERT INTO url (refcount, url, id, description, editpending, gid) VALUES (1, 'http://www.discogs.com/release/136452', 219569, '', 0, '76f18f41-5ed1-4d6f-bfbe-1a5a1d5d51ad');
INSERT INTO l_release_url (link, entity1, entity0, id, editpending) VALUES (5439, 219565, 19969, 118325, 0);
INSERT INTO l_release_url (link, entity1, entity0, id, editpending) VALUES (5438, 219569, 19969, 237192, 0);
INSERT INTO l_release_url (link, entity1, entity0, id, editpending) VALUES (5438, 431688, 441328, 223468, 0);
INSERT INTO l_release_url (link, entity1, entity0, id, editpending) VALUES (5438, 672191, 441328, 464621, 0);
INSERT INTO l_release_url (link, entity1, entity0, id, editpending) VALUES (5438, 727332, 441328, 166139, 0);
INSERT INTO url (refcount, url, id, description, editpending, gid) VALUES (1, 'http://www.discogs.com/release/30895', 151497, '', 0, 'b8dcbe2e-95ed-433e-9f70-3ec373ea19b0');
INSERT INTO url (refcount, url, id, description, editpending, gid) VALUES (1, 'http://www.amazon.com/gp/product/B00001IVAI', 366634, '', 0, '4bd8ba69-ac05-444d-be17-4ea037f5d09f');
INSERT INTO url (refcount, url, id, description, editpending, gid) VALUES (1, 'http://www.discogs.com/release/30896', 697220, '', 0, '9bd7cece-05e3-438b-a2a1-070f8a829ed5');
INSERT INTO l_release_url (link, entity1, entity0, id, editpending) VALUES (5438, 151497, 24752, 311063, 0);
INSERT INTO l_release_url (link, entity1, entity0, id, editpending) VALUES (5439, 366634, 24752, 78221, 0);
INSERT INTO l_release_url (link, entity1, entity0, id, editpending) VALUES (5438, 697220, 24752, 384085, 0);
INSERT INTO url (refcount, url, id, description, editpending, gid) VALUES (3, 'http://www.amazon.co.jp/gp/product/B0000YGBSG', 80267, '', 0, '06b2ffd2-a4b6-492d-a598-583e8816353f');
INSERT INTO l_release_url (link, entity1, entity0, id, editpending) VALUES (5439, 80267, 4675, 385031, 0);
INSERT INTO url (refcount, url, id, description, editpending, gid) VALUES (1, 'http://www.discogs.com/release/1480', 172029, '', 0, 'c428631a-30c2-4d22-95e9-6de3934d196f');
INSERT INTO l_release_url (link, entity1, entity0, id, editpending) VALUES (5438, 172029, 238598, 326089, 0);
INSERT INTO url (refcount, url, id, description, editpending, gid) VALUES (1, 'http://www.amazon.co.jp/gp/product/B0001FAD2O', 573314, '', 0, '02c14af2-5ce0-41ca-acd7-ee9913692558');
INSERT INTO l_release_url (link, entity1, entity0, id, editpending) VALUES (5439, 573314, 59662, 141490, 0);
INSERT INTO url (refcount, url, id, description, editpending, gid) VALUES (2, 'http://www.amazon.co.jp/gp/product/B00005LA6G', 71412, '', 0, '463210f0-8e30-4601-8189-bc29c17a8498');
INSERT INTO l_release_url (link, entity1, entity0, id, editpending) VALUES (5439, 71412, 49161, 409039, 0);
INSERT INTO url (refcount, url, id, description, editpending, gid) VALUES (1, 'http://www.amazon.com/gp/product/B000002IX5', 148611, '', 0, '9b32097b-09e8-48a8-a43f-544bdec3558a');
INSERT INTO url (refcount, url, id, description, editpending, gid) VALUES (1, 'http://musicmoz.org/Bands_and_Artists/B/Bad_Religion/Discography/Recipe_For_Hate/', 612805, '', 0, 'a2fe1e6d-700e-4d68-b30e-56d8d64779e7');
INSERT INTO link_type (priority, childorder, entitytype0, parent, shortlinkphrase, linkphrase, name, description, entitytype1, rlinkphrase, id, gid) VALUES (0, 2, 'release', 79, 'musicmoz', 'has a MusicMoz page at', 'musicmoz', 'Points to the MusicMoz page for this album. (<a href="http://musicbrainz.org/doc/MusicMoz_Relationship_Type">Details</a>)', 'url', 'is a MusicMoz page for', 74, 'd111c58d-0d9b-4675-99c1-ddc5a8e01847');
INSERT INTO link (attributecount, link_type, enddate_day, begindate_day, begindate_year, begindate_month, enddate_year, id, enddate_month) VALUES (0, 74, NULL, NULL, NULL, NULL, NULL, 5451, NULL);
INSERT INTO l_release_url (link, entity1, entity0, id, editpending) VALUES (5439, 148611, 32094, 216119, 0);
INSERT INTO l_release_url (link, entity1, entity0, id, editpending) VALUES (5451, 612805, 32094, 342997, 0);
INSERT INTO url (refcount, url, id, description, editpending, gid) VALUES (1, 'http://www.discogs.com/release/1722', 177282, '', 0, 'decacbb6-c2d7-4d07-8576-fd60f2392fc0');
INSERT INTO l_release_url (link, entity1, entity0, id, editpending) VALUES (5438, 177282, 243064, 475780, 0);
INSERT INTO l_release_url (link, entity1, entity0, id, editpending) VALUES (5439, 366634, 243064, 78220, 0);
INSERT INTO l_release_url (link, entity1, entity0, id, editpending) VALUES (5438, 697220, 243064, 384083, 0);
INSERT INTO l_release_url (link, entity1, entity0, id, editpending) VALUES (5438, 431688, 12998, 223472, 0);
INSERT INTO l_release_url (link, entity1, entity0, id, editpending) VALUES (5438, 672191, 12998, 464625, 0);
INSERT INTO l_release_url (link, entity1, entity0, id, editpending) VALUES (5438, 727332, 12998, 166143, 0);
INSERT INTO l_release_url (link, entity1, entity0, id, editpending) VALUES (5439, 198087, 278984, 51080, 0);
INSERT INTO l_release_url (link, entity1, entity0, id, editpending) VALUES (5438, 431688, 278984, 223467, 0);
INSERT INTO l_release_url (link, entity1, entity0, id, editpending) VALUES (5438, 672191, 278984, 464620, 0);
INSERT INTO l_release_url (link, entity1, entity0, id, editpending) VALUES (5438, 727332, 278984, 166138, 0);
INSERT INTO l_release_url (link, entity1, entity0, id, editpending) VALUES (5438, 697220, 654729, 384084, 0);
INSERT INTO l_release_url (link, entity1, entity0, id, editpending) VALUES (5439, 80267, 558940, 380762, 0);
INSERT INTO url (refcount, url, id, description, editpending, gid) VALUES (1, 'http://www.amazon.co.jp/gp/product/B0000YG9NS', 81849, '', 0, 'e04c2e41-b0e8-46c0-8d18-e837865bc855');
INSERT INTO l_release_url (link, entity1, entity0, id, editpending) VALUES (5439, 81849, 59312, 124526, 0);
INSERT INTO l_release_url (link, entity1, entity0, id, editpending) VALUES (5439, 219565, 31690, 118324, 0);
INSERT INTO l_release_url (link, entity1, entity0, id, editpending) VALUES (5438, 219569, 31690, 237191, 0);
INSERT INTO url (refcount, url, id, description, editpending, gid) VALUES (1, 'http://www.discogs.com/release/169487', 239030, '', 0, 'f1c7bb9f-119b-4601-8691-a945abedcd7e');
INSERT INTO url (refcount, url, id, description, editpending, gid) VALUES (1, 'http://www.amazon.com/gp/product/B00000J8EK', 345264, '', 0, '67f1db18-9049-4792-8e56-97b6984623aa');
INSERT INTO l_release_url (link, entity1, entity0, id, editpending) VALUES (5438, 239030, 8312, 356182, 0);
INSERT INTO l_release_url (link, entity1, entity0, id, editpending) VALUES (5439, 345264, 8312, 32937, 0);
INSERT INTO l_release_url (link, entity1, entity0, id, editpending) VALUES (5438, 431688, 513103, 223469, 0);
INSERT INTO l_release_url (link, entity1, entity0, id, editpending) VALUES (5438, 672191, 513103, 464622, 0);
INSERT INTO l_release_url (link, entity1, entity0, id, editpending) VALUES (5438, 727332, 513103, 166140, 0);
INSERT INTO l_release_url (link, entity1, entity0, id, editpending) VALUES (5438, 431688, 523041, 223470, 0);
INSERT INTO l_release_url (link, entity1, entity0, id, editpending) VALUES (5438, 672191, 523041, 464623, 0);
INSERT INTO l_release_url (link, entity1, entity0, id, editpending) VALUES (5438, 727332, 523041, 166141, 0);
INSERT INTO l_release_url (link, entity1, entity0, id, editpending) VALUES (5438, 431688, 630918, 223475, 0);
INSERT INTO l_release_url (link, entity1, entity0, id, editpending) VALUES (5438, 672191, 630918, 464628, 0);
INSERT INTO l_release_url (link, entity1, entity0, id, editpending) VALUES (5438, 727332, 630918, 166146, 0);
INSERT INTO url (refcount, url, id, description, editpending, gid) VALUES (1, 'http://www.discogs.com/release/910147', 181390, '', 0, '51094842-c68d-44f9-88d2-551b9379286f');
INSERT INTO url (refcount, url, id, description, editpending, gid) VALUES (1, 'http://www.amazon.co.uk/gp/product/B000KJTG6K', 197281, '', 0, '66ff4ddb-349b-412d-b660-826d6db0c2c9');
INSERT INTO l_release_url (link, entity1, entity0, id, editpending) VALUES (5438, 181390, 246898, 73406, 0);
INSERT INTO l_release_url (link, entity1, entity0, id, editpending) VALUES (5439, 197281, 246898, 333850, 0);
INSERT INTO l_release_url (link, entity1, entity0, id, editpending) VALUES (5439, 71412, 123054, 407297, 0);
INSERT INTO url (refcount, url, id, description, editpending, gid) VALUES (1, 'http://www.amazon.de/gp/product/B00003W1QB', 293951, '', 0, 'c7ae109b-47e5-403b-8b04-2bd691d6e4b4');
INSERT INTO url (refcount, url, id, description, editpending, gid) VALUES (2, 'http://www.discogs.com/release/6390', 293952, '', 0, '38afae11-d1ea-4378-8d70-3a979b52c2a8');
INSERT INTO l_release_url (link, entity1, entity0, id, editpending) VALUES (5439, 293951, 338506, 208842, 0);
INSERT INTO l_release_url (link, entity1, entity0, id, editpending) VALUES (5438, 293952, 338506, 305740, 0);
INSERT INTO l_release_url (link, entity1, entity0, id, editpending) VALUES (5438, 431688, 553372, 223471, 0);
INSERT INTO l_release_url (link, entity1, entity0, id, editpending) VALUES (5438, 672191, 553372, 464624, 0);
INSERT INTO l_release_url (link, entity1, entity0, id, editpending) VALUES (5438, 727332, 553372, 166142, 0);
INSERT INTO url (refcount, url, id, description, editpending, gid) VALUES (1, 'http://www.discogs.com/release/388320', 148610, '', 0, '4ca59a36-fdb2-4920-bce3-7cdc3b4e9b88');
INSERT INTO l_release_url (link, entity1, entity0, id, editpending) VALUES (5438, 148610, 509518, 206706, 0);
INSERT INTO l_release_url (link, entity1, entity0, id, editpending) VALUES (5451, 612805, 509518, 342998, 0);
INSERT INTO link_type (priority, childorder, entitytype0, parent, shortlinkphrase, linkphrase, name, description, entitytype1, rlinkphrase, id, gid) VALUES (0, 1, 'label', NULL, 'publishing', 'published', 'publishing', 'Indicates the publisher of this album (<a href="http://musicbrainz.org/doc/Publisher_Relationship_Type">Details</a>)<br/><br/> Note that this is <strong><em>NOT</em></strong> the record label, use the "Label" field in release events for record labels.', 'release', 'was published by', 63, 'cee6eeeb-14f5-4079-9789-632b46acfd33');
INSERT INTO link (attributecount, link_type, enddate_day, begindate_day, begindate_year, begindate_month, enddate_year, id, enddate_month) VALUES (0, 63, NULL, NULL, NULL, NULL, NULL, 5393, NULL);
INSERT INTO l_label_release (link, entity1, entity0, id, editpending) VALUES (5393, 32094, 33, 166, 0);
INSERT INTO l_label_release (link, entity1, entity0, id, editpending) VALUES (5393, 509518, 33, 167, 0);
INSERT INTO l_label_release (link, entity1, entity0, id, editpending) VALUES (5393, 32094, 395, 162, 0);
INSERT INTO l_label_release (link, entity1, entity0, id, editpending) VALUES (5393, 509518, 395, 163, 0);
INSERT INTO link_type (priority, childorder, entitytype0, parent, shortlinkphrase, linkphrase, name, description, entitytype1, rlinkphrase, id, gid) VALUES (0, 0, 'label', NULL, 'business association', 'business association', 'business association', '', 'label', 'business association', 234, '0c1ff137-fca5-4148-82b7-8bce3c69165a');
INSERT INTO link_type (priority, childorder, entitytype0, parent, shortlinkphrase, linkphrase, name, description, entitytype1, rlinkphrase, id, gid) VALUES (0, 0, 'label', 234, 'label ownership', 'is/was the parent label of', 'label ownership', 'This describes the fact that a label is (or was) a subsidiary of another label, during a given period of time. This should be used either to describe the fact a label has been bought by another one, or that a label is a subdivision of another one. (<a href="http://musicbrainz.org/doc/Label_Ownership_Relationship_Type">Details</a>)', 'label', 'is/was a subsidiary of', 229, 'ab7a9be0-c060-4852-8f2e-4faf5b33231e');
INSERT INTO link (attributecount, link_type, enddate_day, begindate_day, begindate_year, begindate_month, enddate_year, id, enddate_month) VALUES (0, 229, NULL, NULL, NULL, NULL, NULL, 18535, NULL);
INSERT INTO l_label_label (link, entity1, entity0, id, editpending) VALUES (18535, 839, 33, 2742, 0);
INSERT INTO l_label_label (link, entity1, entity0, id, editpending) VALUES (18535, 3545, 1949, 3205, 0);
INSERT INTO url (refcount, url, id, description, editpending, gid) VALUES (1, 'http://www.matadorrecords.com/releases/discography.html', 304383, '', 0, '7320f9ca-85ed-4b56-98c3-ea7a9891a48b');
INSERT INTO link_type (priority, childorder, entitytype0, parent, shortlinkphrase, linkphrase, name, description, entitytype1, rlinkphrase, id, gid) VALUES (0, 0, 'label', NULL, 'online data', 'online data', 'online data', '', 'url', 'online data', 250, '5f82afae-0473-458d-9f17-8a2fa1ce7918');
INSERT INTO link_type (priority, childorder, entitytype0, parent, shortlinkphrase, linkphrase, name, description, entitytype1, rlinkphrase, id, gid) VALUES (0, 2, 'label', 250, 'catalog site', 'has a catalog of records at', 'catalog site', 'This link points to a site that contains a catalog (eg: list) of records published by the label. (<a href="http://musicbrainz.org/doc/Catalog_Site_Relationship_Type">Details</a>)', 'url', 'presents a catalog of records released by', 241, '5ac35a29-d29b-4390-b279-587bcd42fc73');
INSERT INTO link (attributecount, link_type, enddate_day, begindate_day, begindate_year, begindate_month, enddate_year, id, enddate_month) VALUES (0, 241, NULL, NULL, NULL, NULL, NULL, 18914, NULL);
INSERT INTO url (refcount, url, id, description, editpending, gid) VALUES (1, 'http://www.discogs.com/label/Matador', 194146, '', 0, '27adde25-743a-4b92-bb16-fc1b00179166');
INSERT INTO link_type (priority, childorder, entitytype0, parent, shortlinkphrase, linkphrase, name, description, entitytype1, rlinkphrase, id, gid) VALUES (0, 1, 'label', NULL, 'other databases', 'other databases', 'other databases', '', 'url', 'other databases', 251, '83eca2b3-5ae1-43f5-a732-56fa9a8591b1');
INSERT INTO link_type (priority, childorder, entitytype0, parent, shortlinkphrase, linkphrase, name, description, entitytype1, rlinkphrase, id, gid) VALUES (0, 1, 'label', 251, 'discogs', 'has a Discogs page at', 'discogs', 'This is used to link a Label to the equivalent entry in Discogs. In addition to providing a link for users to find more information, this will hopefully eventually provide an index between the two systems, allowing MusicBrainz and Discogs to share data. (<a href="http://musicbrainz.org/doc/Discogs_Relationship_Type">Details</a>)', 'url', 'is a Discogs page for', 246, '5b987f87-25bc-4a2d-b3f1-3618795b8207');
INSERT INTO link (attributecount, link_type, enddate_day, begindate_day, begindate_year, begindate_month, enddate_year, id, enddate_month) VALUES (0, 246, NULL, NULL, NULL, NULL, NULL, 18917, NULL);
INSERT INTO url (refcount, url, id, description, editpending, gid) VALUES (1, 'http://en.wikipedia.org/wiki/Matador_Records', 211986, '', 0, 'd5ffde38-9907-49cc-bab0-66d6360cf762');
INSERT INTO link_type (priority, childorder, entitytype0, parent, shortlinkphrase, linkphrase, name, description, entitytype1, rlinkphrase, id, gid) VALUES (0, 0, 'label', 251, 'wikipedia', 'has a Wikipedia page at', 'wikipedia', 'This is used to link a label to its corresponding Wikipedia page. (<a href="http://musicbrainz.org/doc/Wikipedia_Relationship_Type">Details</a>)', 'url', 'is a Wikipedia page for', 245, '51e9db21-8864-49b3-aa58-470d7b81fa50');
INSERT INTO link (attributecount, link_type, enddate_day, begindate_day, begindate_year, begindate_month, enddate_year, id, enddate_month) VALUES (0, 245, NULL, NULL, NULL, NULL, NULL, 18915, NULL);
INSERT INTO url (refcount, url, id, description, editpending, gid) VALUES (1, 'http://www.matadorrecords.com', 211985, '', 0, '17f36294-d7b5-4427-8ecd-3b44373b7a3d');
INSERT INTO link_type (priority, childorder, entitytype0, parent, shortlinkphrase, linkphrase, name, description, entitytype1, rlinkphrase, id, gid) VALUES (0, 0, 'label', 250, 'official site', 'has an official homepage at', 'official site', 'This link points to (one of) the official website(s) of the label (<a href="http://musicbrainz.org/doc/Official_Site_Relationship_Type">Details</a>).', 'url', 'is an official homepage of', 248, 'fe108f43-acb9-4ad1-8be3-57e6ec5b17b6');
INSERT INTO link (attributecount, link_type, enddate_day, begindate_day, begindate_year, begindate_month, enddate_year, id, enddate_month) VALUES (0, 248, NULL, NULL, NULL, NULL, NULL, 18916, NULL);
INSERT INTO l_label_url (link, entity1, entity0, id, editpending) VALUES (18914, 304383, 124, 10261, 0);
INSERT INTO l_label_url (link, entity1, entity0, id, editpending) VALUES (18917, 194146, 124, 16156, 0);
INSERT INTO l_label_url (link, entity1, entity0, id, editpending) VALUES (18915, 211986, 124, 22092, 0);
INSERT INTO l_label_url (link, entity1, entity0, id, editpending) VALUES (18916, 211985, 124, 22093, 0);
INSERT INTO url (refcount, url, id, description, editpending, gid) VALUES (1, 'http://en.wikipedia.org/wiki/Atlantic_Records', 187469, '', 0, '0a5808ac-72c3-423e-b926-455234aaff81');
INSERT INTO url (refcount, url, id, description, editpending, gid) VALUES (1, 'http://www.atlanticrecords.com/', 188095, '', 0, '47169a19-0d92-4f09-a3a8-32b2501c2073');
INSERT INTO url (refcount, url, id, description, editpending, gid) VALUES (1, 'http://www.bsnpubs.com/atlantic/', 188096, '', 0, 'f1ff9e6b-c9b5-4b21-b0c4-6c46e7103894');
INSERT INTO url (refcount, url, id, description, editpending, gid) VALUES (1, 'http://www.bsnpubs.com/atlantic/atlanticstory.html', 188097, '', 0, 'e927be72-9190-49fa-8cc4-003167495810');
INSERT INTO link_type (priority, childorder, entitytype0, parent, shortlinkphrase, linkphrase, name, description, entitytype1, rlinkphrase, id, gid) VALUES (0, 1, 'label', 250, 'history site', 'has its history presented at', 'history site', 'This link points to a site describing relevant facts about the label history. (<a href="http://musicbrainz.org/doc/History_Site_Relationship_Type">Details</a>)', 'url', 'presents the history of', 239, '5261835c-0c23-4a63-94db-ad3a86bda846');
INSERT INTO link (attributecount, link_type, enddate_day, begindate_day, begindate_year, begindate_month, enddate_year, id, enddate_month) VALUES (0, 239, NULL, NULL, NULL, NULL, NULL, 18920, NULL);
INSERT INTO url (refcount, url, id, description, editpending, gid) VALUES (1, 'http://www.discogs.com/label/Atlantic', 188115, '', 0, 'd8b2f37b-a8f9-432c-adec-99ed002862b5');
INSERT INTO url (refcount, url, id, description, editpending, gid) VALUES (1, 'http://jazzdisco.org/atlantic/', 193591, '', 0, '0fcb8ff3-a764-4344-8dfc-4866de20a712');
INSERT INTO l_label_url (link, entity1, entity0, id, editpending) VALUES (18915, 187469, 33, 16170, 0);
INSERT INTO l_label_url (link, entity1, entity0, id, editpending) VALUES (18916, 188095, 33, 16743, 0);
INSERT INTO l_label_url (link, entity1, entity0, id, editpending) VALUES (18914, 188096, 33, 16744, 0);
INSERT INTO l_label_url (link, entity1, entity0, id, editpending) VALUES (18920, 188097, 33, 16745, 0);
INSERT INTO l_label_url (link, entity1, entity0, id, editpending) VALUES (18917, 188115, 33, 16762, 0);
INSERT INTO l_label_url (link, entity1, entity0, id, editpending) VALUES (18914, 193591, 33, 18656, 0);
INSERT INTO url (refcount, url, id, description, editpending, gid) VALUES (1, 'http://www.myspace.com/ramrecordsltd', 447790, '', 0, '98e8fa6d-c976-4b50-ad82-684f64ab5ca1');
INSERT INTO link_type (priority, childorder, entitytype0, parent, shortlinkphrase, linkphrase, name, description, entitytype1, rlinkphrase, id, gid) VALUES (0, 5, 'label', 250, 'myspace', 'has a MySpace page at', 'myspace', 'This relationship type can be used to link a MusicBrainz label to the equivalent entry in MySpace. (<a href="http://musicbrainz.org/doc/MySpace_Relationship_Type">Details</a>)', 'url', 'is a MySpace page for', 244, '240ba9dc-9898-4505-9bf7-32a53a695612');
INSERT INTO link (attributecount, link_type, enddate_day, begindate_day, begindate_year, begindate_month, enddate_year, id, enddate_month) VALUES (0, 244, NULL, NULL, NULL, NULL, NULL, 18918, NULL);
INSERT INTO url (refcount, url, id, description, editpending, gid) VALUES (1, 'http://www.discogs.com/label/RAM+Records', 192298, '', 0, '503bee09-9392-4bbe-8e7d-b514dc7ab801');
INSERT INTO url (refcount, url, id, description, editpending, gid) VALUES (1, 'http://www.ramrecords.co.uk', 192299, '', 0, '9fab9df3-7fea-471a-8815-6740bcf50afe');
INSERT INTO url (refcount, url, id, description, editpending, gid) VALUES (1, 'http://en.wikipedia.org/wiki/Ram_Records_(UK)', 447791, '', 0, '78c34a6e-4022-43b7-a727-cc30d9e3b46d');
INSERT INTO l_label_url (link, entity1, entity0, id, editpending) VALUES (18918, 447790, 1949, 16016, 0);
INSERT INTO l_label_url (link, entity1, entity0, id, editpending) VALUES (18917, 192298, 1949, 18187, 0);
INSERT INTO l_label_url (link, entity1, entity0, id, editpending) VALUES (18916, 192299, 1949, 18188, 0);
INSERT INTO l_label_url (link, entity1, entity0, id, editpending) VALUES (18915, 447791, 1949, 23031, 0);
INSERT INTO url (refcount, url, id, description, editpending, gid) VALUES (1, 'http://www.myspace.com/eastwestrecords', 669770, '', 0, '6a0ec21e-817b-474d-8a94-87f1f1fae7fc');
INSERT INTO url (refcount, url, id, description, editpending, gid) VALUES (1, 'http://www.eastwestrock.com/', 657960, '', 0, 'daf22e8f-aac3-4dda-b82d-c2c5128e6130');
INSERT INTO url (refcount, url, id, description, editpending, gid) VALUES (1, 'http://en.wikipedia.org/wiki/East_West_Records', 657961, '', 0, '7f19d1cd-c778-4e95-9c3d-36a4217fd2bf');
INSERT INTO url (refcount, url, id, description, editpending, gid) VALUES (1, 'http://www.eastwestrock.com', 189173, '', 0, 'c8bfa4b7-c7f8-46fd-a838-54490000a311');
INSERT INTO url (refcount, url, id, description, editpending, gid) VALUES (1, 'http://www.discogs.com/label/EastWest+Records+America', 189172, '', 0, '5e2a097f-e7fe-43f8-95bc-1a35cc2c2ab0');
INSERT INTO l_label_url (link, entity1, entity0, id, editpending) VALUES (18918, 669770, 839, 12519, 0);
INSERT INTO l_label_url (link, entity1, entity0, id, editpending) VALUES (18916, 657960, 839, 13927, 0);
INSERT INTO l_label_url (link, entity1, entity0, id, editpending) VALUES (18915, 657961, 839, 14016, 0);
INSERT INTO l_label_url (link, entity1, entity0, id, editpending) VALUES (18916, 189173, 839, 19335, 0);
INSERT INTO l_label_url (link, entity1, entity0, id, editpending) VALUES (18917, 189172, 839, 19336, 0);
INSERT INTO url (refcount, url, id, description, editpending, gid) VALUES (1, 'http://www.discogs.com/label/Frequency', 197683, '', 0, 'c12f925c-bebd-4969-bbfe-a919ffd25cf4');
INSERT INTO l_label_url (link, entity1, entity0, id, editpending) VALUES (18917, 197683, 3545, 20279, 0);
INSERT INTO url (refcount, url, id, description, editpending, gid) VALUES (1, 'http://warp.net/', 576270, '', 0, '708e91cc-7d98-4288-9e34-b6d73ff6bbb7');
INSERT INTO url (refcount, url, id, description, editpending, gid) VALUES (1, 'http://en.wikipedia.org/wiki/Warp_Records', 272299, '', 0, 'ce53cf82-192a-4d0a-af0b-57d6c51ba7d0');
INSERT INTO url (refcount, url, id, description, editpending, gid) VALUES (1, 'http://www.discogs.com/label/Warp+Records', 188540, '', 0, '8111fc77-6286-42d3-9ab1-58b6bccf71bc');
INSERT INTO url (refcount, url, id, description, editpending, gid) VALUES (1, 'http://www.warprecords.com/', 188070, '', 0, 'e5b1f047-cb7b-40f4-be94-4e182830ae3d');
INSERT INTO l_label_url (link, entity1, entity0, id, editpending) VALUES (18916, 576270, 46, 12867, 0);
INSERT INTO l_label_url (link, entity1, entity0, id, editpending) VALUES (18915, 272299, 46, 13751, 0);
INSERT INTO l_label_url (link, entity1, entity0, id, editpending) VALUES (18917, 188540, 46, 17097, 0);
INSERT INTO l_label_url (link, entity1, entity0, id, editpending) VALUES (18916, 188070, 46, 18889, 0);
INSERT INTO url (refcount, url, id, description, editpending, gid) VALUES (1, 'http://www.discogs.com/label/Classic+Records', 528577, '', 0, '8798c44f-8be6-42bb-8a6a-9978361a35f3');
INSERT INTO url (refcount, url, id, description, editpending, gid) VALUES (1, 'http://www.classicrecords.com/', 228559, '', 0, 'ed9d2928-6b91-4214-8b85-898c4d1131f6');
INSERT INTO l_label_url (link, entity1, entity0, id, editpending) VALUES (18917, 528577, 8092, 10113, 0);
INSERT INTO l_label_url (link, entity1, entity0, id, editpending) VALUES (18916, 228559, 8092, 22893, 0);
INSERT INTO url (refcount, url, id, description, editpending, gid) VALUES (1, 'http://www.rolldabeats.com/label/commercial_suicide', 337590, '', 0, '43ae7c11-bd48-439f-b072-1d7e75ae173d');
INSERT INTO url (refcount, url, id, description, editpending, gid) VALUES (1, 'http://www.commercialsuicide.org/', 312132, '', 0, 'f39d1e5e-3572-416b-a39b-d40e93999e24');
INSERT INTO url (refcount, url, id, description, editpending, gid) VALUES (1, 'http://www.discogs.com/label/Commercial+Suicide', 312133, '', 0, '27bbe3aa-111e-42ec-8b1e-f38e09bdb410');
INSERT INTO l_label_url (link, entity1, entity0, id, editpending) VALUES (18914, 337590, 3592, 9704, 0);
INSERT INTO l_label_url (link, entity1, entity0, id, editpending) VALUES (18916, 312132, 3592, 9792, 0);
INSERT INTO l_label_url (link, entity1, entity0, id, editpending) VALUES (18917, 312133, 3592, 9884, 0);
INSERT INTO url (refcount, url, id, description, editpending, gid) VALUES (1, 'http://www.youtube.com/user/avexnetwork', 543359, '', 0, '630ebc87-5ff0-45a0-b705-3eb64614d243');
INSERT INTO link_type (priority, childorder, entitytype0, parent, shortlinkphrase, linkphrase, name, description, entitytype1, rlinkphrase, id, gid) VALUES (0, 7, 'label', 250, 'youtube', 'has an official YouTube channel at', 'youtube', 'This relationship type can be used to link a label to the equivalent entry in YouTube. URLs should follow the format http://www.youtube.com/user/&lt;username&gt;.', 'url', 'is an official YouTube channel for', 240, 'd9c71059-ba9d-4135-b909-481d12cf84e3');
INSERT INTO link (attributecount, link_type, enddate_day, begindate_day, begindate_year, begindate_month, enddate_year, id, enddate_month) VALUES (0, 240, NULL, NULL, NULL, NULL, NULL, 18922, NULL);
INSERT INTO url (refcount, url, id, description, editpending, gid) VALUES (1, 'http://vgmdb.net/org/222', 716589, '', 0, '3aaefa5f-5fbd-4391-b978-98f6188bed6a');
INSERT INTO url (refcount, url, id, description, editpending, gid) VALUES (1, 'http://www.discogs.com/label/Avex+Trax', 187454, '', 0, '94d69df8-1ee2-4750-93da-d3c7ef212e0d');
INSERT INTO url (refcount, url, id, description, editpending, gid) VALUES (2, 'http://avexnet.jp/', 188071, '', 0, '3e92ef96-b756-49c3-a2a3-91ced66c21ec');
INSERT INTO url (refcount, url, id, description, editpending, gid) VALUES (1, 'http://ja.wikipedia.org/wiki/Avex_trax', 196160, '', 0, '0a2529b9-ad26-4a81-aa1d-a9636cc76a86');
INSERT INTO l_label_url (link, entity1, entity0, id, editpending) VALUES (18922, 543359, 28, 7644, 0);
INSERT INTO l_label_url (link, entity1, entity0, id, editpending) VALUES (18914, 716589, 28, 11569, 0);
INSERT INTO l_label_url (link, entity1, entity0, id, editpending) VALUES (18917, 187454, 28, 16195, 0);
INSERT INTO l_label_url (link, entity1, entity0, id, editpending) VALUES (18916, 188071, 28, 19171, 0);
INSERT INTO l_label_url (link, entity1, entity0, id, editpending) VALUES (18915, 196160, 28, 20038, 0);
INSERT INTO url (refcount, url, id, description, editpending, gid) VALUES (1, 'http://vgmdb.net/org/73', 716203, '', 0, '57482be0-b408-48a7-a0bc-602e3f94e7f9');
INSERT INTO url (refcount, url, id, description, editpending, gid) VALUES (1, 'http://www.discogs.com/label/Warner+Music+(Japan)', 575949, '', 0, '6ab5e8bf-879a-49bf-aafd-ec9e55cf371d');
INSERT INTO url (refcount, url, id, description, editpending, gid) VALUES (1, 'http://ja.wikipedia.org/wiki/%E3%83%AF%E3%83%BC%E3%83%8A%E3%83%BC%E3%83%9F%E3%83%A5%E3%83%BC%E3%82%B8%E3%83%83%E3%82%AF%E3%83%BB%E3%82%B8%E3%83%A3%E3%83%91%E3%83%B3', 210459, '', 0, 'e87c10cf-4557-4a00-baf2-084592e7a235');
INSERT INTO url (refcount, url, id, description, editpending, gid) VALUES (1, 'http://wmg.jp/', 210458, '', 0, '015397f3-7d2e-4fa7-866b-203f71821075');
INSERT INTO l_label_url (link, entity1, entity0, id, editpending) VALUES (18914, 716203, 369, 5366, 0);
INSERT INTO l_label_url (link, entity1, entity0, id, editpending) VALUES (18917, 575949, 369, 12304, 0);
INSERT INTO l_label_url (link, entity1, entity0, id, editpending) VALUES (18915, 210459, 369, 22166, 0);
INSERT INTO l_label_url (link, entity1, entity0, id, editpending) VALUES (18916, 210458, 369, 22167, 0);
INSERT INTO url (refcount, url, id, description, editpending, gid) VALUES (1, 'http://zh.wikipedia.org/wiki/Zetima', 344826, '', 0, '5868e33a-1981-4e16-bcef-efe31382405b');
INSERT INTO url (refcount, url, id, description, editpending, gid) VALUES (1, 'http://www.discogs.com/label/Zetima', 344840, '', 0, '6ac9bcf5-9a31-4751-becb-31fbfe61dbf8');
INSERT INTO url (refcount, url, id, description, editpending, gid) VALUES (1, 'http://en.wikipedia.org/wiki/Zetima', 272300, '', 0, '771564bf-98a8-4afc-b891-78d353a799b7');
INSERT INTO l_label_url (link, entity1, entity0, id, editpending) VALUES (18915, 344826, 381, 996, 0);
INSERT INTO l_label_url (link, entity1, entity0, id, editpending) VALUES (18917, 344840, 381, 1584, 0);
INSERT INTO l_label_url (link, entity1, entity0, id, editpending) VALUES (18915, 272300, 381, 13842, 0);
INSERT INTO url (refcount, url, id, description, editpending, gid) VALUES (1, 'http://www.youtube.com/user/EpitaphRecords', 578123, '', 0, '1f7ae016-0374-4aa5-a46e-ed16b6b8a156');
INSERT INTO url (refcount, url, id, description, editpending, gid) VALUES (1, 'http://www.discogs.com/label/Epitaph+Records', 610808, '', 0, 'f87a88fe-3b43-45b0-be90-0e3f288341c8');
INSERT INTO url (refcount, url, id, description, editpending, gid) VALUES (1, 'http://en.wikipedia.org/wiki/Epitaph_Records', 188140, '', 0, 'a0305239-3af2-48e5-8e9e-1ebf9d3270b6');
INSERT INTO url (refcount, url, id, description, editpending, gid) VALUES (1, 'http://www.epitaph.com', 188141, '', 0, '76a4435f-9bab-4c38-9a4a-272d942d0a72');
INSERT INTO url (refcount, url, id, description, editpending, gid) VALUES (2, 'http://upload.wikimedia.org/wikipedia/en/c/c1/Epitaph_Records_logo.jpg', 194658, '', 0, 'f6fea25e-d879-412d-a41e-dc5f9ef674f0');
INSERT INTO link_type (priority, childorder, entitytype0, parent, shortlinkphrase, linkphrase, name, description, entitytype1, rlinkphrase, id, gid) VALUES (0, 3, 'label', 250, 'logo', 'has a logo at', 'logo', 'This is used to provide a logo for the label. (<a href="http://musicbrainz.org/doc/Logo_Relationship_Type">Details</a>)', 'url', 'is a logo of', 242, 'b35f7822-bf3c-4148-b306-fb723c63ee8b');
INSERT INTO link (attributecount, link_type, enddate_day, begindate_day, begindate_year, begindate_month, enddate_year, id, enddate_month) VALUES (0, 242, NULL, NULL, NULL, NULL, NULL, 18919, NULL);
INSERT INTO l_label_url (link, entity1, entity0, id, editpending) VALUES (18922, 578123, 395, 1531, 0);
INSERT INTO l_label_url (link, entity1, entity0, id, editpending) VALUES (18917, 610808, 395, 4269, 0);
INSERT INTO l_label_url (link, entity1, entity0, id, editpending) VALUES (18915, 188140, 395, 16876, 0);
INSERT INTO l_label_url (link, entity1, entity0, id, editpending) VALUES (18916, 188141, 395, 16877, 0);
INSERT INTO l_label_url (link, entity1, entity0, id, editpending) VALUES (18919, 194658, 395, 18514, 0);
INSERT INTO url (refcount, url, id, description, editpending, gid) VALUES (1, 'http://rzn.jp', 445083, '', 0, '2a545d02-5447-4f16-a9c5-6239d98ea3f0');
INSERT INTO url (refcount, url, id, description, editpending, gid) VALUES (1, 'http://ja.wikipedia.org/wiki/Rhythmzone', 194976, '', 0, 'e697226c-7752-47d5-9192-5722babd9c32');
INSERT INTO url (refcount, url, id, description, editpending, gid) VALUES (1, 'http://www.discogs.com/label/Rhythm+Zone', 194975, '', 0, 'baaf9d35-392a-407a-b1bb-564015b146c6');
INSERT INTO url (refcount, url, id, description, editpending, gid) VALUES (1, 'http://en.wikipedia.org/wiki/Rhythm_Zone', 194973, '', 0, '4e5f8e53-a6fc-46e2-8fe4-2b3192be57e1');
INSERT INTO l_label_url (link, entity1, entity0, id, editpending) VALUES (18916, 445083, 2882, 8385, 0);
INSERT INTO l_label_url (link, entity1, entity0, id, editpending) VALUES (18915, 194976, 2882, 19918, 0);
INSERT INTO l_label_url (link, entity1, entity0, id, editpending) VALUES (18917, 194975, 2882, 19919, 0);
INSERT INTO l_label_url (link, entity1, entity0, id, editpending) VALUES (18915, 194973, 2882, 19921, 0);
INSERT INTO url (refcount, url, id, description, editpending, gid) VALUES (1, 'http://en.wikipedia.org/wiki/Planet_Mu', 272431, '', 0, '7066ac0c-2162-4a78-8d98-90336c86570a');
INSERT INTO url (refcount, url, id, description, editpending, gid) VALUES (1, 'http://www.discogs.com/label/Planet+Mu', 190234, '', 0, '7e234e7f-c05d-4342-a766-6cc0a10b5105');
INSERT INTO url (refcount, url, id, description, editpending, gid) VALUES (1, 'http://www.planet-mu.com', 190240, '', 0, 'b1e4dffa-1274-4ed6-907a-c23951acb583');
INSERT INTO url (refcount, url, id, description, editpending, gid) VALUES (1, 'http://www.myspace.com/childrenofthemu', 190241, '', 0, 'ab8c9682-1721-4a4f-aab6-63c72ff7794b');
INSERT INTO l_label_url (link, entity1, entity0, id, editpending) VALUES (18915, 272431, 132, 15149, 0);
INSERT INTO l_label_url (link, entity1, entity0, id, editpending) VALUES (18917, 190234, 132, 17644, 0);
INSERT INTO l_label_url (link, entity1, entity0, id, editpending) VALUES (18916, 190240, 132, 17649, 0);
INSERT INTO l_label_url (link, entity1, entity0, id, editpending) VALUES (18918, 190241, 132, 17650, 0);
INSERT INTO url (refcount, url, id, description, editpending, gid) VALUES (1, 'http://www.astralwerks.com/', 187787, '', 0, '24eff79c-3efb-4fd7-a062-7517d5216f2a');
INSERT INTO url (refcount, url, id, description, editpending, gid) VALUES (1, 'http://en.wikipedia.org/wiki/Astralwerks', 194156, '', 0, 'ebb5fcec-30f3-41af-a7ed-5bd77adadab6');
INSERT INTO url (refcount, url, id, description, editpending, gid) VALUES (1, 'http://www.myspace.com/astralwerks', 191818, '', 0, '8157b386-6c5b-46b3-9f28-652221068605');
INSERT INTO url (refcount, url, id, description, editpending, gid) VALUES (1, 'http://www.discogs.com/label/Astralwerks', 191819, '', 0, '17569994-16c4-482a-8fe7-3851115985ed');
INSERT INTO l_label_url (link, entity1, entity0, id, editpending) VALUES (18916, 187787, 187, 16428, 0);
INSERT INTO l_label_url (link, entity1, entity0, id, editpending) VALUES (18915, 194156, 187, 17988, 0);
INSERT INTO l_label_url (link, entity1, entity0, id, editpending) VALUES (18918, 191818, 187, 18060, 0);
INSERT INTO l_label_url (link, entity1, entity0, id, editpending) VALUES (18917, 191819, 187, 18061, 0);
INSERT INTO url (refcount, url, id, description, editpending, gid) VALUES (1, 'http://en.wikipedia.org/wiki/Freestyle_Dust', 195251, '', 0, '97248598-7b73-40a0-8595-452dc0bb76e0');
INSERT INTO url (refcount, url, id, description, editpending, gid) VALUES (1, 'http://www.discogs.com/label/Freestyle+Dust', 195250, '', 0, 'a35fac8e-11c7-4001-8990-fa6a13fa0878');
INSERT INTO l_label_url (link, entity1, entity0, id, editpending) VALUES (18915, 195251, 2988, 17383, 0);
INSERT INTO l_label_url (link, entity1, entity0, id, editpending) VALUES (18917, 195250, 2988, 19122, 0);
INSERT INTO link_type_attribute_type (link_type, attribute_type, min, max) VALUES (124, 194, 0, 1);
INSERT INTO link_type_attribute_type (link_type, attribute_type, min, max) VALUES (130, 194, 0, 1);
INSERT INTO link_type_attribute_type (link_type, attribute_type, min, max) VALUES (6, 477, 0, 1);

COMMIT;

