BEGIN;
SET client_min_messages TO 'warning';
SET search_path TO musicbrainz_test;

TRUNCATE release_group_type CASCADE;
TRUNCATE release_name CASCADE;
TRUNCATE artist_name CASCADE;
TRUNCATE artist_credit CASCADE;
TRUNCATE artist_type CASCADE;
TRUNCATE artist CASCADE;
TRUNCATE artist_alias CASCADE;
TRUNCATE artist_credit_name CASCADE;
TRUNCATE release_group CASCADE;
TRUNCATE release_status CASCADE;
TRUNCATE country CASCADE;
TRUNCATE language CASCADE;
TRUNCATE script CASCADE;
TRUNCATE release CASCADE;
TRUNCATE medium_format CASCADE;
TRUNCATE tracklist CASCADE;
TRUNCATE track_name CASCADE;
TRUNCATE recording CASCADE;
TRUNCATE track CASCADE;
TRUNCATE cdtoc CASCADE;
TRUNCATE medium_cdtoc CASCADE;
TRUNCATE medium CASCADE;
TRUNCATE label_type CASCADE;
TRUNCATE label_name CASCADE;
TRUNCATE label CASCADE;
TRUNCATE release_label CASCADE;
TRUNCATE label_alias CASCADE;

INSERT INTO release_group_type (name, id) VALUES ('Single', 3);
INSERT INTO release_name (name, id) VALUES ('サマーれげぇ!レインボー', 1134);
INSERT INTO artist_name (name, id) VALUES ('7人祭', 9878);
INSERT INTO artist_credit (artistcount, refcount, name, id) VALUES (1, 16, 9878, 265420);
INSERT INTO artist_name (name, id) VALUES ('7nin Matsuri', 9788);
INSERT INTO artist_type (name, id) VALUES ('Group', 2);
INSERT INTO artist (country, sortname, name, enddate_day, begindate_day, comment, begindate_year, begindate_month, enddate_year, type, id, editpending, gender, enddate_month, gid) VALUES (NULL, 9788, 9878, NULL, NULL, NULL, NULL, NULL, NULL, 2, 265420, 0, NULL, NULL, '802673f0-9b88-4e8a-bb5c-dd01d68b086f');
INSERT INTO artist_name (name, id) VALUES ('ななにんまつり', 4932);
INSERT INTO artist_name (name, id) VALUES ('7닌마츠리', 9616);
INSERT INTO artist_name (name, id) VALUES ('7 nin matsuri', 9787);
INSERT INTO artist_alias (artist, name, locale, id, editpending) VALUES (265420, 4932, NULL, 48153, 0);
INSERT INTO artist_alias (artist, name, locale, id, editpending) VALUES (265420, 9616, NULL, 48154, 0);
INSERT INTO artist_alias (artist, name, locale, id, editpending) VALUES (265420, 9787, NULL, 48155, 0);
INSERT INTO artist_alias (artist, name, locale, id, editpending) VALUES (265420, 9788, NULL, 48156, 0);
INSERT INTO artist_credit_name (artist, name, position, artist_credit, joinphrase) VALUES (265420, 9878, 0, 265420, NULL);
INSERT INTO release_group (comment, name, type, artist_credit, id, editpending, gid) VALUES (NULL, 1134, 3, 265420, 377462, 0, 'b84625af-6229-305f-9f1b-59c0185df016');
INSERT INTO release_status (name, id) VALUES ('Official', 1);
INSERT INTO country (isocode, name, id) VALUES ('JP', 'Japan', 107);
INSERT INTO language (frequency, isocode_3t, isocode_2, name, id, isocode_3b) VALUES (2, 'jpn', 'ja', 'Japanese', 198, 'jpn');
INSERT INTO script (frequency, isonumber, isocode, name, id) VALUES (4, '413', 'Jpan', 'Japanese', 85);
INSERT INTO release_status (name, id) VALUES ('Pseudo-Release', 4);
INSERT INTO script (frequency, isonumber, isocode, name, id) VALUES (4, '215', 'Latn', 'Latin', 28);
INSERT INTO release_name (name, id) VALUES ('Summer Reggae! Rainbow', 529835);
INSERT INTO release (date_day, status, release_group, packaging, id, quality, country, script, language, name, artist_credit, barcode, comment, date_year, date_month, gid, editpending) VALUES (4, 1, 377462, NULL, 49161, -1, 107, 85, 198, 1134, 265420, '4942463511227', NULL, 2001, 7, '0385f276-5f4f-4c81-a7a4-6bd7b8d85a7e', 0);
INSERT INTO release (date_day, status, release_group, packaging, id, quality, country, script, language, name, artist_credit, barcode, comment, date_year, date_month, gid, editpending) VALUES (4, 4, 377462, NULL, 123054, -1, 107, 28, 198, 529835, 265420, '4942463511227', NULL, 2001, 7, 'b3b7e934-445b-4c68-a097-730c6a6d47e6', 0);
INSERT INTO medium_format (name, id, year) VALUES ('CD', 1, 1982);
INSERT INTO tracklist (trackcount, id) VALUES (3, 377462);
INSERT INTO track_name (name, id) VALUES ('サマーれげぇ!レインボー', 11743);
INSERT INTO recording (length, comment, name, artist_credit, id, editpending, gid) VALUES (296026, NULL, 11743, 265420, 4223059, 0, '162630d9-36d2-4a8d-ade1-1c77440b34e7');
INSERT INTO track_name (name, id) VALUES ('HELLO! また会おうね (7人祭 version)', 1556038);
INSERT INTO recording (length, comment, name, artist_credit, id, editpending, gid) VALUES (213106, NULL, 1556038, 265420, 4223060, 0, '487cac92-eed5-4efa-8563-c9a818079b9a');
INSERT INTO track_name (name, id) VALUES ('サマーれげぇ!レインボー (instrumental)', 1791007);
INSERT INTO recording (length, comment, name, artist_credit, id, editpending, gid) VALUES (292800, NULL, 1791007, 265420, 4223061, 0, 'eb818aa4-d472-4d2b-b1a9-7fe5f1c7d26e');
INSERT INTO track (length, recording, name, position, artist_credit, id, tracklist, editpending) VALUES (296026, 4223059, 11743, 1, 265420, 4223059, 377462, 0);
INSERT INTO track (length, recording, name, position, artist_credit, id, tracklist, editpending) VALUES (213106, 4223060, 1556038, 2, 265420, 4223060, 377462, 0);
INSERT INTO track (length, recording, name, position, artist_credit, id, tracklist, editpending) VALUES (292800, 4223061, 1791007, 3, 265420, 4223061, 377462, 0);
INSERT INTO cdtoc (discid, leadoutoffset, degraded, trackoffset, trackcount, freedbid, id) VALUES ('W01Qvrvwkaz2Cm.IQm55_RHoRxs-', 60295, '0', '{150,22352,38335}', 3, '1c032103', 129807);
INSERT INTO medium_cdtoc (medium, id, cdtoc, editpending) VALUES (49161, 417188, 129807, 0);
INSERT INTO medium (format, name, position, release, id, tracklist, editpending) VALUES (1, NULL, 1, 49161, 49161, 377462, 0);
INSERT INTO label_type (name, id) VALUES ('Original Production', 4);
INSERT INTO label_name (name, id) VALUES ('zetima', 44727);
INSERT INTO label (country, sortname, labelcode, name, enddate_day, begindate_day, comment, begindate_year, begindate_month, enddate_year, type, id, editpending, enddate_month, gid) VALUES (107, 44727, NULL, 44727, NULL, NULL, NULL, NULL, NULL, NULL, 4, 381, 0, NULL, '6bb73458-6c5f-4c26-8367-66fcef562955');
INSERT INTO release_label (catno, label, release, id) VALUES ('EPCE-5112', 381, 49161, 118562);
INSERT INTO tracklist (trackcount, id) VALUES (3, 494491);
INSERT INTO track_name (name, id) VALUES ('Summer Reggae! Rainbow', 3551655);
INSERT INTO track_name (name, id) VALUES ('Hello! Mata Aou Ne (7nin Matsuri version)', 1555213);
INSERT INTO track_name (name, id) VALUES ('Summer Reggae! Rainbow (Instrumental)', 3551656);
INSERT INTO track (length, recording, name, position, artist_credit, id, tracklist, editpending) VALUES (296026, 4223059, 3551655, 1, 265420, 5590796, 494491, 0);
INSERT INTO track (length, recording, name, position, artist_credit, id, tracklist, editpending) VALUES (213106, 4223060, 1555213, 2, 265420, 5590797, 494491, 0);
INSERT INTO track (length, recording, name, position, artist_credit, id, tracklist, editpending) VALUES (292800, 4223061, 3551656, 3, 265420, 5590798, 494491, 0);
INSERT INTO medium_cdtoc (medium, id, cdtoc, editpending) VALUES (123054, 433529, 129807, 0);
INSERT INTO medium (format, name, position, release, id, tracklist, editpending) VALUES (1, NULL, 1, 123054, 123054, 494491, 0);
INSERT INTO release_label (catno, label, release, id) VALUES ('EPCE-5112', 381, 123054, 119181);
INSERT INTO release_group_type (name, id) VALUES ('Album', 2);
INSERT INTO release_name (name, id) VALUES ('Louden Up Now', 348368);
INSERT INTO artist_name (name, id) VALUES ('!!!', 12);
INSERT INTO artist_credit (artistcount, refcount, name, id) VALUES (1, 232, 12, 109013);
INSERT INTO artist (country, sortname, name, enddate_day, begindate_day, comment, begindate_year, begindate_month, enddate_year, type, id, editpending, gender, enddate_month, gid) VALUES (NULL, 12, 12, NULL, NULL, NULL, 1996, NULL, NULL, 2, 109013, 0, NULL, NULL, 'f26c72d3-e52c-467b-b651-679c73d8e1a7');
INSERT INTO artist_name (name, id) VALUES ('chick chick chick', 132917);
INSERT INTO artist_name (name, id) VALUES ('Chik Chik Chik', 133360);
INSERT INTO artist_name (name, id) VALUES ('ChkChk', 134319);
INSERT INTO artist_name (name, id) VALUES ('chk chk chk', 134320);
INSERT INTO artist_name (name, id) VALUES ('chk-chk-chk', 134321);
INSERT INTO artist_name (name, id) VALUES ('Chkchkchk', 134322);
INSERT INTO artist_name (name, id) VALUES ('Chkchkchk (!!!)', 134323);
INSERT INTO artist_name (name, id) VALUES ('exclamation exclamation exclamation', 240134);
INSERT INTO artist_name (name, id) VALUES ('pow pow pow', 596258);
INSERT INTO artist_alias (artist, name, locale, id, editpending) VALUES (109013, 132917, NULL, 25765, 0);
INSERT INTO artist_alias (artist, name, locale, id, editpending) VALUES (109013, 133360, NULL, 25766, 0);
INSERT INTO artist_alias (artist, name, locale, id, editpending) VALUES (109013, 134319, NULL, 25767, 0);
INSERT INTO artist_alias (artist, name, locale, id, editpending) VALUES (109013, 134320, NULL, 25768, 0);
INSERT INTO artist_alias (artist, name, locale, id, editpending) VALUES (109013, 134321, NULL, 25769, 0);
INSERT INTO artist_alias (artist, name, locale, id, editpending) VALUES (109013, 134322, NULL, 25770, 0);
INSERT INTO artist_alias (artist, name, locale, id, editpending) VALUES (109013, 134323, NULL, 25771, 0);
INSERT INTO artist_alias (artist, name, locale, id, editpending) VALUES (109013, 240134, NULL, 25772, 0);
INSERT INTO artist_alias (artist, name, locale, id, editpending) VALUES (109013, 596258, NULL, 25773, 0);
INSERT INTO artist_credit_name (artist, name, position, artist_credit, joinphrase) VALUES (109013, 12, 0, 109013, NULL);
INSERT INTO release_group (comment, name, type, artist_credit, id, editpending, gid) VALUES (NULL, 348368, 2, 109013, 244610, 0, '79e3ac21-8359-3761-ba35-251a1bd04d68');
INSERT INTO country (isocode, name, id) VALUES ('GB', 'United Kingdom', 221);
INSERT INTO language (frequency, isocode_3t, isocode_2, name, id, isocode_3b) VALUES (2, 'eng', 'en', 'English', 120, 'eng');
INSERT INTO country (isocode, name, id) VALUES ('US', 'United States', 222);
INSERT INTO release (date_day, status, release_group, packaging, id, quality, country, script, language, name, artist_credit, barcode, comment, date_year, date_month, gid, editpending) VALUES (7, 1, 244610, NULL, 10171, -1, 221, 28, 120, 348368, 109013, NULL, NULL, 2004, 6, '2f66811e-f41e-4ab1-aa72-13d41a16d045', 0);
INSERT INTO release (date_day, status, release_group, packaging, id, quality, country, script, language, name, artist_credit, barcode, comment, date_year, date_month, gid, editpending) VALUES (8, 1, 244610, NULL, 10172, -1, 222, 28, 120, 348368, 109013, '036172093427', NULL, 2004, 6, '401cf3c4-aa5f-3bff-b313-20afab5f6857', 0);
INSERT INTO release (date_day, status, release_group, packaging, id, quality, country, script, language, name, artist_credit, barcode, comment, date_year, date_month, gid, editpending) VALUES (7, 1, 244610, NULL, 258191, -1, 221, 28, 120, 348368, 109013, NULL, NULL, 2004, 6, '62ae6974-74b4-3f5a-a01e-2e56f2e92421', 0);
INSERT INTO tracklist (trackcount, id) VALUES (10, 231448);
INSERT INTO track_name (name, id) VALUES ('When the Going Gets Tough, the Tough Get Karazzee', 4254302);
INSERT INTO recording (length, comment, name, artist_credit, id, editpending, gid) VALUES (376866, NULL, 4254302, 109013, 2475598, 0, 'a5af8d54-32ac-4aad-a392-982edcdf4e21');
INSERT INTO track_name (name, id) VALUES ('Pardon My Freedom', 2806827);
INSERT INTO recording (length, comment, name, artist_credit, id, editpending, gid) VALUES (351093, NULL, 2806827, 109013, 2475599, 0, 'd944ecdc-7cab-46e8-b05b-9e00e15f965b');
INSERT INTO track_name (name, id) VALUES ('Dear Can', 870410);
INSERT INTO recording (length, comment, name, artist_credit, id, editpending, gid) VALUES (277133, NULL, 870410, 109013, 2475600, 0, '38e115f9-d20c-4dfd-b50b-f651632a6512');
INSERT INTO track_name (name, id) VALUES ('King''s Weed', 2002096);
INSERT INTO recording (length, comment, name, artist_credit, id, editpending, gid) VALUES (78706, NULL, 2002096, 109013, 2475601, 0, 'ccc611e9-e3c5-4d1f-b7ac-06a97b4db675');
INSERT INTO track_name (name, id) VALUES ('Hello? Is This Thing On?', 1554936);
INSERT INTO recording (length, comment, name, artist_credit, id, editpending, gid) VALUES (453426, NULL, 1554936, 109013, 2475602, 0, 'b7ea1600-2945-4507-a8dc-cac50f2a3d57');
INSERT INTO track_name (name, id) VALUES ('Shit Scheisse Merde, Part 1', 3287782);
INSERT INTO recording (length, comment, name, artist_credit, id, editpending, gid) VALUES (306040, NULL, 3287782, 109013, 2475603, 0, '8a7d0f32-2930-418b-8d3b-30a11380dc68');
INSERT INTO track_name (name, id) VALUES ('Shit Scheisse Merde, Part 2', 3287784);
INSERT INTO recording (length, comment, name, artist_credit, id, editpending, gid) VALUES (369666, NULL, 3287784, 109013, 2475604, 0, 'df45dab2-c52a-4cce-81b3-52aa319946af');
INSERT INTO track_name (name, id) VALUES ('Me and Giuliani Down by the School Yard (A True Story)', 2369403);
INSERT INTO recording (length, comment, name, artist_credit, id, editpending, gid) VALUES (542893, NULL, 2369403, 109013, 2475605, 0, '35254d86-41b7-4c2b-b5ca-22a74546e7c4');
INSERT INTO track_name (name, id) VALUES ('Theme From Space Island', 3788560);
INSERT INTO recording (length, comment, name, artist_credit, id, editpending, gid) VALUES (150666, NULL, 3788560, 109013, 2475606, 0, '08b9d061-6e8f-4b75-af76-7ade60c62c6b');
INSERT INTO track_name (name, id) VALUES ('Shit Scheisse Merde, Part 1 (special !!! instrumental mix)', 3287783);
INSERT INTO recording (length, comment, name, artist_credit, id, editpending, gid) VALUES (280507, NULL, 3287783, 109013, 2475607, 0, 'd84b82d1-56d8-4c23-b424-031873b3a5b1');
INSERT INTO track (length, recording, name, position, artist_credit, id, tracklist, editpending) VALUES (376866, 2475598, 4254302, 1, 109013, 2475598, 231448, 0);
INSERT INTO track (length, recording, name, position, artist_credit, id, tracklist, editpending) VALUES (351093, 2475599, 2806827, 2, 109013, 2475599, 231448, 0);
INSERT INTO track (length, recording, name, position, artist_credit, id, tracklist, editpending) VALUES (277133, 2475600, 870410, 3, 109013, 2475600, 231448, 0);
INSERT INTO track (length, recording, name, position, artist_credit, id, tracklist, editpending) VALUES (78706, 2475601, 2002096, 4, 109013, 2475601, 231448, 0);
INSERT INTO track (length, recording, name, position, artist_credit, id, tracklist, editpending) VALUES (453426, 2475602, 1554936, 5, 109013, 2475602, 231448, 0);
INSERT INTO track (length, recording, name, position, artist_credit, id, tracklist, editpending) VALUES (306040, 2475603, 3287782, 6, 109013, 2475603, 231448, 0);
INSERT INTO track (length, recording, name, position, artist_credit, id, tracklist, editpending) VALUES (369666, 2475604, 3287784, 7, 109013, 2475604, 231448, 0);
INSERT INTO track (length, recording, name, position, artist_credit, id, tracklist, editpending) VALUES (542893, 2475605, 2369403, 8, 109013, 2475605, 231448, 0);
INSERT INTO track (length, recording, name, position, artist_credit, id, tracklist, editpending) VALUES (150666, 2475606, 3788560, 9, 109013, 2475606, 231448, 0);
INSERT INTO track (length, recording, name, position, artist_credit, id, tracklist, editpending) VALUES (280507, 2475607, 3287783, 10, 109013, 2475607, 231448, 0);
INSERT INTO cdtoc (discid, leadoutoffset, degraded, trackoffset, trackcount, freedbid, id) VALUES ('3m3m7.GfEuD0xG8i8_SkYA4gFZQ-', 239217, '0', '{150,28415,54747,75532,81435,115442,138395,166120,206837,218137}', 10, '910c730a', 92531);
INSERT INTO cdtoc (discid, leadoutoffset, degraded, trackoffset, trackcount, freedbid, id) VALUES ('mYHgrUR_hiM0FhKcS4QoyzqrM74-', 239225, '0', '{150,28415,54747,75532,81435,115442,138385,166112,206827,218127}', 10, '910c730a', 112743);
INSERT INTO medium_cdtoc (medium, id, cdtoc, editpending) VALUES (10171, 37831, 92531, 0);
INSERT INTO medium_cdtoc (medium, id, cdtoc, editpending) VALUES (10171, 37832, 112743, 0);
INSERT INTO medium (format, name, position, release, id, tracklist, editpending) VALUES (1, NULL, 1, 10171, 10171, 231448, 0);
INSERT INTO label_name (name, id) VALUES ('Warp Records', 43256);
INSERT INTO label (country, sortname, labelcode, name, enddate_day, begindate_day, comment, begindate_year, begindate_month, enddate_year, type, id, editpending, enddate_month, gid) VALUES (221, 43256, 2070, 43256, NULL, NULL, NULL, 1989, NULL, NULL, 4, 46, 0, NULL, '46f0f4cd-8aab-4b33-b698-f459faf64190');
INSERT INTO release_label (catno, label, release, id) VALUES ('WARPCD121', 46, 10171, 178798);
INSERT INTO medium_cdtoc (medium, id, cdtoc, editpending) VALUES (10172, 309671, 92531, 0);
INSERT INTO medium_cdtoc (medium, id, cdtoc, editpending) VALUES (10172, 309672, 112743, 0);
INSERT INTO medium (format, name, position, release, id, tracklist, editpending) VALUES (1, NULL, 1, 10172, 10172, 231448, 0);
INSERT INTO label_name (name, id) VALUES ('Touch and Go Records', 40514);
INSERT INTO label (country, sortname, labelcode, name, enddate_day, begindate_day, comment, begindate_year, begindate_month, enddate_year, type, id, editpending, enddate_month, gid) VALUES (222, 40514, NULL, 40514, NULL, NULL, NULL, 1981, NULL, NULL, 4, 1093, 0, NULL, '9a2cad26-48de-4e7c-97a5-354f52c6e027');
INSERT INTO label_name (name, id) VALUES ('Tough and Go Records', 40527);
INSERT INTO label_alias (name, locale, label, id, editpending) VALUES (40514, NULL, 1093, 501, 0);
INSERT INTO label_alias (name, locale, label, id, editpending) VALUES (40527, NULL, 1093, 502, 0);
INSERT INTO release_label (catno, label, release, id) VALUES ('TG234CD', 1093, 10172, 426915);
INSERT INTO medium_cdtoc (medium, id, cdtoc, editpending) VALUES (258191, 203675, 92531, 0);
INSERT INTO medium_cdtoc (medium, id, cdtoc, editpending) VALUES (258191, 203676, 112743, 0);
INSERT INTO tracklist (trackcount, id) VALUES (4, 244610);
INSERT INTO track_name (name, id) VALUES ('Sunday 5.17 AM', 3554314);
INSERT INTO recording (length, comment, name, artist_credit, id, editpending, gid) VALUES (313666, NULL, 3554314, 109013, 2639200, 0, '89f618af-a3a8-4384-a2cc-ebb524001a18');
INSERT INTO track_name (name, id) VALUES ('Dear Can (Maurice Fulton vocal mix)', 870414);
INSERT INTO recording (length, comment, name, artist_credit, id, editpending, gid) VALUES (287426, NULL, 870414, 109013, 2639201, 0, '2632bdce-f117-4373-9e88-9f80016c3c67');
INSERT INTO track_name (name, id) VALUES ('When the Going Gets Tough, the Tough Get Karazzee (Serious Bonus Beats mix)', 4254303);
INSERT INTO recording (length, comment, name, artist_credit, id, editpending, gid) VALUES (419533, NULL, 4254303, 109013, 2639202, 0, 'c29cfcfb-4daf-4160-859a-dc0a98783b99');
INSERT INTO track_name (name, id) VALUES ('Pardon My Freedom (Maurice Fulton instrumental mix)', 2806829);
INSERT INTO recording (length, comment, name, artist_credit, id, editpending, gid) VALUES (355933, NULL, 2806829, 109013, 2639203, 0, 'c89dcdb8-00db-486b-af8f-058e5619ba08');
INSERT INTO track (length, recording, name, position, artist_credit, id, tracklist, editpending) VALUES (313666, 2639200, 3554314, 1, 109013, 2639200, 244610, 0);
INSERT INTO track (length, recording, name, position, artist_credit, id, tracklist, editpending) VALUES (287426, 2639201, 870414, 2, 109013, 2639201, 244610, 0);
INSERT INTO track (length, recording, name, position, artist_credit, id, tracklist, editpending) VALUES (419533, 2639202, 4254303, 3, 109013, 2639202, 244610, 0);
INSERT INTO track (length, recording, name, position, artist_credit, id, tracklist, editpending) VALUES (355933, 2639203, 2806829, 4, 109013, 2639203, 244610, 0);
INSERT INTO cdtoc (discid, leadoutoffset, degraded, trackoffset, trackcount, freedbid, id) VALUES ('WLOBlbfvUoQTPuyrjV3L0aDRj.c-', 103392, '0', '{150,23675,45232,76697}', 4, '19056004', 99993);
INSERT INTO medium_cdtoc (medium, id, cdtoc, editpending) VALUES (42548, 430905, 99993, 0);
INSERT INTO medium (format, name, position, release, id, tracklist, editpending) VALUES (1, NULL, 1, 258191, 258191, 231448, 0);
INSERT INTO medium (format, name, position, release, id, tracklist, editpending) VALUES (1, NULL, 2, 258191, 42548, 244610, 0);
INSERT INTO release_label (catno, label, release, id) VALUES ('WARPCD121X', 46, 258191, 178906);
INSERT INTO release_name (name, id) VALUES ('For Beginner Piano', 216910);
INSERT INTO artist_name (name, id) VALUES ('Plone', 591913);
INSERT INTO artist_credit (artistcount, refcount, name, id) VALUES (1, 81, 591913, 11545);
INSERT INTO artist (country, sortname, name, enddate_day, begindate_day, comment, begindate_year, begindate_month, enddate_year, type, id, editpending, gender, enddate_month, gid) VALUES (NULL, 591913, 591913, NULL, NULL, NULL, NULL, NULL, NULL, 2, 11545, 0, NULL, NULL, '3088b672-fba9-4b4b-8ae0-dce13babfbb4');
INSERT INTO artist_credit_name (artist, name, position, artist_credit, joinphrase) VALUES (11545, 591913, 0, 11545, NULL);
INSERT INTO release_group (comment, name, type, artist_credit, id, editpending, gid) VALUES (NULL, 216910, 2, 11545, 155364, 0, '202cad78-a2e1-3fa7-b8bc-77c1f737e3da');
INSERT INTO release (date_day, status, release_group, packaging, id, quality, country, script, language, name, artist_credit, barcode, comment, date_year, date_month, gid, editpending) VALUES (13, 1, 155364, NULL, 24752, -1, 221, 28, 120, 216910, 11545, '5021603064126', NULL, 1999, 9, '4f5a6b97-a09b-4893-80d1-eae1f3bfa221', 0);
INSERT INTO release (date_day, status, release_group, packaging, id, quality, country, script, language, name, artist_credit, barcode, comment, date_year, date_month, gid, editpending) VALUES (23, 1, 155364, NULL, 243064, -1, 222, 28, 120, 216910, 11545, NULL, NULL, 1999, 9, 'fbe4eb72-0f24-3875-942e-f581589713d4', 0);
INSERT INTO release (date_day, status, release_group, packaging, id, quality, country, script, language, name, artist_credit, barcode, comment, date_year, date_month, gid, editpending) VALUES (13, 1, 155364, NULL, 654729, -1, 221, 28, 120, 216910, 11545, NULL, NULL, 1999, 9, 'dd66bfdd-6097-32e3-91b6-67f47ba25d4c', 0);
INSERT INTO tracklist (trackcount, id) VALUES (10, 155364);
INSERT INTO track_name (name, id) VALUES ('On My Bus', 2734593);
INSERT INTO recording (length, comment, name, artist_credit, id, editpending, gid) VALUES (267560, NULL, 2734593, 11545, 1542682, 0, '44704dda-b877-4551-a2a8-c1f764476e65');
INSERT INTO track_name (name, id) VALUES ('Top & Low Rent', 3953751);
INSERT INTO recording (length, comment, name, artist_credit, id, editpending, gid) VALUES (230506, NULL, 3953751, 11545, 1542683, 0, '8920288e-7541-48a7-b23b-f80447c8b1ab');
INSERT INTO track_name (name, id) VALUES ('Plock', 2901134);
INSERT INTO recording (length, comment, name, artist_credit, id, editpending, gid) VALUES (237133, NULL, 2901134, 11545, 1542684, 0, '6e89c516-b0b6-4735-a758-38e31855dcb6');
INSERT INTO track_name (name, id) VALUES ('Marbles', 2337544);
INSERT INTO recording (length, comment, name, artist_credit, id, editpending, gid) VALUES (229826, NULL, 2337544, 11545, 1542685, 0, '791d9b27-ae1a-4295-8943-ded4284f2122');
INSERT INTO track_name (name, id) VALUES ('Busy Working', 549782);
INSERT INTO recording (length, comment, name, artist_credit, id, editpending, gid) VALUES (217440, NULL, 549782, 11545, 1542686, 0, '4f392ffb-d3df-4f8a-ba74-fdecbb1be877');
INSERT INTO track_name (name, id) VALUES ('The Greek Alphabet', 3754543);
INSERT INTO recording (length, comment, name, artist_credit, id, editpending, gid) VALUES (227293, NULL, 3754543, 11545, 1542687, 0, 'dc891eca-bf42-4103-8682-86068fe732a5');
INSERT INTO track_name (name, id) VALUES ('Press a Key', 2949854);
INSERT INTO recording (length, comment, name, artist_credit, id, editpending, gid) VALUES (244506, NULL, 2949854, 11545, 1542688, 0, '25e9ae0f-8b7d-4230-9cde-9a07f7680e4a');
INSERT INTO track_name (name, id) VALUES ('Bibi Plone', 425243);
INSERT INTO recording (length, comment, name, artist_credit, id, editpending, gid) VALUES (173960, NULL, 425243, 11545, 1542689, 0, '6f9c8c32-3aae-4dad-b023-56389361cf6b');
INSERT INTO track_name (name, id) VALUES ('Be Rude to Your School', 413978);
INSERT INTO recording (length, comment, name, artist_credit, id, editpending, gid) VALUES (208706, NULL, 413978, 11545, 1542690, 0, '7e379a1d-f2bc-47b8-964e-00723df34c8a');
INSERT INTO track_name (name, id) VALUES ('Summer Plays Out', 3551566);
INSERT INTO recording (length, comment, name, artist_credit, id, editpending, gid) VALUES (320067, NULL, 3551566, 11545, 1542691, 0, 'a8614bda-42dc-43c7-ac5f-4067acb6f1c5');
INSERT INTO track (length, recording, name, position, artist_credit, id, tracklist, editpending) VALUES (267560, 1542682, 2734593, 1, 11545, 1542682, 155364, 0);
INSERT INTO track (length, recording, name, position, artist_credit, id, tracklist, editpending) VALUES (230506, 1542683, 3953751, 2, 11545, 1542683, 155364, 0);
INSERT INTO track (length, recording, name, position, artist_credit, id, tracklist, editpending) VALUES (237133, 1542684, 2901134, 3, 11545, 1542684, 155364, 0);
INSERT INTO track (length, recording, name, position, artist_credit, id, tracklist, editpending) VALUES (229826, 1542685, 2337544, 4, 11545, 1542685, 155364, 0);
INSERT INTO track (length, recording, name, position, artist_credit, id, tracklist, editpending) VALUES (217440, 1542686, 549782, 5, 11545, 1542686, 155364, 0);
INSERT INTO track (length, recording, name, position, artist_credit, id, tracklist, editpending) VALUES (227293, 1542687, 3754543, 6, 11545, 1542687, 155364, 0);
INSERT INTO track (length, recording, name, position, artist_credit, id, tracklist, editpending) VALUES (244506, 1542688, 2949854, 7, 11545, 1542688, 155364, 0);
INSERT INTO track (length, recording, name, position, artist_credit, id, tracklist, editpending) VALUES (173960, 1542689, 425243, 8, 11545, 1542689, 155364, 0);
INSERT INTO track (length, recording, name, position, artist_credit, id, tracklist, editpending) VALUES (208706, 1542690, 413978, 9, 11545, 1542690, 155364, 0);
INSERT INTO track (length, recording, name, position, artist_credit, id, tracklist, editpending) VALUES (320067, 1542691, 3551566, 10, 11545, 1542691, 155364, 0);
INSERT INTO cdtoc (discid, leadoutoffset, degraded, trackoffset, trackcount, freedbid, id) VALUES ('4Fzv46Cx17XbCG5hQ1xo6KmQojk-', 177766, '0', '{150,20190,37441,55229,72498,88781,105874,124205,137213,152863}', 10, '9509400a', 96188);
INSERT INTO cdtoc (discid, leadoutoffset, degraded, trackoffset, trackcount, freedbid, id) VALUES ('VkX.hmODEJMV9FhQnxkWzQSX8iE-', 176980, '0', '{150,20217,37505,55290,72527,88835,105882,124220,137267,152920}', 10, '7f09350a', 114635);
INSERT INTO medium_cdtoc (medium, id, cdtoc, editpending) VALUES (24752, 247712, 96188, 0);
INSERT INTO medium_cdtoc (medium, id, cdtoc, editpending) VALUES (24752, 247713, 114635, 0);
INSERT INTO medium (format, name, position, release, id, tracklist, editpending) VALUES (1, NULL, 1, 24752, 24752, 155364, 0);
INSERT INTO release_label (catno, label, release, id) VALUES ('WARPCD64', 46, 24752, 413239);
INSERT INTO medium_cdtoc (medium, id, cdtoc, editpending) VALUES (243064, 429135, 96188, 0);
INSERT INTO medium_cdtoc (medium, id, cdtoc, editpending) VALUES (243064, 429136, 114635, 0);
INSERT INTO medium (format, name, position, release, id, tracklist, editpending) VALUES (1, NULL, 1, 243064, 243064, 155364, 0);
INSERT INTO label_name (name, id) VALUES ('Matador Records', 24074);
INSERT INTO label (country, sortname, labelcode, name, enddate_day, begindate_day, comment, begindate_year, begindate_month, enddate_year, type, id, editpending, enddate_month, gid) VALUES (222, 24074, 11552, 24074, NULL, NULL, NULL, 1989, NULL, NULL, 4, 124, 0, NULL, '229bd4be-8cd7-442c-85b0-5007ea353abc');
INSERT INTO release_label (catno, label, release, id) VALUES ('OLE 358-2', 124, 243064, 54432);
INSERT INTO medium_format (name, id, year) VALUES ('Vinyl', 7, 1895);
INSERT INTO medium (format, name, position, release, id, tracklist, editpending) VALUES (7, NULL, 1, 654729, 654729, 155364, 0);
INSERT INTO release_label (catno, label, release, id) VALUES ('WARPLP64', 46, 654729, 405755);
INSERT INTO release_name (name, id) VALUES ('My Demons', 388860);
INSERT INTO artist_name (name, id) VALUES ('Distance', 194779);
INSERT INTO artist_credit (artistcount, refcount, name, id) VALUES (1, 173, 194779, 427385);
INSERT INTO artist_type (name, id) VALUES ('Person', 1);
INSERT INTO artist (country, sortname, name, enddate_day, begindate_day, comment, begindate_year, begindate_month, enddate_year, type, id, editpending, gender, enddate_month, gid) VALUES (NULL, 194779, 194779, NULL, NULL, 'UK dubstep artist Greg Sanders', NULL, NULL, NULL, 1, 427385, 0, NULL, NULL, '472bc127-8861-45e8-bc9e-31e8dd32de7a');
INSERT INTO artist_name (name, id) VALUES ('DJ Distance', 197097);
INSERT INTO artist_alias (artist, name, locale, id, editpending) VALUES (427385, 194779, NULL, 65226, 0);
INSERT INTO artist_alias (artist, name, locale, id, editpending) VALUES (427385, 197097, NULL, 65227, 0);
INSERT INTO artist_credit_name (artist, name, position, artist_credit, joinphrase) VALUES (427385, 194779, 0, 427385, NULL);
INSERT INTO release_group (comment, name, type, artist_credit, id, editpending, gid) VALUES (NULL, 388860, 2, 427385, 597897, 0, '22b54315-6e51-350b-bb34-e6e16f7688bd');
INSERT INTO release (date_day, status, release_group, packaging, id, quality, country, script, language, name, artist_credit, barcode, comment, date_year, date_month, gid, editpending) VALUES (29, 1, 597897, NULL, 246898, -1, 221, 28, 120, 388860, 427385, NULL, NULL, 2007, 1, 'adcf7b48-086e-48ee-b420-1001f88d672f', 0);
INSERT INTO tracklist (trackcount, id) VALUES (12, 597897);
INSERT INTO track_name (name, id) VALUES ('Night Vision', 2608461);
INSERT INTO recording (length, comment, name, artist_credit, id, editpending, gid) VALUES (369000, NULL, 2608461, 427385, 6750260, 0, 'c4ef59be-bfa1-4601-81f8-9a65e3d8c1c9');
INSERT INTO track_name (name, id) VALUES ('My Demons', 2527121);
INSERT INTO recording (length, comment, name, artist_credit, id, editpending, gid) VALUES (291000, NULL, 2527121, 427385, 6750261, 0, '290792d5-5b32-4ba7-bd06-272589ab9669');
INSERT INTO track_name (name, id) VALUES ('Weigh Down', 4209127);
INSERT INTO recording (length, comment, name, artist_credit, id, editpending, gid) VALUES (348000, NULL, 4209127, 427385, 6750262, 0, 'ccb347ea-5123-4bc8-a1a8-f60cf5fee9ad');
INSERT INTO track_name (name, id) VALUES ('Traffic', 3971076);
INSERT INTO recording (length, comment, name, artist_credit, id, editpending, gid) VALUES (319000, NULL, 3971076, 427385, 6750263, 0, '03144356-5c08-47f8-8590-39a623cc5f36');
INSERT INTO track_name (name, id) VALUES ('Mistral', 2449005);
INSERT INTO recording (length, comment, name, artist_credit, id, editpending, gid) VALUES (280000, NULL, 2449005, 427385, 6750264, 0, '35db5502-4937-4653-8494-c4291f1f22fe');
INSERT INTO track_name (name, id) VALUES ('Cyclops', 819608);
INSERT INTO recording (length, comment, name, artist_credit, id, editpending, gid) VALUES (265000, NULL, 819608, 427385, 6750265, 0, 'a4eb6323-519d-44e4-8ab7-df0a0f9df349');
INSERT INTO track_name (name, id) VALUES ('Cella', 620783);
INSERT INTO recording (length, comment, name, artist_credit, id, editpending, gid) VALUES (334000, NULL, 620783, 427385, 6750266, 0, '7a356856-9483-42c2-bed9-dc07cb555952');
INSERT INTO track_name (name, id) VALUES ('Ska', 3336196);
INSERT INTO recording (length, comment, name, artist_credit, id, editpending, gid) VALUES (300000, NULL, 3336196, 427385, 6750267, 0, '3b869875-6f4e-40e8-abda-d14184b073cd');
INSERT INTO track_name (name, id) VALUES ('Fractured', 1322242);
INSERT INTO recording (length, comment, name, artist_credit, id, editpending, gid) VALUES (311000, NULL, 1322242, 427385, 6750268, 0, '34061710-6ed8-4999-9ee6-177bad0af0a3');
INSERT INTO track_name (name, id) VALUES ('Tuning', 4013459);
INSERT INTO recording (length, comment, name, artist_credit, id, editpending, gid) VALUES (272000, NULL, 4013459, 427385, 6750269, 0, '4ce2ac82-56f6-4a8a-af9b-33af6c67f30d');
INSERT INTO track_name (name, id) VALUES ('Confined', 760694);
INSERT INTO recording (length, comment, name, artist_credit, id, editpending, gid) VALUES (314000, NULL, 760694, 427385, 6750270, 0, 'e5a5847b-451b-4051-a09b-8295329097e3');
INSERT INTO track_name (name, id) VALUES ('Delight', 891265);
INSERT INTO recording (length, comment, name, artist_credit, id, editpending, gid) VALUES (339000, NULL, 891265, 427385, 6750271, 0, '9011e90d-b7e3-400b-b932-305f94608772');
INSERT INTO track (length, recording, name, position, artist_credit, id, tracklist, editpending) VALUES (369000, 6750260, 2608461, 1, 427385, 6750260, 597897, 0);
INSERT INTO track (length, recording, name, position, artist_credit, id, tracklist, editpending) VALUES (291000, 6750261, 2527121, 2, 427385, 6750261, 597897, 0);
INSERT INTO track (length, recording, name, position, artist_credit, id, tracklist, editpending) VALUES (348000, 6750262, 4209127, 3, 427385, 6750262, 597897, 0);
INSERT INTO track (length, recording, name, position, artist_credit, id, tracklist, editpending) VALUES (319000, 6750263, 3971076, 4, 427385, 6750263, 597897, 0);
INSERT INTO track (length, recording, name, position, artist_credit, id, tracklist, editpending) VALUES (280000, 6750264, 2449005, 5, 427385, 6750264, 597897, 0);
INSERT INTO track (length, recording, name, position, artist_credit, id, tracklist, editpending) VALUES (265000, 6750265, 819608, 6, 427385, 6750265, 597897, 0);
INSERT INTO track (length, recording, name, position, artist_credit, id, tracklist, editpending) VALUES (334000, 6750266, 620783, 7, 427385, 6750266, 597897, 0);
INSERT INTO track (length, recording, name, position, artist_credit, id, tracklist, editpending) VALUES (300000, 6750267, 3336196, 8, 427385, 6750267, 597897, 0);
INSERT INTO track (length, recording, name, position, artist_credit, id, tracklist, editpending) VALUES (311000, 6750268, 1322242, 9, 427385, 6750268, 597897, 0);
INSERT INTO track (length, recording, name, position, artist_credit, id, tracklist, editpending) VALUES (272000, 6750269, 4013459, 10, 427385, 6750269, 597897, 0);
INSERT INTO track (length, recording, name, position, artist_credit, id, tracklist, editpending) VALUES (314000, 6750270, 760694, 11, 427385, 6750270, 597897, 0);
INSERT INTO track (length, recording, name, position, artist_credit, id, tracklist, editpending) VALUES (339000, 6750271, 891265, 12, 427385, 6750271, 597897, 0);
INSERT INTO cdtoc (discid, leadoutoffset, degraded, trackoffset, trackcount, freedbid, id) VALUES ('75S7Yp3IiqPVREQhjAjMXPhwz0Y-', 281289, '0', '{150,27852,49751,75876,99845,120876,140765,165856,188422,211757,232229,255810}', 12, '7f0ea40c', 269350);
INSERT INTO medium_cdtoc (medium, id, cdtoc, editpending) VALUES (246898, 328959, 269350, 0);
INSERT INTO medium (format, name, position, release, id, tracklist, editpending) VALUES (1, NULL, 1, 246898, 246898, 597897, 0);
INSERT INTO label_name (name, id) VALUES ('Planet Mu', 30096);
INSERT INTO label (country, sortname, labelcode, name, enddate_day, begindate_day, comment, begindate_year, begindate_month, enddate_year, type, id, editpending, enddate_month, gid) VALUES (221, 30096, NULL, 30096, NULL, NULL, NULL, 1995, NULL, NULL, 4, 132, 0, NULL, 'b4edce40-090f-4956-b82a-5d9d285da40b');
INSERT INTO label_name (name, id) VALUES ('Planet µ', 30072);
INSERT INTO label_alias (name, locale, label, id, editpending) VALUES (30072, NULL, 132, 99, 0);
INSERT INTO release_label (catno, label, release, id) VALUES ('ZIQ170CD', 132, 246898, 28776);
INSERT INTO release_name (name, id) VALUES ('Repercussions', 463036);
INSERT INTO release_group (comment, name, type, artist_credit, id, editpending, gid) VALUES (NULL, 463036, 2, 427385, 761939, 0, '56683a0b-45b8-3664-a231-5b68efe2e7e2');
INSERT INTO release (date_day, status, release_group, packaging, id, quality, country, script, language, name, artist_credit, barcode, comment, date_year, date_month, gid, editpending) VALUES (17, 1, 761939, NULL, 446581, -1, 221, 28, 120, 463036, 427385, NULL, NULL, 2008, 11, '3b3d130a-87a8-4a47-b9fb-920f2530d134', 0);
INSERT INTO tracklist (trackcount, id) VALUES (9, 761939);
INSERT INTO track_name (name, id) VALUES ('Magnesium', 2305824);
INSERT INTO recording (length, comment, name, artist_credit, id, editpending, gid) VALUES (308706, NULL, 2305824, 427385, 8509231, 0, '4f3321a6-7277-4c0e-808f-423b81e083e0');
INSERT INTO track_name (name, id) VALUES ('Out of Mind', 2773183);
INSERT INTO recording (length, comment, name, artist_credit, id, editpending, gid) VALUES (340626, NULL, 2773183, 427385, 8509232, 0, '1468c415-12bd-4fb9-b9e9-ca8d3f1df161');
INSERT INTO track_name (name, id) VALUES ('Free Me', 1331394);
INSERT INTO recording (length, comment, name, artist_credit, id, editpending, gid) VALUES (326066, NULL, 1331394, 427385, 8509233, 0, '4abc57ff-035a-4612-9b53-6962f8216c9b');
INSERT INTO track_name (name, id) VALUES ('Koncrete', 2021860);
INSERT INTO recording (length, comment, name, artist_credit, id, editpending, gid) VALUES (340133, NULL, 2021860, 427385, 8509234, 0, 'cd836930-a4c7-45ac-821f-5642e99d4428');
INSERT INTO track_name (name, id) VALUES ('Loosen My Grip', 2240657);
INSERT INTO recording (length, comment, name, artist_credit, id, editpending, gid) VALUES (353773, NULL, 2240657, 427385, 8509235, 0, 'cbd9e885-b160-4c3c-9b87-468914839d45');
INSERT INTO track_name (name, id) VALUES ('Repercussions', 3069280);
INSERT INTO recording (length, comment, name, artist_credit, id, editpending, gid) VALUES (296000, NULL, 3069280, 427385, 8509236, 0, '5a9d7af8-b149-4764-ad98-cf839a376a60');
INSERT INTO track_name (name, id) VALUES ('Mirror Tell', 2438970);
INSERT INTO recording (length, comment, name, artist_credit, id, editpending, gid) VALUES (329026, NULL, 2438970, 427385, 8509237, 0, '7e97f000-b36d-463e-bc86-795999fc9146');
INSERT INTO track_name (name, id) VALUES ('Sending Chills', 3239155);
INSERT INTO recording (length, comment, name, artist_credit, id, editpending, gid) VALUES (295786, NULL, 3239155, 427385, 8509238, 0, 'f08c7c21-252b-46a3-9af1-ee53fb07fb56');
INSERT INTO track_name (name, id) VALUES ('Skeleton Grin', 3338154);
INSERT INTO recording (length, comment, name, artist_credit, id, editpending, gid) VALUES (276373, NULL, 3338154, 427385, 8509239, 0, '9e57a454-076e-4c2f-91f5-7c95efd3e05e');
INSERT INTO track (length, recording, name, position, artist_credit, id, tracklist, editpending) VALUES (308706, 8509231, 2305824, 1, 427385, 8509231, 761939, 0);
INSERT INTO track (length, recording, name, position, artist_credit, id, tracklist, editpending) VALUES (340626, 8509232, 2773183, 2, 427385, 8509232, 761939, 0);
INSERT INTO track (length, recording, name, position, artist_credit, id, tracklist, editpending) VALUES (326066, 8509233, 1331394, 3, 427385, 8509233, 761939, 0);
INSERT INTO track (length, recording, name, position, artist_credit, id, tracklist, editpending) VALUES (340133, 8509234, 2021860, 4, 427385, 8509234, 761939, 0);
INSERT INTO track (length, recording, name, position, artist_credit, id, tracklist, editpending) VALUES (353773, 8509235, 2240657, 5, 427385, 8509235, 761939, 0);
INSERT INTO track (length, recording, name, position, artist_credit, id, tracklist, editpending) VALUES (296000, 8509236, 3069280, 6, 427385, 8509236, 761939, 0);
INSERT INTO track (length, recording, name, position, artist_credit, id, tracklist, editpending) VALUES (329026, 8509237, 2438970, 7, 427385, 8509237, 761939, 0);
INSERT INTO track (length, recording, name, position, artist_credit, id, tracklist, editpending) VALUES (295786, 8509238, 3239155, 8, 427385, 8509238, 761939, 0);
INSERT INTO track (length, recording, name, position, artist_credit, id, tracklist, editpending) VALUES (276373, 8509239, 3338154, 9, 427385, 8509239, 761939, 0);
INSERT INTO cdtoc (discid, leadoutoffset, degraded, trackoffset, trackcount, freedbid, id) VALUES ('93K4ogyxWlv522XF0BG8fZOuay4-', 215137, '0', '{150,23303,48850,73305,98815,125348,147548,172225,194409}', 9, '800b3209', 281138);
INSERT INTO medium_cdtoc (medium, id, cdtoc, editpending) VALUES (446581, 315470, 281138, 0);
INSERT INTO tracklist (trackcount, id) VALUES (9, 778874);
INSERT INTO track_name (name, id) VALUES ('V', 4088543);
INSERT INTO recording (length, comment, name, artist_credit, id, editpending, gid) VALUES (355346, NULL, 4088543, 427385, 8692017, 0, 'a242aea7-7eff-41b2-9c83-a41f7e7b2c84');
INSERT INTO track_name (name, id) VALUES ('Headstrung', 1536749);
INSERT INTO recording (length, comment, name, artist_credit, id, editpending, gid) VALUES (209826, NULL, 1536749, 427385, 8692018, 0, '11536500-0baa-492d-a821-3075ed66a3bc');
INSERT INTO track_name (name, id) VALUES ('Misfit', 2440657);
INSERT INTO recording (length, comment, name, artist_credit, id, editpending, gid) VALUES (291773, NULL, 2440657, 427385, 8692019, 0, '5c1b7a3d-89bd-408b-a0f5-3d7482c7dead');
INSERT INTO track_name (name, id) VALUES ('Present Day', 2949164);
INSERT INTO recording (length, comment, name, artist_credit, id, editpending, gid) VALUES (350120, NULL, 2949164, 427385, 8692020, 0, 'f2f8c768-4a5a-48a8-a7e0-e3385870e7aa');
INSERT INTO track_name (name, id) VALUES ('Feel Me', 1246855);
INSERT INTO recording (length, comment, name, artist_credit, id, editpending, gid) VALUES (317733, NULL, 1246855, 427385, 8692021, 0, '14d5dfdb-6aa8-45a9-b2dd-bc5ed23e6211');
INSERT INTO track_name (name, id) VALUES ('Radical', 3015246);
INSERT INTO recording (length, comment, name, artist_credit, id, editpending, gid) VALUES (325720, NULL, 3015246, 427385, 8692022, 0, '4deca105-005e-442e-b60d-f0d04f7f4e9d');
INSERT INTO track_name (name, id) VALUES ('No Sunshine', 2648422);
INSERT INTO recording (length, comment, name, artist_credit, id, editpending, gid) VALUES (334266, NULL, 2648422, 427385, 8692023, 0, 'de6d544e-914e-4f28-8f17-e83a1da7caa8');
INSERT INTO track_name (name, id) VALUES ('Victim Support', 4123588);
INSERT INTO recording (length, comment, name, artist_credit, id, editpending, gid) VALUES (305600, NULL, 4123588, 427385, 8692024, 0, 'd96d5cc7-7c31-4b4a-b38a-7d8bab3725f4');
INSERT INTO track_name (name, id) VALUES ('Battle Sequence', 381989);
INSERT INTO recording (length, comment, name, artist_credit, id, editpending, gid) VALUES (286186, NULL, 381989, 427385, 8692025, 0, '3f7ea9f9-1a8e-4f30-bcf4-54f79d0f7417');
INSERT INTO track (length, recording, name, position, artist_credit, id, tracklist, editpending) VALUES (355346, 8692017, 4088543, 1, 427385, 8692017, 778874, 0);
INSERT INTO track (length, recording, name, position, artist_credit, id, tracklist, editpending) VALUES (209826, 8692018, 1536749, 2, 427385, 8692018, 778874, 0);
INSERT INTO track (length, recording, name, position, artist_credit, id, tracklist, editpending) VALUES (291773, 8692019, 2440657, 3, 427385, 8692019, 778874, 0);
INSERT INTO track (length, recording, name, position, artist_credit, id, tracklist, editpending) VALUES (350120, 8692020, 2949164, 4, 427385, 8692020, 778874, 0);
INSERT INTO track (length, recording, name, position, artist_credit, id, tracklist, editpending) VALUES (317733, 8692021, 1246855, 5, 427385, 8692021, 778874, 0);
INSERT INTO track (length, recording, name, position, artist_credit, id, tracklist, editpending) VALUES (325720, 8692022, 3015246, 6, 427385, 8692022, 778874, 0);
INSERT INTO track (length, recording, name, position, artist_credit, id, tracklist, editpending) VALUES (334266, 8692023, 2648422, 7, 427385, 8692023, 778874, 0);
INSERT INTO track (length, recording, name, position, artist_credit, id, tracklist, editpending) VALUES (305600, 8692024, 4123588, 8, 427385, 8692024, 778874, 0);
INSERT INTO track (length, recording, name, position, artist_credit, id, tracklist, editpending) VALUES (286186, 8692025, 381989, 9, 427385, 8692025, 778874, 0);
INSERT INTO cdtoc (discid, leadoutoffset, degraded, trackoffset, trackcount, freedbid, id) VALUES ('VnL0A7ksXznBxvZ94H3Z61EZY3k-', 208393, '0', '{150,26801,42538,64421,90680,114510,138939,164009,186929}', 9, '840ad809', 281139);
INSERT INTO medium_cdtoc (medium, id, cdtoc, editpending) VALUES (467794, 133777, 281139, 0);
INSERT INTO medium (format, name, position, release, id, tracklist, editpending) VALUES (1, NULL, 1, 446581, 446581, 761939, 0);
INSERT INTO medium (format, name, position, release, id, tracklist, editpending) VALUES (1, 'Chestplate Singles', 2, 446581, 467794, 778874, 0);
INSERT INTO release_label (catno, label, release, id) VALUES ('ZIQ221CD', 132, 446581, 91692);

COMMIT;

