BEGIN;
SET client_min_messages TO 'warning';
SET search_path TO musicbrainz_test;

TRUNCATE release_group_type CASCADE;
TRUNCATE release_name CASCADE;
TRUNCATE artist_name CASCADE;
TRUNCATE artist_credit CASCADE;
TRUNCATE artist_type CASCADE;
TRUNCATE artist CASCADE;
TRUNCATE artist_alias CASCADE;
TRUNCATE artist_credit_name CASCADE;
TRUNCATE release_group CASCADE;
TRUNCATE release_status CASCADE;
TRUNCATE country CASCADE;
TRUNCATE language CASCADE;
TRUNCATE script CASCADE;
TRUNCATE release CASCADE;
TRUNCATE medium_format CASCADE;
TRUNCATE tracklist CASCADE;
TRUNCATE track_name CASCADE;
TRUNCATE recording CASCADE;
TRUNCATE clientversion CASCADE;
TRUNCATE puid CASCADE;
TRUNCATE recording_puid CASCADE;
TRUNCATE isrc CASCADE;
TRUNCATE track CASCADE;
TRUNCATE medium CASCADE;
TRUNCATE cdtoc CASCADE;
TRUNCATE medium_cdtoc CASCADE;
TRUNCATE label_type CASCADE;
TRUNCATE label_name CASCADE;
TRUNCATE label CASCADE;
TRUNCATE release_label CASCADE;
TRUNCATE label_alias CASCADE;

INSERT INTO release_group_type (name, id) VALUES ('Single', 3);
INSERT INTO release_name (name, id) VALUES ('サマーれげぇ!レインボー', 1134);
INSERT INTO artist_name (name, id) VALUES ('7人祭', 9878);
INSERT INTO artist_credit (artistcount, refcount, name, id) VALUES (1, 16, 9878, 265420);
INSERT INTO artist_name (name, id) VALUES ('7nin Matsuri', 9788);
INSERT INTO artist_type (name, id) VALUES ('Group', 2);
INSERT INTO artist (country, sortname, name, enddate_day, begindate_day, comment, begindate_year, begindate_month, enddate_year, type, id, editpending, gender, enddate_month, gid) VALUES (NULL, 9788, 9878, NULL, NULL, NULL, NULL, NULL, NULL, 2, 265420, 0, NULL, NULL, '802673f0-9b88-4e8a-bb5c-dd01d68b086f');
INSERT INTO artist_name (name, id) VALUES ('ななにんまつり', 4932);
INSERT INTO artist_name (name, id) VALUES ('7닌마츠리', 9616);
INSERT INTO artist_name (name, id) VALUES ('7 nin matsuri', 9787);
INSERT INTO artist_alias (artist, name, locale, id, editpending) VALUES (265420, 4932, NULL, 48153, 0);
INSERT INTO artist_alias (artist, name, locale, id, editpending) VALUES (265420, 9616, NULL, 48154, 0);
INSERT INTO artist_alias (artist, name, locale, id, editpending) VALUES (265420, 9787, NULL, 48155, 0);
INSERT INTO artist_alias (artist, name, locale, id, editpending) VALUES (265420, 9788, NULL, 48156, 0);
INSERT INTO artist_credit_name (artist, name, position, artist_credit, joinphrase) VALUES (265420, 9878, 0, 265420, NULL);
INSERT INTO release_group (comment, name, type, artist_credit, id, editpending, gid) VALUES (NULL, 1134, 3, 265420, 377462, 0, 'b84625af-6229-305f-9f1b-59c0185df016');
INSERT INTO release_status (name, id) VALUES ('Official', 1);
INSERT INTO country (isocode, name, id) VALUES ('JP', 'Japan', 107);
INSERT INTO language (frequency, isocode_3t, isocode_2, name, id, isocode_3b) VALUES (2, 'jpn', 'ja', 'Japanese', 198, 'jpn');
INSERT INTO script (frequency, isonumber, isocode, name, id) VALUES (4, '413', 'Jpan', 'Japanese', 85);
INSERT INTO release_status (name, id) VALUES ('Pseudo-Release', 4);
INSERT INTO script (frequency, isonumber, isocode, name, id) VALUES (4, '215', 'Latn', 'Latin', 28);
INSERT INTO release_name (name, id) VALUES ('Summer Reggae! Rainbow', 529835);
INSERT INTO release (date_day, status, release_group, packaging, id, quality, country, script, language, name, artist_credit, barcode, comment, date_year, date_month, gid, editpending) VALUES (4, 1, 377462, NULL, 49161, -1, 107, 85, 198, 1134, 265420, '4942463511227', NULL, 2001, 7, '0385f276-5f4f-4c81-a7a4-6bd7b8d85a7e', 0);
INSERT INTO release (date_day, status, release_group, packaging, id, quality, country, script, language, name, artist_credit, barcode, comment, date_year, date_month, gid, editpending) VALUES (4, 4, 377462, NULL, 123054, -1, 107, 28, 198, 529835, 265420, '4942463511227', NULL, 2001, 7, 'b3b7e934-445b-4c68-a097-730c6a6d47e6', 0);
INSERT INTO medium_format (name, id, year) VALUES ('CD', 1, 1982);
INSERT INTO tracklist (trackcount, id) VALUES (0, 377462);
INSERT INTO track_name (name, id) VALUES ('サマーれげぇ!レインボー', 11743);
INSERT INTO recording (length, comment, name, artist_credit, id, editpending, gid) VALUES (296026, NULL, 11743, 265420, 4223059, 0, '162630d9-36d2-4a8d-ade1-1c77440b34e7');
INSERT INTO clientversion (version, id) VALUES ('puid_submit.py-0.0.1', 130);
INSERT INTO puid (version, puid, id) VALUES (130, 'cdec3fe2-0473-073c-3cbb-bfb0c01a87ff', 679814);
INSERT INTO recording_puid (recording, puid, id, editpending) VALUES (4223059, 679814, 872389, 0);
INSERT INTO isrc (source, recording, isrc, id, editpending) VALUES (0, 4223059, 'JPA600102450', 4255, 0);
INSERT INTO track_name (name, id) VALUES ('HELLO! また会おうね (7人祭 version)', 1556038);
INSERT INTO recording (length, comment, name, artist_credit, id, editpending, gid) VALUES (213106, NULL, 1556038, 265420, 4223060, 0, '487cac92-eed5-4efa-8563-c9a818079b9a');
INSERT INTO puid (version, puid, id) VALUES (130, '251bd265-84c7-ed8f-aecf-1d9918582399', 679811);
INSERT INTO recording_puid (recording, puid, id, editpending) VALUES (4223060, 679811, 966032, 0);
INSERT INTO isrc (source, recording, isrc, id, editpending) VALUES (0, 4223060, 'JPA600102460', 4256, 0);
INSERT INTO track_name (name, id) VALUES ('サマーれげぇ!レインボー (instrumental)', 1791007);
INSERT INTO recording (length, comment, name, artist_credit, id, editpending, gid) VALUES (292800, NULL, 1791007, 265420, 4223061, 0, 'eb818aa4-d472-4d2b-b1a9-7fe5f1c7d26e');
INSERT INTO clientversion (version, id) VALUES ('MusicBrainz Picard-0.7.0', 134);
INSERT INTO puid (version, puid, id) VALUES (134, '7b8a868f-1e67-852b-5141-ad1edfb1e492', 857414);
INSERT INTO recording_puid (recording, puid, id, editpending) VALUES (4223061, 857414, 1089480, 0);
INSERT INTO isrc (source, recording, isrc, id, editpending) VALUES (0, 4223061, 'JPA600102459', 4257, 0);
INSERT INTO track (length, recording, name, position, artist_credit, id, tracklist, editpending) VALUES (296026, 4223059, 11743, 1, 265420, 4223059, 377462, 0);
INSERT INTO track (length, recording, name, position, artist_credit, id, tracklist, editpending) VALUES (213106, 4223060, 1556038, 2, 265420, 4223060, 377462, 0);
INSERT INTO track (length, recording, name, position, artist_credit, id, tracklist, editpending) VALUES (292800, 4223061, 1791007, 3, 265420, 4223061, 377462, 0);
INSERT INTO medium (format, name, position, release, id, tracklist, editpending) VALUES (1, NULL, 1, 49161, 49161, 377462, 0);
INSERT INTO cdtoc (discid, leadoutoffset, degraded, trackoffset, trackcount, freedbid, id) VALUES ('W01Qvrvwkaz2Cm.IQm55_RHoRxs-', 60295, '0', '{150,22352,38335}', 3, '1c032103', 129807);
INSERT INTO medium_cdtoc (medium, id, cdtoc, editpending) VALUES (49161, 417188, 129807, 0);
INSERT INTO label_type (name, id) VALUES ('Original Production', 4);
INSERT INTO label_name (name, id) VALUES ('zetima', 44727);
INSERT INTO label (country, sortname, labelcode, name, enddate_day, begindate_day, comment, begindate_year, begindate_month, enddate_year, type, id, editpending, enddate_month, gid) VALUES (107, 44727, NULL, 44727, NULL, NULL, NULL, NULL, NULL, NULL, 4, 381, 0, NULL, '6bb73458-6c5f-4c26-8367-66fcef562955');
INSERT INTO release_label (catno, label, release, id) VALUES ('EPCE-5112', 381, 49161, 118562);
INSERT INTO tracklist (trackcount, id) VALUES (0, 494491);
INSERT INTO track_name (name, id) VALUES ('Summer Reggae! Rainbow', 3551655);
INSERT INTO track_name (name, id) VALUES ('Hello! Mata Aou Ne (7nin Matsuri version)', 1555213);
INSERT INTO track_name (name, id) VALUES ('Summer Reggae! Rainbow (Instrumental)', 3551656);
INSERT INTO track (length, recording, name, position, artist_credit, id, tracklist, editpending) VALUES (296026, 4223059, 3551655, 1, 265420, 5590796, 494491, 0);
INSERT INTO track (length, recording, name, position, artist_credit, id, tracklist, editpending) VALUES (213106, 4223060, 1555213, 2, 265420, 5590797, 494491, 0);
INSERT INTO track (length, recording, name, position, artist_credit, id, tracklist, editpending) VALUES (292800, 4223061, 3551656, 3, 265420, 5590798, 494491, 0);
INSERT INTO medium (format, name, position, release, id, tracklist, editpending) VALUES (1, NULL, 1, 123054, 123054, 494491, 0);
INSERT INTO medium_cdtoc (medium, id, cdtoc, editpending) VALUES (123054, 433529, 129807, 0);
INSERT INTO release_label (catno, label, release, id) VALUES ('EPCE-5112', 381, 123054, 119181);
INSERT INTO release_group_type (name, id) VALUES ('Album', 2);
INSERT INTO release_name (name, id) VALUES ('Louden Up Now', 348368);
INSERT INTO artist_name (name, id) VALUES ('!!!', 12);
INSERT INTO artist_credit (artistcount, refcount, name, id) VALUES (1, 232, 12, 109013);
INSERT INTO artist (country, sortname, name, enddate_day, begindate_day, comment, begindate_year, begindate_month, enddate_year, type, id, editpending, gender, enddate_month, gid) VALUES (NULL, 12, 12, NULL, NULL, NULL, 1996, NULL, NULL, 2, 109013, 0, NULL, NULL, 'f26c72d3-e52c-467b-b651-679c73d8e1a7');
INSERT INTO artist_name (name, id) VALUES ('chick chick chick', 132917);
INSERT INTO artist_name (name, id) VALUES ('Chik Chik Chik', 133360);
INSERT INTO artist_name (name, id) VALUES ('ChkChk', 134319);
INSERT INTO artist_name (name, id) VALUES ('chk chk chk', 134320);
INSERT INTO artist_name (name, id) VALUES ('chk-chk-chk', 134321);
INSERT INTO artist_name (name, id) VALUES ('Chkchkchk', 134322);
INSERT INTO artist_name (name, id) VALUES ('Chkchkchk (!!!)', 134323);
INSERT INTO artist_name (name, id) VALUES ('exclamation exclamation exclamation', 240134);
INSERT INTO artist_name (name, id) VALUES ('pow pow pow', 596258);
INSERT INTO artist_alias (artist, name, locale, id, editpending) VALUES (109013, 132917, NULL, 25765, 0);
INSERT INTO artist_alias (artist, name, locale, id, editpending) VALUES (109013, 133360, NULL, 25766, 0);
INSERT INTO artist_alias (artist, name, locale, id, editpending) VALUES (109013, 134319, NULL, 25767, 0);
INSERT INTO artist_alias (artist, name, locale, id, editpending) VALUES (109013, 134320, NULL, 25768, 0);
INSERT INTO artist_alias (artist, name, locale, id, editpending) VALUES (109013, 134321, NULL, 25769, 0);
INSERT INTO artist_alias (artist, name, locale, id, editpending) VALUES (109013, 134322, NULL, 25770, 0);
INSERT INTO artist_alias (artist, name, locale, id, editpending) VALUES (109013, 134323, NULL, 25771, 0);
INSERT INTO artist_alias (artist, name, locale, id, editpending) VALUES (109013, 240134, NULL, 25772, 0);
INSERT INTO artist_alias (artist, name, locale, id, editpending) VALUES (109013, 596258, NULL, 25773, 0);
INSERT INTO artist_credit_name (artist, name, position, artist_credit, joinphrase) VALUES (109013, 12, 0, 109013, NULL);
INSERT INTO release_group (comment, name, type, artist_credit, id, editpending, gid) VALUES (NULL, 348368, 2, 109013, 244610, 0, '79e3ac21-8359-3761-ba35-251a1bd04d68');
INSERT INTO country (isocode, name, id) VALUES ('GB', 'United Kingdom', 221);
INSERT INTO language (frequency, isocode_3t, isocode_2, name, id, isocode_3b) VALUES (2, 'eng', 'en', 'English', 120, 'eng');
INSERT INTO country (isocode, name, id) VALUES ('US', 'United States', 222);
INSERT INTO release (date_day, status, release_group, packaging, id, quality, country, script, language, name, artist_credit, barcode, comment, date_year, date_month, gid, editpending) VALUES (7, 1, 244610, NULL, 10171, -1, 221, 28, 120, 348368, 109013, NULL, NULL, 2004, 6, '2f66811e-f41e-4ab1-aa72-13d41a16d045', 0);
INSERT INTO release (date_day, status, release_group, packaging, id, quality, country, script, language, name, artist_credit, barcode, comment, date_year, date_month, gid, editpending) VALUES (8, 1, 244610, NULL, 10172, -1, 222, 28, 120, 348368, 109013, '036172093427', NULL, 2004, 6, '401cf3c4-aa5f-3bff-b313-20afab5f6857', 0);
INSERT INTO release (date_day, status, release_group, packaging, id, quality, country, script, language, name, artist_credit, barcode, comment, date_year, date_month, gid, editpending) VALUES (7, 1, 244610, NULL, 258191, -1, 221, 28, 120, 348368, 109013, NULL, NULL, 2004, 6, '62ae6974-74b4-3f5a-a01e-2e56f2e92421', 0);
INSERT INTO tracklist (trackcount, id) VALUES (0, 231448);
INSERT INTO track_name (name, id) VALUES ('When the Going Gets Tough, the Tough Get Karazzee', 4254302);
INSERT INTO recording (length, comment, name, artist_credit, id, editpending, gid) VALUES (376866, NULL, 4254302, 109013, 2475598, 0, 'a5af8d54-32ac-4aad-a392-982edcdf4e21');
INSERT INTO clientversion (version, id) VALUES ('MusicBrainz Picard-0.7.0beta2', 129);
INSERT INTO puid (version, puid, id) VALUES (129, '08c7630c-e7c7-966d-59c3-0ecc7cc687fe', 640048);
INSERT INTO recording_puid (recording, puid, id, editpending) VALUES (2475598, 640048, 825411, 0);
INSERT INTO track_name (name, id) VALUES ('Pardon My Freedom', 2806827);
INSERT INTO recording (length, comment, name, artist_credit, id, editpending, gid) VALUES (351093, NULL, 2806827, 109013, 2475599, 0, 'd944ecdc-7cab-46e8-b05b-9e00e15f965b');
INSERT INTO clientversion (version, id) VALUES ('MusicBrainz Picard-0.11', 204);
INSERT INTO puid (version, puid, id) VALUES (204, '16e854e0-b292-c1db-3fc3-3de0cac9fe48', 3325511);
INSERT INTO puid (version, puid, id) VALUES (204, '8b86bb4e-7615-5968-e991-bd462a9d53cd', 3325512);
INSERT INTO recording_puid (recording, puid, id, editpending) VALUES (2475599, 3325511, 4639485, 0);
INSERT INTO recording_puid (recording, puid, id, editpending) VALUES (2475599, 3325512, 4582679, 0);
INSERT INTO track_name (name, id) VALUES ('Dear Can', 870410);
INSERT INTO recording (length, comment, name, artist_credit, id, editpending, gid) VALUES (277133, NULL, 870410, 109013, 2475600, 0, '38e115f9-d20c-4dfd-b50b-f651632a6512');
INSERT INTO recording_puid (recording, puid, id, editpending) VALUES (2475600, 3325511, 5250431, 0);
INSERT INTO recording_puid (recording, puid, id, editpending) VALUES (2475600, 3325512, 5232252, 0);
INSERT INTO track_name (name, id) VALUES ('King''s Weed', 2002096);
INSERT INTO recording (length, comment, name, artist_credit, id, editpending, gid) VALUES (78706, NULL, 2002096, 109013, 2475601, 0, 'ccc611e9-e3c5-4d1f-b7ac-06a97b4db675');
INSERT INTO puid (version, puid, id) VALUES (129, 'bff73d9a-5822-d650-bbb1-35cddbb63c8d', 652527);
INSERT INTO recording_puid (recording, puid, id, editpending) VALUES (2475601, 652527, 839785, 0);
INSERT INTO track_name (name, id) VALUES ('Hello? Is This Thing On?', 1554936);
INSERT INTO recording (length, comment, name, artist_credit, id, editpending, gid) VALUES (453426, NULL, 1554936, 109013, 2475602, 0, 'b7ea1600-2945-4507-a8dc-cac50f2a3d57');
INSERT INTO puid (version, puid, id) VALUES (129, 'd48da84d-7eff-9e9f-d13e-b2c291d74325', 640051);
INSERT INTO clientversion (version, id) VALUES ('MusicBrainz Picard-0.7.2', 140);
INSERT INTO puid (version, puid, id) VALUES (140, '2d297169-cafc-2909-6228-7610d9ba6ef0', 1540357);
INSERT INTO recording_puid (recording, puid, id, editpending) VALUES (2475602, 640051, 825414, 0);
INSERT INTO recording_puid (recording, puid, id, editpending) VALUES (2475602, 1540357, 1926875, 0);
INSERT INTO track_name (name, id) VALUES ('Shit Scheisse Merde, Part 1', 3287782);
INSERT INTO recording (length, comment, name, artist_credit, id, editpending, gid) VALUES (306040, NULL, 3287782, 109013, 2475603, 0, '8a7d0f32-2930-418b-8d3b-30a11380dc68');
INSERT INTO puid (version, puid, id) VALUES (129, 'a7554b28-c7e5-1758-426c-46d1c4fbb0a2', 640046);
INSERT INTO puid (version, puid, id) VALUES (134, '02feceda-e555-29a3-4f08-385124add6aa', 907665);
INSERT INTO recording_puid (recording, puid, id, editpending) VALUES (2475603, 640046, 825409, 0);
INSERT INTO recording_puid (recording, puid, id, editpending) VALUES (2475603, 907665, 1151802, 0);
INSERT INTO track_name (name, id) VALUES ('Shit Scheisse Merde, Part 2', 3287784);
INSERT INTO recording (length, comment, name, artist_credit, id, editpending, gid) VALUES (369666, NULL, 3287784, 109013, 2475604, 0, 'df45dab2-c52a-4cce-81b3-52aa319946af');
INSERT INTO puid (version, puid, id) VALUES (129, '0d4687c9-227b-74da-c0de-5f5b44fb5f4a', 640052);
INSERT INTO recording_puid (recording, puid, id, editpending) VALUES (2475604, 640052, 825415, 0);
INSERT INTO track_name (name, id) VALUES ('Me and Giuliani Down by the School Yard (A True Story)', 2369403);
INSERT INTO recording (length, comment, name, artist_credit, id, editpending, gid) VALUES (542893, NULL, 2369403, 109013, 2475605, 0, '35254d86-41b7-4c2b-b5ca-22a74546e7c4');
INSERT INTO clientversion (version, id) VALUES ('MusicBrainz Picard-0.7.0beta3', 131);
INSERT INTO puid (version, puid, id) VALUES (131, '32eedde5-092e-a017-53af-b5c028e841af', 710722);
INSERT INTO puid (version, puid, id) VALUES (134, '006ca144-0e46-0dad-d1f1-122c650097e7', 994590);
INSERT INTO puid (version, puid, id) VALUES (140, '56dcdc8d-f7f3-530d-0c8f-f34c10800f6a', 1573113);
INSERT INTO clientversion (version, id) VALUES ('MusicBrainz Picard-0.9.0alpha14', 174);
INSERT INTO puid (version, puid, id) VALUES (174, '8844891d-8155-dd7c-6b7b-a16d82b4cd3b', 2087839);
INSERT INTO clientversion (version, id) VALUES ('MusicBrainz Picard-0.9.0', 188);
INSERT INTO puid (version, puid, id) VALUES (188, '6d777af1-9095-f468-25b6-00d6d6f16bcb', 2386998);
INSERT INTO clientversion (version, id) VALUES ('MusicBrainz Picard-0.12.1', 246);
INSERT INTO puid (version, puid, id) VALUES (246, 'ed97011b-3ebe-97bf-57d9-ed55d156d20a', 4152016);
INSERT INTO recording_puid (recording, puid, id, editpending) VALUES (2475605, 710722, 908900, 0);
INSERT INTO recording_puid (recording, puid, id, editpending) VALUES (2475605, 994590, 1257701, 0);
INSERT INTO recording_puid (recording, puid, id, editpending) VALUES (2475605, 1573113, 1966814, 0);
INSERT INTO recording_puid (recording, puid, id, editpending) VALUES (2475605, 2087839, 2607730, 0);
INSERT INTO recording_puid (recording, puid, id, editpending) VALUES (2475605, 2386998, 2982367, 0);
INSERT INTO recording_puid (recording, puid, id, editpending) VALUES (2475605, 4152016, 5250430, 0);
INSERT INTO track_name (name, id) VALUES ('Theme From Space Island', 3788560);
INSERT INTO recording (length, comment, name, artist_credit, id, editpending, gid) VALUES (150666, NULL, 3788560, 109013, 2475606, 0, '08b9d061-6e8f-4b75-af76-7ade60c62c6b');
INSERT INTO puid (version, puid, id) VALUES (134, '1bb869c4-29f9-23ab-e9af-473967a102b9', 1054144);
INSERT INTO puid (version, puid, id) VALUES (188, '74577ca1-e2be-3c5d-43f6-35780af5cc5d', 2410873);
INSERT INTO clientversion (version, id) VALUES ('MusicBrainz Picard-0.12', 244);
INSERT INTO puid (version, puid, id) VALUES (244, '7235523e-6732-06a9-b2e4-952012ed8864', 3757066);
INSERT INTO recording_puid (recording, puid, id, editpending) VALUES (2475606, 1054144, 1330284, 0);
INSERT INTO recording_puid (recording, puid, id, editpending) VALUES (2475606, 2410873, 3012205, 0);
INSERT INTO recording_puid (recording, puid, id, editpending) VALUES (2475606, 3757066, 4749772, 0);
INSERT INTO track_name (name, id) VALUES ('Shit Scheisse Merde, Part 1 (special !!! instrumental mix)', 3287783);
INSERT INTO recording (length, comment, name, artist_credit, id, editpending, gid) VALUES (280507, NULL, 3287783, 109013, 2475607, 0, 'd84b82d1-56d8-4c23-b424-031873b3a5b1');
INSERT INTO puid (version, puid, id) VALUES (129, '9cd47587-45bf-be05-810a-15fa1abb2a6a', 640047);
INSERT INTO recording_puid (recording, puid, id, editpending) VALUES (2475607, 640047, 825410, 0);
INSERT INTO track (length, recording, name, position, artist_credit, id, tracklist, editpending) VALUES (376866, 2475598, 4254302, 1, 109013, 2475598, 231448, 0);
INSERT INTO track (length, recording, name, position, artist_credit, id, tracklist, editpending) VALUES (351093, 2475599, 2806827, 2, 109013, 2475599, 231448, 0);
INSERT INTO track (length, recording, name, position, artist_credit, id, tracklist, editpending) VALUES (277133, 2475600, 870410, 3, 109013, 2475600, 231448, 0);
INSERT INTO track (length, recording, name, position, artist_credit, id, tracklist, editpending) VALUES (78706, 2475601, 2002096, 4, 109013, 2475601, 231448, 0);
INSERT INTO track (length, recording, name, position, artist_credit, id, tracklist, editpending) VALUES (453426, 2475602, 1554936, 5, 109013, 2475602, 231448, 0);
INSERT INTO track (length, recording, name, position, artist_credit, id, tracklist, editpending) VALUES (306040, 2475603, 3287782, 6, 109013, 2475603, 231448, 0);
INSERT INTO track (length, recording, name, position, artist_credit, id, tracklist, editpending) VALUES (369666, 2475604, 3287784, 7, 109013, 2475604, 231448, 0);
INSERT INTO track (length, recording, name, position, artist_credit, id, tracklist, editpending) VALUES (542893, 2475605, 2369403, 8, 109013, 2475605, 231448, 0);
INSERT INTO track (length, recording, name, position, artist_credit, id, tracklist, editpending) VALUES (150666, 2475606, 3788560, 9, 109013, 2475606, 231448, 0);
INSERT INTO track (length, recording, name, position, artist_credit, id, tracklist, editpending) VALUES (280507, 2475607, 3287783, 10, 109013, 2475607, 231448, 0);
INSERT INTO medium (format, name, position, release, id, tracklist, editpending) VALUES (1, NULL, 1, 10171, 10171, 231448, 0);
INSERT INTO cdtoc (discid, leadoutoffset, degraded, trackoffset, trackcount, freedbid, id) VALUES ('3m3m7.GfEuD0xG8i8_SkYA4gFZQ-', 239217, '0', '{150,28415,54747,75532,81435,115442,138395,166120,206837,218137}', 10, '910c730a', 92531);
INSERT INTO cdtoc (discid, leadoutoffset, degraded, trackoffset, trackcount, freedbid, id) VALUES ('mYHgrUR_hiM0FhKcS4QoyzqrM74-', 239225, '0', '{150,28415,54747,75532,81435,115442,138385,166112,206827,218127}', 10, '910c730a', 112743);
INSERT INTO medium_cdtoc (medium, id, cdtoc, editpending) VALUES (10171, 37831, 92531, 0);
INSERT INTO medium_cdtoc (medium, id, cdtoc, editpending) VALUES (10171, 37832, 112743, 0);
INSERT INTO label_name (name, id) VALUES ('Warp Records', 43256);
INSERT INTO label (country, sortname, labelcode, name, enddate_day, begindate_day, comment, begindate_year, begindate_month, enddate_year, type, id, editpending, enddate_month, gid) VALUES (221, 43256, 2070, 43256, NULL, NULL, NULL, 1989, NULL, NULL, 4, 46, 0, NULL, '46f0f4cd-8aab-4b33-b698-f459faf64190');
INSERT INTO release_label (catno, label, release, id) VALUES ('WARPCD121', 46, 10171, 178798);
INSERT INTO medium (format, name, position, release, id, tracklist, editpending) VALUES (1, NULL, 1, 10172, 10172, 231448, 0);
INSERT INTO medium_cdtoc (medium, id, cdtoc, editpending) VALUES (10172, 309671, 92531, 0);
INSERT INTO medium_cdtoc (medium, id, cdtoc, editpending) VALUES (10172, 309672, 112743, 0);
INSERT INTO label_name (name, id) VALUES ('Touch and Go Records', 40514);
INSERT INTO label (country, sortname, labelcode, name, enddate_day, begindate_day, comment, begindate_year, begindate_month, enddate_year, type, id, editpending, enddate_month, gid) VALUES (222, 40514, NULL, 40514, NULL, NULL, NULL, 1981, NULL, NULL, 4, 1093, 0, NULL, '9a2cad26-48de-4e7c-97a5-354f52c6e027');
INSERT INTO label_name (name, id) VALUES ('Tough and Go Records', 40527);
INSERT INTO label_alias (name, locale, label, id, editpending) VALUES (40514, NULL, 1093, 501, 0);
INSERT INTO label_alias (name, locale, label, id, editpending) VALUES (40527, NULL, 1093, 502, 0);
INSERT INTO release_label (catno, label, release, id) VALUES ('TG234CD', 1093, 10172, 426915);
INSERT INTO tracklist (trackcount, id) VALUES (0, 244610);
INSERT INTO track_name (name, id) VALUES ('Sunday 5.17 AM', 3554314);
INSERT INTO recording (length, comment, name, artist_credit, id, editpending, gid) VALUES (313666, NULL, 3554314, 109013, 2639200, 0, '89f618af-a3a8-4384-a2cc-ebb524001a18');
INSERT INTO puid (version, puid, id) VALUES (129, '12dd9ac0-09d2-3031-4cd2-911653599c51', 781324);
INSERT INTO recording_puid (recording, puid, id, editpending) VALUES (2639200, 781324, 994983, 0);
INSERT INTO track_name (name, id) VALUES ('Dear Can (Maurice Fulton vocal mix)', 870414);
INSERT INTO recording (length, comment, name, artist_credit, id, editpending, gid) VALUES (287426, NULL, 870414, 109013, 2639201, 0, '2632bdce-f117-4373-9e88-9f80016c3c67');
INSERT INTO puid (version, puid, id) VALUES (129, '0480e7cc-0272-2ca0-a83a-71932eedfb54', 781326);
INSERT INTO clientversion (version, id) VALUES ('MusicBrainz Picard-0.9.0alpha11', 163);
INSERT INTO puid (version, puid, id) VALUES (163, '85a179ee-06de-8004-b76b-32f761bffb4a', 1751913);
INSERT INTO recording_puid (recording, puid, id, editpending) VALUES (2639201, 781326, 994985, 0);
INSERT INTO recording_puid (recording, puid, id, editpending) VALUES (2639201, 1751913, 2187998, 0);
INSERT INTO track_name (name, id) VALUES ('When the Going Gets Tough, the Tough Get Karazzee (Serious Bonus Beats mix)', 4254303);
INSERT INTO recording (length, comment, name, artist_credit, id, editpending, gid) VALUES (419533, NULL, 4254303, 109013, 2639202, 0, 'c29cfcfb-4daf-4160-859a-dc0a98783b99');
INSERT INTO puid (version, puid, id) VALUES (129, '2e1a0382-d070-2f28-b4b0-8731413639d0', 781325);
INSERT INTO recording_puid (recording, puid, id, editpending) VALUES (2639202, 781325, 994984, 0);
INSERT INTO track_name (name, id) VALUES ('Pardon My Freedom (Maurice Fulton instrumental mix)', 2806829);
INSERT INTO recording (length, comment, name, artist_credit, id, editpending, gid) VALUES (355933, NULL, 2806829, 109013, 2639203, 0, 'c89dcdb8-00db-486b-af8f-058e5619ba08');
INSERT INTO puid (version, puid, id) VALUES (129, 'b51e7012-859b-3059-8096-417161de90fc', 781323);
INSERT INTO recording_puid (recording, puid, id, editpending) VALUES (2639203, 781323, 994982, 0);
INSERT INTO recording_puid (recording, puid, id, editpending) VALUES (2639203, 3325511, 4244480, 0);
INSERT INTO track (length, recording, name, position, artist_credit, id, tracklist, editpending) VALUES (313666, 2639200, 3554314, 1, 109013, 2639200, 244610, 0);
INSERT INTO track (length, recording, name, position, artist_credit, id, tracklist, editpending) VALUES (287426, 2639201, 870414, 2, 109013, 2639201, 244610, 0);
INSERT INTO track (length, recording, name, position, artist_credit, id, tracklist, editpending) VALUES (419533, 2639202, 4254303, 3, 109013, 2639202, 244610, 0);
INSERT INTO track (length, recording, name, position, artist_credit, id, tracklist, editpending) VALUES (355933, 2639203, 2806829, 4, 109013, 2639203, 244610, 0);
INSERT INTO medium (format, name, position, release, id, tracklist, editpending) VALUES (1, NULL, 1, 258191, 258191, 231448, 0);
INSERT INTO medium (format, name, position, release, id, tracklist, editpending) VALUES (1, NULL, 2, 258191, 42548, 244610, 0);
INSERT INTO medium_cdtoc (medium, id, cdtoc, editpending) VALUES (258191, 203675, 92531, 0);
INSERT INTO medium_cdtoc (medium, id, cdtoc, editpending) VALUES (258191, 203676, 112743, 0);
INSERT INTO cdtoc (discid, leadoutoffset, degraded, trackoffset, trackcount, freedbid, id) VALUES ('WLOBlbfvUoQTPuyrjV3L0aDRj.c-', 103392, '0', '{150,23675,45232,76697}', 4, '19056004', 99993);
INSERT INTO medium_cdtoc (medium, id, cdtoc, editpending) VALUES (42548, 430905, 99993, 0);
INSERT INTO release_label (catno, label, release, id) VALUES ('WARPCD121X', 46, 258191, 178906);
INSERT INTO release_name (name, id) VALUES ('For Beginner Piano', 216910);
INSERT INTO artist_name (name, id) VALUES ('Plone', 591913);
INSERT INTO artist_credit (artistcount, refcount, name, id) VALUES (1, 81, 591913, 11545);
INSERT INTO artist (country, sortname, name, enddate_day, begindate_day, comment, begindate_year, begindate_month, enddate_year, type, id, editpending, gender, enddate_month, gid) VALUES (NULL, 591913, 591913, NULL, NULL, NULL, NULL, NULL, NULL, 2, 11545, 0, NULL, NULL, '3088b672-fba9-4b4b-8ae0-dce13babfbb4');
INSERT INTO artist_credit_name (artist, name, position, artist_credit, joinphrase) VALUES (11545, 591913, 0, 11545, NULL);
INSERT INTO release_group (comment, name, type, artist_credit, id, editpending, gid) VALUES (NULL, 216910, 2, 11545, 155364, 0, '202cad78-a2e1-3fa7-b8bc-77c1f737e3da');
INSERT INTO release (date_day, status, release_group, packaging, id, quality, country, script, language, name, artist_credit, barcode, comment, date_year, date_month, gid, editpending) VALUES (13, 1, 155364, NULL, 24752, -1, 221, 28, 120, 216910, 11545, '5021603064126', NULL, 1999, 9, '4f5a6b97-a09b-4893-80d1-eae1f3bfa221', 0);
INSERT INTO release (date_day, status, release_group, packaging, id, quality, country, script, language, name, artist_credit, barcode, comment, date_year, date_month, gid, editpending) VALUES (23, 1, 155364, NULL, 243064, -1, 222, 28, 120, 216910, 11545, NULL, NULL, 1999, 9, 'fbe4eb72-0f24-3875-942e-f581589713d4', 0);
INSERT INTO release (date_day, status, release_group, packaging, id, quality, country, script, language, name, artist_credit, barcode, comment, date_year, date_month, gid, editpending) VALUES (13, 1, 155364, NULL, 654729, -1, 221, 28, 120, 216910, 11545, NULL, NULL, 1999, 9, 'dd66bfdd-6097-32e3-91b6-67f47ba25d4c', 0);
INSERT INTO tracklist (trackcount, id) VALUES (0, 155364);
INSERT INTO track_name (name, id) VALUES ('On My Bus', 2734593);
INSERT INTO recording (length, comment, name, artist_credit, id, editpending, gid) VALUES (267560, NULL, 2734593, 11545, 1542682, 0, '44704dda-b877-4551-a2a8-c1f764476e65');
INSERT INTO clientversion (version, id) VALUES ('unknown', 1);
INSERT INTO puid (version, puid, id) VALUES (1, '138f0487-85eb-5fe9-355d-9b94a60ff1dc', 86037);
INSERT INTO puid (version, puid, id) VALUES (1, '59963809-99c6-86c8-246a-85c1779bed07', 310223);
INSERT INTO recording_puid (recording, puid, id, editpending) VALUES (1542682, 86037, 4464373, 0);
INSERT INTO recording_puid (recording, puid, id, editpending) VALUES (1542682, 310223, 399193, 0);
INSERT INTO track_name (name, id) VALUES ('Top & Low Rent', 3953751);
INSERT INTO recording (length, comment, name, artist_credit, id, editpending, gid) VALUES (230506, NULL, 3953751, 11545, 1542683, 0, '8920288e-7541-48a7-b23b-f80447c8b1ab');
INSERT INTO puid (version, puid, id) VALUES (1, '1d8cf2de-4e31-2043-cbb2-9d61d000e5da', 129843);
INSERT INTO puid (version, puid, id) VALUES (1, '45aa205f-1fdb-b441-a97b-17d95c786cc0', 272070);
INSERT INTO recording_puid (recording, puid, id, editpending) VALUES (1542683, 129843, 4464424, 0);
INSERT INTO recording_puid (recording, puid, id, editpending) VALUES (1542683, 272070, 350047, 0);
INSERT INTO track_name (name, id) VALUES ('Plock', 2901134);
INSERT INTO recording (length, comment, name, artist_credit, id, editpending, gid) VALUES (237133, NULL, 2901134, 11545, 1542684, 0, '6e89c516-b0b6-4735-a758-38e31855dcb6');
INSERT INTO puid (version, puid, id) VALUES (1, 'e21f9f94-85cd-5e40-d158-0cea7e4b5877', 571418);
INSERT INTO recording_puid (recording, puid, id, editpending) VALUES (1542684, 86037, 110914, 0);
INSERT INTO recording_puid (recording, puid, id, editpending) VALUES (1542684, 571418, 4464385, 0);
INSERT INTO track_name (name, id) VALUES ('Marbles', 2337544);
INSERT INTO recording (length, comment, name, artist_credit, id, editpending, gid) VALUES (229826, NULL, 2337544, 11545, 1542685, 0, '791d9b27-ae1a-4295-8943-ded4284f2122');
INSERT INTO puid (version, puid, id) VALUES (1, '53760233-32b0-09f6-131d-5f796ffd4b52', 298486);
INSERT INTO recording_puid (recording, puid, id, editpending) VALUES (1542685, 272070, 4464398, 0);
INSERT INTO recording_puid (recording, puid, id, editpending) VALUES (1542685, 298486, 384117, 0);
INSERT INTO track_name (name, id) VALUES ('Busy Working', 549782);
INSERT INTO recording (length, comment, name, artist_credit, id, editpending, gid) VALUES (217440, NULL, 549782, 11545, 1542686, 0, '4f392ffb-d3df-4f8a-ba74-fdecbb1be877');
INSERT INTO recording_puid (recording, puid, id, editpending) VALUES (1542686, 129843, 167018, 0);
INSERT INTO track_name (name, id) VALUES ('The Greek Alphabet', 3754543);
INSERT INTO recording (length, comment, name, artist_credit, id, editpending, gid) VALUES (227293, NULL, 3754543, 11545, 1542687, 0, 'dc891eca-bf42-4103-8682-86068fe732a5');
INSERT INTO puid (version, puid, id) VALUES (1, 'a8c39df5-8d8c-0cce-1538-2760ad1bbb1c', 461612);
INSERT INTO recording_puid (recording, puid, id, editpending) VALUES (1542687, 461612, 594011, 0);
INSERT INTO track_name (name, id) VALUES ('Press a Key', 2949854);
INSERT INTO recording (length, comment, name, artist_credit, id, editpending, gid) VALUES (244506, NULL, 2949854, 11545, 1542688, 0, '25e9ae0f-8b7d-4230-9cde-9a07f7680e4a');
INSERT INTO recording_puid (recording, puid, id, editpending) VALUES (1542688, 571418, 734736, 0);
INSERT INTO track_name (name, id) VALUES ('Bibi Plone', 425243);
INSERT INTO recording (length, comment, name, artist_credit, id, editpending, gid) VALUES (173960, NULL, 425243, 11545, 1542689, 0, '6f9c8c32-3aae-4dad-b023-56389361cf6b');
INSERT INTO puid (version, puid, id) VALUES (1, 'a1f6892c-8cf4-150f-3e42-2d32c7652460', 448619);
INSERT INTO recording_puid (recording, puid, id, editpending) VALUES (1542689, 448619, 577301, 0);
INSERT INTO track_name (name, id) VALUES ('Be Rude to Your School', 413978);
INSERT INTO recording (length, comment, name, artist_credit, id, editpending, gid) VALUES (208706, NULL, 413978, 11545, 1542690, 0, '7e379a1d-f2bc-47b8-964e-00723df34c8a');
INSERT INTO puid (version, puid, id) VALUES (1, '7038d263-9736-015b-e43d-4e6e7bb85138', 353525);
INSERT INTO puid (version, puid, id) VALUES (130, '24dd0c12-3f22-955d-f35e-d3d8867eee8d', 2063146);
INSERT INTO recording_puid (recording, puid, id, editpending) VALUES (1542690, 353525, 454791, 0);
INSERT INTO recording_puid (recording, puid, id, editpending) VALUES (1542690, 2063146, 2577207, 0);
INSERT INTO track_name (name, id) VALUES ('Summer Plays Out', 3551566);
INSERT INTO recording (length, comment, name, artist_credit, id, editpending, gid) VALUES (320067, NULL, 3551566, 11545, 1542691, 0, 'a8614bda-42dc-43c7-ac5f-4067acb6f1c5');
INSERT INTO puid (version, puid, id) VALUES (1, 'b36a3d42-b725-6461-a4ef-e94a2011b6aa', 482017);
INSERT INTO puid (version, puid, id) VALUES (129, '7aa785e9-0bcc-5ec1-34c0-597399e489aa', 651225);
INSERT INTO recording_puid (recording, puid, id, editpending) VALUES (1542691, 482017, 620196, 0);
INSERT INTO recording_puid (recording, puid, id, editpending) VALUES (1542691, 651225, 838310, 0);
INSERT INTO track (length, recording, name, position, artist_credit, id, tracklist, editpending) VALUES (267560, 1542682, 2734593, 1, 11545, 1542682, 155364, 0);
INSERT INTO track (length, recording, name, position, artist_credit, id, tracklist, editpending) VALUES (230506, 1542683, 3953751, 2, 11545, 1542683, 155364, 0);
INSERT INTO track (length, recording, name, position, artist_credit, id, tracklist, editpending) VALUES (237133, 1542684, 2901134, 3, 11545, 1542684, 155364, 0);
INSERT INTO track (length, recording, name, position, artist_credit, id, tracklist, editpending) VALUES (229826, 1542685, 2337544, 4, 11545, 1542685, 155364, 0);
INSERT INTO track (length, recording, name, position, artist_credit, id, tracklist, editpending) VALUES (217440, 1542686, 549782, 5, 11545, 1542686, 155364, 0);
INSERT INTO track (length, recording, name, position, artist_credit, id, tracklist, editpending) VALUES (227293, 1542687, 3754543, 6, 11545, 1542687, 155364, 0);
INSERT INTO track (length, recording, name, position, artist_credit, id, tracklist, editpending) VALUES (244506, 1542688, 2949854, 7, 11545, 1542688, 155364, 0);
INSERT INTO track (length, recording, name, position, artist_credit, id, tracklist, editpending) VALUES (173960, 1542689, 425243, 8, 11545, 1542689, 155364, 0);
INSERT INTO track (length, recording, name, position, artist_credit, id, tracklist, editpending) VALUES (208706, 1542690, 413978, 9, 11545, 1542690, 155364, 0);
INSERT INTO track (length, recording, name, position, artist_credit, id, tracklist, editpending) VALUES (320067, 1542691, 3551566, 10, 11545, 1542691, 155364, 0);
INSERT INTO medium (format, name, position, release, id, tracklist, editpending) VALUES (1, NULL, 1, 24752, 24752, 155364, 0);
INSERT INTO cdtoc (discid, leadoutoffset, degraded, trackoffset, trackcount, freedbid, id) VALUES ('4Fzv46Cx17XbCG5hQ1xo6KmQojk-', 177766, '0', '{150,20190,37441,55229,72498,88781,105874,124205,137213,152863}', 10, '9509400a', 96188);
INSERT INTO cdtoc (discid, leadoutoffset, degraded, trackoffset, trackcount, freedbid, id) VALUES ('VkX.hmODEJMV9FhQnxkWzQSX8iE-', 176980, '0', '{150,20217,37505,55290,72527,88835,105882,124220,137267,152920}', 10, '7f09350a', 114635);
INSERT INTO medium_cdtoc (medium, id, cdtoc, editpending) VALUES (24752, 247712, 96188, 0);
INSERT INTO medium_cdtoc (medium, id, cdtoc, editpending) VALUES (24752, 247713, 114635, 0);
INSERT INTO release_label (catno, label, release, id) VALUES ('WARPCD64', 46, 24752, 413239);
INSERT INTO medium (format, name, position, release, id, tracklist, editpending) VALUES (1, NULL, 1, 243064, 243064, 155364, 0);
INSERT INTO medium_cdtoc (medium, id, cdtoc, editpending) VALUES (243064, 429135, 96188, 0);
INSERT INTO medium_cdtoc (medium, id, cdtoc, editpending) VALUES (243064, 429136, 114635, 0);
INSERT INTO label_name (name, id) VALUES ('Matador Records', 24074);
INSERT INTO label (country, sortname, labelcode, name, enddate_day, begindate_day, comment, begindate_year, begindate_month, enddate_year, type, id, editpending, enddate_month, gid) VALUES (222, 24074, 11552, 24074, NULL, NULL, NULL, 1989, NULL, NULL, 4, 124, 0, NULL, '229bd4be-8cd7-442c-85b0-5007ea353abc');
INSERT INTO release_label (catno, label, release, id) VALUES ('OLE 358-2', 124, 243064, 54432);
INSERT INTO medium_format (name, id, year) VALUES ('Vinyl', 7, 1895);
INSERT INTO medium (format, name, position, release, id, tracklist, editpending) VALUES (7, NULL, 1, 654729, 654729, 155364, 0);
INSERT INTO release_label (catno, label, release, id) VALUES ('WARPLP64', 46, 654729, 405755);
INSERT INTO release_name (name, id) VALUES ('My Demons', 388860);
INSERT INTO artist_name (name, id) VALUES ('Distance', 194779);
INSERT INTO artist_credit (artistcount, refcount, name, id) VALUES (1, 173, 194779, 427385);
INSERT INTO artist_type (name, id) VALUES ('Person', 1);
INSERT INTO artist (country, sortname, name, enddate_day, begindate_day, comment, begindate_year, begindate_month, enddate_year, type, id, editpending, gender, enddate_month, gid) VALUES (NULL, 194779, 194779, NULL, NULL, 'UK dubstep artist Greg Sanders', NULL, NULL, NULL, 1, 427385, 0, NULL, NULL, '472bc127-8861-45e8-bc9e-31e8dd32de7a');
INSERT INTO artist_name (name, id) VALUES ('DJ Distance', 197097);
INSERT INTO artist_alias (artist, name, locale, id, editpending) VALUES (427385, 194779, NULL, 65226, 0);
INSERT INTO artist_alias (artist, name, locale, id, editpending) VALUES (427385, 197097, NULL, 65227, 0);
INSERT INTO artist_credit_name (artist, name, position, artist_credit, joinphrase) VALUES (427385, 194779, 0, 427385, NULL);
INSERT INTO release_group (comment, name, type, artist_credit, id, editpending, gid) VALUES (NULL, 388860, 2, 427385, 597897, 0, '22b54315-6e51-350b-bb34-e6e16f7688bd');
INSERT INTO release (date_day, status, release_group, packaging, id, quality, country, script, language, name, artist_credit, barcode, comment, date_year, date_month, gid, editpending) VALUES (29, 1, 597897, NULL, 246898, -1, 221, 28, 120, 388860, 427385, NULL, NULL, 2007, 1, 'adcf7b48-086e-48ee-b420-1001f88d672f', 0);
INSERT INTO tracklist (trackcount, id) VALUES (0, 597897);
INSERT INTO track_name (name, id) VALUES ('Night Vision', 2608461);
INSERT INTO recording (length, comment, name, artist_credit, id, editpending, gid) VALUES (369000, NULL, 2608461, 427385, 6750260, 0, 'c4ef59be-bfa1-4601-81f8-9a65e3d8c1c9');
INSERT INTO puid (version, puid, id) VALUES (140, '3f8c1f24-428e-c2d8-6456-b5f41a63bee2', 1582677);
INSERT INTO recording_puid (recording, puid, id, editpending) VALUES (6750260, 1582677, 3948009, 0);
INSERT INTO track_name (name, id) VALUES ('My Demons', 2527121);
INSERT INTO recording (length, comment, name, artist_credit, id, editpending, gid) VALUES (291000, NULL, 2527121, 427385, 6750261, 0, '290792d5-5b32-4ba7-bd06-272589ab9669');
INSERT INTO puid (version, puid, id) VALUES (140, 'b762db11-ff7e-943a-f102-951a66208b86', 1582679);
INSERT INTO recording_puid (recording, puid, id, editpending) VALUES (6750261, 1582679, 1978374, 0);
INSERT INTO track_name (name, id) VALUES ('Weigh Down', 4209127);
INSERT INTO recording (length, comment, name, artist_credit, id, editpending, gid) VALUES (348000, NULL, 4209127, 427385, 6750262, 0, 'ccb347ea-5123-4bc8-a1a8-f60cf5fee9ad');
INSERT INTO puid (version, puid, id) VALUES (140, 'f8041a67-c449-978e-7acc-fcc6c289df7a', 1582675);
INSERT INTO recording_puid (recording, puid, id, editpending) VALUES (6750262, 1582675, 1978370, 0);
INSERT INTO track_name (name, id) VALUES ('Traffic', 3971076);
INSERT INTO recording (length, comment, name, artist_credit, id, editpending, gid) VALUES (319000, NULL, 3971076, 427385, 6750263, 0, '03144356-5c08-47f8-8590-39a623cc5f36');
INSERT INTO puid (version, puid, id) VALUES (130, '2654aef9-0f71-86e6-d8d2-f1e01b807249', 870276);
INSERT INTO puid (version, puid, id) VALUES (140, 'a8cd011c-e17c-5b6e-f9c9-012f8c005ab7', 1582678);
INSERT INTO recording_puid (recording, puid, id, editpending) VALUES (6750263, 870276, 5123775, 0);
INSERT INTO recording_puid (recording, puid, id, editpending) VALUES (6750263, 1582678, 3948008, 0);
INSERT INTO track_name (name, id) VALUES ('Mistral', 2449005);
INSERT INTO recording (length, comment, name, artist_credit, id, editpending, gid) VALUES (280000, NULL, 2449005, 427385, 6750264, 0, '35db5502-4937-4653-8494-c4291f1f22fe');
INSERT INTO puid (version, puid, id) VALUES (140, '0ba766ca-dbeb-a765-5c61-682be4ab69f6', 1582671);
INSERT INTO recording_puid (recording, puid, id, editpending) VALUES (6750264, 1582671, 1978366, 0);
INSERT INTO track_name (name, id) VALUES ('Cyclops', 819608);
INSERT INTO recording (length, comment, name, artist_credit, id, editpending, gid) VALUES (265000, NULL, 819608, 427385, 6750265, 0, 'a4eb6323-519d-44e4-8ab7-df0a0f9df349');
INSERT INTO puid (version, puid, id) VALUES (140, '5a911797-156d-b56d-084b-506bca56bc82', 1582673);
INSERT INTO recording_puid (recording, puid, id, editpending) VALUES (6750265, 1582673, 1978368, 0);
INSERT INTO track_name (name, id) VALUES ('Cella', 620783);
INSERT INTO recording (length, comment, name, artist_credit, id, editpending, gid) VALUES (334000, NULL, 620783, 427385, 6750266, 0, '7a356856-9483-42c2-bed9-dc07cb555952');
INSERT INTO puid (version, puid, id) VALUES (140, '56ec3406-ec65-bb55-902b-f5c2b6643d4b', 1582676);
INSERT INTO recording_puid (recording, puid, id, editpending) VALUES (6750266, 1582676, 1978371, 0);
INSERT INTO track_name (name, id) VALUES ('Ska', 3336196);
INSERT INTO recording (length, comment, name, artist_credit, id, editpending, gid) VALUES (300000, NULL, 3336196, 427385, 6750267, 0, '3b869875-6f4e-40e8-abda-d14184b073cd');
INSERT INTO puid (version, puid, id) VALUES (140, '0ae37f6c-ed30-3b69-e5d3-8790304b1ae9', 1582674);
INSERT INTO recording_puid (recording, puid, id, editpending) VALUES (6750267, 1582674, 1978369, 0);
INSERT INTO track_name (name, id) VALUES ('Fractured', 1322242);
INSERT INTO recording (length, comment, name, artist_credit, id, editpending, gid) VALUES (311000, NULL, 1322242, 427385, 6750268, 0, '34061710-6ed8-4999-9ee6-177bad0af0a3');
INSERT INTO puid (version, puid, id) VALUES (140, '3131e5e0-b220-c6cb-0569-15e5eb086a79', 1582670);
INSERT INTO recording_puid (recording, puid, id, editpending) VALUES (6750268, 1582670, 1978365, 0);
INSERT INTO track_name (name, id) VALUES ('Tuning', 4013459);
INSERT INTO recording (length, comment, name, artist_credit, id, editpending, gid) VALUES (272000, NULL, 4013459, 427385, 6750269, 0, '4ce2ac82-56f6-4a8a-af9b-33af6c67f30d');
INSERT INTO puid (version, puid, id) VALUES (140, '784d6623-823e-f4e9-7f40-1b2fb0375897', 1582669);
INSERT INTO recording_puid (recording, puid, id, editpending) VALUES (6750269, 1582669, 1978364, 0);
INSERT INTO track_name (name, id) VALUES ('Confined', 760694);
INSERT INTO recording (length, comment, name, artist_credit, id, editpending, gid) VALUES (314000, NULL, 760694, 427385, 6750270, 0, 'e5a5847b-451b-4051-a09b-8295329097e3');
INSERT INTO puid (version, puid, id) VALUES (140, 'd3ac810a-50b9-5427-a298-f8166c05d278', 1582680);
INSERT INTO recording_puid (recording, puid, id, editpending) VALUES (6750270, 1582680, 1978375, 0);
INSERT INTO track_name (name, id) VALUES ('Delight', 891265);
INSERT INTO recording (length, comment, name, artist_credit, id, editpending, gid) VALUES (339000, NULL, 891265, 427385, 6750271, 0, '9011e90d-b7e3-400b-b932-305f94608772');
INSERT INTO puid (version, puid, id) VALUES (140, '62d982b6-ee26-9275-0797-8e2829faf5e0', 1582672);
INSERT INTO recording_puid (recording, puid, id, editpending) VALUES (6750271, 1582672, 1978367, 0);
INSERT INTO track (length, recording, name, position, artist_credit, id, tracklist, editpending) VALUES (369000, 6750260, 2608461, 1, 427385, 6750260, 597897, 0);
INSERT INTO track (length, recording, name, position, artist_credit, id, tracklist, editpending) VALUES (291000, 6750261, 2527121, 2, 427385, 6750261, 597897, 0);
INSERT INTO track (length, recording, name, position, artist_credit, id, tracklist, editpending) VALUES (348000, 6750262, 4209127, 3, 427385, 6750262, 597897, 0);
INSERT INTO track (length, recording, name, position, artist_credit, id, tracklist, editpending) VALUES (319000, 6750263, 3971076, 4, 427385, 6750263, 597897, 0);
INSERT INTO track (length, recording, name, position, artist_credit, id, tracklist, editpending) VALUES (280000, 6750264, 2449005, 5, 427385, 6750264, 597897, 0);
INSERT INTO track (length, recording, name, position, artist_credit, id, tracklist, editpending) VALUES (265000, 6750265, 819608, 6, 427385, 6750265, 597897, 0);
INSERT INTO track (length, recording, name, position, artist_credit, id, tracklist, editpending) VALUES (334000, 6750266, 620783, 7, 427385, 6750266, 597897, 0);
INSERT INTO track (length, recording, name, position, artist_credit, id, tracklist, editpending) VALUES (300000, 6750267, 3336196, 8, 427385, 6750267, 597897, 0);
INSERT INTO track (length, recording, name, position, artist_credit, id, tracklist, editpending) VALUES (311000, 6750268, 1322242, 9, 427385, 6750268, 597897, 0);
INSERT INTO track (length, recording, name, position, artist_credit, id, tracklist, editpending) VALUES (272000, 6750269, 4013459, 10, 427385, 6750269, 597897, 0);
INSERT INTO track (length, recording, name, position, artist_credit, id, tracklist, editpending) VALUES (314000, 6750270, 760694, 11, 427385, 6750270, 597897, 0);
INSERT INTO track (length, recording, name, position, artist_credit, id, tracklist, editpending) VALUES (339000, 6750271, 891265, 12, 427385, 6750271, 597897, 0);
INSERT INTO medium (format, name, position, release, id, tracklist, editpending) VALUES (1, NULL, 1, 246898, 246898, 597897, 0);
INSERT INTO cdtoc (discid, leadoutoffset, degraded, trackoffset, trackcount, freedbid, id) VALUES ('75S7Yp3IiqPVREQhjAjMXPhwz0Y-', 281289, '0', '{150,27852,49751,75876,99845,120876,140765,165856,188422,211757,232229,255810}', 12, '7f0ea40c', 269350);
INSERT INTO medium_cdtoc (medium, id, cdtoc, editpending) VALUES (246898, 328959, 269350, 0);
INSERT INTO label_name (name, id) VALUES ('Planet Mu', 30096);
INSERT INTO label (country, sortname, labelcode, name, enddate_day, begindate_day, comment, begindate_year, begindate_month, enddate_year, type, id, editpending, enddate_month, gid) VALUES (221, 30096, NULL, 30096, NULL, NULL, NULL, 1995, NULL, NULL, 4, 132, 0, NULL, 'b4edce40-090f-4956-b82a-5d9d285da40b');
INSERT INTO label_name (name, id) VALUES ('Planet µ', 30072);
INSERT INTO label_alias (name, locale, label, id, editpending) VALUES (30072, NULL, 132, 99, 0);
INSERT INTO release_label (catno, label, release, id) VALUES ('ZIQ170CD', 132, 246898, 28776);
INSERT INTO release_name (name, id) VALUES ('Repercussions', 463036);
INSERT INTO release_group (comment, name, type, artist_credit, id, editpending, gid) VALUES (NULL, 463036, 2, 427385, 761939, 0, '56683a0b-45b8-3664-a231-5b68efe2e7e2');
INSERT INTO release (date_day, status, release_group, packaging, id, quality, country, script, language, name, artist_credit, barcode, comment, date_year, date_month, gid, editpending) VALUES (17, 1, 761939, NULL, 446581, -1, 221, 28, 120, 463036, 427385, NULL, NULL, 2008, 11, '3b3d130a-87a8-4a47-b9fb-920f2530d134', 0);
INSERT INTO tracklist (trackcount, id) VALUES (0, 761939);
INSERT INTO track_name (name, id) VALUES ('Magnesium', 2305824);
INSERT INTO recording (length, comment, name, artist_credit, id, editpending, gid) VALUES (308706, NULL, 2305824, 427385, 8509231, 0, '4f3321a6-7277-4c0e-808f-423b81e083e0');
INSERT INTO clientversion (version, id) VALUES ('MusicBrainz Picard-0.10', 194);
INSERT INTO puid (version, puid, id) VALUES (194, 'cd3710ed-dbaa-1e71-a6ad-27e8cdd58c98', 3015596);
INSERT INTO recording_puid (recording, puid, id, editpending) VALUES (8509231, 3015596, 3788564, 0);
INSERT INTO track_name (name, id) VALUES ('Out of Mind', 2773183);
INSERT INTO recording (length, comment, name, artist_credit, id, editpending, gid) VALUES (340626, NULL, 2773183, 427385, 8509232, 0, '1468c415-12bd-4fb9-b9e9-ca8d3f1df161');
INSERT INTO puid (version, puid, id) VALUES (194, '2c20b367-15a5-05ca-6131-91b43a57bd31', 3015600);
INSERT INTO recording_puid (recording, puid, id, editpending) VALUES (8509232, 3015600, 3788568, 0);
INSERT INTO track_name (name, id) VALUES ('Free Me', 1331394);
INSERT INTO recording (length, comment, name, artist_credit, id, editpending, gid) VALUES (326066, NULL, 1331394, 427385, 8509233, 0, '4abc57ff-035a-4612-9b53-6962f8216c9b');
INSERT INTO puid (version, puid, id) VALUES (194, 'adced382-ae08-9c84-d2de-31a051787242', 3015597);
INSERT INTO recording_puid (recording, puid, id, editpending) VALUES (8509233, 3015597, 3788565, 0);
INSERT INTO track_name (name, id) VALUES ('Koncrete', 2021860);
INSERT INTO recording (length, comment, name, artist_credit, id, editpending, gid) VALUES (340133, NULL, 2021860, 427385, 8509234, 0, 'cd836930-a4c7-45ac-821f-5642e99d4428');
INSERT INTO puid (version, puid, id) VALUES (194, '539d1944-201a-0d91-2780-0f7c37af0dbc', 3015603);
INSERT INTO recording_puid (recording, puid, id, editpending) VALUES (8509234, 3015603, 3788571, 0);
INSERT INTO track_name (name, id) VALUES ('Loosen My Grip', 2240657);
INSERT INTO recording (length, comment, name, artist_credit, id, editpending, gid) VALUES (353773, NULL, 2240657, 427385, 8509235, 0, 'cbd9e885-b160-4c3c-9b87-468914839d45');
INSERT INTO puid (version, puid, id) VALUES (194, 'fbcbefcd-7e67-3d05-3616-a63a2501c46d', 3015604);
INSERT INTO recording_puid (recording, puid, id, editpending) VALUES (8509235, 3015604, 3788572, 0);
INSERT INTO track_name (name, id) VALUES ('Repercussions', 3069280);
INSERT INTO recording (length, comment, name, artist_credit, id, editpending, gid) VALUES (296000, NULL, 3069280, 427385, 8509236, 0, '5a9d7af8-b149-4764-ad98-cf839a376a60');
INSERT INTO puid (version, puid, id) VALUES (194, '28d4c255-e64a-b33d-25a2-8b804dc63056', 3015599);
INSERT INTO recording_puid (recording, puid, id, editpending) VALUES (8509236, 3015599, 3788567, 0);
INSERT INTO track_name (name, id) VALUES ('Mirror Tell', 2438970);
INSERT INTO recording (length, comment, name, artist_credit, id, editpending, gid) VALUES (329026, NULL, 2438970, 427385, 8509237, 0, '7e97f000-b36d-463e-bc86-795999fc9146');
INSERT INTO puid (version, puid, id) VALUES (194, '98322fdf-2600-37d8-aa34-6074666b7a75', 3015605);
INSERT INTO recording_puid (recording, puid, id, editpending) VALUES (8509237, 3015605, 3788573, 0);
INSERT INTO track_name (name, id) VALUES ('Sending Chills', 3239155);
INSERT INTO recording (length, comment, name, artist_credit, id, editpending, gid) VALUES (295786, NULL, 3239155, 427385, 8509238, 0, 'f08c7c21-252b-46a3-9af1-ee53fb07fb56');
INSERT INTO puid (version, puid, id) VALUES (194, 'e9a78c04-f7b6-6bb3-bbc4-f8180d4169ba', 3015606);
INSERT INTO recording_puid (recording, puid, id, editpending) VALUES (8509238, 3015606, 3788574, 0);
INSERT INTO track_name (name, id) VALUES ('Skeleton Grin', 3338154);
INSERT INTO recording (length, comment, name, artist_credit, id, editpending, gid) VALUES (276373, NULL, 3338154, 427385, 8509239, 0, '9e57a454-076e-4c2f-91f5-7c95efd3e05e');
INSERT INTO puid (version, puid, id) VALUES (194, '6c5e8e69-ee9d-5c86-b349-369a7c7892be', 3015602);
INSERT INTO recording_puid (recording, puid, id, editpending) VALUES (8509239, 3015602, 3788570, 0);
INSERT INTO track (length, recording, name, position, artist_credit, id, tracklist, editpending) VALUES (308706, 8509231, 2305824, 1, 427385, 8509231, 761939, 0);
INSERT INTO track (length, recording, name, position, artist_credit, id, tracklist, editpending) VALUES (340626, 8509232, 2773183, 2, 427385, 8509232, 761939, 0);
INSERT INTO track (length, recording, name, position, artist_credit, id, tracklist, editpending) VALUES (326066, 8509233, 1331394, 3, 427385, 8509233, 761939, 0);
INSERT INTO track (length, recording, name, position, artist_credit, id, tracklist, editpending) VALUES (340133, 8509234, 2021860, 4, 427385, 8509234, 761939, 0);
INSERT INTO track (length, recording, name, position, artist_credit, id, tracklist, editpending) VALUES (353773, 8509235, 2240657, 5, 427385, 8509235, 761939, 0);
INSERT INTO track (length, recording, name, position, artist_credit, id, tracklist, editpending) VALUES (296000, 8509236, 3069280, 6, 427385, 8509236, 761939, 0);
INSERT INTO track (length, recording, name, position, artist_credit, id, tracklist, editpending) VALUES (329026, 8509237, 2438970, 7, 427385, 8509237, 761939, 0);
INSERT INTO track (length, recording, name, position, artist_credit, id, tracklist, editpending) VALUES (295786, 8509238, 3239155, 8, 427385, 8509238, 761939, 0);
INSERT INTO track (length, recording, name, position, artist_credit, id, tracklist, editpending) VALUES (276373, 8509239, 3338154, 9, 427385, 8509239, 761939, 0);
INSERT INTO tracklist (trackcount, id) VALUES (0, 778874);
INSERT INTO track_name (name, id) VALUES ('V', 4088543);
INSERT INTO recording (length, comment, name, artist_credit, id, editpending, gid) VALUES (355346, NULL, 4088543, 427385, 8692017, 0, 'a242aea7-7eff-41b2-9c83-a41f7e7b2c84');
INSERT INTO puid (version, puid, id) VALUES (194, '7e27f67d-8daf-e198-339e-7102b9b90889', 3015598);
INSERT INTO recording_puid (recording, puid, id, editpending) VALUES (8692017, 3015598, 3788566, 0);
INSERT INTO track_name (name, id) VALUES ('Headstrung', 1536749);
INSERT INTO recording (length, comment, name, artist_credit, id, editpending, gid) VALUES (209826, NULL, 1536749, 427385, 8692018, 0, '11536500-0baa-492d-a821-3075ed66a3bc');
INSERT INTO puid (version, puid, id) VALUES (194, '9b8605bc-47d0-e989-85b9-722ba91bba30', 3015607);
INSERT INTO recording_puid (recording, puid, id, editpending) VALUES (8692018, 3015607, 3788575, 0);
INSERT INTO track_name (name, id) VALUES ('Misfit', 2440657);
INSERT INTO recording (length, comment, name, artist_credit, id, editpending, gid) VALUES (291773, NULL, 2440657, 427385, 8692019, 0, '5c1b7a3d-89bd-408b-a0f5-3d7482c7dead');
INSERT INTO puid (version, puid, id) VALUES (194, '048c08fc-5cd9-cd80-7b11-56c1ec39c963', 3015595);
INSERT INTO recording_puid (recording, puid, id, editpending) VALUES (8692019, 3015595, 3788563, 0);
INSERT INTO track_name (name, id) VALUES ('Present Day', 2949164);
INSERT INTO recording (length, comment, name, artist_credit, id, editpending, gid) VALUES (350120, NULL, 2949164, 427385, 8692020, 0, 'f2f8c768-4a5a-48a8-a7e0-e3385870e7aa');
INSERT INTO puid (version, puid, id) VALUES (194, '5c8d3fe5-0875-a744-5f03-affd100b58ee', 3015608);
INSERT INTO recording_puid (recording, puid, id, editpending) VALUES (8692020, 3015608, 3788576, 0);
INSERT INTO track_name (name, id) VALUES ('Feel Me', 1246855);
INSERT INTO recording (length, comment, name, artist_credit, id, editpending, gid) VALUES (317733, NULL, 1246855, 427385, 8692021, 0, '14d5dfdb-6aa8-45a9-b2dd-bc5ed23e6211');
INSERT INTO puid (version, puid, id) VALUES (194, '58534bb7-3aa2-3625-82fd-f492fad54a7d', 3015601);
INSERT INTO recording_puid (recording, puid, id, editpending) VALUES (8692021, 3015601, 3788569, 0);
INSERT INTO track_name (name, id) VALUES ('Radical', 3015246);
INSERT INTO recording (length, comment, name, artist_credit, id, editpending, gid) VALUES (325720, NULL, 3015246, 427385, 8692022, 0, '4deca105-005e-442e-b60d-f0d04f7f4e9d');
INSERT INTO puid (version, puid, id) VALUES (194, '3b89a907-ffce-3528-09d0-74afe04a75c1', 3015594);
INSERT INTO recording_puid (recording, puid, id, editpending) VALUES (8692022, 3015594, 3788562, 0);
INSERT INTO track_name (name, id) VALUES ('No Sunshine', 2648422);
INSERT INTO recording (length, comment, name, artist_credit, id, editpending, gid) VALUES (334266, NULL, 2648422, 427385, 8692023, 0, 'de6d544e-914e-4f28-8f17-e83a1da7caa8');
INSERT INTO puid (version, puid, id) VALUES (194, '2695e862-3f12-8429-1653-5cc760e79f69', 3015609);
INSERT INTO recording_puid (recording, puid, id, editpending) VALUES (8692023, 3015609, 4103404, 0);
INSERT INTO track_name (name, id) VALUES ('Victim Support', 4123588);
INSERT INTO recording (length, comment, name, artist_credit, id, editpending, gid) VALUES (305600, NULL, 4123588, 427385, 8692024, 0, 'd96d5cc7-7c31-4b4a-b38a-7d8bab3725f4');
INSERT INTO puid (version, puid, id) VALUES (194, 'aa995700-804a-119c-13c3-34e6b55d557f', 3015593);
INSERT INTO recording_puid (recording, puid, id, editpending) VALUES (8692024, 3015593, 3788561, 0);
INSERT INTO track_name (name, id) VALUES ('Battle Sequence', 381989);
INSERT INTO recording (length, comment, name, artist_credit, id, editpending, gid) VALUES (286186, NULL, 381989, 427385, 8692025, 0, '3f7ea9f9-1a8e-4f30-bcf4-54f79d0f7417');
INSERT INTO puid (version, puid, id) VALUES (194, '56b6c133-f4d9-a119-3f80-701444979262', 3015610);
INSERT INTO recording_puid (recording, puid, id, editpending) VALUES (8692025, 3015610, 3788578, 0);
INSERT INTO track (length, recording, name, position, artist_credit, id, tracklist, editpending) VALUES (355346, 8692017, 4088543, 1, 427385, 8692017, 778874, 0);
INSERT INTO track (length, recording, name, position, artist_credit, id, tracklist, editpending) VALUES (209826, 8692018, 1536749, 2, 427385, 8692018, 778874, 0);
INSERT INTO track (length, recording, name, position, artist_credit, id, tracklist, editpending) VALUES (291773, 8692019, 2440657, 3, 427385, 8692019, 778874, 0);
INSERT INTO track (length, recording, name, position, artist_credit, id, tracklist, editpending) VALUES (350120, 8692020, 2949164, 4, 427385, 8692020, 778874, 0);
INSERT INTO track (length, recording, name, position, artist_credit, id, tracklist, editpending) VALUES (317733, 8692021, 1246855, 5, 427385, 8692021, 778874, 0);
INSERT INTO track (length, recording, name, position, artist_credit, id, tracklist, editpending) VALUES (325720, 8692022, 3015246, 6, 427385, 8692022, 778874, 0);
INSERT INTO track (length, recording, name, position, artist_credit, id, tracklist, editpending) VALUES (334266, 8692023, 2648422, 7, 427385, 8692023, 778874, 0);
INSERT INTO track (length, recording, name, position, artist_credit, id, tracklist, editpending) VALUES (305600, 8692024, 4123588, 8, 427385, 8692024, 778874, 0);
INSERT INTO track (length, recording, name, position, artist_credit, id, tracklist, editpending) VALUES (286186, 8692025, 381989, 9, 427385, 8692025, 778874, 0);
INSERT INTO medium (format, name, position, release, id, tracklist, editpending) VALUES (1, NULL, 1, 446581, 446581, 761939, 0);
INSERT INTO medium (format, name, position, release, id, tracklist, editpending) VALUES (1, 'Chestplate Singles', 2, 446581, 467794, 778874, 0);
INSERT INTO cdtoc (discid, leadoutoffset, degraded, trackoffset, trackcount, freedbid, id) VALUES ('93K4ogyxWlv522XF0BG8fZOuay4-', 215137, '0', '{150,23303,48850,73305,98815,125348,147548,172225,194409}', 9, '800b3209', 281138);
INSERT INTO medium_cdtoc (medium, id, cdtoc, editpending) VALUES (446581, 315470, 281138, 0);
INSERT INTO cdtoc (discid, leadoutoffset, degraded, trackoffset, trackcount, freedbid, id) VALUES ('VnL0A7ksXznBxvZ94H3Z61EZY3k-', 208393, '0', '{150,26801,42538,64421,90680,114510,138939,164009,186929}', 9, '840ad809', 281139);
INSERT INTO medium_cdtoc (medium, id, cdtoc, editpending) VALUES (467794, 133777, 281139, 0);
INSERT INTO release_label (catno, label, release, id) VALUES ('ZIQ221CD', 132, 446581, 91692);
INSERT INTO release_name (name, id) VALUES ('the Love Bug', 584119);
INSERT INTO artist_name (name, id) VALUES ('m-flo', 498451);
INSERT INTO artist_credit (artistcount, refcount, name, id) VALUES (1, 738, 498451, 135345);
INSERT INTO artist (country, sortname, name, enddate_day, begindate_day, comment, begindate_year, begindate_month, enddate_year, type, id, editpending, gender, enddate_month, gid) VALUES (NULL, 498451, 498451, NULL, NULL, NULL, 1998, NULL, NULL, 2, 135345, 0, NULL, NULL, '22dd2db3-88ea-4428-a7a8-5cd3acf23175');
INSERT INTO artist_name (name, id) VALUES ('えむふろう', 3815);
INSERT INTO artist_name (name, id) VALUES ('エムフロウ', 3959);
INSERT INTO artist_name (name, id) VALUES ('mediarite-flow crew', 493015);
INSERT INTO artist_name (name, id) VALUES ('meteorite-flow crew', 497734);
INSERT INTO artist_name (name, id) VALUES ('mflo', 498450);
INSERT INTO artist_name (name, id) VALUES ('m-flow', 498526);
INSERT INTO artist_alias (artist, name, locale, id, editpending) VALUES (135345, 3815, NULL, 30045, 0);
INSERT INTO artist_alias (artist, name, locale, id, editpending) VALUES (135345, 3959, NULL, 30046, 0);
INSERT INTO artist_alias (artist, name, locale, id, editpending) VALUES (135345, 493015, NULL, 30047, 0);
INSERT INTO artist_alias (artist, name, locale, id, editpending) VALUES (135345, 497734, NULL, 30048, 0);
INSERT INTO artist_alias (artist, name, locale, id, editpending) VALUES (135345, 498450, NULL, 30049, 0);
INSERT INTO artist_alias (artist, name, locale, id, editpending) VALUES (135345, 498526, NULL, 30050, 0);
INSERT INTO artist_credit_name (artist, name, position, artist_credit, joinphrase) VALUES (135345, 498451, 0, 135345, NULL);
INSERT INTO release_group (comment, name, type, artist_credit, id, editpending, gid) VALUES (NULL, 584119, 3, 135345, 403214, 0, '153f0a09-fead-3370-9b17-379ebd09446b');
INSERT INTO release (date_day, status, release_group, packaging, id, quality, country, script, language, name, artist_credit, barcode, comment, date_year, date_month, gid, editpending) VALUES (17, 1, 403214, NULL, 59662, -1, 107, 28, 120, 584119, 135345, '4988064451180', NULL, 2004, 3, 'aff4a693-5970-4e2e-bd46-e2ee49c22de7', 0);
INSERT INTO tracklist (trackcount, id) VALUES (0, 403214);
INSERT INTO track_name (name, id) VALUES ('the Love Bug', 3780141);
INSERT INTO artist_name (name, id) VALUES ('m-flo♥BoA', 498460);
INSERT INTO artist_credit (artistcount, refcount, name, id) VALUES (2, 16, 498460, 711970);
INSERT INTO artist_name (name, id) VALUES ('BoA', 90342);
INSERT INTO artist (country, sortname, name, enddate_day, begindate_day, comment, begindate_year, begindate_month, enddate_year, type, id, editpending, gender, enddate_month, gid) VALUES (NULL, 90342, 90342, NULL, 5, NULL, 1986, 11, NULL, 1, 9496, 0, NULL, NULL, 'a16d1433-ba89-4f72-a47b-a370add0bb55');
INSERT INTO artist_name (name, id) VALUES ('ボア', 183);
INSERT INTO artist_name (name, id) VALUES ('보아', 266);
INSERT INTO artist_name (name, id) VALUES ('Beat of Angel', 69667);
INSERT INTO artist_name (name, id) VALUES ('BoA Kwon', 90357);
INSERT INTO artist_name (name, id) VALUES ('Kwon BoA', 420833);
INSERT INTO artist_alias (artist, name, locale, id, editpending) VALUES (9496, 183, NULL, 5236, 0);
INSERT INTO artist_alias (artist, name, locale, id, editpending) VALUES (9496, 266, NULL, 5237, 0);
INSERT INTO artist_alias (artist, name, locale, id, editpending) VALUES (9496, 69667, NULL, 5238, 0);
INSERT INTO artist_alias (artist, name, locale, id, editpending) VALUES (9496, 90357, NULL, 5239, 0);
INSERT INTO artist_alias (artist, name, locale, id, editpending) VALUES (9496, 420833, NULL, 5240, 0);
INSERT INTO artist_credit_name (artist, name, position, artist_credit, joinphrase) VALUES (135345, 498451, 0, 711970, '♥');
INSERT INTO artist_credit_name (artist, name, position, artist_credit, joinphrase) VALUES (9496, 90342, 1, 711970, NULL);
INSERT INTO recording (length, comment, name, artist_credit, id, editpending, gid) VALUES (242226, NULL, 3780141, 711970, 4525123, 0, '0cf3008f-e246-428f-abc1-35f87d584d60');
INSERT INTO puid (version, puid, id) VALUES (140, 'f58d85a3-e905-51ed-0c12-4849d7e6c750', 1512107);
INSERT INTO puid (version, puid, id) VALUES (246, '4d963c66-40d5-f865-268c-e49190604825', 3962132);
INSERT INTO recording_puid (recording, puid, id, editpending) VALUES (4525123, 1512107, 3498812, 0);
INSERT INTO recording_puid (recording, puid, id, editpending) VALUES (4525123, 3962132, 5005070, 0);
INSERT INTO track_name (name, id) VALUES ('the Love Bug (Big Bug NYC remix)', 3780143);
INSERT INTO recording (length, comment, name, artist_credit, id, editpending, gid) VALUES (222000, NULL, 3780143, 711970, 4525010, 0, '84c98ebf-5d40-4a29-b7b2-0e9c26d9061d');
INSERT INTO puid (version, puid, id) VALUES (140, 'd4b7bf96-e36b-a321-3791-8567ae14c7c1', 1512108);
INSERT INTO recording_puid (recording, puid, id, editpending) VALUES (4525010, 1512108, 1892457, 0);
INSERT INTO track_name (name, id) VALUES ('the Love Bug (cover)', 3780146);
INSERT INTO artist_name (name, id) VALUES ('BAGDAD CAFE THE trench town', 60092);
INSERT INTO artist_credit (artistcount, refcount, name, id) VALUES (1, 51, 60092, 283833);
INSERT INTO artist (country, sortname, name, enddate_day, begindate_day, comment, begindate_year, begindate_month, enddate_year, type, id, editpending, gender, enddate_month, gid) VALUES (NULL, 60092, 60092, NULL, NULL, NULL, NULL, NULL, NULL, NULL, 283833, 0, NULL, NULL, '97fa3f6e-557c-4227-bc0e-95a7f9f3285d');
INSERT INTO artist_credit_name (artist, name, position, artist_credit, joinphrase) VALUES (283833, 60092, 0, 283833, NULL);
INSERT INTO recording (length, comment, name, artist_credit, id, editpending, gid) VALUES (333000, NULL, 3780146, 283833, 4525011, 0, '3f33fc37-43d0-44dc-bfd6-60efd38810c5');
INSERT INTO puid (version, puid, id) VALUES (174, '37ef1d1f-610f-aa23-9b5f-cca82ed8007e', 1951547);
INSERT INTO recording_puid (recording, puid, id, editpending) VALUES (4525011, 1951547, 2435947, 0);
INSERT INTO track (length, recording, name, position, artist_credit, id, tracklist, editpending) VALUES (243000, 4525123, 3780141, 1, 711970, 4525009, 403214, 0);
INSERT INTO track (length, recording, name, position, artist_credit, id, tracklist, editpending) VALUES (222000, 4525010, 3780143, 2, 711970, 4525010, 403214, 0);
INSERT INTO track (length, recording, name, position, artist_credit, id, tracklist, editpending) VALUES (333000, 4525011, 3780146, 3, 283833, 4525011, 403214, 0);
INSERT INTO medium (format, name, position, release, id, tracklist, editpending) VALUES (1, NULL, 1, 59662, 59662, 403214, 0);
INSERT INTO label_name (name, id) VALUES ('rhythm zone', 33110);
INSERT INTO label (country, sortname, labelcode, name, enddate_day, begindate_day, comment, begindate_year, begindate_month, enddate_year, type, id, editpending, enddate_month, gid) VALUES (107, 33110, NULL, 33110, NULL, NULL, NULL, NULL, NULL, NULL, 4, 2882, 0, NULL, '72a46579-e9a0-405a-8ee1-e6e6b63b8212');
INSERT INTO label_name (name, id) VALUES ('rythm zone', 34052);
INSERT INTO label_alias (name, locale, label, id, editpending) VALUES (34052, NULL, 2882, 866, 0);
INSERT INTO release_label (catno, label, release, id) VALUES ('RZCD-45118', 2882, 59662, 337698);

COMMIT;

