-- Generated by ../../script/webservice_test_data.pl

SET client_min_messages TO 'warning';

TRUNCATE release_group_primary_type CASCADE;
TRUNCATE release_status CASCADE;

INSERT INTO release_group_primary_type (name, id) VALUES ('Single', 2);
INSERT INTO release_name (name, id) VALUES ('サマーれげぇ!レインボー', 437020);
INSERT INTO artist_name (name, id) VALUES ('7人祭', 108545);
INSERT INTO artist_credit (created, name, ref_count, artist_count, id) VALUES ('2011-01-18 17:24:02.551922+01', 108545, 32, 1, 265420);
INSERT INTO artist_name (name, id) VALUES ('7nin Matsuri', 531966);
INSERT INTO artist_type (name, id) VALUES ('Group', 2);
INSERT INTO artist (edits_pending, ended, id, sort_name, gender, country, begin_date_day, last_updated, name, begin_date_year, end_date_day, comment, begin_date_month, end_date_month, type, end_date_year, gid) VALUES (0, '0', 265420, 531966, NULL, NULL, NULL, NULL, 108545, NULL, NULL, '', NULL, NULL, 2, NULL, '802673f0-9b88-4e8a-bb5c-dd01d68b086f');
INSERT INTO artist_name (name, id) VALUES ('7닌마츠리', 813013);
INSERT INTO artist_name (name, id) VALUES ('ななにんまつり', 60317);
INSERT INTO artist_name (name, id) VALUES ('7 nin matsuri', 781713);
INSERT INTO artist_alias (begin_date_day, last_updated, primary_for_locale, name, edits_pending, locale, begin_date_year, artist, end_date_day, begin_date_month, end_date_month, id, type, end_date_year, sort_name) VALUES (NULL, '2011-01-18 16:20:17.74049+01', '0', 813013, 0, NULL, NULL, 265420, NULL, NULL, NULL, 34039, NULL, NULL, 813013);
INSERT INTO artist_alias (begin_date_day, last_updated, primary_for_locale, name, edits_pending, locale, begin_date_year, artist, end_date_day, begin_date_month, end_date_month, id, type, end_date_year, sort_name) VALUES (NULL, '2011-01-18 16:20:17.74049+01', '0', 60317, 0, NULL, NULL, 265420, NULL, NULL, NULL, 34038, NULL, NULL, 60317);
INSERT INTO artist_alias (begin_date_day, last_updated, primary_for_locale, name, edits_pending, locale, begin_date_year, artist, end_date_day, begin_date_month, end_date_month, id, type, end_date_year, sort_name) VALUES (NULL, '2011-01-18 16:20:17.74049+01', '0', 531966, 0, NULL, NULL, 265420, NULL, NULL, NULL, 29643, NULL, NULL, 531966);
INSERT INTO artist_alias (begin_date_day, last_updated, primary_for_locale, name, edits_pending, locale, begin_date_year, artist, end_date_day, begin_date_month, end_date_month, id, type, end_date_year, sort_name) VALUES (NULL, '2011-01-18 16:20:17.74049+01', '0', 781713, 0, NULL, NULL, 265420, NULL, NULL, NULL, 34037, NULL, NULL, 781713);
UPDATE artist_meta SET rating_count = NULL, rating = NULL WHERE id = 265420;
INSERT INTO artist_credit_name (join_phrase, artist, name, position, artist_credit) VALUES ('', 265420, 108545, 0, 265420);
INSERT INTO release_group (last_updated, comment, name, edits_pending, type, artist_credit, id, gid) VALUES ('2009-05-24 22:47:00.490177+02', '', 437020, 0, 2, 265420, 377462, 'b84625af-6229-305f-9f1b-59c0185df016');
INSERT INTO release_status (name, id) VALUES ('Pseudo-Release', 4);
INSERT INTO country (iso_code, name, id) VALUES ('JP', 'Japan', 107);
INSERT INTO language (frequency, iso_code_1, iso_code_3, name, iso_code_2t, id, iso_code_2b) VALUES (2, 'ja', 'jpn', 'Japanese', 'jpn', 198, 'jpn');
INSERT INTO script (frequency, iso_code, name, iso_number, id) VALUES (4, 'Latn', 'Latin', '215', 28);
INSERT INTO release_name (name, id) VALUES ('Summer Reggae! Rainbow', 578463);
INSERT INTO release_status (name, id) VALUES ('Official', 1);
INSERT INTO script (frequency, iso_code, name, iso_number, id) VALUES (4, 'Jpan', 'Japanese', '413', 85);
INSERT INTO release (date_day, status, release_group, edits_pending, packaging, id, quality, country, last_updated, script, language, name, artist_credit, barcode, comment, date_year, date_month, gid) VALUES (4, 4, 377462, 0, NULL, 123054, -1, 107, NULL, 28, 198, 578463, 265420, '4942463511227', '', 2001, 7, 'b3b7e934-445b-4c68-a097-730c6a6d47e6');
INSERT INTO release (date_day, status, release_group, edits_pending, packaging, id, quality, country, last_updated, script, language, name, artist_credit, barcode, comment, date_year, date_month, gid) VALUES (4, 1, 377462, 0, NULL, 49161, -1, 107, NULL, 85, 198, 437020, 265420, '4942463511227', '', 2001, 7, '0385f276-5f4f-4c81-a7a4-6bd7b8d85a7e');
INSERT INTO medium_format (parent, name, has_discids, id, year, child_order) VALUES (NULL, 'CD', '1', 1, 1982, 0);
INSERT INTO medium (last_updated, name, position, track_count, edits_pending, release, format, id) VALUES ('2013-03-07 16:53:07.18794+01', NULL, 1, 3, 0, 123054, 1, 123054);
INSERT INTO cdtoc (created, discid, track_offset, degraded, leadout_offset, track_count, id, freedb_id) VALUES ('2011-01-18 16:21:33.71184+01', 'W01Qvrvwkaz2Cm.IQm55_RHoRxs-', '{150,22352,38335}', '0', 60295, 3, 129807, '1c032103');
INSERT INTO medium_cdtoc (last_updated, medium, edits_pending, id, cdtoc) VALUES ('2011-01-18 16:21:33.71184+01', 123054, 0, 117662, 129807);
INSERT INTO track_name (name, id) VALUES ('Summer Reggae! Rainbow', 2961251);
INSERT INTO track_name (name, id) VALUES ('サマーれげぇ!レインボー', 3980763);
INSERT INTO recording (last_updated, name, edits_pending, artist_credit, length, comment, id, gid) VALUES (NULL, 3980763, 0, 265420, 296026, '', 4223059, '162630d9-36d2-4a8d-ade1-1c77440b34e7');
INSERT INTO clientversion (created, version, id) VALUES ('2011-01-18 16:21:33.71184+01', 'puid_submit.py-0.0.1', 130);
INSERT INTO puid (version, puid, id) VALUES (130, 'cdec3fe2-0473-073c-3cbb-bfb0c01a87ff', 679814);
INSERT INTO recording_puid (created, recording, puid, edits_pending, id) VALUES ('2011-01-18 16:56:00.408782+01', 4223059, 679814, 0, 5333297);
INSERT INTO isrc (created, source, recording, isrc, edits_pending, id) VALUES ('2011-01-18 16:56:00.408782+01', 0, 4223059, 'JPA600102450', 0, 4255);
UPDATE recording_meta SET rating_count = NULL, rating = NULL WHERE id = 4223059;
INSERT INTO track_name (name, id) VALUES ('Hello! Mata Aou Ne (7nin Matsuri version)', 3234257);
INSERT INTO track_name (name, id) VALUES ('HELLO! また会おうね (7人祭 version)', 4804827);
INSERT INTO recording (last_updated, name, edits_pending, artist_credit, length, comment, id, gid) VALUES (NULL, 4804827, 0, 265420, 213106, '', 4223060, '487cac92-eed5-4efa-8563-c9a818079b9a');
INSERT INTO puid (version, puid, id) VALUES (130, '251bd265-84c7-ed8f-aecf-1d9918582399', 679811);
INSERT INTO recording_puid (created, recording, puid, edits_pending, id) VALUES ('2011-01-18 16:56:00.408782+01', 4223060, 679811, 0, 872162);
INSERT INTO isrc (created, source, recording, isrc, edits_pending, id) VALUES ('2011-01-18 16:56:00.408782+01', 0, 4223060, 'JPA600102460', 0, 4256);
UPDATE recording_meta SET rating_count = NULL, rating = NULL WHERE id = 4223060;
INSERT INTO track_name (name, id) VALUES ('Summer Reggae! Rainbow (Instrumental)', 3907643);
INSERT INTO track_name (name, id) VALUES ('サマーれげぇ!レインボー (instrumental)', 607438);
INSERT INTO recording (last_updated, name, edits_pending, artist_credit, length, comment, id, gid) VALUES (NULL, 607438, 0, 265420, 292800, '', 4223061, 'eb818aa4-d472-4d2b-b1a9-7fe5f1c7d26e');
INSERT INTO clientversion (created, version, id) VALUES ('2011-01-18 16:21:33.71184+01', 'MusicBrainz Picard-0.7.0', 134);
INSERT INTO puid (version, puid, id) VALUES (134, '7b8a868f-1e67-852b-5141-ad1edfb1e492', 857414);
INSERT INTO recording_puid (created, recording, puid, edits_pending, id) VALUES ('2011-01-18 16:56:00.408782+01', 4223061, 857414, 0, 1089480);
INSERT INTO isrc (created, source, recording, isrc, edits_pending, id) VALUES ('2011-01-18 16:56:00.408782+01', 0, 4223061, 'JPA600102459', 0, 4257);
UPDATE recording_meta SET rating_count = NULL, rating = NULL WHERE id = 4223061;
INSERT INTO track (last_updated, number, recording, name, position, edits_pending, artist_credit, length, medium, id, gid) VALUES ('2013-03-07 16:53:06.647156+01', '1', 4223059, 2961251, 1, 0, 265420, 296026, 123054, 5590796, '471bda22-26e4-441e-8969-6bff10de2def');
INSERT INTO track (last_updated, number, recording, name, position, edits_pending, artist_credit, length, medium, id, gid) VALUES ('2013-03-07 16:53:06.647156+01', '2', 4223060, 3234257, 2, 0, 265420, 213106, 123054, 5590797, '884f56e7-52fe-42eb-85a9-f94ee7090f2f');
INSERT INTO track (last_updated, number, recording, name, position, edits_pending, artist_credit, length, medium, id, gid) VALUES ('2013-03-07 16:53:06.647156+01', '3', 4223061, 3907643, 3, 0, 265420, 292800, 123054, 5590798, '23e95149-cdc4-4657-aed1-573eaf842d38');
INSERT INTO label_type (name, id) VALUES ('Original Production', 4);
INSERT INTO label_name (name, id) VALUES ('zetima', 48822);
INSERT INTO label (label_code, edits_pending, ended, id, sort_name, country, begin_date_day, last_updated, name, begin_date_year, end_date_day, comment, begin_date_month, end_date_month, type, end_date_year, gid) VALUES (NULL, 1, '0', 381, 48822, 107, NULL, '2011-02-03 19:27:17.336777+01', 48822, NULL, NULL, '', NULL, NULL, 4, NULL, '6bb73458-6c5f-4c26-8367-66fcef562955');
INSERT INTO label_name (name, id) VALUES ('ゼティマ', 52935);
INSERT INTO label_alias (begin_date_day, last_updated, primary_for_locale, name, edits_pending, locale, begin_date_year, end_date_day, begin_date_month, end_date_month, id, label, type, end_date_year, sort_name) VALUES (NULL, '2011-02-03 19:27:17.336777+01', '0', 52935, 1, NULL, NULL, NULL, NULL, NULL, 4906, 381, NULL, NULL, 52935);
UPDATE label_meta SET rating_count = NULL, rating = NULL WHERE id = 381;
INSERT INTO release_label (last_updated, catalog_number, label, release, id) VALUES ('2011-01-18 16:52:02.917556+01', 'EPCE-5112', 381, 123054, 155396);
UPDATE release_meta SET amazon_asin = 'B00005LA6G', info_url = 'http://www.amazon.co.jp/gp/product/B00005LA6G', date_added = '2006-03-18 08:45:41.990026+01', cover_art_presence = 'absent', amazon_store = NULL WHERE id = 123054;
INSERT INTO medium (last_updated, name, position, track_count, edits_pending, release, format, id) VALUES ('2013-03-07 16:53:07.18794+01', NULL, 1, 3, 0, 49161, 1, 49161);
INSERT INTO medium_cdtoc (last_updated, medium, edits_pending, id, cdtoc) VALUES ('2011-01-18 16:21:33.71184+01', 49161, 0, 68408, 129807);
INSERT INTO track (last_updated, number, recording, name, position, edits_pending, artist_credit, length, medium, id, gid) VALUES ('2013-03-07 16:53:06.647156+01', '1', 4223059, 3980763, 1, 0, 265420, 296026, 49161, 4223059, '3c76c630-99f2-4298-a8ac-49a27d73b78a');
INSERT INTO track (last_updated, number, recording, name, position, edits_pending, artist_credit, length, medium, id, gid) VALUES ('2013-03-07 16:53:06.647156+01', '2', 4223060, 4804827, 2, 0, 265420, 213106, 49161, 4223060, 'b75ce41e-92dc-4e55-ae51-a08b20750f5b');
INSERT INTO track (last_updated, number, recording, name, position, edits_pending, artist_credit, length, medium, id, gid) VALUES ('2013-03-07 16:53:06.647156+01', '3', 4223061, 607438, 3, 0, 265420, 292800, 49161, 4223061, 'ebd58a84-c7cc-4d2f-b965-d1f5d888808f');
INSERT INTO release_label (last_updated, catalog_number, label, release, id) VALUES ('2011-01-18 16:52:02.917556+01', 'EPCE-5112', 381, 49161, 127218);
UPDATE release_meta SET amazon_asin = 'B00005LA6G', info_url = 'http://www.amazon.co.jp/gp/product/B00005LA6G', date_added = '2005-07-09 08:10:18.57297+02', cover_art_presence = 'absent', amazon_store = NULL WHERE id = 49161;
UPDATE release_group_meta SET first_release_date_month = 7, rating_count = NULL, first_release_date_year = 2001, release_count = 2, rating = NULL, first_release_date_day = 4 WHERE id = 377462;
INSERT INTO release_group_primary_type (name, id) VALUES ('Album', 1);
INSERT INTO release_name (name, id) VALUES ('For Beginner Piano', 694423);
INSERT INTO artist_name (name, id) VALUES ('Plone', 602704);
INSERT INTO artist_credit (created, name, ref_count, artist_count, id) VALUES ('2011-01-18 17:24:02.551922+01', 602704, 135, 1, 11545);
INSERT INTO artist (edits_pending, ended, id, sort_name, gender, country, begin_date_day, last_updated, name, begin_date_year, end_date_day, comment, begin_date_month, end_date_month, type, end_date_year, gid) VALUES (0, '0', 11545, 602704, NULL, NULL, NULL, NULL, 602704, NULL, NULL, '', NULL, NULL, 2, NULL, '3088b672-fba9-4b4b-8ae0-dce13babfbb4');
UPDATE artist_meta SET rating_count = 2, rating = 70 WHERE id = 11545;
INSERT INTO artist_credit_name (join_phrase, artist, name, position, artist_credit) VALUES ('', 11545, 602704, 0, 11545);
INSERT INTO release_group (last_updated, comment, name, edits_pending, type, artist_credit, id, gid) VALUES ('2009-05-24 22:47:00.490177+02', '', 694423, 0, 1, 11545, 155364, '202cad78-a2e1-3fa7-b8bc-77c1f737e3da');
INSERT INTO country (iso_code, name, id) VALUES ('GB', 'United Kingdom', 221);
INSERT INTO language (frequency, iso_code_1, iso_code_3, name, iso_code_2t, id, iso_code_2b) VALUES (2, 'en', 'eng', 'English', 'eng', 120, 'eng');
INSERT INTO country (iso_code, name, id) VALUES ('US', 'United States', 222);
INSERT INTO release (date_day, status, release_group, edits_pending, packaging, id, quality, country, last_updated, script, language, name, artist_credit, barcode, comment, date_year, date_month, gid) VALUES (13, 1, 155364, 0, NULL, 654729, -1, 221, '2010-02-22 03:01:29.413661+01', 28, 120, 694423, 11545, '', '', 1999, 9, 'dd66bfdd-6097-32e3-91b6-67f47ba25d4c');
INSERT INTO release (date_day, status, release_group, edits_pending, packaging, id, quality, country, last_updated, script, language, name, artist_credit, barcode, comment, date_year, date_month, gid) VALUES (23, 1, 155364, 0, NULL, 243064, -1, 222, '2010-02-22 03:01:29.413661+01', 28, 120, 694423, 11545, NULL, '', 1999, 9, 'fbe4eb72-0f24-3875-942e-f581589713d4');
INSERT INTO release (date_day, status, release_group, edits_pending, packaging, id, quality, country, last_updated, script, language, name, artist_credit, barcode, comment, date_year, date_month, gid) VALUES (13, 1, 155364, 0, NULL, 24752, -1, 221, '2010-02-22 03:01:29.413661+01', 28, 120, 694423, 11545, '5021603064126', '', 1999, 9, '4f5a6b97-a09b-4893-80d1-eae1f3bfa221');
INSERT INTO medium_format (parent, name, has_discids, id, year, child_order) VALUES (NULL, 'Vinyl', '0', 7, 1895, 1);
INSERT INTO medium (last_updated, name, position, track_count, edits_pending, release, format, id) VALUES ('2013-03-07 16:53:07.18794+01', NULL, 1, 10, 0, 654729, 7, 654729);
INSERT INTO track_name (name, id) VALUES ('On My Bus', 4055356);
INSERT INTO recording (last_updated, name, edits_pending, artist_credit, length, comment, id, gid) VALUES (NULL, 4055356, 0, 11545, 267560, '', 1542682, '44704dda-b877-4551-a2a8-c1f764476e65');
INSERT INTO clientversion (created, version, id) VALUES ('2011-01-18 16:21:33.71184+01', 'unknown', 1);
INSERT INTO puid (version, puid, id) VALUES (1, '138f0487-85eb-5fe9-355d-9b94a60ff1dc', 86037);
INSERT INTO puid (version, puid, id) VALUES (1, '59963809-99c6-86c8-246a-85c1779bed07', 310223);
INSERT INTO recording_puid (created, recording, puid, edits_pending, id) VALUES ('2011-01-18 16:56:00.408782+01', 1542682, 86037, 0, 4464373);
INSERT INTO recording_puid (created, recording, puid, edits_pending, id) VALUES ('2011-01-18 16:56:00.408782+01', 1542682, 310223, 0, 399193);
UPDATE recording_meta SET rating_count = NULL, rating = NULL WHERE id = 1542682;
INSERT INTO track_name (name, id) VALUES ('Top & Low Rent', 4885949);
INSERT INTO recording (last_updated, name, edits_pending, artist_credit, length, comment, id, gid) VALUES (NULL, 4885949, 0, 11545, 230506, '', 1542683, '8920288e-7541-48a7-b23b-f80447c8b1ab');
INSERT INTO puid (version, puid, id) VALUES (1, '1d8cf2de-4e31-2043-cbb2-9d61d000e5da', 129843);
INSERT INTO puid (version, puid, id) VALUES (1, '45aa205f-1fdb-b441-a97b-17d95c786cc0', 272070);
INSERT INTO recording_puid (created, recording, puid, edits_pending, id) VALUES ('2011-01-18 16:56:00.408782+01', 1542683, 129843, 0, 4464424);
INSERT INTO recording_puid (created, recording, puid, edits_pending, id) VALUES ('2011-01-18 16:56:00.408782+01', 1542683, 272070, 0, 350047);
UPDATE recording_meta SET rating_count = NULL, rating = NULL WHERE id = 1542683;
INSERT INTO track_name (name, id) VALUES ('Plock', 536377);
INSERT INTO recording (last_updated, name, edits_pending, artist_credit, length, comment, id, gid) VALUES (NULL, 536377, 0, 11545, 237133, '', 1542684, '6e89c516-b0b6-4735-a758-38e31855dcb6');
INSERT INTO puid (version, puid, id) VALUES (1, 'e21f9f94-85cd-5e40-d158-0cea7e4b5877', 571418);
INSERT INTO recording_puid (created, recording, puid, edits_pending, id) VALUES ('2011-01-18 16:56:00.408782+01', 1542684, 86037, 0, 110914);
INSERT INTO recording_puid (created, recording, puid, edits_pending, id) VALUES ('2011-01-18 16:56:00.408782+01', 1542684, 571418, 0, 4464385);
UPDATE recording_meta SET rating_count = NULL, rating = NULL WHERE id = 1542684;
INSERT INTO track_name (name, id) VALUES ('Marbles', 2924479);
INSERT INTO recording (last_updated, name, edits_pending, artist_credit, length, comment, id, gid) VALUES (NULL, 2924479, 0, 11545, 229826, '', 1542685, '791d9b27-ae1a-4295-8943-ded4284f2122');
INSERT INTO puid (version, puid, id) VALUES (1, '53760233-32b0-09f6-131d-5f796ffd4b52', 298486);
INSERT INTO recording_puid (created, recording, puid, edits_pending, id) VALUES ('2011-01-18 16:56:00.408782+01', 1542685, 272070, 0, 4464398);
INSERT INTO recording_puid (created, recording, puid, edits_pending, id) VALUES ('2011-01-18 16:56:00.408782+01', 1542685, 298486, 0, 384117);
UPDATE recording_meta SET rating_count = NULL, rating = NULL WHERE id = 1542685;
INSERT INTO track_name (name, id) VALUES ('Busy Working', 3494002);
INSERT INTO recording (last_updated, name, edits_pending, artist_credit, length, comment, id, gid) VALUES (NULL, 3494002, 0, 11545, 217440, '', 1542686, '4f392ffb-d3df-4f8a-ba74-fdecbb1be877');
INSERT INTO recording_puid (created, recording, puid, edits_pending, id) VALUES ('2011-01-18 16:56:00.408782+01', 1542686, 129843, 0, 167018);
UPDATE recording_meta SET rating_count = NULL, rating = NULL WHERE id = 1542686;
INSERT INTO track_name (name, id) VALUES ('The Greek Alphabet', 2435409);
INSERT INTO recording (last_updated, name, edits_pending, artist_credit, length, comment, id, gid) VALUES (NULL, 2435409, 0, 11545, 227293, '', 1542687, 'dc891eca-bf42-4103-8682-86068fe732a5');
INSERT INTO puid (version, puid, id) VALUES (1, 'a8c39df5-8d8c-0cce-1538-2760ad1bbb1c', 461612);
INSERT INTO recording_puid (created, recording, puid, edits_pending, id) VALUES ('2011-01-18 16:56:00.408782+01', 1542687, 461612, 0, 594011);
UPDATE recording_meta SET rating_count = NULL, rating = NULL WHERE id = 1542687;
INSERT INTO track_name (name, id) VALUES ('Press a Key', 4607669);
INSERT INTO recording (last_updated, name, edits_pending, artist_credit, length, comment, id, gid) VALUES (NULL, 4607669, 0, 11545, 244506, '', 1542688, '25e9ae0f-8b7d-4230-9cde-9a07f7680e4a');
INSERT INTO recording_puid (created, recording, puid, edits_pending, id) VALUES ('2011-01-18 16:56:00.408782+01', 1542688, 571418, 0, 734736);
UPDATE recording_meta SET rating_count = NULL, rating = NULL WHERE id = 1542688;
INSERT INTO track_name (name, id) VALUES ('Bibi Plone', 4194590);
INSERT INTO recording (last_updated, name, edits_pending, artist_credit, length, comment, id, gid) VALUES (NULL, 4194590, 0, 11545, 173960, '', 1542689, '6f9c8c32-3aae-4dad-b023-56389361cf6b');
INSERT INTO puid (version, puid, id) VALUES (1, 'a1f6892c-8cf4-150f-3e42-2d32c7652460', 448619);
INSERT INTO recording_puid (created, recording, puid, edits_pending, id) VALUES ('2011-01-18 16:56:00.408782+01', 1542689, 448619, 0, 577301);
UPDATE recording_meta SET rating_count = NULL, rating = NULL WHERE id = 1542689;
INSERT INTO track_name (name, id) VALUES ('Be Rude to Your School', 4109264);
INSERT INTO recording (last_updated, name, edits_pending, artist_credit, length, comment, id, gid) VALUES (NULL, 4109264, 0, 11545, 208706, '', 1542690, '7e379a1d-f2bc-47b8-964e-00723df34c8a');
INSERT INTO puid (version, puid, id) VALUES (1, '7038d263-9736-015b-e43d-4e6e7bb85138', 353525);
INSERT INTO puid (version, puid, id) VALUES (130, '24dd0c12-3f22-955d-f35e-d3d8867eee8d', 2063146);
INSERT INTO recording_puid (created, recording, puid, edits_pending, id) VALUES ('2011-01-18 16:56:00.408782+01', 1542690, 353525, 0, 454791);
INSERT INTO recording_puid (created, recording, puid, edits_pending, id) VALUES ('2011-01-18 16:56:00.408782+01', 1542690, 2063146, 0, 2577207);
UPDATE recording_meta SET rating_count = NULL, rating = NULL WHERE id = 1542690;
INSERT INTO track_name (name, id) VALUES ('Summer Plays Out', 205308);
INSERT INTO recording (last_updated, name, edits_pending, artist_credit, length, comment, id, gid) VALUES (NULL, 205308, 0, 11545, 320067, '', 1542691, 'a8614bda-42dc-43c7-ac5f-4067acb6f1c5');
INSERT INTO puid (version, puid, id) VALUES (1, 'b36a3d42-b725-6461-a4ef-e94a2011b6aa', 482017);
INSERT INTO clientversion (created, version, id) VALUES ('2011-01-18 16:21:33.71184+01', 'MusicBrainz Picard-0.7.0beta2', 129);
INSERT INTO puid (version, puid, id) VALUES (129, '7aa785e9-0bcc-5ec1-34c0-597399e489aa', 651225);
INSERT INTO recording_puid (created, recording, puid, edits_pending, id) VALUES ('2011-01-18 16:56:00.408782+01', 1542691, 482017, 0, 620196);
INSERT INTO recording_puid (created, recording, puid, edits_pending, id) VALUES ('2011-01-18 16:56:00.408782+01', 1542691, 651225, 0, 838310);
UPDATE recording_meta SET rating_count = NULL, rating = NULL WHERE id = 1542691;
INSERT INTO track (last_updated, number, recording, name, position, edits_pending, artist_credit, length, medium, id, gid) VALUES ('2013-03-07 16:53:06.647156+01', '1', 1542682, 4055356, 1, 0, 11545, 267560, 654729, 1542682, '2ba988d4-ef9e-4d42-b9e1-e0bcf5193637');
INSERT INTO track (last_updated, number, recording, name, position, edits_pending, artist_credit, length, medium, id, gid) VALUES ('2013-03-07 16:53:06.647156+01', '2', 1542683, 4885949, 2, 0, 11545, 230506, 654729, 1542683, '0a97fff2-2ecb-47b2-89f4-6ab7a5bb84d0');
INSERT INTO track (last_updated, number, recording, name, position, edits_pending, artist_credit, length, medium, id, gid) VALUES ('2013-03-07 16:53:06.647156+01', '3', 1542684, 536377, 3, 0, 11545, 237133, 654729, 1542684, '640ca453-a982-45e2-a376-9e588ed38f97');
INSERT INTO track (last_updated, number, recording, name, position, edits_pending, artist_credit, length, medium, id, gid) VALUES ('2013-03-07 16:53:06.647156+01', '4', 1542685, 2924479, 4, 0, 11545, 229826, 654729, 1542685, '6a8e8998-5a41-4aa3-b5b3-5ada6edeaad1');
INSERT INTO track (last_updated, number, recording, name, position, edits_pending, artist_credit, length, medium, id, gid) VALUES ('2013-03-07 16:53:06.647156+01', '5', 1542686, 3494002, 5, 0, 11545, 217440, 654729, 1542686, 'e94f2593-d0ba-4534-b014-8bbde61b5451');
INSERT INTO track (last_updated, number, recording, name, position, edits_pending, artist_credit, length, medium, id, gid) VALUES ('2013-03-07 16:53:06.647156+01', '6', 1542687, 2435409, 6, 0, 11545, 227293, 654729, 1542687, 'a9dde803-1e33-4653-a501-2e54ded826c8');
INSERT INTO track (last_updated, number, recording, name, position, edits_pending, artist_credit, length, medium, id, gid) VALUES ('2013-03-07 16:53:06.647156+01', '7', 1542688, 4607669, 7, 0, 11545, 244506, 654729, 1542688, '274b5bf7-05d0-4b35-a3b6-f1cad0461c79');
INSERT INTO track (last_updated, number, recording, name, position, edits_pending, artist_credit, length, medium, id, gid) VALUES ('2013-03-07 16:53:06.647156+01', '8', 1542689, 4194590, 8, 0, 11545, 173960, 654729, 1542689, '24057c41-3722-441d-a3c1-71019996c9c0');
INSERT INTO track (last_updated, number, recording, name, position, edits_pending, artist_credit, length, medium, id, gid) VALUES ('2013-03-07 16:53:06.647156+01', '9', 1542690, 4109264, 9, 0, 11545, 208706, 654729, 1542690, 'e125b7e6-f4e1-4bd8-970d-a36853bee076');
INSERT INTO track (last_updated, number, recording, name, position, edits_pending, artist_credit, length, medium, id, gid) VALUES ('2013-03-07 16:53:06.647156+01', '10', 1542691, 205308, 10, 0, 11545, 320067, 654729, 1542691, 'c25db7f9-7f4b-46a1-8c86-a2a51d6c65fd');
INSERT INTO label_name (name, id) VALUES ('Warp Records', 15609);
INSERT INTO label (label_code, edits_pending, ended, id, sort_name, country, begin_date_day, last_updated, name, begin_date_year, end_date_day, comment, begin_date_month, end_date_month, type, end_date_year, gid) VALUES (2070, 0, '0', 46, 15609, 221, NULL, '2008-11-25 00:37:52.738165+01', 15609, 1989, NULL, '', NULL, NULL, 4, NULL, '46f0f4cd-8aab-4b33-b698-f459faf64190');
UPDATE label_meta SET rating_count = 1, rating = 100 WHERE id = 46;
INSERT INTO release_label (last_updated, catalog_number, label, release, id) VALUES ('2011-01-18 16:52:02.917556+01', 'WARPLP64', 46, 654729, 57661);
UPDATE release_meta SET amazon_asin = NULL, info_url = NULL, date_added = '2003-10-28 14:47:22.987027+01', cover_art_presence = 'absent', amazon_store = NULL WHERE id = 654729;
INSERT INTO medium (last_updated, name, position, track_count, edits_pending, release, format, id) VALUES ('2013-03-07 16:53:07.18794+01', NULL, 1, 10, 0, 243064, 1, 243064);
INSERT INTO cdtoc (created, discid, track_offset, degraded, leadout_offset, track_count, id, freedb_id) VALUES ('2011-01-18 16:21:33.71184+01', 'VkX.hmODEJMV9FhQnxkWzQSX8iE-', '{150,20217,37505,55290,72527,88835,105882,124220,137267,152920}', '0', 176980, 10, 114635, '7f09350a');
INSERT INTO cdtoc (created, discid, track_offset, degraded, leadout_offset, track_count, id, freedb_id) VALUES ('2011-01-18 16:21:33.71184+01', '4Fzv46Cx17XbCG5hQ1xo6KmQojk-', '{150,20190,37441,55229,72498,88781,105874,124205,137213,152863}', '0', 177766, 10, 96188, '9509400a');
INSERT INTO medium_cdtoc (last_updated, medium, edits_pending, id, cdtoc) VALUES ('2011-01-18 16:21:33.71184+01', 243064, 0, 187727, 114635);
INSERT INTO medium_cdtoc (last_updated, medium, edits_pending, id, cdtoc) VALUES ('2011-01-18 16:21:33.71184+01', 243064, 0, 187728, 96188);
INSERT INTO track (last_updated, number, recording, name, position, edits_pending, artist_credit, length, medium, id, gid) VALUES ('2013-03-07 16:53:06.647156+01', '1', 1542682, 4055356, 1, 0, 11545, 267560, 243064, 11484425, '901de385-fdfe-4d95-8b01-fd5dbeded381');
INSERT INTO track (last_updated, number, recording, name, position, edits_pending, artist_credit, length, medium, id, gid) VALUES ('2013-03-07 16:53:06.647156+01', '2', 1542683, 4885949, 2, 0, 11545, 230506, 243064, 11484426, '3b8a7aba-d490-4ce0-96fd-86336aeb31f9');
INSERT INTO track (last_updated, number, recording, name, position, edits_pending, artist_credit, length, medium, id, gid) VALUES ('2013-03-07 16:53:06.647156+01', '3', 1542684, 536377, 3, 0, 11545, 237133, 243064, 11484427, '08157e06-13db-4b1e-9b98-7b99764e1bb1');
INSERT INTO track (last_updated, number, recording, name, position, edits_pending, artist_credit, length, medium, id, gid) VALUES ('2013-03-07 16:53:06.647156+01', '4', 1542685, 2924479, 4, 0, 11545, 229826, 243064, 11484428, 'd7946bac-24c6-4d3a-8413-6c2efe9d2706');
INSERT INTO track (last_updated, number, recording, name, position, edits_pending, artist_credit, length, medium, id, gid) VALUES ('2013-03-07 16:53:06.647156+01', '5', 1542686, 3494002, 5, 0, 11545, 217440, 243064, 11484429, 'b1a50bc3-80a5-405c-bd5b-f5b3a9106480');
INSERT INTO track (last_updated, number, recording, name, position, edits_pending, artist_credit, length, medium, id, gid) VALUES ('2013-03-07 16:53:06.647156+01', '6', 1542687, 2435409, 6, 0, 11545, 227293, 243064, 11484430, 'a3cf2dc7-95ba-415a-8c6d-87ca0aaed0bb');
INSERT INTO track (last_updated, number, recording, name, position, edits_pending, artist_credit, length, medium, id, gid) VALUES ('2013-03-07 16:53:06.647156+01', '7', 1542688, 4607669, 7, 0, 11545, 244506, 243064, 11484431, '53da7ed3-805f-4fbc-ba24-706334d4e3d6');
INSERT INTO track (last_updated, number, recording, name, position, edits_pending, artist_credit, length, medium, id, gid) VALUES ('2013-03-07 16:53:06.647156+01', '8', 1542689, 4194590, 8, 0, 11545, 173960, 243064, 11484432, 'a3109d39-c99e-4296-8b1a-6115c731cf1b');
INSERT INTO track (last_updated, number, recording, name, position, edits_pending, artist_credit, length, medium, id, gid) VALUES ('2013-03-07 16:53:06.647156+01', '9', 1542690, 4109264, 9, 0, 11545, 208706, 243064, 11484433, '0c4eee8b-ac1e-4866-82b8-c9758cac4c2f');
INSERT INTO track (last_updated, number, recording, name, position, edits_pending, artist_credit, length, medium, id, gid) VALUES ('2013-03-07 16:53:06.647156+01', '10', 1542691, 205308, 10, 0, 11545, 320067, 243064, 11484434, 'bbe96885-87f9-4c92-947c-a6dbad76f6b8');
INSERT INTO label_name (name, id) VALUES ('Matador Records', 27178);
INSERT INTO label (label_code, edits_pending, ended, id, sort_name, country, begin_date_day, last_updated, name, begin_date_year, end_date_day, comment, begin_date_month, end_date_month, type, end_date_year, gid) VALUES (11552, 0, '0', 124, 27178, 222, NULL, NULL, 27178, 1989, NULL, '', NULL, NULL, 4, NULL, '229bd4be-8cd7-442c-85b0-5007ea353abc');
UPDATE label_meta SET rating_count = 2, rating = 100 WHERE id = 124;
INSERT INTO release_label (last_updated, catalog_number, label, release, id) VALUES ('2011-01-18 16:52:02.917556+01', 'OLE 358-2', 124, 243064, 57660);
UPDATE release_meta SET amazon_asin = 'B00001IVAI', info_url = 'http://www.amazon.com/gp/product/B00001IVAI', date_added = '2003-10-28 14:47:22.987027+01', cover_art_presence = 'absent', amazon_store = NULL WHERE id = 243064;
INSERT INTO medium (last_updated, name, position, track_count, edits_pending, release, format, id) VALUES ('2013-03-07 16:53:07.18794+01', NULL, 1, 10, 0, 24752, 1, 24752);
INSERT INTO medium_cdtoc (last_updated, medium, edits_pending, id, cdtoc) VALUES ('2011-01-18 16:21:33.71184+01', 24752, 0, 40907, 96188);
INSERT INTO medium_cdtoc (last_updated, medium, edits_pending, id, cdtoc) VALUES ('2011-01-18 16:21:33.71184+01', 24752, 0, 40908, 114635);
INSERT INTO track (last_updated, number, recording, name, position, edits_pending, artist_credit, length, medium, id, gid) VALUES ('2013-03-07 16:53:06.647156+01', '1', 1542682, 4055356, 1, 0, 11545, 267560, 24752, 11484435, 'c3e44470-038c-4545-849e-b9cf4b06fe06');
INSERT INTO track (last_updated, number, recording, name, position, edits_pending, artist_credit, length, medium, id, gid) VALUES ('2013-03-07 16:53:06.647156+01', '2', 1542683, 4885949, 2, 0, 11545, 230506, 24752, 11484436, 'ee668b76-60a6-4873-a3ae-4ecf244488e7');
INSERT INTO track (last_updated, number, recording, name, position, edits_pending, artist_credit, length, medium, id, gid) VALUES ('2013-03-07 16:53:06.647156+01', '3', 1542684, 536377, 3, 0, 11545, 237133, 24752, 11484437, '29cb572c-582d-409b-8b2a-6a162f691c1e');
INSERT INTO track (last_updated, number, recording, name, position, edits_pending, artist_credit, length, medium, id, gid) VALUES ('2013-03-07 16:53:06.647156+01', '4', 1542685, 2924479, 4, 0, 11545, 229826, 24752, 11484438, 'cea7932e-4d9b-416f-89ee-3e6d33c6555c');
INSERT INTO track (last_updated, number, recording, name, position, edits_pending, artist_credit, length, medium, id, gid) VALUES ('2013-03-07 16:53:06.647156+01', '5', 1542686, 3494002, 5, 0, 11545, 217440, 24752, 11484439, '92ac87e9-d9f6-44a4-a1ee-ba5057d66d26');
INSERT INTO track (last_updated, number, recording, name, position, edits_pending, artist_credit, length, medium, id, gid) VALUES ('2013-03-07 16:53:06.647156+01', '6', 1542687, 2435409, 6, 0, 11545, 227293, 24752, 11484440, '7d0154c9-9bf4-49e4-a377-52163da671ce');
INSERT INTO track (last_updated, number, recording, name, position, edits_pending, artist_credit, length, medium, id, gid) VALUES ('2013-03-07 16:53:06.647156+01', '7', 1542688, 4607669, 7, 0, 11545, 244506, 24752, 11484441, '52f8b82b-ef3c-4f10-ab8a-5f8260cca8dc');
INSERT INTO track (last_updated, number, recording, name, position, edits_pending, artist_credit, length, medium, id, gid) VALUES ('2013-03-07 16:53:06.647156+01', '8', 1542689, 4194590, 8, 0, 11545, 173960, 24752, 11484442, 'ccfba668-efde-4cd2-959d-e892445a6095');
INSERT INTO track (last_updated, number, recording, name, position, edits_pending, artist_credit, length, medium, id, gid) VALUES ('2013-03-07 16:53:06.647156+01', '9', 1542690, 4109264, 9, 0, 11545, 208706, 24752, 11484443, '5219c041-5590-417f-9ab0-02797ca95649');
INSERT INTO track (last_updated, number, recording, name, position, edits_pending, artist_credit, length, medium, id, gid) VALUES ('2013-03-07 16:53:06.647156+01', '10', 1542691, 205308, 10, 0, 11545, 320067, 24752, 11484444, 'a4fcb094-dbfc-4631-9a4e-c2dda72373f9');
INSERT INTO release_label (last_updated, catalog_number, label, release, id) VALUES ('2011-01-18 16:52:02.917556+01', 'WARPCD64', 46, 24752, 57662);
UPDATE release_meta SET amazon_asin = 'B00001IVAI', info_url = 'http://www.amazon.com/gp/product/B00001IVAI', date_added = '2003-10-28 14:47:22.987027+01', cover_art_presence = 'absent', amazon_store = NULL WHERE id = 24752;
UPDATE release_group_meta SET first_release_date_month = 9, rating_count = NULL, first_release_date_year = 1999, release_count = 3, rating = NULL, first_release_date_day = 13 WHERE id = 155364;
INSERT INTO release_name (name, id) VALUES ('My Demons', 137058);
INSERT INTO artist_name (name, id) VALUES ('Distance', 591808);
INSERT INTO artist_credit (created, name, ref_count, artist_count, id) VALUES ('2011-01-18 17:24:02.551922+01', 591808, 293, 1, 427385);
INSERT INTO artist_type (name, id) VALUES ('Person', 1);
INSERT INTO artist (edits_pending, ended, id, sort_name, gender, country, begin_date_day, last_updated, name, begin_date_year, end_date_day, comment, begin_date_month, end_date_month, type, end_date_year, gid) VALUES (0, '0', 427385, 591808, NULL, NULL, NULL, '2009-12-30 21:10:06.209461+01', 591808, NULL, NULL, 'UK dubstep artist Greg Sanders', NULL, NULL, 1, NULL, '472bc127-8861-45e8-bc9e-31e8dd32de7a');
INSERT INTO artist_name (name, id) VALUES ('DJ Distance', 230272);
INSERT INTO artist_alias (begin_date_day, last_updated, primary_for_locale, name, edits_pending, locale, begin_date_year, artist, end_date_day, begin_date_month, end_date_month, id, type, end_date_year, sort_name) VALUES (NULL, '2011-01-18 16:20:17.74049+01', '0', 591808, 0, NULL, NULL, 427385, NULL, NULL, NULL, 76296, NULL, NULL, 591808);
INSERT INTO artist_alias (begin_date_day, last_updated, primary_for_locale, name, edits_pending, locale, begin_date_year, artist, end_date_day, begin_date_month, end_date_month, id, type, end_date_year, sort_name) VALUES (NULL, '2011-01-18 16:20:17.74049+01', '0', 230272, 0, NULL, NULL, 427385, NULL, NULL, NULL, 68866, NULL, NULL, 230272);
UPDATE artist_meta SET rating_count = 1, rating = 100 WHERE id = 427385;
INSERT INTO artist_credit_name (join_phrase, artist, name, position, artist_credit) VALUES ('', 427385, 591808, 0, 427385);
INSERT INTO release_group (last_updated, comment, name, edits_pending, type, artist_credit, id, gid) VALUES ('2009-05-24 22:47:00.490177+02', '', 137058, 0, 1, 427385, 597897, '22b54315-6e51-350b-bb34-e6e16f7688bd');
INSERT INTO release (date_day, status, release_group, edits_pending, packaging, id, quality, country, last_updated, script, language, name, artist_credit, barcode, comment, date_year, date_month, gid) VALUES (29, 1, 597897, 0, NULL, 246898, -1, 221, '2010-06-02 15:52:58.277743+02', 28, 120, 137058, 427385, '600116817020', '', 2007, 1, 'adcf7b48-086e-48ee-b420-1001f88d672f');
INSERT INTO medium (last_updated, name, position, track_count, edits_pending, release, format, id) VALUES ('2013-03-07 16:53:07.18794+01', NULL, 1, 12, 0, 246898, 1, 246898);
INSERT INTO cdtoc (created, discid, track_offset, degraded, leadout_offset, track_count, id, freedb_id) VALUES ('2011-01-18 16:21:33.71184+01', '75S7Yp3IiqPVREQhjAjMXPhwz0Y-', '{150,27852,49751,75876,99845,120876,140765,165856,188422,211757,232229,255810}', '0', 281289, 12, 269350, '7f0ea40c');
INSERT INTO medium_cdtoc (last_updated, medium, edits_pending, id, cdtoc) VALUES ('2011-01-18 16:21:33.71184+01', 246898, 0, 189705, 269350);
INSERT INTO track_name (name, id) VALUES ('Night Vision', 2327027);
INSERT INTO recording (last_updated, name, edits_pending, artist_credit, length, comment, id, gid) VALUES (NULL, 2327027, 0, 427385, 369000, '', 6750260, 'c4ef59be-bfa1-4601-81f8-9a65e3d8c1c9');
INSERT INTO clientversion (created, version, id) VALUES ('2011-01-18 16:21:33.71184+01', 'MusicBrainz Picard-0.7.2', 140);
INSERT INTO puid (version, puid, id) VALUES (140, '3f8c1f24-428e-c2d8-6456-b5f41a63bee2', 1582677);
INSERT INTO recording_puid (created, recording, puid, edits_pending, id) VALUES ('2011-01-18 16:56:00.408782+01', 6750260, 1582677, 0, 3948009);
UPDATE recording_meta SET rating_count = NULL, rating = NULL WHERE id = 6750260;
INSERT INTO track_name (name, id) VALUES ('My Demons', 3492776);
INSERT INTO recording (last_updated, name, edits_pending, artist_credit, length, comment, id, gid) VALUES (NULL, 3492776, 0, 427385, 291000, '', 6750261, '290792d5-5b32-4ba7-bd06-272589ab9669');
INSERT INTO puid (version, puid, id) VALUES (140, 'b762db11-ff7e-943a-f102-951a66208b86', 1582679);
INSERT INTO recording_puid (created, recording, puid, edits_pending, id) VALUES ('2011-01-18 16:56:00.408782+01', 6750261, 1582679, 0, 1978374);
UPDATE recording_meta SET rating_count = NULL, rating = NULL WHERE id = 6750261;
INSERT INTO track_name (name, id) VALUES ('Weigh Down', 2908241);
INSERT INTO recording (last_updated, name, edits_pending, artist_credit, length, comment, id, gid) VALUES (NULL, 2908241, 0, 427385, 348000, '', 6750262, 'ccb347ea-5123-4bc8-a1a8-f60cf5fee9ad');
INSERT INTO puid (version, puid, id) VALUES (140, 'f8041a67-c449-978e-7acc-fcc6c289df7a', 1582675);
INSERT INTO recording_puid (created, recording, puid, edits_pending, id) VALUES ('2011-01-18 16:56:00.408782+01', 6750262, 1582675, 0, 1978370);
UPDATE recording_meta SET rating_count = NULL, rating = NULL WHERE id = 6750262;
INSERT INTO track_name (name, id) VALUES ('Traffic', 4311671);
INSERT INTO recording (last_updated, name, edits_pending, artist_credit, length, comment, id, gid) VALUES (NULL, 4311671, 0, 427385, 319000, '', 6750263, '03144356-5c08-47f8-8590-39a623cc5f36');
INSERT INTO puid (version, puid, id) VALUES (130, '2654aef9-0f71-86e6-d8d2-f1e01b807249', 870276);
INSERT INTO puid (version, puid, id) VALUES (140, 'a8cd011c-e17c-5b6e-f9c9-012f8c005ab7', 1582678);
INSERT INTO recording_puid (created, recording, puid, edits_pending, id) VALUES ('2011-01-18 16:56:00.408782+01', 6750263, 870276, 0, 5123775);
INSERT INTO recording_puid (created, recording, puid, edits_pending, id) VALUES ('2011-01-18 16:56:00.408782+01', 6750263, 1582678, 0, 3948008);
UPDATE recording_meta SET rating_count = NULL, rating = NULL WHERE id = 6750263;
INSERT INTO track_name (name, id) VALUES ('Mistral', 888705);
INSERT INTO recording (last_updated, name, edits_pending, artist_credit, length, comment, id, gid) VALUES (NULL, 888705, 0, 427385, 280000, '', 6750264, '35db5502-4937-4653-8494-c4291f1f22fe');
INSERT INTO puid (version, puid, id) VALUES (140, '0ba766ca-dbeb-a765-5c61-682be4ab69f6', 1582671);
INSERT INTO recording_puid (created, recording, puid, edits_pending, id) VALUES ('2011-01-18 16:56:00.408782+01', 6750264, 1582671, 0, 1978366);
UPDATE recording_meta SET rating_count = NULL, rating = NULL WHERE id = 6750264;
INSERT INTO track_name (name, id) VALUES ('Cyclops', 1959367);
INSERT INTO recording (last_updated, name, edits_pending, artist_credit, length, comment, id, gid) VALUES (NULL, 1959367, 0, 427385, 265000, '', 6750265, 'a4eb6323-519d-44e4-8ab7-df0a0f9df349');
INSERT INTO puid (version, puid, id) VALUES (140, '5a911797-156d-b56d-084b-506bca56bc82', 1582673);
INSERT INTO recording_puid (created, recording, puid, edits_pending, id) VALUES ('2011-01-18 16:56:00.408782+01', 6750265, 1582673, 0, 1978368);
UPDATE recording_meta SET rating_count = NULL, rating = NULL WHERE id = 6750265;
INSERT INTO track_name (name, id) VALUES ('Cella', 2826846);
INSERT INTO recording (last_updated, name, edits_pending, artist_credit, length, comment, id, gid) VALUES (NULL, 2826846, 0, 427385, 334000, '', 6750266, '7a356856-9483-42c2-bed9-dc07cb555952');
INSERT INTO puid (version, puid, id) VALUES (140, '56ec3406-ec65-bb55-902b-f5c2b6643d4b', 1582676);
INSERT INTO recording_puid (created, recording, puid, edits_pending, id) VALUES ('2011-01-18 16:56:00.408782+01', 6750266, 1582676, 0, 1978371);
UPDATE recording_meta SET rating_count = NULL, rating = NULL WHERE id = 6750266;
INSERT INTO track_name (name, id) VALUES ('Ska', 3240649);
INSERT INTO recording (last_updated, name, edits_pending, artist_credit, length, comment, id, gid) VALUES (NULL, 3240649, 0, 427385, 300000, '', 6750267, '3b869875-6f4e-40e8-abda-d14184b073cd');
INSERT INTO puid (version, puid, id) VALUES (140, '0ae37f6c-ed30-3b69-e5d3-8790304b1ae9', 1582674);
INSERT INTO recording_puid (created, recording, puid, edits_pending, id) VALUES ('2011-01-18 16:56:00.408782+01', 6750267, 1582674, 0, 1978369);
UPDATE recording_meta SET rating_count = NULL, rating = NULL WHERE id = 6750267;
INSERT INTO track_name (name, id) VALUES ('Fractured', 1368551);
INSERT INTO recording (last_updated, name, edits_pending, artist_credit, length, comment, id, gid) VALUES (NULL, 1368551, 0, 427385, 311000, '', 6750268, '34061710-6ed8-4999-9ee6-177bad0af0a3');
INSERT INTO puid (version, puid, id) VALUES (140, '3131e5e0-b220-c6cb-0569-15e5eb086a79', 1582670);
INSERT INTO recording_puid (created, recording, puid, edits_pending, id) VALUES ('2011-01-18 16:56:00.408782+01', 6750268, 1582670, 0, 1978365);
UPDATE recording_meta SET rating_count = NULL, rating = NULL WHERE id = 6750268;
INSERT INTO track_name (name, id) VALUES ('Tuning', 1367446);
INSERT INTO recording (last_updated, name, edits_pending, artist_credit, length, comment, id, gid) VALUES (NULL, 1367446, 0, 427385, 272000, '', 6750269, '4ce2ac82-56f6-4a8a-af9b-33af6c67f30d');
INSERT INTO puid (version, puid, id) VALUES (140, '784d6623-823e-f4e9-7f40-1b2fb0375897', 1582669);
INSERT INTO recording_puid (created, recording, puid, edits_pending, id) VALUES ('2011-01-18 16:56:00.408782+01', 6750269, 1582669, 0, 1978364);
UPDATE recording_meta SET rating_count = NULL, rating = NULL WHERE id = 6750269;
INSERT INTO track_name (name, id) VALUES ('Confined', 2188934);
INSERT INTO recording (last_updated, name, edits_pending, artist_credit, length, comment, id, gid) VALUES (NULL, 2188934, 0, 427385, 314000, '', 6750270, 'e5a5847b-451b-4051-a09b-8295329097e3');
INSERT INTO puid (version, puid, id) VALUES (140, 'd3ac810a-50b9-5427-a298-f8166c05d278', 1582680);
INSERT INTO recording_puid (created, recording, puid, edits_pending, id) VALUES ('2011-01-18 16:56:00.408782+01', 6750270, 1582680, 0, 1978375);
UPDATE recording_meta SET rating_count = NULL, rating = NULL WHERE id = 6750270;
INSERT INTO track_name (name, id) VALUES ('Delight', 3192253);
INSERT INTO recording (last_updated, name, edits_pending, artist_credit, length, comment, id, gid) VALUES (NULL, 3192253, 0, 427385, 339000, '', 6750271, '9011e90d-b7e3-400b-b932-305f94608772');
INSERT INTO puid (version, puid, id) VALUES (140, '62d982b6-ee26-9275-0797-8e2829faf5e0', 1582672);
INSERT INTO recording_puid (created, recording, puid, edits_pending, id) VALUES ('2011-01-18 16:56:00.408782+01', 6750271, 1582672, 0, 5423523);
UPDATE recording_meta SET rating_count = NULL, rating = NULL WHERE id = 6750271;
INSERT INTO track (last_updated, number, recording, name, position, edits_pending, artist_credit, length, medium, id, gid) VALUES ('2013-03-07 16:53:06.647156+01', '1', 6750260, 2327027, 1, 0, 427385, 369000, 246898, 6750260, 'd2821f25-8191-4106-ba0a-532213625036');
INSERT INTO track (last_updated, number, recording, name, position, edits_pending, artist_credit, length, medium, id, gid) VALUES ('2013-03-07 16:53:06.647156+01', '2', 6750261, 3492776, 2, 0, 427385, 291000, 246898, 6750261, '4ba07f19-65e5-4092-b6c7-cf654bfc9d1e');
INSERT INTO track (last_updated, number, recording, name, position, edits_pending, artist_credit, length, medium, id, gid) VALUES ('2013-03-07 16:53:06.647156+01', '3', 6750262, 2908241, 3, 0, 427385, 348000, 246898, 6750262, '7ebc42fe-4d53-4586-9c57-a86fb9f7a405');
INSERT INTO track (last_updated, number, recording, name, position, edits_pending, artist_credit, length, medium, id, gid) VALUES ('2013-03-07 16:53:06.647156+01', '4', 6750263, 4311671, 4, 0, 427385, 319000, 246898, 6750263, '98231efc-088d-4fbd-945f-239f5bc0bcd9');
INSERT INTO track (last_updated, number, recording, name, position, edits_pending, artist_credit, length, medium, id, gid) VALUES ('2013-03-07 16:53:06.647156+01', '5', 6750264, 888705, 5, 0, 427385, 280000, 246898, 6750264, '7cfed7c8-51dc-4fad-b4f6-1ceceebff186');
INSERT INTO track (last_updated, number, recording, name, position, edits_pending, artist_credit, length, medium, id, gid) VALUES ('2013-03-07 16:53:06.647156+01', '6', 6750265, 1959367, 6, 0, 427385, 265000, 246898, 6750265, 'e10f83e9-9c13-47f0-b1c9-8fcc894ca506');
INSERT INTO track (last_updated, number, recording, name, position, edits_pending, artist_credit, length, medium, id, gid) VALUES ('2013-03-07 16:53:06.647156+01', '7', 6750266, 2826846, 7, 0, 427385, 334000, 246898, 6750266, '4a7dce9a-591d-478c-9462-7903226a8904');
INSERT INTO track (last_updated, number, recording, name, position, edits_pending, artist_credit, length, medium, id, gid) VALUES ('2013-03-07 16:53:06.647156+01', '8', 6750267, 3240649, 8, 0, 427385, 300000, 246898, 6750267, '780cec15-1f93-4590-9d93-5ce6de02eb29');
INSERT INTO track (last_updated, number, recording, name, position, edits_pending, artist_credit, length, medium, id, gid) VALUES ('2013-03-07 16:53:06.647156+01', '9', 6750268, 1368551, 9, 0, 427385, 311000, 246898, 6750268, '7fbac2d7-d70a-44ea-acdd-ed8d477691bf');
INSERT INTO track (last_updated, number, recording, name, position, edits_pending, artist_credit, length, medium, id, gid) VALUES ('2013-03-07 16:53:06.647156+01', '10', 6750269, 1367446, 10, 0, 427385, 272000, 246898, 6750269, '827ed3a0-11d8-416e-ac8d-554a8e41730e');
INSERT INTO track (last_updated, number, recording, name, position, edits_pending, artist_credit, length, medium, id, gid) VALUES ('2013-03-07 16:53:06.647156+01', '11', 6750270, 2188934, 11, 0, 427385, 314000, 246898, 6750270, 'fa35e4d1-3f49-4caa-a6a9-386d1fc92ca1');
INSERT INTO track (last_updated, number, recording, name, position, edits_pending, artist_credit, length, medium, id, gid) VALUES ('2013-03-07 16:53:06.647156+01', '12', 6750271, 3192253, 12, 0, 427385, 339000, 246898, 6750271, '47ff4158-d772-4544-be1a-8e8d5b019a55');
INSERT INTO label_name (name, id) VALUES ('Planet Mu', 11171);
INSERT INTO label (label_code, edits_pending, ended, id, sort_name, country, begin_date_day, last_updated, name, begin_date_year, end_date_day, comment, begin_date_month, end_date_month, type, end_date_year, gid) VALUES (NULL, 0, '0', 132, 11171, 221, NULL, NULL, 11171, 1995, NULL, '', NULL, NULL, 4, NULL, 'b4edce40-090f-4956-b82a-5d9d285da40b');
INSERT INTO label_name (name, id) VALUES ('Planet µ', 32173);
INSERT INTO label_alias (begin_date_day, last_updated, primary_for_locale, name, edits_pending, locale, begin_date_year, end_date_day, begin_date_month, end_date_month, id, label, type, end_date_year, sort_name) VALUES (NULL, '2011-01-18 16:21:33.71184+01', '0', 32173, 0, NULL, NULL, NULL, NULL, NULL, 639, 132, NULL, NULL, 32173);
UPDATE label_meta SET rating_count = NULL, rating = NULL WHERE id = 132;
INSERT INTO release_label (last_updated, catalog_number, label, release, id) VALUES ('2011-01-18 16:52:02.917556+01', 'ZIQ170CD', 132, 246898, 187480);
UPDATE release_meta SET amazon_asin = 'B000KJTG6K', info_url = 'http://www.amazon.co.uk/gp/product/B000KJTG6K', date_added = '2007-03-15 00:33:51.126346+01', cover_art_presence = 'absent', amazon_store = NULL WHERE id = 246898;
UPDATE release_group_meta SET first_release_date_month = 1, rating_count = 1, first_release_date_year = 2007, release_count = 1, rating = 80, first_release_date_day = 29 WHERE id = 597897;
INSERT INTO release_name (name, id) VALUES ('Repercussions', 256671);
INSERT INTO release_group (last_updated, comment, name, edits_pending, type, artist_credit, id, gid) VALUES ('2009-05-24 22:47:00.490177+02', '', 256671, 0, 1, 427385, 761939, '56683a0b-45b8-3664-a231-5b68efe2e7e2');
INSERT INTO release (date_day, status, release_group, edits_pending, packaging, id, quality, country, last_updated, script, language, name, artist_credit, barcode, comment, date_year, date_month, gid) VALUES (17, 1, 761939, 0, NULL, 446581, -1, 221, '2010-06-02 15:25:54.789939+02', 28, 120, 256671, 427385, '600116822123', '', 2008, 11, '3b3d130a-87a8-4a47-b9fb-920f2530d134');
INSERT INTO medium (last_updated, name, position, track_count, edits_pending, release, format, id) VALUES ('2013-03-07 16:53:07.18794+01', 'Chestplate Singles', 2, 9, 0, 446581, 1, 467794);
INSERT INTO medium (last_updated, name, position, track_count, edits_pending, release, format, id) VALUES ('2013-03-07 16:53:07.18794+01', NULL, 1, 9, 0, 446581, 1, 446581);
INSERT INTO cdtoc (created, discid, track_offset, degraded, leadout_offset, track_count, id, freedb_id) VALUES ('2011-01-18 16:21:33.71184+01', 'VnL0A7ksXznBxvZ94H3Z61EZY3k-', '{150,26801,42538,64421,90680,114510,138939,164009,186929}', '0', 208393, 9, 281139, '840ad809');
INSERT INTO medium_cdtoc (last_updated, medium, edits_pending, id, cdtoc) VALUES ('2011-01-18 16:21:33.71184+01', 467794, 0, 320049, 281139);
INSERT INTO track_name (name, id) VALUES ('V', 2149941);
INSERT INTO recording (last_updated, name, edits_pending, artist_credit, length, comment, id, gid) VALUES (NULL, 2149941, 0, 427385, 355346, '', 8692017, 'a242aea7-7eff-41b2-9c83-a41f7e7b2c84');
INSERT INTO clientversion (created, version, id) VALUES ('2011-01-18 16:21:33.71184+01', 'MusicBrainz Picard-0.10', 194);
INSERT INTO puid (version, puid, id) VALUES (194, '7e27f67d-8daf-e198-339e-7102b9b90889', 3015598);
INSERT INTO recording_puid (created, recording, puid, edits_pending, id) VALUES ('2011-01-18 16:56:00.408782+01', 8692017, 3015598, 0, 3788566);
UPDATE recording_meta SET rating_count = NULL, rating = NULL WHERE id = 8692017;
INSERT INTO track_name (name, id) VALUES ('Headstrung', 1323755);
INSERT INTO recording (last_updated, name, edits_pending, artist_credit, length, comment, id, gid) VALUES (NULL, 1323755, 0, 427385, 209826, '', 8692018, '11536500-0baa-492d-a821-3075ed66a3bc');
INSERT INTO puid (version, puid, id) VALUES (194, '9b8605bc-47d0-e989-85b9-722ba91bba30', 3015607);
INSERT INTO recording_puid (created, recording, puid, edits_pending, id) VALUES ('2011-01-18 16:56:00.408782+01', 8692018, 3015607, 0, 3788575);
UPDATE recording_meta SET rating_count = NULL, rating = NULL WHERE id = 8692018;
INSERT INTO track_name (name, id) VALUES ('Misfit', 1172970);
INSERT INTO recording (last_updated, name, edits_pending, artist_credit, length, comment, id, gid) VALUES (NULL, 1172970, 0, 427385, 291773, '', 8692019, '5c1b7a3d-89bd-408b-a0f5-3d7482c7dead');
INSERT INTO puid (version, puid, id) VALUES (194, '048c08fc-5cd9-cd80-7b11-56c1ec39c963', 3015595);
INSERT INTO recording_puid (created, recording, puid, edits_pending, id) VALUES ('2011-01-18 16:56:00.408782+01', 8692019, 3015595, 0, 3788563);
UPDATE recording_meta SET rating_count = NULL, rating = NULL WHERE id = 8692019;
INSERT INTO track_name (name, id) VALUES ('Present Day', 2782914);
INSERT INTO recording (last_updated, name, edits_pending, artist_credit, length, comment, id, gid) VALUES (NULL, 2782914, 0, 427385, 350120, '', 8692020, 'f2f8c768-4a5a-48a8-a7e0-e3385870e7aa');
INSERT INTO puid (version, puid, id) VALUES (194, '5c8d3fe5-0875-a744-5f03-affd100b58ee', 3015608);
INSERT INTO recording_puid (created, recording, puid, edits_pending, id) VALUES ('2011-01-18 16:56:00.408782+01', 8692020, 3015608, 0, 3788576);
UPDATE recording_meta SET rating_count = NULL, rating = NULL WHERE id = 8692020;
INSERT INTO track_name (name, id) VALUES ('Feel Me', 266829);
INSERT INTO recording (last_updated, name, edits_pending, artist_credit, length, comment, id, gid) VALUES (NULL, 266829, 0, 427385, 317733, '', 8692021, '14d5dfdb-6aa8-45a9-b2dd-bc5ed23e6211');
INSERT INTO puid (version, puid, id) VALUES (194, '58534bb7-3aa2-3625-82fd-f492fad54a7d', 3015601);
INSERT INTO recording_puid (created, recording, puid, edits_pending, id) VALUES ('2011-01-18 16:56:00.408782+01', 8692021, 3015601, 0, 3788569);
UPDATE recording_meta SET rating_count = NULL, rating = NULL WHERE id = 8692021;
INSERT INTO track_name (name, id) VALUES ('Radical', 2598695);
INSERT INTO recording (last_updated, name, edits_pending, artist_credit, length, comment, id, gid) VALUES (NULL, 2598695, 0, 427385, 325720, '', 8692022, '4deca105-005e-442e-b60d-f0d04f7f4e9d');
INSERT INTO puid (version, puid, id) VALUES (194, '3b89a907-ffce-3528-09d0-74afe04a75c1', 3015594);
INSERT INTO recording_puid (created, recording, puid, edits_pending, id) VALUES ('2011-01-18 16:56:00.408782+01', 8692022, 3015594, 0, 3788562);
UPDATE recording_meta SET rating_count = NULL, rating = NULL WHERE id = 8692022;
INSERT INTO track_name (name, id) VALUES ('No Sunshine', 2579484);
INSERT INTO recording (last_updated, name, edits_pending, artist_credit, length, comment, id, gid) VALUES (NULL, 2579484, 0, 427385, 334266, '', 8692023, 'de6d544e-914e-4f28-8f17-e83a1da7caa8');
INSERT INTO puid (version, puid, id) VALUES (194, '2695e862-3f12-8429-1653-5cc760e79f69', 3015609);
INSERT INTO recording_puid (created, recording, puid, edits_pending, id) VALUES ('2011-01-18 16:56:00.408782+01', 8692023, 3015609, 0, 3788577);
UPDATE recording_meta SET rating_count = NULL, rating = NULL WHERE id = 8692023;
INSERT INTO track_name (name, id) VALUES ('Victim Support', 2919655);
INSERT INTO recording (last_updated, name, edits_pending, artist_credit, length, comment, id, gid) VALUES (NULL, 2919655, 0, 427385, 305600, '', 8692024, 'd96d5cc7-7c31-4b4a-b38a-7d8bab3725f4');
INSERT INTO puid (version, puid, id) VALUES (194, 'aa995700-804a-119c-13c3-34e6b55d557f', 3015593);
INSERT INTO recording_puid (created, recording, puid, edits_pending, id) VALUES ('2011-01-18 16:56:00.408782+01', 8692024, 3015593, 0, 3788561);
UPDATE recording_meta SET rating_count = NULL, rating = NULL WHERE id = 8692024;
INSERT INTO track_name (name, id) VALUES ('Battle Sequence', 2963891);
INSERT INTO recording (last_updated, name, edits_pending, artist_credit, length, comment, id, gid) VALUES (NULL, 2963891, 0, 427385, 286186, '', 8692025, '3f7ea9f9-1a8e-4f30-bcf4-54f79d0f7417');
INSERT INTO puid (version, puid, id) VALUES (194, '56b6c133-f4d9-a119-3f80-701444979262', 3015610);
INSERT INTO recording_puid (created, recording, puid, edits_pending, id) VALUES ('2011-01-18 16:56:00.408782+01', 8692025, 3015610, 0, 3788578);
UPDATE recording_meta SET rating_count = NULL, rating = NULL WHERE id = 8692025;
INSERT INTO track (last_updated, number, recording, name, position, edits_pending, artist_credit, length, medium, id, gid) VALUES ('2013-03-07 16:53:06.647156+01', '1', 8692017, 2149941, 1, 0, 427385, 355346, 467794, 8692017, '6dbb3e89-5a4e-4547-886a-5781c5eeac66');
INSERT INTO track (last_updated, number, recording, name, position, edits_pending, artist_credit, length, medium, id, gid) VALUES ('2013-03-07 16:53:06.647156+01', '2', 8692018, 1323755, 2, 0, 427385, 209826, 467794, 8692018, 'a96fe101-78e4-4e99-9378-f795a220af0f');
INSERT INTO track (last_updated, number, recording, name, position, edits_pending, artist_credit, length, medium, id, gid) VALUES ('2013-03-07 16:53:06.647156+01', '3', 8692019, 1172970, 3, 0, 427385, 291773, 467794, 8692019, 'dbec9735-3b4d-4b03-b7d1-837cc030e169');
INSERT INTO track (last_updated, number, recording, name, position, edits_pending, artist_credit, length, medium, id, gid) VALUES ('2013-03-07 16:53:06.647156+01', '4', 8692020, 2782914, 4, 0, 427385, 350120, 467794, 8692020, '9ec36917-a748-4ffa-80a7-8f62c63e71a1');
INSERT INTO track (last_updated, number, recording, name, position, edits_pending, artist_credit, length, medium, id, gid) VALUES ('2013-03-07 16:53:06.647156+01', '5', 8692021, 266829, 5, 0, 427385, 317733, 467794, 8692021, '2b09d665-5551-480c-a3eb-88e21b6a4cb8');
INSERT INTO track (last_updated, number, recording, name, position, edits_pending, artist_credit, length, medium, id, gid) VALUES ('2013-03-07 16:53:06.647156+01', '6', 8692022, 2598695, 6, 0, 427385, 325720, 467794, 8692022, '2db5ced4-fc7e-4ebd-a55d-1feb9a8f8dc5');
INSERT INTO track (last_updated, number, recording, name, position, edits_pending, artist_credit, length, medium, id, gid) VALUES ('2013-03-07 16:53:06.647156+01', '7', 8692023, 2579484, 7, 0, 427385, 334266, 467794, 8692023, '98632bec-b392-48d6-be80-b898e9045116');
INSERT INTO track (last_updated, number, recording, name, position, edits_pending, artist_credit, length, medium, id, gid) VALUES ('2013-03-07 16:53:06.647156+01', '8', 8692024, 2919655, 8, 0, 427385, 305600, 467794, 8692024, 'b820eab5-9db8-42c2-9691-adb0213a75b8');
INSERT INTO track (last_updated, number, recording, name, position, edits_pending, artist_credit, length, medium, id, gid) VALUES ('2013-03-07 16:53:06.647156+01', '9', 8692025, 2963891, 9, 0, 427385, 286186, 467794, 8692025, '9c9fa450-329d-46af-9dde-4707e2981d9b');
INSERT INTO cdtoc (created, discid, track_offset, degraded, leadout_offset, track_count, id, freedb_id) VALUES ('2011-01-18 16:21:33.71184+01', '93K4ogyxWlv522XF0BG8fZOuay4-', '{150,23303,48850,73305,98815,125348,147548,172225,194409}', '0', 215137, 9, 281138, '800b3209');
INSERT INTO medium_cdtoc (last_updated, medium, edits_pending, id, cdtoc) VALUES ('2011-01-18 16:21:33.71184+01', 446581, 0, 308418, 281138);
INSERT INTO track_name (name, id) VALUES ('Magnesium', 2963260);
INSERT INTO recording (last_updated, name, edits_pending, artist_credit, length, comment, id, gid) VALUES (NULL, 2963260, 0, 427385, 308706, '', 8509231, '4f3321a6-7277-4c0e-808f-423b81e083e0');
INSERT INTO puid (version, puid, id) VALUES (194, 'cd3710ed-dbaa-1e71-a6ad-27e8cdd58c98', 3015596);
INSERT INTO recording_puid (created, recording, puid, edits_pending, id) VALUES ('2011-01-18 16:56:00.408782+01', 8509231, 3015596, 0, 3788564);
UPDATE recording_meta SET rating_count = NULL, rating = NULL WHERE id = 8509231;
INSERT INTO track_name (name, id) VALUES ('Out of Mind', 1389798);
INSERT INTO recording (last_updated, name, edits_pending, artist_credit, length, comment, id, gid) VALUES (NULL, 1389798, 0, 427385, 340626, '', 8509232, '1468c415-12bd-4fb9-b9e9-ca8d3f1df161');
INSERT INTO puid (version, puid, id) VALUES (194, '2c20b367-15a5-05ca-6131-91b43a57bd31', 3015600);
INSERT INTO recording_puid (created, recording, puid, edits_pending, id) VALUES ('2011-01-18 16:56:00.408782+01', 8509232, 3015600, 0, 3788568);
UPDATE recording_meta SET rating_count = NULL, rating = NULL WHERE id = 8509232;
INSERT INTO track_name (name, id) VALUES ('Free Me', 2620342);
INSERT INTO recording (last_updated, name, edits_pending, artist_credit, length, comment, id, gid) VALUES (NULL, 2620342, 0, 427385, 326066, '', 8509233, '4abc57ff-035a-4612-9b53-6962f8216c9b');
INSERT INTO puid (version, puid, id) VALUES (194, 'adced382-ae08-9c84-d2de-31a051787242', 3015597);
INSERT INTO recording_puid (created, recording, puid, edits_pending, id) VALUES ('2011-01-18 16:56:00.408782+01', 8509233, 3015597, 0, 3788565);
UPDATE recording_meta SET rating_count = NULL, rating = NULL WHERE id = 8509233;
INSERT INTO track_name (name, id) VALUES ('Koncrete', 993949);
INSERT INTO recording (last_updated, name, edits_pending, artist_credit, length, comment, id, gid) VALUES (NULL, 993949, 0, 427385, 340133, '', 8509234, 'cd836930-a4c7-45ac-821f-5642e99d4428');
INSERT INTO puid (version, puid, id) VALUES (194, '539d1944-201a-0d91-2780-0f7c37af0dbc', 3015603);
INSERT INTO recording_puid (created, recording, puid, edits_pending, id) VALUES ('2011-01-18 16:56:00.408782+01', 8509234, 3015603, 0, 3788571);
UPDATE recording_meta SET rating_count = NULL, rating = NULL WHERE id = 8509234;
INSERT INTO track_name (name, id) VALUES ('Loosen My Grip', 4497238);
INSERT INTO recording (last_updated, name, edits_pending, artist_credit, length, comment, id, gid) VALUES (NULL, 4497238, 0, 427385, 353773, '', 8509235, 'cbd9e885-b160-4c3c-9b87-468914839d45');
INSERT INTO puid (version, puid, id) VALUES (194, 'fbcbefcd-7e67-3d05-3616-a63a2501c46d', 3015604);
INSERT INTO recording_puid (created, recording, puid, edits_pending, id) VALUES ('2011-01-18 16:56:00.408782+01', 8509235, 3015604, 0, 3788572);
UPDATE recording_meta SET rating_count = NULL, rating = NULL WHERE id = 8509235;
INSERT INTO track_name (name, id) VALUES ('Repercussions', 3687281);
INSERT INTO recording (last_updated, name, edits_pending, artist_credit, length, comment, id, gid) VALUES (NULL, 3687281, 0, 427385, 296000, '', 8509236, '5a9d7af8-b149-4764-ad98-cf839a376a60');
INSERT INTO puid (version, puid, id) VALUES (194, '28d4c255-e64a-b33d-25a2-8b804dc63056', 3015599);
INSERT INTO recording_puid (created, recording, puid, edits_pending, id) VALUES ('2011-01-18 16:56:00.408782+01', 8509236, 3015599, 0, 3788567);
UPDATE recording_meta SET rating_count = NULL, rating = NULL WHERE id = 8509236;
INSERT INTO track_name (name, id) VALUES ('Mirror Tell', 2108572);
INSERT INTO recording (last_updated, name, edits_pending, artist_credit, length, comment, id, gid) VALUES (NULL, 2108572, 0, 427385, 329026, '', 8509237, '7e97f000-b36d-463e-bc86-795999fc9146');
INSERT INTO puid (version, puid, id) VALUES (194, '98322fdf-2600-37d8-aa34-6074666b7a75', 3015605);
INSERT INTO recording_puid (created, recording, puid, edits_pending, id) VALUES ('2011-01-18 16:56:00.408782+01', 8509237, 3015605, 0, 3788573);
UPDATE recording_meta SET rating_count = NULL, rating = NULL WHERE id = 8509237;
INSERT INTO track_name (name, id) VALUES ('Sending Chills', 287235);
INSERT INTO recording (last_updated, name, edits_pending, artist_credit, length, comment, id, gid) VALUES (NULL, 287235, 0, 427385, 295786, '', 8509238, 'f08c7c21-252b-46a3-9af1-ee53fb07fb56');
INSERT INTO puid (version, puid, id) VALUES (194, 'e9a78c04-f7b6-6bb3-bbc4-f8180d4169ba', 3015606);
INSERT INTO recording_puid (created, recording, puid, edits_pending, id) VALUES ('2011-01-18 16:56:00.408782+01', 8509238, 3015606, 0, 3788574);
UPDATE recording_meta SET rating_count = NULL, rating = NULL WHERE id = 8509238;
INSERT INTO track_name (name, id) VALUES ('Skeleton Grin', 1624478);
INSERT INTO recording (last_updated, name, edits_pending, artist_credit, length, comment, id, gid) VALUES (NULL, 1624478, 0, 427385, 276373, '', 8509239, '9e57a454-076e-4c2f-91f5-7c95efd3e05e');
INSERT INTO puid (version, puid, id) VALUES (194, '6c5e8e69-ee9d-5c86-b349-369a7c7892be', 3015602);
INSERT INTO recording_puid (created, recording, puid, edits_pending, id) VALUES ('2011-01-18 16:56:00.408782+01', 8509239, 3015602, 0, 3788570);
UPDATE recording_meta SET rating_count = NULL, rating = NULL WHERE id = 8509239;
INSERT INTO track (last_updated, number, recording, name, position, edits_pending, artist_credit, length, medium, id, gid) VALUES ('2013-03-07 16:53:06.647156+01', '1', 8509231, 2963260, 1, 0, 427385, 308706, 446581, 8509231, 'f9788613-c903-463e-bfd3-ceb59028c73f');
INSERT INTO track (last_updated, number, recording, name, position, edits_pending, artist_credit, length, medium, id, gid) VALUES ('2013-03-07 16:53:06.647156+01', '2', 8509232, 1389798, 2, 0, 427385, 340626, 446581, 8509232, 'ce860da3-3ead-4df2-9ee8-45d3399a2a33');
INSERT INTO track (last_updated, number, recording, name, position, edits_pending, artist_credit, length, medium, id, gid) VALUES ('2013-03-07 16:53:06.647156+01', '3', 8509233, 2620342, 3, 0, 427385, 326066, 446581, 8509233, '13b045db-b3ab-4972-bee7-270e0fed4ddc');
INSERT INTO track (last_updated, number, recording, name, position, edits_pending, artist_credit, length, medium, id, gid) VALUES ('2013-03-07 16:53:06.647156+01', '4', 8509234, 993949, 4, 0, 427385, 340133, 446581, 8509234, '745980b1-07ed-4324-95e7-f70f82224294');
INSERT INTO track (last_updated, number, recording, name, position, edits_pending, artist_credit, length, medium, id, gid) VALUES ('2013-03-07 16:53:06.647156+01', '5', 8509235, 4497238, 5, 0, 427385, 353773, 446581, 8509235, 'd1866f85-3288-47af-af1e-bd7d0c0a5a80');
INSERT INTO track (last_updated, number, recording, name, position, edits_pending, artist_credit, length, medium, id, gid) VALUES ('2013-03-07 16:53:06.647156+01', '6', 8509236, 3687281, 6, 0, 427385, 296000, 446581, 8509236, '63d93169-c7d4-4d9d-bc84-ac3ea6edd177');
INSERT INTO track (last_updated, number, recording, name, position, edits_pending, artist_credit, length, medium, id, gid) VALUES ('2013-03-07 16:53:06.647156+01', '7', 8509237, 2108572, 7, 0, 427385, 329026, 446581, 8509237, '7441fca5-c8f3-4437-9211-b31d1b0e9d7e');
INSERT INTO track (last_updated, number, recording, name, position, edits_pending, artist_credit, length, medium, id, gid) VALUES ('2013-03-07 16:53:06.647156+01', '8', 8509238, 287235, 8, 0, 427385, 295786, 446581, 8509238, 'e7cee7ae-a274-4c5f-b8f7-9c9ee46e1659');
INSERT INTO track (last_updated, number, recording, name, position, edits_pending, artist_credit, length, medium, id, gid) VALUES ('2013-03-07 16:53:06.647156+01', '9', 8509239, 1624478, 9, 0, 427385, 276373, 446581, 8509239, 'ae12fd76-0552-4d16-a361-337d6ecffa55');
INSERT INTO release_label (last_updated, catalog_number, label, release, id) VALUES ('2011-01-18 16:52:02.917556+01', 'ZIQ221CD', 132, 446581, 318646);
UPDATE release_meta SET amazon_asin = 'B001IKWNCE', info_url = 'http://www.amazon.co.uk/gp/product/B001IKWNCE', date_added = '2008-10-05 18:57:46.005559+02', cover_art_presence = 'absent', amazon_store = NULL WHERE id = 446581;
UPDATE release_group_meta SET first_release_date_month = 11, rating_count = NULL, first_release_date_year = 2008, release_count = 1, rating = NULL, first_release_date_day = 17 WHERE id = 761939;
INSERT INTO release_name (name, id) VALUES ('the Love Bug', 346153);
INSERT INTO artist_name (name, id) VALUES ('m-flo', 75219);
INSERT INTO artist_credit (created, name, ref_count, artist_count, id) VALUES ('2011-01-18 17:24:02.551922+01', 75219, 764, 1, 135345);
INSERT INTO artist (edits_pending, ended, id, sort_name, gender, country, begin_date_day, last_updated, name, begin_date_year, end_date_day, comment, begin_date_month, end_date_month, type, end_date_year, gid) VALUES (0, '0', 135345, 75219, NULL, NULL, NULL, NULL, 75219, 1998, NULL, '', NULL, NULL, 2, NULL, '22dd2db3-88ea-4428-a7a8-5cd3acf23175');
INSERT INTO artist_name (name, id) VALUES ('mediarite-flow crew', 633190);
INSERT INTO artist_name (name, id) VALUES ('mflo', 238397);
INSERT INTO artist_name (name, id) VALUES ('meteorite-flow crew', 722032);
INSERT INTO artist_name (name, id) VALUES ('m-flow', 694595);
INSERT INTO artist_name (name, id) VALUES ('えむふろう', 141882);
INSERT INTO artist_name (name, id) VALUES ('エムフロウ', 25876);
INSERT INTO artist_alias (begin_date_day, last_updated, primary_for_locale, name, edits_pending, locale, begin_date_year, artist, end_date_day, begin_date_month, end_date_month, id, type, end_date_year, sort_name) VALUES (NULL, '2011-01-18 16:20:17.74049+01', '0', 633190, 0, NULL, NULL, 135345, NULL, NULL, NULL, 70047, NULL, NULL, 633190);
INSERT INTO artist_alias (begin_date_day, last_updated, primary_for_locale, name, edits_pending, locale, begin_date_year, artist, end_date_day, begin_date_month, end_date_month, id, type, end_date_year, sort_name) VALUES (NULL, '2011-01-18 16:20:17.74049+01', '0', 238397, 0, NULL, NULL, 135345, NULL, NULL, NULL, 69816, NULL, NULL, 238397);
INSERT INTO artist_alias (begin_date_day, last_updated, primary_for_locale, name, edits_pending, locale, begin_date_year, artist, end_date_day, begin_date_month, end_date_month, id, type, end_date_year, sort_name) VALUES (NULL, '2011-01-18 16:20:17.74049+01', '0', 722032, 0, NULL, NULL, 135345, NULL, NULL, NULL, 70046, NULL, NULL, 722032);
INSERT INTO artist_alias (begin_date_day, last_updated, primary_for_locale, name, edits_pending, locale, begin_date_year, artist, end_date_day, begin_date_month, end_date_month, id, type, end_date_year, sort_name) VALUES (NULL, '2011-01-18 16:20:17.74049+01', '0', 694595, 0, NULL, NULL, 135345, NULL, NULL, NULL, 38930, NULL, NULL, 694595);
INSERT INTO artist_alias (begin_date_day, last_updated, primary_for_locale, name, edits_pending, locale, begin_date_year, artist, end_date_day, begin_date_month, end_date_month, id, type, end_date_year, sort_name) VALUES (NULL, '2011-01-18 16:20:17.74049+01', '0', 141882, 0, NULL, NULL, 135345, NULL, NULL, NULL, 69814, NULL, NULL, 141882);
INSERT INTO artist_alias (begin_date_day, last_updated, primary_for_locale, name, edits_pending, locale, begin_date_year, artist, end_date_day, begin_date_month, end_date_month, id, type, end_date_year, sort_name) VALUES (NULL, '2011-01-18 16:20:17.74049+01', '0', 25876, 0, NULL, NULL, 135345, NULL, NULL, NULL, 69815, NULL, NULL, 25876);
UPDATE artist_meta SET rating_count = 3, rating = 60 WHERE id = 135345;
INSERT INTO artist_credit_name (join_phrase, artist, name, position, artist_credit) VALUES ('', 135345, 75219, 0, 135345);
INSERT INTO release_group (last_updated, comment, name, edits_pending, type, artist_credit, id, gid) VALUES ('2009-05-24 22:47:00.490177+02', '', 346153, 0, 2, 135345, 403214, '153f0a09-fead-3370-9b17-379ebd09446b');
INSERT INTO release (date_day, status, release_group, edits_pending, packaging, id, quality, country, last_updated, script, language, name, artist_credit, barcode, comment, date_year, date_month, gid) VALUES (17, 1, 403214, 0, NULL, 59662, -1, 107, '2009-08-17 10:23:42.424855+02', 28, 120, 346153, 135345, '4988064451180', '', 2004, 3, 'aff4a693-5970-4e2e-bd46-e2ee49c22de7');
INSERT INTO medium (last_updated, name, position, track_count, edits_pending, release, format, id) VALUES ('2013-03-07 16:53:07.18794+01', NULL, 1, 3, 0, 59662, 1, 59662);
INSERT INTO track_name (name, id) VALUES ('the Love Bug', 2580451);
INSERT INTO artist_name (name, id) VALUES ('m-flo♥BoA', 877283);
INSERT INTO artist_credit (created, name, ref_count, artist_count, id) VALUES ('2011-01-18 17:24:02.551922+01', 877283, 21, 2, 792488);
INSERT INTO artist_name (name, id) VALUES ('BoA', 661715);
INSERT INTO artist (edits_pending, ended, id, sort_name, gender, country, begin_date_day, last_updated, name, begin_date_year, end_date_day, comment, begin_date_month, end_date_month, type, end_date_year, gid) VALUES (0, '0', 9496, 661715, NULL, NULL, 5, NULL, 661715, 1986, NULL, '', 11, NULL, 1, NULL, 'a16d1433-ba89-4f72-a47b-a370add0bb55');
INSERT INTO artist_name (name, id) VALUES ('Beat of Angel', 134243);
INSERT INTO artist_name (name, id) VALUES ('ボア', 406203);
INSERT INTO artist_name (name, id) VALUES ('BoA Kwon', 430210);
INSERT INTO artist_name (name, id) VALUES ('Kwon BoA', 474655);
INSERT INTO artist_name (name, id) VALUES ('보아', 316395);
INSERT INTO artist_alias (begin_date_day, last_updated, primary_for_locale, name, edits_pending, locale, begin_date_year, artist, end_date_day, begin_date_month, end_date_month, id, type, end_date_year, sort_name) VALUES (NULL, '2011-01-18 16:20:17.74049+01', '0', 134243, 0, NULL, NULL, 9496, NULL, NULL, NULL, 11905, NULL, NULL, 134243);
INSERT INTO artist_alias (begin_date_day, last_updated, primary_for_locale, name, edits_pending, locale, begin_date_year, artist, end_date_day, begin_date_month, end_date_month, id, type, end_date_year, sort_name) VALUES (NULL, '2011-01-18 16:20:17.74049+01', '0', 406203, 0, NULL, NULL, 9496, NULL, NULL, NULL, 70378, NULL, NULL, 406203);
INSERT INTO artist_alias (begin_date_day, last_updated, primary_for_locale, name, edits_pending, locale, begin_date_year, artist, end_date_day, begin_date_month, end_date_month, id, type, end_date_year, sort_name) VALUES (NULL, '2011-01-18 16:20:17.74049+01', '0', 430210, 0, NULL, NULL, 9496, NULL, NULL, NULL, 11902, NULL, NULL, 430210);
INSERT INTO artist_alias (begin_date_day, last_updated, primary_for_locale, name, edits_pending, locale, begin_date_year, artist, end_date_day, begin_date_month, end_date_month, id, type, end_date_year, sort_name) VALUES (NULL, '2011-01-18 16:20:17.74049+01', '0', 474655, 0, NULL, NULL, 9496, NULL, NULL, NULL, 11901, NULL, NULL, 474655);
INSERT INTO artist_alias (begin_date_day, last_updated, primary_for_locale, name, edits_pending, locale, begin_date_year, artist, end_date_day, begin_date_month, end_date_month, id, type, end_date_year, sort_name) VALUES (NULL, '2011-01-18 16:20:17.74049+01', '0', 316395, 0, NULL, NULL, 9496, NULL, NULL, NULL, 18652, NULL, NULL, 316395);
UPDATE artist_meta SET rating_count = 3, rating = 87 WHERE id = 9496;
INSERT INTO artist_credit_name (join_phrase, artist, name, position, artist_credit) VALUES ('♥', 135345, 75219, 0, 792488);
INSERT INTO artist_credit_name (join_phrase, artist, name, position, artist_credit) VALUES ('', 9496, 661715, 1, 792488);
INSERT INTO recording (last_updated, name, edits_pending, artist_credit, length, comment, id, gid) VALUES (NULL, 2580451, 0, 792488, 242226, '', 4525123, '0cf3008f-e246-428f-abc1-35f87d584d60');
INSERT INTO puid (version, puid, id) VALUES (140, 'f58d85a3-e905-51ed-0c12-4849d7e6c750', 1512107);
INSERT INTO clientversion (created, version, id) VALUES ('2011-01-18 16:21:33.71184+01', 'MusicBrainz Picard-0.9.0beta1', 181);
INSERT INTO puid (version, puid, id) VALUES (181, '784dfe48-4ae2-6f11-f44f-0f6b5608edc8', 2219372);
INSERT INTO clientversion (created, version, id) VALUES ('2011-01-18 16:21:33.71184+01', 'MusicBrainz Picard-0.12.1', 246);
INSERT INTO puid (version, puid, id) VALUES (246, '4d963c66-40d5-f865-268c-e49190604825', 3962132);
INSERT INTO recording_puid (created, recording, puid, edits_pending, id) VALUES ('2011-01-18 16:56:00.408782+01', 4525123, 1512107, 0, 1892456);
INSERT INTO recording_puid (created, recording, puid, edits_pending, id) VALUES ('2011-01-18 16:56:00.408782+01', 4525123, 2219372, 0, 5964485);
INSERT INTO recording_puid (created, recording, puid, edits_pending, id) VALUES ('2011-01-18 16:56:00.408782+01', 4525123, 3962132, 0, 5005070);
UPDATE recording_meta SET rating_count = NULL, rating = NULL WHERE id = 4525123;
INSERT INTO track_name (name, id) VALUES ('the Love Bug (Big Bug NYC remix)', 3270954);
INSERT INTO recording (last_updated, name, edits_pending, artist_credit, length, comment, id, gid) VALUES (NULL, 3270954, 0, 792488, 222000, '', 4525010, '84c98ebf-5d40-4a29-b7b2-0e9c26d9061d');
INSERT INTO puid (version, puid, id) VALUES (140, 'd4b7bf96-e36b-a321-3791-8567ae14c7c1', 1512108);
INSERT INTO recording_puid (created, recording, puid, edits_pending, id) VALUES ('2011-01-18 16:56:00.408782+01', 4525010, 1512108, 0, 1892457);
UPDATE recording_meta SET rating_count = NULL, rating = NULL WHERE id = 4525010;
INSERT INTO track_name (name, id) VALUES ('the Love Bug (cover)', 1041200);
INSERT INTO artist_name (name, id) VALUES ('BAGDAD CAFE THE trench town', 672240);
INSERT INTO artist_credit (created, name, ref_count, artist_count, id) VALUES ('2011-01-18 17:24:02.551922+01', 672240, 53, 1, 283833);
INSERT INTO artist (edits_pending, ended, id, sort_name, gender, country, begin_date_day, last_updated, name, begin_date_year, end_date_day, comment, begin_date_month, end_date_month, type, end_date_year, gid) VALUES (0, '0', 283833, 672240, NULL, NULL, NULL, NULL, 672240, NULL, NULL, '', NULL, NULL, NULL, NULL, '97fa3f6e-557c-4227-bc0e-95a7f9f3285d');
UPDATE artist_meta SET rating_count = NULL, rating = NULL WHERE id = 283833;
INSERT INTO artist_credit_name (join_phrase, artist, name, position, artist_credit) VALUES ('', 283833, 672240, 0, 283833);
INSERT INTO recording (last_updated, name, edits_pending, artist_credit, length, comment, id, gid) VALUES (NULL, 1041200, 0, 283833, 333000, '', 4525011, '3f33fc37-43d0-44dc-bfd6-60efd38810c5');
INSERT INTO clientversion (created, version, id) VALUES ('2011-01-18 16:21:33.71184+01', 'MusicBrainz Picard-0.9.0alpha14', 174);
INSERT INTO puid (version, puid, id) VALUES (174, '37ef1d1f-610f-aa23-9b5f-cca82ed8007e', 1951547);
INSERT INTO recording_puid (created, recording, puid, edits_pending, id) VALUES ('2011-01-18 16:56:00.408782+01', 4525011, 1951547, 0, 2435947);
UPDATE recording_meta SET rating_count = NULL, rating = NULL WHERE id = 4525011;
INSERT INTO track (last_updated, number, recording, name, position, edits_pending, artist_credit, length, medium, id, gid) VALUES ('2013-03-07 16:53:06.647156+01', '1', 4525123, 2580451, 1, 0, 792488, 243000, 59662, 4525009, 'e365ad76-415b-4a6e-ac6b-f9cbe00827cb');
INSERT INTO track (last_updated, number, recording, name, position, edits_pending, artist_credit, length, medium, id, gid) VALUES ('2013-03-07 16:53:06.647156+01', '2', 4525010, 3270954, 2, 0, 792488, 222000, 59662, 4525010, 'dcb050a4-7d6c-43f5-90a4-eba92c6b3810');
INSERT INTO track (last_updated, number, recording, name, position, edits_pending, artist_credit, length, medium, id, gid) VALUES ('2013-03-07 16:53:06.647156+01', '3', 4525011, 1041200, 3, 0, 283833, 333000, 59662, 4525011, 'cfe48611-3f50-4eeb-ba78-b69b7fdc665c');
INSERT INTO label_name (name, id) VALUES ('rhythm zone', 17257);
INSERT INTO label (label_code, edits_pending, ended, id, sort_name, country, begin_date_day, last_updated, name, begin_date_year, end_date_day, comment, begin_date_month, end_date_month, type, end_date_year, gid) VALUES (NULL, 0, '0', 2882, 17257, 107, NULL, '2008-11-29 11:19:30.284281+01', 17257, NULL, NULL, '', NULL, NULL, 4, NULL, '72a46579-e9a0-405a-8ee1-e6e6b63b8212');
INSERT INTO label_name (name, id) VALUES ('rythm zone', 51339);
INSERT INTO label_alias (begin_date_day, last_updated, primary_for_locale, name, edits_pending, locale, begin_date_year, end_date_day, begin_date_month, end_date_month, id, label, type, end_date_year, sort_name) VALUES (NULL, '2011-01-18 16:21:33.71184+01', '0', 51339, 0, NULL, NULL, NULL, NULL, NULL, 1244, 2882, NULL, NULL, 51339);
UPDATE label_meta SET rating_count = NULL, rating = NULL WHERE id = 2882;
INSERT INTO release_label (last_updated, catalog_number, label, release, id) VALUES ('2011-01-18 16:52:02.917556+01', 'RZCD-45118', 2882, 59662, 134076);
UPDATE release_meta SET amazon_asin = 'B0001FAD2O', info_url = 'http://www.amazon.co.jp/gp/product/B0001FAD2O', date_added = '2005-09-07 04:23:50.964236+02', cover_art_presence = 'present', amazon_store = NULL WHERE id = 59662;
UPDATE release_group_meta SET first_release_date_month = 3, rating_count = NULL, first_release_date_year = 2004, release_count = 1, rating = NULL, first_release_date_day = 17 WHERE id = 403214;
INSERT INTO release_name (name, id) VALUES ('LOVE & HONESTY', 31363);
INSERT INTO artist_credit (created, name, ref_count, artist_count, id) VALUES ('2011-01-18 17:24:02.551922+01', 661715, 2414, 1, 9496);
INSERT INTO artist_credit_name (join_phrase, artist, name, position, artist_credit) VALUES ('', 9496, 661715, 0, 9496);
INSERT INTO release_group (last_updated, comment, name, edits_pending, type, artist_credit, id, gid) VALUES ('2009-05-24 22:47:00.490177+02', '', 31363, 0, 1, 9496, 326504, '23f421e7-431e-3e1d-bcbf-b91f5f7c5e2c');
INSERT INTO release (date_day, status, release_group, edits_pending, packaging, id, quality, country, last_updated, script, language, name, artist_credit, barcode, comment, date_year, date_month, gid) VALUES (15, 4, 326504, 0, NULL, 4675, -1, 107, NULL, 28, 198, 31363, 9496, NULL, '', 2004, 1, '757a1723-3769-4298-89cd-48d31177852a');
INSERT INTO release (date_day, status, release_group, edits_pending, packaging, id, quality, country, last_updated, script, language, name, artist_credit, barcode, comment, date_year, date_month, gid) VALUES (15, 1, 326504, 0, NULL, 59312, -1, 107, '2009-09-24 21:33:36.305407+02', 85, 198, 31363, 9496, '4988064173907', '', 2004, 1, 'cacc586f-c2f2-49db-8534-6f44b55196f2');
INSERT INTO release (date_day, status, release_group, edits_pending, packaging, id, quality, country, last_updated, script, language, name, artist_credit, barcode, comment, date_year, date_month, gid) VALUES (15, 1, 326504, 0, NULL, 558940, -1, 107, '2009-09-24 21:33:36.305407+02', 85, 198, 31363, 9496, '4988064173891', '', 2004, 1, '28fc2337-985b-3da9-ac40-ad6f28ff0d8e');
INSERT INTO medium (last_updated, name, position, track_count, edits_pending, release, format, id) VALUES ('2013-03-07 16:53:07.18794+01', NULL, 1, 13, 0, 4675, NULL, 4675);
INSERT INTO cdtoc (created, discid, track_offset, degraded, leadout_offset, track_count, id, freedb_id) VALUES ('2011-01-18 16:21:33.71184+01', 'afhq1hAs2MoqPcU9JENE5i_mACM-', '{150,19230,42125,62632,83817,103437,120475,139975,166185,187925,203550,225687,239650}', '0', 254650, 13, 77049, 'ad0d410d');
INSERT INTO cdtoc (created, discid, track_offset, degraded, leadout_offset, track_count, id, freedb_id) VALUES ('2011-01-18 16:21:33.71184+01', 'T.epJ9O5SoDjPqAJuOJfAI9O8Nk-', '{150,19383,42431,63091,84429,104202,121393,141045,167408,189301,205078,227368,241484}', '0', 256486, 13, 81302, 'a90d590d');
INSERT INTO medium_cdtoc (last_updated, medium, edits_pending, id, cdtoc) VALUES ('2011-01-18 16:21:33.71184+01', 4675, 0, 10359, 77049);
INSERT INTO medium_cdtoc (last_updated, medium, edits_pending, id, cdtoc) VALUES ('2011-01-18 16:21:33.71184+01', 4675, 0, 10360, 81302);
INSERT INTO track_name (name, id) VALUES ('Rock With You', 3286553);
INSERT INTO recording (last_updated, name, edits_pending, artist_credit, length, comment, id, gid) VALUES (NULL, 3286553, 0, 9496, 255146, '', 3451976, 'c869cc03-cb88-462b-974e-8e46c1538ad4');
INSERT INTO puid (version, puid, id) VALUES (1, '242d65cb-3cd2-517c-f0a7-5d05413cf4c9', 158736);
INSERT INTO clientversion (created, version, id) VALUES ('2011-01-18 16:21:33.71184+01', 'MusicBrainz Picard-0.11', 204);
INSERT INTO puid (version, puid, id) VALUES (204, 'acaef019-b6dd-ba4f-75ab-31a055b68859', 3559549);
INSERT INTO recording_puid (created, recording, puid, edits_pending, id) VALUES ('2011-01-18 16:56:00.408782+01', 3451976, 158736, 0, 204361);
INSERT INTO recording_puid (created, recording, puid, edits_pending, id) VALUES ('2011-01-18 16:56:00.408782+01', 3451976, 3559549, 0, 4494269);
UPDATE recording_meta SET rating_count = NULL, rating = NULL WHERE id = 3451976;
INSERT INTO track_name (name, id) VALUES ('Shine We Are!', 599530);
INSERT INTO recording (last_updated, name, edits_pending, artist_credit, length, comment, id, gid) VALUES (NULL, 599530, 0, 9496, 307000, '', 1307406, 'ddbe4d0c-9b41-4db8-9244-cd08cc6ee2d8');
INSERT INTO puid (version, puid, id) VALUES (1, '4bf682ad-39b2-210c-346a-080326baf75c', 284134);
INSERT INTO puid (version, puid, id) VALUES (204, '38a8dff0-35fd-0140-36ac-b4bb6cc25ab7', 3559553);
INSERT INTO recording_puid (created, recording, puid, edits_pending, id) VALUES ('2011-01-18 16:56:00.408782+01', 1307406, 284134, 0, 4682302);
INSERT INTO recording_puid (created, recording, puid, edits_pending, id) VALUES ('2011-01-18 16:56:00.408782+01', 1307406, 3559553, 0, 4494276);
UPDATE recording_meta SET rating_count = NULL, rating = NULL WHERE id = 1307406;
INSERT INTO track_name (name, id) VALUES ('SOME DAY ONE DAY (feat. VERBAL (m-flo))', 3597230);
INSERT INTO recording (last_updated, name, edits_pending, artist_credit, length, comment, id, gid) VALUES (NULL, 3597230, 0, 9496, 273000, '', 3622822, '0c0245df-34f0-416b-8c3f-f20f66e116d0');
INSERT INTO puid (version, puid, id) VALUES (134, '0cc080d6-df55-0268-b74c-5a948f7fd662', 1096290);
INSERT INTO puid (version, puid, id) VALUES (204, 'c3555890-d457-45fc-34b4-42630025443b', 3345622);
INSERT INTO puid (version, puid, id) VALUES (204, '315a47f8-4d20-a182-1731-fff371db2147', 3347674);
INSERT INTO recording_puid (created, recording, puid, edits_pending, id) VALUES ('2011-01-18 16:56:00.408782+01', 3622822, 1096290, 0, 1381773);
INSERT INTO recording_puid (created, recording, puid, edits_pending, id) VALUES ('2011-01-18 16:56:00.408782+01', 3622822, 3345622, 0, 5907059);
INSERT INTO recording_puid (created, recording, puid, edits_pending, id) VALUES ('2011-01-18 16:56:00.408782+01', 3622822, 3347674, 0, 4215644);
UPDATE recording_meta SET rating_count = NULL, rating = NULL WHERE id = 3622822;
INSERT INTO track_name (name, id) VALUES ('LOVE & HONESTY', 4546851);
INSERT INTO recording (last_updated, name, edits_pending, artist_credit, length, comment, id, gid) VALUES (NULL, 4546851, 0, 9496, 282000, '', 3622823, '150621f0-3e08-43a3-9882-6a68322fcc04');
INSERT INTO puid (version, puid, id) VALUES (1, '0b4454c2-5d9c-b42b-3a4b-9b40ff368f09', 49771);
INSERT INTO puid (version, puid, id) VALUES (140, '30c7d066-ebec-e00e-3796-9a2cfac84706', 1588542);
INSERT INTO puid (version, puid, id) VALUES (181, '1c1d04d5-08f5-f681-4bb5-85a845e9dae5', 2453770);
INSERT INTO puid (version, puid, id) VALUES (246, '693a15cc-4519-bfde-a708-f6b0c8504c1d', 4667178);
INSERT INTO recording_puid (created, recording, puid, edits_pending, id) VALUES ('2011-01-18 16:56:00.408782+01', 3622823, 49771, 0, 64065);
INSERT INTO recording_puid (created, recording, puid, edits_pending, id) VALUES ('2011-01-18 16:56:00.408782+01', 3622823, 1588542, 0, 1985713);
INSERT INTO recording_puid (created, recording, puid, edits_pending, id) VALUES ('2011-01-18 16:56:00.408782+01', 3622823, 2453770, 0, 4215632);
INSERT INTO recording_puid (created, recording, puid, edits_pending, id) VALUES ('2011-01-18 16:56:00.408782+01', 3622823, 4667178, 0, 5907054);
UPDATE recording_meta SET rating_count = NULL, rating = NULL WHERE id = 3622823;
INSERT INTO track_name (name, id) VALUES ('Midnight Parade', 4260827);
INSERT INTO recording (last_updated, name, edits_pending, artist_credit, length, comment, id, gid) VALUES (NULL, 4260827, 0, 9496, 261600, '', 3584195, 'f0f18e4b-3697-4b4d-9bd6-e986cfa38906');
INSERT INTO puid (version, puid, id) VALUES (1, '03cbc3ef-965a-29b0-9624-1450834bd629', 16861);
INSERT INTO puid (version, puid, id) VALUES (130, 'ab0d4d1e-bfeb-0f23-36df-4f21acdbd6c9', 690006);
INSERT INTO recording_puid (created, recording, puid, edits_pending, id) VALUES ('2011-01-18 16:56:00.408782+01', 3584195, 16861, 0, 4215633);
INSERT INTO recording_puid (created, recording, puid, edits_pending, id) VALUES ('2011-01-18 16:56:00.408782+01', 3584195, 690006, 0, 3066285);
UPDATE recording_meta SET rating_count = NULL, rating = NULL WHERE id = 3584195;
INSERT INTO track_name (name, id) VALUES ('Be the one', 1567959);
INSERT INTO recording (last_updated, name, edits_pending, artist_credit, length, comment, id, gid) VALUES (NULL, 1567959, 0, 9496, 227000, '', 3622825, 'f9234d15-137b-4229-9b76-717885ba7224');
INSERT INTO puid (version, puid, id) VALUES (1, '68aa439a-f9ae-ea31-c2cd-780584300d77', 339111);
INSERT INTO puid (version, puid, id) VALUES (204, 'e85911db-fb0c-6556-d552-3196d81b5856', 3345621);
INSERT INTO recording_puid (created, recording, puid, edits_pending, id) VALUES ('2011-01-18 16:56:00.408782+01', 3622825, 339111, 0, 4215640);
INSERT INTO recording_puid (created, recording, puid, edits_pending, id) VALUES ('2011-01-18 16:56:00.408782+01', 3622825, 3345621, 0, 5907057);
UPDATE recording_meta SET rating_count = NULL, rating = NULL WHERE id = 3622825;
INSERT INTO track_name (name, id) VALUES ('EXPECT', 1535670);
INSERT INTO recording (last_updated, name, edits_pending, artist_credit, length, comment, id, gid) VALUES (NULL, 1535670, 0, 9496, 260000, '', 3622826, '3f3ec8e2-24be-46dc-812b-bb5d5b608eb0');
INSERT INTO puid (version, puid, id) VALUES (1, 'c68e511b-bcf6-74be-db31-fdc7082e5694', 518837);
INSERT INTO puid (version, puid, id) VALUES (204, '71f11c3c-09e7-5bdf-53de-00f17e60d222', 3304446);
INSERT INTO recording_puid (created, recording, puid, edits_pending, id) VALUES ('2011-01-18 16:56:00.408782+01', 3622826, 518837, 0, 667322);
INSERT INTO recording_puid (created, recording, puid, edits_pending, id) VALUES ('2011-01-18 16:56:00.408782+01', 3622826, 3304446, 0, 4158397);
UPDATE recording_meta SET rating_count = NULL, rating = NULL WHERE id = 3622826;
INSERT INTO track_name (name, id) VALUES ('OVER ~across the time~', 2033166);
INSERT INTO track_name (name, id) VALUES ('OVER～across the time～', 3807484);
INSERT INTO recording (last_updated, name, edits_pending, artist_credit, length, comment, id, gid) VALUES (NULL, 3807484, 0, 9496, 349000, '', 3622827, 'f0de8cba-2f1e-4633-9163-c8c933b25d87');
INSERT INTO puid (version, puid, id) VALUES (1, '7ab68fdb-4598-391e-7ef4-44e52b488543', 373631);
INSERT INTO puid (version, puid, id) VALUES (204, 'b27378d4-4b5c-4aaf-bf10-2a951ece2a83', 3345623);
INSERT INTO recording_puid (created, recording, puid, edits_pending, id) VALUES ('2011-01-18 16:56:00.408782+01', 3622827, 373631, 0, 4215635);
INSERT INTO recording_puid (created, recording, puid, edits_pending, id) VALUES ('2011-01-18 16:56:00.408782+01', 3622827, 3345623, 0, 5907056);
UPDATE recording_meta SET rating_count = NULL, rating = NULL WHERE id = 3622827;
INSERT INTO track_name (name, id) VALUES ('Kokoro no Tegami', 2818772);
INSERT INTO track_name (name, id) VALUES ('心の手紙', 2025225);
INSERT INTO recording (last_updated, name, edits_pending, artist_credit, length, comment, id, gid) VALUES (NULL, 2025225, 0, 9496, 290000, '', 3622828, '98a4adf6-8761-4adb-a940-acb58dc664b3');
INSERT INTO puid (version, puid, id) VALUES (1, '8e69d890-7527-3fbb-698d-98705228fc51', 411452);
INSERT INTO recording_puid (created, recording, puid, edits_pending, id) VALUES ('2011-01-18 16:56:00.408782+01', 3622828, 411452, 0, 529190);
UPDATE recording_meta SET rating_count = NULL, rating = NULL WHERE id = 3622828;
INSERT INTO track_name (name, id) VALUES ('DOUBLE', 2026075);
INSERT INTO recording (last_updated, name, edits_pending, artist_credit, length, comment, id, gid) VALUES (NULL, 2026075, 0, 9496, 206066, '', 3451975, '25db6c3b-eeb7-4258-9a81-fb9b4c903bfc');
INSERT INTO puid (version, puid, id) VALUES (1, '83cf9140-aa8b-8bb0-53c4-cdff7178ebbb', 391039);
INSERT INTO puid (version, puid, id) VALUES (130, 'adfa7435-72af-2541-d773-02e1f017c02c', 689991);
INSERT INTO puid (version, puid, id) VALUES (134, 'f3b3e1a0-0580-c7c7-8633-8ae1734940b5', 1096289);
INSERT INTO puid (version, puid, id) VALUES (140, '3338a305-553c-4ca6-ac43-8f1db1c4b036', 2015169);
INSERT INTO recording_puid (created, recording, puid, edits_pending, id) VALUES ('2011-01-18 16:56:00.408782+01', 3451975, 391039, 0, 502813);
INSERT INTO recording_puid (created, recording, puid, edits_pending, id) VALUES ('2011-01-18 16:56:00.408782+01', 3451975, 689991, 0, 884259);
INSERT INTO recording_puid (created, recording, puid, edits_pending, id) VALUES ('2011-01-18 16:56:00.408782+01', 3451975, 1096289, 0, 1443906);
INSERT INTO recording_puid (created, recording, puid, edits_pending, id) VALUES ('2011-01-18 16:56:00.408782+01', 3451975, 2015169, 0, 2515545);
UPDATE recording_meta SET rating_count = NULL, rating = NULL WHERE id = 3451975;
INSERT INTO track_name (name, id) VALUES ('Easy To Be Hard', 2797257);
INSERT INTO recording (last_updated, name, edits_pending, artist_credit, length, comment, id, gid) VALUES (NULL, 2797257, 0, 9496, 295000, '', 3622830, '18c16c80-421d-476f-893c-0b02f964bd86');
INSERT INTO puid (version, puid, id) VALUES (1, '28e4fcd8-c5a4-52ed-afb5-e27e660c8497', 179179);
INSERT INTO recording_puid (created, recording, puid, edits_pending, id) VALUES ('2011-01-18 16:56:00.408782+01', 3622830, 179179, 0, 230707);
UPDATE recording_meta SET rating_count = NULL, rating = NULL WHERE id = 3622830;
INSERT INTO track_name (name, id) VALUES ('Song With No Name', 4260749);
INSERT INTO track_name (name, id) VALUES ('Song With No Name～名前のない歌～', 4265097);
INSERT INTO recording (last_updated, name, edits_pending, artist_credit, length, comment, id, gid) VALUES (NULL, 4265097, 0, 9496, 186000, '', 3622831, 'df229cdb-9539-46b7-92e9-d164b27f6361');
INSERT INTO puid (version, puid, id) VALUES (1, '08fdfbe8-d49b-1e25-5cb3-de87a70f4a87', 39752);
INSERT INTO puid (version, puid, id) VALUES (204, '9827ec02-7b2a-0d88-651c-c0112a3a4330', 3345625);
INSERT INTO puid (version, puid, id) VALUES (204, '1f4efe65-9b11-7ca0-683a-36ec5c909182', 3562238);
INSERT INTO recording_puid (created, recording, puid, edits_pending, id) VALUES ('2011-01-18 16:56:00.408782+01', 3622831, 39752, 0, 4215642);
INSERT INTO recording_puid (created, recording, puid, edits_pending, id) VALUES ('2011-01-18 16:56:00.408782+01', 3622831, 3345625, 0, 4212866);
INSERT INTO recording_puid (created, recording, puid, edits_pending, id) VALUES ('2011-01-18 16:56:00.408782+01', 3622831, 3562238, 0, 4498370);
UPDATE recording_meta SET rating_count = NULL, rating = NULL WHERE id = 3622831;
INSERT INTO track_name (name, id) VALUES ('Milky Way', 3169042);
INSERT INTO track_name (name, id) VALUES ('Milky Way 〜君の歌〜', 7019);
INSERT INTO recording (last_updated, name, edits_pending, artist_credit, length, comment, id, gid) VALUES (NULL, 7019, 0, 9496, 203840, '', 3584196, '1272ecf4-fc8d-4d10-889c-afe6a1fa2d8f');
INSERT INTO puid (version, puid, id) VALUES (1, 'df4c4bd8-0363-9157-15ae-2a1b3ea7c560', 565964);
INSERT INTO recording_puid (created, recording, puid, edits_pending, id) VALUES ('2011-01-18 16:56:00.408782+01', 3584196, 565964, 0, 884272);
UPDATE recording_meta SET rating_count = NULL, rating = NULL WHERE id = 3584196;
INSERT INTO track (last_updated, number, recording, name, position, edits_pending, artist_credit, length, medium, id, gid) VALUES ('2013-03-07 16:53:06.647156+01', '1', 3451976, 3286553, 1, 0, 9496, 254400, 4675, 1939124, '3b343b8f-c38b-4fdc-bb10-56b7b9acff5d');
INSERT INTO track (last_updated, number, recording, name, position, edits_pending, artist_credit, length, medium, id, gid) VALUES ('2013-03-07 16:53:06.647156+01', '2', 1307406, 599530, 2, 0, 9496, 305266, 4675, 1939125, 'a8b0f083-ac57-4347-a576-244d989746d2');
INSERT INTO track (last_updated, number, recording, name, position, edits_pending, artist_credit, length, medium, id, gid) VALUES ('2013-03-07 16:53:06.647156+01', '3', 3622822, 3597230, 3, 0, 9496, 273426, 4675, 1939126, 'ca80628d-0c70-4a46-80c0-fd396cfc9615');
INSERT INTO track (last_updated, number, recording, name, position, edits_pending, artist_credit, length, medium, id, gid) VALUES ('2013-03-07 16:53:06.647156+01', '4', 3622823, 4546851, 4, 0, 9496, 282466, 4675, 1939127, 'ad87975a-dd4b-4082-80c3-cf595b152b25');
INSERT INTO track (last_updated, number, recording, name, position, edits_pending, artist_credit, length, medium, id, gid) VALUES ('2013-03-07 16:53:06.647156+01', '5', 3584195, 4260827, 5, 0, 9496, 261600, 4675, 1939128, '958db2a0-fc1d-467d-9ce3-b549e04c5d8d');
INSERT INTO track (last_updated, number, recording, name, position, edits_pending, artist_credit, length, medium, id, gid) VALUES ('2013-03-07 16:53:06.647156+01', '6', 3622825, 1567959, 6, 0, 9496, 227173, 4675, 1939129, 'd2f4e6b0-4087-43ff-8b02-59a51783c9ab');
INSERT INTO track (last_updated, number, recording, name, position, edits_pending, artist_credit, length, medium, id, gid) VALUES ('2013-03-07 16:53:06.647156+01', '7', 3622826, 1535670, 7, 0, 9496, 260000, 4675, 1939130, '117c4b0d-9832-4a75-9540-bef58b1b825d');
INSERT INTO track (last_updated, number, recording, name, position, edits_pending, artist_credit, length, medium, id, gid) VALUES ('2013-03-07 16:53:06.647156+01', '8', 3622827, 2033166, 8, 0, 9496, 349466, 4675, 1939131, '10690e4f-ef40-4f3a-81a7-df572ba9033b');
INSERT INTO track (last_updated, number, recording, name, position, edits_pending, artist_credit, length, medium, id, gid) VALUES ('2013-03-07 16:53:06.647156+01', '9', 3622828, 2818772, 9, 0, 9496, 289866, 4675, 1939132, '254e48bd-7fd1-4394-91f0-899c0c0cf91c');
INSERT INTO track (last_updated, number, recording, name, position, edits_pending, artist_credit, length, medium, id, gid) VALUES ('2013-03-07 16:53:06.647156+01', '10', 3451975, 2026075, 10, 0, 9496, 208333, 4675, 1939133, '75076a64-46b9-4e87-a17e-de8c27e0c74c');
INSERT INTO track (last_updated, number, recording, name, position, edits_pending, artist_credit, length, medium, id, gid) VALUES ('2013-03-07 16:53:06.647156+01', '11', 3622830, 2797257, 11, 0, 9496, 295160, 4675, 1939134, '2e0f0aad-e03c-41f1-adca-8d38d586534a');
INSERT INTO track (last_updated, number, recording, name, position, edits_pending, artist_credit, length, medium, id, gid) VALUES ('2013-03-07 16:53:06.647156+01', '12', 3622831, 4260749, 12, 0, 9496, 186173, 4675, 1939135, '8cbdaed2-774d-49d7-8a38-64f0182b3d46');
INSERT INTO track (last_updated, number, recording, name, position, edits_pending, artist_credit, length, medium, id, gid) VALUES ('2013-03-07 16:53:06.647156+01', '13', 3584196, 3169042, 13, 0, 9496, 199667, 4675, 1939136, '3a46f31b-8134-4cad-be99-e5d320381eac');
INSERT INTO label_name (name, id) VALUES ('avex trax', 7466);
INSERT INTO label (label_code, edits_pending, ended, id, sort_name, country, begin_date_day, last_updated, name, begin_date_year, end_date_day, comment, begin_date_month, end_date_month, type, end_date_year, gid) VALUES (NULL, 0, '0', 28, 7466, 107, NULL, '2009-06-27 18:09:17.482349+02', 7466, NULL, NULL, '', NULL, NULL, 4, NULL, '168f48c8-057e-4974-9600-aa9956d21e1a');
INSERT INTO label_name (name, id) VALUES ('Avex Trax Japan', 21186);
INSERT INTO label_name (name, id) VALUES ('エイベックス・トラックス', 15858);
INSERT INTO label_alias (begin_date_day, last_updated, primary_for_locale, name, edits_pending, locale, begin_date_year, end_date_day, begin_date_month, end_date_month, id, label, type, end_date_year, sort_name) VALUES (NULL, '2011-01-18 16:21:33.71184+01', '0', 21186, 0, NULL, NULL, NULL, NULL, NULL, 895, 28, NULL, NULL, 21186);
INSERT INTO label_alias (begin_date_day, last_updated, primary_for_locale, name, edits_pending, locale, begin_date_year, end_date_day, begin_date_month, end_date_month, id, label, type, end_date_year, sort_name) VALUES (NULL, '2011-01-18 16:21:33.71184+01', '0', 15858, 0, NULL, NULL, NULL, NULL, NULL, 3311, 28, NULL, NULL, 15858);
UPDATE label_meta SET rating_count = NULL, rating = NULL WHERE id = 28;
INSERT INTO release_label (last_updated, catalog_number, label, release, id) VALUES ('2011-01-18 16:52:02.917556+01', NULL, 28, 4675, 69343);
UPDATE release_meta SET amazon_asin = 'B0000YGBSG', info_url = 'http://www.amazon.co.jp/gp/product/B0000YGBSG', date_added = '2004-02-15 08:01:30.766831+01', cover_art_presence = 'absent', amazon_store = NULL WHERE id = 4675;
INSERT INTO medium (last_updated, name, position, track_count, edits_pending, release, format, id) VALUES ('2013-03-07 16:53:07.18794+01', NULL, 1, 13, 0, 59312, 1, 59312);
INSERT INTO track_name (name, id) VALUES ('Milky Way-君の歌-', 2554737);
INSERT INTO track (last_updated, number, recording, name, position, edits_pending, artist_credit, length, medium, id, gid) VALUES ('2013-03-07 16:53:06.647156+01', '1', 3451976, 3286553, 1, 0, 9496, 254000, 59312, 3622820, '46856397-f1bf-4ced-9327-e69a336d21ff');
INSERT INTO track (last_updated, number, recording, name, position, edits_pending, artist_credit, length, medium, id, gid) VALUES ('2013-03-07 16:53:06.647156+01', '2', 1307406, 599530, 2, 0, 9496, 305000, 59312, 3622821, 'e55022b5-3382-4658-b486-b981a19283e7');
INSERT INTO track (last_updated, number, recording, name, position, edits_pending, artist_credit, length, medium, id, gid) VALUES ('2013-03-07 16:53:06.647156+01', '3', 3622822, 3597230, 3, 0, 9496, 273000, 59312, 3622822, '18e67e09-a62b-4679-91dd-14844a34842f');
INSERT INTO track (last_updated, number, recording, name, position, edits_pending, artist_credit, length, medium, id, gid) VALUES ('2013-03-07 16:53:06.647156+01', '4', 3622823, 4546851, 4, 0, 9496, 282000, 59312, 3622823, '84a5e4b6-275a-4f1c-a0c7-9c815a206972');
INSERT INTO track (last_updated, number, recording, name, position, edits_pending, artist_credit, length, medium, id, gid) VALUES ('2013-03-07 16:53:06.647156+01', '5', 3584195, 4260827, 5, 0, 9496, 262000, 59312, 3622824, '07e77bac-1271-4563-8e38-e6976c6ac6ef');
INSERT INTO track (last_updated, number, recording, name, position, edits_pending, artist_credit, length, medium, id, gid) VALUES ('2013-03-07 16:53:06.647156+01', '6', 3622825, 1567959, 6, 0, 9496, 227000, 59312, 3622825, '10aba637-06b5-42e5-bcee-67d60fcf4815');
INSERT INTO track (last_updated, number, recording, name, position, edits_pending, artist_credit, length, medium, id, gid) VALUES ('2013-03-07 16:53:06.647156+01', '7', 3622826, 1535670, 7, 0, 9496, 260000, 59312, 3622826, 'b6c2c0c7-33e5-4a81-9d11-18897bde798a');
INSERT INTO track (last_updated, number, recording, name, position, edits_pending, artist_credit, length, medium, id, gid) VALUES ('2013-03-07 16:53:06.647156+01', '8', 3622827, 3807484, 8, 0, 9496, 349000, 59312, 3622827, '8920c18e-d413-4450-82da-2710a96e2460');
INSERT INTO track (last_updated, number, recording, name, position, edits_pending, artist_credit, length, medium, id, gid) VALUES ('2013-03-07 16:53:06.647156+01', '9', 3622828, 2025225, 9, 0, 9496, 290000, 59312, 3622828, '31e42763-c951-44e6-a1fc-6fdbdae76664');
INSERT INTO track (last_updated, number, recording, name, position, edits_pending, artist_credit, length, medium, id, gid) VALUES ('2013-03-07 16:53:06.647156+01', '10', 3451975, 2026075, 10, 0, 9496, 208000, 59312, 3622829, '0727f2da-3a66-4b3c-8051-4be9bf6f49ef');
INSERT INTO track (last_updated, number, recording, name, position, edits_pending, artist_credit, length, medium, id, gid) VALUES ('2013-03-07 16:53:06.647156+01', '11', 3622830, 2797257, 11, 0, 9496, 295000, 59312, 3622830, '5370531c-c037-4222-b370-fc0e5863715f');
INSERT INTO track (last_updated, number, recording, name, position, edits_pending, artist_credit, length, medium, id, gid) VALUES ('2013-03-07 16:53:06.647156+01', '12', 3622831, 4265097, 12, 0, 9496, 186000, 59312, 3622831, '89643ac3-c964-4e09-b54a-f275b83b650b');
INSERT INTO track (last_updated, number, recording, name, position, edits_pending, artist_credit, length, medium, id, gid) VALUES ('2013-03-07 16:53:06.647156+01', '13', 3584196, 2554737, 13, 0, 9496, 200000, 59312, 3622832, 'aab7276b-ee28-4c22-9888-30f0eba14f75');
INSERT INTO release_label (last_updated, catalog_number, label, release, id) VALUES ('2011-01-18 16:52:02.917556+01', 'AVCD-17390', 28, 59312, 113447);
UPDATE release_meta SET amazon_asin = 'B0000YG9NS', info_url = 'http://www.amazon.co.jp/gp/product/B0000YG9NS', date_added = '2005-03-12 20:22:14.383478+01', cover_art_presence = 'absent', amazon_store = NULL WHERE id = 59312;
INSERT INTO medium_format (parent, name, has_discids, id, year, child_order) VALUES (NULL, 'DVD', '0', 2, 1995, 4);
INSERT INTO medium (last_updated, name, position, track_count, edits_pending, release, format, id) VALUES ('2013-03-07 16:53:07.18794+01', NULL, 1, 13, 0, 558940, 1, 558940);
INSERT INTO medium (last_updated, name, position, track_count, edits_pending, release, format, id) VALUES ('2013-03-07 16:53:07.18794+01', NULL, 2, 6, 0, 558940, 2, 558944);
INSERT INTO track (last_updated, number, recording, name, position, edits_pending, artist_credit, length, medium, id, gid) VALUES ('2013-03-07 16:53:06.647156+01', '1', 3451976, 3286553, 1, 0, 9496, 254000, 558940, 11484500, '058838cd-ec37-46a2-80c8-1839047c44ae');
INSERT INTO track (last_updated, number, recording, name, position, edits_pending, artist_credit, length, medium, id, gid) VALUES ('2013-03-07 16:53:06.647156+01', '2', 1307406, 599530, 2, 0, 9496, 305000, 558940, 11484501, '346a1923-91a4-442a-ad74-1a1815698c19');
INSERT INTO track (last_updated, number, recording, name, position, edits_pending, artist_credit, length, medium, id, gid) VALUES ('2013-03-07 16:53:06.647156+01', '3', 3622822, 3597230, 3, 0, 9496, 273000, 558940, 11484502, 'f1c4e6de-fbbc-417b-8598-b48814f73748');
INSERT INTO track (last_updated, number, recording, name, position, edits_pending, artist_credit, length, medium, id, gid) VALUES ('2013-03-07 16:53:06.647156+01', '4', 3622823, 4546851, 4, 0, 9496, 282000, 558940, 11484503, '614f6af2-f3ae-4d20-a236-38369fc44f90');
INSERT INTO track (last_updated, number, recording, name, position, edits_pending, artist_credit, length, medium, id, gid) VALUES ('2013-03-07 16:53:06.647156+01', '5', 3584195, 4260827, 5, 0, 9496, 262000, 558940, 11484504, '88356f83-f1ef-4e76-87b2-fe9baa35e20b');
INSERT INTO track (last_updated, number, recording, name, position, edits_pending, artist_credit, length, medium, id, gid) VALUES ('2013-03-07 16:53:06.647156+01', '6', 3622825, 1567959, 6, 0, 9496, 227000, 558940, 11484505, '834dfd77-fa1a-461d-90ce-52ee92a17f1b');
INSERT INTO track (last_updated, number, recording, name, position, edits_pending, artist_credit, length, medium, id, gid) VALUES ('2013-03-07 16:53:06.647156+01', '7', 3622826, 1535670, 7, 0, 9496, 260000, 558940, 11484506, 'd5ed9dc7-dd9c-4d65-8f3c-fff870e204f3');
INSERT INTO track (last_updated, number, recording, name, position, edits_pending, artist_credit, length, medium, id, gid) VALUES ('2013-03-07 16:53:06.647156+01', '8', 3622827, 3807484, 8, 0, 9496, 349000, 558940, 11484507, '2f016a2a-1b01-466a-8e98-596039d77a0f');
INSERT INTO track (last_updated, number, recording, name, position, edits_pending, artist_credit, length, medium, id, gid) VALUES ('2013-03-07 16:53:06.647156+01', '9', 3622828, 2025225, 9, 0, 9496, 290000, 558940, 11484508, 'c518d5a3-b313-4803-8e08-fabee9fdb119');
INSERT INTO track (last_updated, number, recording, name, position, edits_pending, artist_credit, length, medium, id, gid) VALUES ('2013-03-07 16:53:06.647156+01', '10', 3451975, 2026075, 10, 0, 9496, 208000, 558940, 11484509, 'fe1c4219-1c87-42e9-9fdb-4a58b2c46678');
INSERT INTO track (last_updated, number, recording, name, position, edits_pending, artist_credit, length, medium, id, gid) VALUES ('2013-03-07 16:53:06.647156+01', '11', 3622830, 2797257, 11, 0, 9496, 295000, 558940, 11484510, 'db3c1b8f-4f23-419c-aa8c-5a138a0c2c88');
INSERT INTO track (last_updated, number, recording, name, position, edits_pending, artist_credit, length, medium, id, gid) VALUES ('2013-03-07 16:53:06.647156+01', '12', 3622831, 4265097, 12, 0, 9496, 186000, 558940, 11484511, '276da143-f324-4c13-be76-6ab13ad02a16');
INSERT INTO track (last_updated, number, recording, name, position, edits_pending, artist_credit, length, medium, id, gid) VALUES ('2013-03-07 16:53:06.647156+01', '13', 3584196, 2554737, 13, 0, 9496, 200000, 558940, 11484512, '0d45a55b-6736-4790-8252-a34c5dced484');
INSERT INTO track_name (name, id) VALUES ('Shine We Are! (Video clip)', 3938022);
INSERT INTO recording (last_updated, name, edits_pending, artist_credit, length, comment, id, gid) VALUES (NULL, 3938022, 0, 9496, NULL, '', 9538744, '40e4acf3-546e-4ccc-b5c5-3a45686c2d6c');
UPDATE recording_meta SET rating_count = NULL, rating = NULL WHERE id = 9538744;
INSERT INTO track_name (name, id) VALUES ('Rock With You (Video clip)', 539146);
INSERT INTO recording (last_updated, name, edits_pending, artist_credit, length, comment, id, gid) VALUES (NULL, 539146, 0, 9496, NULL, '', 9538745, '326d943f-9ca5-4a54-bdcc-76a2b5facf3a');
UPDATE recording_meta SET rating_count = NULL, rating = NULL WHERE id = 9538745;
INSERT INTO track_name (name, id) VALUES ('NO.1 (Video clip)', 904142);
INSERT INTO recording (last_updated, name, edits_pending, artist_credit, length, comment, id, gid) VALUES (NULL, 904142, 0, 9496, NULL, '', 9538746, '8d611994-ce7e-43dc-9793-b2b2b8bd12ff');
UPDATE recording_meta SET rating_count = NULL, rating = NULL WHERE id = 9538746;
INSERT INTO track_name (name, id) VALUES ('Rock With You (Making of)', 3401141);
INSERT INTO recording (last_updated, name, edits_pending, artist_credit, length, comment, id, gid) VALUES (NULL, 3401141, 0, 9496, NULL, '', 9538747, '1597d65a-d012-497d-a2f2-5c98e1ed778c');
UPDATE recording_meta SET rating_count = NULL, rating = NULL WHERE id = 9538747;
INSERT INTO track_name (name, id) VALUES ('Commercial Films', 961585);
INSERT INTO recording (last_updated, name, edits_pending, artist_credit, length, comment, id, gid) VALUES (NULL, 961585, 0, 9496, NULL, '', 9538748, '675ac228-7181-44b5-873f-056b242f19c0');
UPDATE recording_meta SET rating_count = NULL, rating = NULL WHERE id = 9538748;
INSERT INTO track_name (name, id) VALUES ('Interview', 4745092);
INSERT INTO recording (last_updated, name, edits_pending, artist_credit, length, comment, id, gid) VALUES (NULL, 4745092, 0, 9496, NULL, '', 9538749, 'b950c904-ebfc-4eec-af65-1913f78c51c9');
UPDATE recording_meta SET rating_count = NULL, rating = NULL WHERE id = 9538749;
INSERT INTO track (last_updated, number, recording, name, position, edits_pending, artist_credit, length, medium, id, gid) VALUES ('2013-03-07 16:53:06.647156+01', '1', 9538744, 3938022, 1, 0, 9496, NULL, 558944, 9538744, 'b8075056-bec2-48d3-93c4-8373fef82b9a');
INSERT INTO track (last_updated, number, recording, name, position, edits_pending, artist_credit, length, medium, id, gid) VALUES ('2013-03-07 16:53:06.647156+01', '2', 9538745, 539146, 2, 0, 9496, NULL, 558944, 9538745, '97cfeac8-6c11-4789-aebe-8fd057ab6c0f');
INSERT INTO track (last_updated, number, recording, name, position, edits_pending, artist_credit, length, medium, id, gid) VALUES ('2013-03-07 16:53:06.647156+01', '3', 9538746, 904142, 3, 0, 9496, NULL, 558944, 9538746, 'b2bb6470-7e7c-44d0-81c7-443fc06fd957');
INSERT INTO track (last_updated, number, recording, name, position, edits_pending, artist_credit, length, medium, id, gid) VALUES ('2013-03-07 16:53:06.647156+01', '4', 9538747, 3401141, 4, 0, 9496, NULL, 558944, 9538747, '3ec320aa-d397-43c2-96c2-93ac6efebb20');
INSERT INTO track (last_updated, number, recording, name, position, edits_pending, artist_credit, length, medium, id, gid) VALUES ('2013-03-07 16:53:06.647156+01', '5', 9538748, 961585, 5, 0, 9496, NULL, 558944, 9538748, 'ba209038-9bd4-49dc-9c4c-1b5cbaf3b3f8');
INSERT INTO track (last_updated, number, recording, name, position, edits_pending, artist_credit, length, medium, id, gid) VALUES ('2013-03-07 16:53:06.647156+01', '6', 9538749, 4745092, 6, 0, 9496, NULL, 558944, 9538749, 'b6d2a38a-6ad6-4cbf-98de-6c06dd282697');
INSERT INTO release_label (last_updated, catalog_number, label, release, id) VALUES ('2011-01-18 16:52:02.917556+01', 'AVCD-17389', 28, 558940, 113446);
UPDATE release_meta SET amazon_asin = 'B0000YGBSG', info_url = 'http://www.amazon.co.jp/gp/product/B0000YGBSG', date_added = '2005-03-12 20:22:14.383478+01', cover_art_presence = 'absent', amazon_store = NULL WHERE id = 558940;
UPDATE release_group_meta SET first_release_date_month = 1, rating_count = NULL, first_release_date_year = 2004, release_count = 3, rating = NULL, first_release_date_day = 15 WHERE id = 326504;
INSERT INTO release_name (name, id) VALUES ('Desert Siege / Crash', 23375);
INSERT INTO artist_name (name, id) VALUES ('Chris.Su & SKC', 408343);
INSERT INTO artist_credit (created, name, ref_count, artist_count, id) VALUES ('2011-01-18 17:24:02.551922+01', 408343, 22, 2, 781759);
INSERT INTO artist_name (name, id) VALUES ('Chris.Su', 404781);
INSERT INTO artist (edits_pending, ended, id, sort_name, gender, country, begin_date_day, last_updated, name, begin_date_year, end_date_day, comment, begin_date_month, end_date_month, type, end_date_year, gid) VALUES (0, '0', 273135, 404781, NULL, NULL, NULL, '2010-05-24 03:32:26.049208+02', 404781, NULL, NULL, '', NULL, NULL, 1, NULL, '02e55d3a-f7c3-4ddc-a4aa-a7938f99c81c');
INSERT INTO artist_name (name, id) VALUES ('Chris S.U.', 235922);
INSERT INTO artist_alias (begin_date_day, last_updated, primary_for_locale, name, edits_pending, locale, begin_date_year, artist, end_date_day, begin_date_month, end_date_month, id, type, end_date_year, sort_name) VALUES (NULL, '2011-01-18 16:20:17.74049+01', '0', 235922, 0, NULL, NULL, 273135, NULL, NULL, NULL, 53337, NULL, NULL, 235922);
UPDATE artist_meta SET rating_count = NULL, rating = NULL WHERE id = 273135;
INSERT INTO artist_name (name, id) VALUES ('SKC', 393472);
INSERT INTO artist (edits_pending, ended, id, sort_name, gender, country, begin_date_day, last_updated, name, begin_date_year, end_date_day, comment, begin_date_month, end_date_month, type, end_date_year, gid) VALUES (0, '0', 100300, 393472, NULL, NULL, NULL, '2009-01-18 02:55:50.388834+01', 393472, NULL, NULL, '', NULL, NULL, 1, NULL, '75cb635d-4354-4eb7-83d4-642b7fefee5e');
UPDATE artist_meta SET rating_count = NULL, rating = NULL WHERE id = 100300;
INSERT INTO artist_credit_name (join_phrase, artist, name, position, artist_credit) VALUES (' & ', 273135, 404781, 0, 781759);
INSERT INTO artist_credit_name (join_phrase, artist, name, position, artist_credit) VALUES ('', 100300, 393472, 1, 781759);
INSERT INTO release_group (last_updated, comment, name, edits_pending, type, artist_credit, id, gid) VALUES ('2009-05-24 22:47:00.490177+02', '', 23375, 0, 2, 781759, 701319, '86b4a630-4dd8-36f0-8bc9-e52fe7634320');
INSERT INTO release (date_day, status, release_group, edits_pending, packaging, id, quality, country, last_updated, script, language, name, artist_credit, barcode, comment, date_year, date_month, gid) VALUES (13, 1, 701319, 0, NULL, 372913, -1, 221, NULL, 28, 120, 23375, 781759, NULL, '', 2004, 12, '91c1799c-fb3a-4e06-9cca-c78a6a5092c0');
INSERT INTO medium (last_updated, name, position, track_count, edits_pending, release, format, id) VALUES ('2013-03-07 16:53:07.18794+01', NULL, 1, 2, 0, 372913, 7, 372913);
INSERT INTO track_name (name, id) VALUES ('Desert Siege', 1497388);
INSERT INTO recording (last_updated, name, edits_pending, artist_credit, length, comment, id, gid) VALUES (NULL, 1497388, 0, 781759, NULL, '', 7883923, '933fc27f-aa4c-4a6f-a354-ababd8e99ea2');
INSERT INTO puid (version, puid, id) VALUES (204, '3a87c994-ebec-ec72-36c6-5a5d221eed26', 3124244);
INSERT INTO recording_puid (created, recording, puid, edits_pending, id) VALUES ('2011-01-18 16:56:00.408782+01', 7883923, 3124244, 0, 3922978);
UPDATE recording_meta SET rating_count = NULL, rating = NULL WHERE id = 7883923;
INSERT INTO track_name (name, id) VALUES ('Crash', 631792);
INSERT INTO recording (last_updated, name, edits_pending, artist_credit, length, comment, id, gid) VALUES (NULL, 631792, 0, 781759, NULL, '', 7883924, '8ab8590d-ad87-4e55-afa9-41e46eff666f');
INSERT INTO puid (version, puid, id) VALUES (204, 'ae9dc5fa-ab01-1f7e-05c3-06ae5dedac1d', 3124206);
INSERT INTO recording_puid (created, recording, puid, edits_pending, id) VALUES ('2011-01-18 16:56:00.408782+01', 7883924, 3124206, 0, 3922936);
UPDATE recording_meta SET rating_count = NULL, rating = NULL WHERE id = 7883924;
INSERT INTO track (last_updated, number, recording, name, position, edits_pending, artist_credit, length, medium, id, gid) VALUES ('2013-03-07 16:53:06.647156+01', '1', 7883923, 1497388, 1, 0, 781759, NULL, 372913, 7883923, '9565f0df-bb88-48bf-a67d-f89456ecdebf');
INSERT INTO track (last_updated, number, recording, name, position, edits_pending, artist_credit, length, medium, id, gid) VALUES ('2013-03-07 16:53:06.647156+01', '2', 7883924, 631792, 2, 0, 781759, NULL, 372913, 7883924, 'f9803ebf-746d-4e42-8634-0b14756e4a0a');
INSERT INTO label_name (name, id) VALUES ('Commercial Suicide', 20282);
INSERT INTO label (label_code, edits_pending, ended, id, sort_name, country, begin_date_day, last_updated, name, begin_date_year, end_date_day, comment, begin_date_month, end_date_month, type, end_date_year, gid) VALUES (NULL, 0, '0', 3592, 20282, 221, NULL, NULL, 20282, 2001, NULL, 'UK drum & bass, Klute''s label', NULL, NULL, 4, NULL, '3218df3e-3de3-45e3-9a05-041528db6ee5');
UPDATE label_meta SET rating_count = NULL, rating = NULL WHERE id = 3592;
INSERT INTO release_label (last_updated, catalog_number, label, release, id) VALUES ('2011-01-18 16:52:02.917556+01', 'SUICIDE 021', 3592, 372913, 259877);
UPDATE release_meta SET amazon_asin = NULL, info_url = NULL, date_added = '2008-04-04 11:13:40.333718+02', cover_art_presence = 'absent', amazon_store = NULL WHERE id = 372913;
UPDATE release_group_meta SET first_release_date_month = 12, rating_count = NULL, first_release_date_year = 2004, release_count = 1, rating = NULL, first_release_date_day = 13 WHERE id = 701319;
INSERT INTO release_name (name, id) VALUES ('Cool Down / Roll On', 84891);
INSERT INTO artist_name (name, id) VALUES ('Andy C', 515533);
INSERT INTO artist_credit (created, name, ref_count, artist_count, id) VALUES ('2011-01-18 17:24:02.551922+01', 515533, 114, 1, 9772);
INSERT INTO artist (edits_pending, ended, id, sort_name, gender, country, begin_date_day, last_updated, name, begin_date_year, end_date_day, comment, begin_date_month, end_date_month, type, end_date_year, gid) VALUES (0, '0', 9772, 515533, NULL, NULL, NULL, '2009-04-17 08:25:01.281186+02', 515533, NULL, NULL, 'UK drum & bass DJ/producer', NULL, NULL, 1, NULL, 'ec853694-30a1-4c7e-84e6-4ca87ee3c314');
UPDATE artist_meta SET rating_count = NULL, rating = NULL WHERE id = 9772;
INSERT INTO artist_credit_name (join_phrase, artist, name, position, artist_credit) VALUES ('', 9772, 515533, 0, 9772);
INSERT INTO release_group (last_updated, comment, name, edits_pending, type, artist_credit, id, gid) VALUES ('2009-05-24 22:47:00.490177+02', '', 84891, 0, 2, 9772, 253157, 'acc775e4-9b67-3828-a4a0-92df54273190');
INSERT INTO release (date_day, status, release_group, edits_pending, packaging, id, quality, country, last_updated, script, language, name, artist_credit, barcode, comment, date_year, date_month, gid) VALUES (NULL, 1, 253157, 0, NULL, 238598, -1, 221, NULL, 28, 120, 84891, 9772, NULL, '', 1995, NULL, '4fa034ef-0e0a-40ef-ac12-8555a6dc19bc');
INSERT INTO medium (last_updated, name, position, track_count, edits_pending, release, format, id) VALUES ('2013-03-07 16:53:07.18794+01', NULL, 1, 2, 0, 238598, 7, 238598);
INSERT INTO track_name (name, id) VALUES ('Cool Down', 2239819);
INSERT INTO recording (last_updated, name, edits_pending, artist_credit, length, comment, id, gid) VALUES (NULL, 2239819, 0, 9772, NULL, '', 2746106, 'd7f08a31-0a84-4ffa-86c1-5d13635e8ada');
INSERT INTO puid (version, puid, id) VALUES (204, '1984dd0d-699d-4367-0914-456edd06ed40', 3155033);
INSERT INTO recording_puid (created, recording, puid, edits_pending, id) VALUES ('2011-01-18 16:56:00.408782+01', 2746106, 3155033, 0, 3963076);
UPDATE recording_meta SET rating_count = NULL, rating = NULL WHERE id = 2746106;
INSERT INTO track_name (name, id) VALUES ('Roll On', 4388355);
INSERT INTO recording (last_updated, name, edits_pending, artist_credit, length, comment, id, gid) VALUES (NULL, 4388355, 0, 9772, NULL, '', 2746107, '1588fa10-441b-458d-9e39-c00790d3d9e6');
INSERT INTO puid (version, puid, id) VALUES (181, '1c72ea79-6886-af4c-c97a-9db81d3e0bd7', 2336444);
INSERT INTO recording_puid (created, recording, puid, edits_pending, id) VALUES ('2011-01-18 16:56:00.408782+01', 2746107, 2336444, 0, 3963075);
UPDATE recording_meta SET rating_count = NULL, rating = NULL WHERE id = 2746107;
INSERT INTO track (last_updated, number, recording, name, position, edits_pending, artist_credit, length, medium, id, gid) VALUES ('2013-03-07 16:53:06.647156+01', '1', 2746106, 2239819, 1, 0, 9772, NULL, 238598, 2746106, '742aac62-526c-4c15-bc14-7bf9c70c8686');
INSERT INTO track (last_updated, number, recording, name, position, edits_pending, artist_credit, length, medium, id, gid) VALUES ('2013-03-07 16:53:06.647156+01', '2', 2746107, 4388355, 2, 0, 9772, NULL, 238598, 2746107, 'cd793023-d0e2-40c0-a573-10628d1cd902');
INSERT INTO label_name (name, id) VALUES ('RAM Records', 48418);
INSERT INTO label (label_code, edits_pending, ended, id, sort_name, country, begin_date_day, last_updated, name, begin_date_year, end_date_day, comment, begin_date_month, end_date_month, type, end_date_year, gid) VALUES (NULL, 0, '0', 1949, 48418, 221, NULL, NULL, 48418, 1992, NULL, '', NULL, NULL, 4, NULL, 'fe03671d-df66-4984-abbc-bd022f5c6c3f');
UPDATE label_meta SET rating_count = NULL, rating = NULL WHERE id = 1949;
INSERT INTO release_label (last_updated, catalog_number, label, release, id) VALUES ('2011-01-18 16:52:02.917556+01', 'RAMM 12', 1949, 238598, 90827);
UPDATE release_meta SET amazon_asin = NULL, info_url = NULL, date_added = '2004-08-27 20:15:07.246227+02', cover_art_presence = 'absent', amazon_store = NULL WHERE id = 238598;
UPDATE release_group_meta SET first_release_date_month = NULL, rating_count = NULL, first_release_date_year = 1995, release_count = 1, rating = NULL, first_release_date_day = NULL WHERE id = 253157;
INSERT INTO release_name (name, id) VALUES ('Acid Test / Get on Up', 134114);
INSERT INTO artist_name (name, id) VALUES ('Sub Focus', 94766);
INSERT INTO artist_credit (created, name, ref_count, artist_count, id) VALUES ('2011-01-18 17:24:02.551922+01', 94766, 319, 1, 199379);
INSERT INTO artist (edits_pending, ended, id, sort_name, gender, country, begin_date_day, last_updated, name, begin_date_year, end_date_day, comment, begin_date_month, end_date_month, type, end_date_year, gid) VALUES (0, '0', 199379, 94766, NULL, NULL, NULL, NULL, 94766, NULL, NULL, 'UK drum & bass artist Nick Douwma', NULL, NULL, 1, NULL, '8cf49f40-b8fe-4a63-b4ea-f922d6145bb4');
INSERT INTO artist_name (name, id) VALUES ('Subfocus', 655769);
INSERT INTO artist_alias (begin_date_day, last_updated, primary_for_locale, name, edits_pending, locale, begin_date_year, artist, end_date_day, begin_date_month, end_date_month, id, type, end_date_year, sort_name) VALUES (NULL, '2011-01-18 16:20:17.74049+01', '0', 655769, 0, NULL, NULL, 199379, NULL, NULL, NULL, 52238, NULL, NULL, 655769);
UPDATE artist_meta SET rating_count = 2, rating = 100 WHERE id = 199379;
INSERT INTO artist_credit_name (join_phrase, artist, name, position, artist_credit) VALUES ('', 199379, 94766, 0, 199379);
INSERT INTO release_group (last_updated, comment, name, edits_pending, type, artist_credit, id, gid) VALUES ('2009-05-24 22:47:00.490177+02', '', 134114, 0, 2, 199379, 691664, '7aec6fd9-25a6-3dce-b8fd-f93b3039bca6');
INSERT INTO release (date_day, status, release_group, edits_pending, packaging, id, quality, country, last_updated, script, language, name, artist_credit, barcode, comment, date_year, date_month, gid) VALUES (NULL, 1, 691664, 0, NULL, 361465, -1, 221, NULL, 28, 120, 134114, 199379, NULL, '', 2004, NULL, '3fb99662-c9d4-46f4-a156-1634caa1cdd9');
INSERT INTO medium (last_updated, name, position, track_count, edits_pending, release, format, id) VALUES ('2013-03-07 16:53:07.18794+01', NULL, 1, 2, 0, 361465, 7, 361465);
INSERT INTO track_name (name, id) VALUES ('Acid Test', 1219234);
INSERT INTO recording (last_updated, name, edits_pending, artist_credit, length, comment, id, gid) VALUES (NULL, 1219234, 0, 199379, 358000, '', 7776491, '0c71b286-e732-4dad-8286-d6776765ffe7');
INSERT INTO puid (version, puid, id) VALUES (246, 'f1fc5f0b-55d7-a443-d38a-24e16b36f51b', 4410256);
INSERT INTO recording_puid (created, recording, puid, edits_pending, id) VALUES ('2011-01-18 16:56:00.408782+01', 7776491, 4410256, 0, 5580074);
UPDATE recording_meta SET rating_count = NULL, rating = NULL WHERE id = 7776491;
INSERT INTO track_name (name, id) VALUES ('Get on Up', 2075953);
INSERT INTO recording (last_updated, name, edits_pending, artist_credit, length, comment, id, gid) VALUES (NULL, 2075953, 0, 199379, 358000, '', 7776492, 'c643e715-4be1-440c-b55f-a29e1464e3e0');
INSERT INTO puid (version, puid, id) VALUES (246, '8cd7bf20-fc0b-977e-1555-94b2d9025ab5', 4410261);
INSERT INTO recording_puid (created, recording, puid, edits_pending, id) VALUES ('2011-01-18 16:56:00.408782+01', 7776492, 4410261, 0, 5580080);
UPDATE recording_meta SET rating_count = NULL, rating = NULL WHERE id = 7776492;
INSERT INTO track (last_updated, number, recording, name, position, edits_pending, artist_credit, length, medium, id, gid) VALUES ('2013-03-07 16:53:06.647156+01', '1', 7776491, 1219234, 1, 0, 199379, 358000, 361465, 7776491, '675402ba-4b56-4898-851f-063aeed8f44a');
INSERT INTO track (last_updated, number, recording, name, position, edits_pending, artist_credit, length, medium, id, gid) VALUES ('2013-03-07 16:53:06.647156+01', '2', 7776492, 2075953, 2, 0, 199379, 358000, 361465, 7776492, '6a0da17e-c6f4-40ae-8ed8-c5c9ce416336');
INSERT INTO label_name (name, id) VALUES ('Frequency Recordings', 17288);
INSERT INTO label (label_code, edits_pending, ended, id, sort_name, country, begin_date_day, last_updated, name, begin_date_year, end_date_day, comment, begin_date_month, end_date_month, type, end_date_year, gid) VALUES (NULL, 0, '0', 3545, 17288, 221, NULL, NULL, 17288, 2001, NULL, '', NULL, NULL, 4, NULL, '60a71ab7-a21b-4f25-94e0-1f51a84a9add');
UPDATE label_meta SET rating_count = NULL, rating = NULL WHERE id = 3545;
INSERT INTO release_label (last_updated, catalog_number, label, release, id) VALUES ('2011-01-18 16:52:02.917556+01', 'FQY012', 3545, 361465, 253181);
UPDATE release_meta SET amazon_asin = NULL, info_url = NULL, date_added = '2008-03-03 11:28:17.702688+01', cover_art_presence = 'absent', amazon_store = NULL WHERE id = 361465;
UPDATE release_group_meta SET first_release_date_month = NULL, rating_count = NULL, first_release_date_year = 2004, release_count = 1, rating = NULL, first_release_date_day = NULL WHERE id = 691664;
INSERT INTO release_name (name, id) VALUES ('Surrender', 72217);
INSERT INTO artist_name (name, id) VALUES ('The Chemical Brothers', 643746);
INSERT INTO artist_credit (created, name, ref_count, artist_count, id) VALUES ('2011-01-18 17:24:02.551922+01', 643746, 2709, 1, 242);
INSERT INTO artist_name (name, id) VALUES ('Chemical Brothers, The', 58894);
INSERT INTO artist (edits_pending, ended, id, sort_name, gender, country, begin_date_day, last_updated, name, begin_date_year, end_date_day, comment, begin_date_month, end_date_month, type, end_date_year, gid) VALUES (0, '0', 242, 58894, NULL, NULL, NULL, NULL, 643746, 1989, NULL, '', NULL, NULL, 2, NULL, '1946a82a-f927-40c2-8235-38d64f50d043');
INSERT INTO artist_name (name, id) VALUES ('Chemical Brother', 245780);
INSERT INTO artist_name (name, id) VALUES ('CHEMICAL BROTHERS', 29493);
INSERT INTO artist_name (name, id) VALUES ('Chemical Brothers', 355249);
INSERT INTO artist_alias (begin_date_day, last_updated, primary_for_locale, name, edits_pending, locale, begin_date_year, artist, end_date_day, begin_date_month, end_date_month, id, type, end_date_year, sort_name) VALUES (NULL, '2011-01-18 16:20:17.74049+01', '0', 245780, 0, NULL, NULL, 242, NULL, NULL, NULL, 34446, NULL, NULL, 245780);
INSERT INTO artist_alias (begin_date_day, last_updated, primary_for_locale, name, edits_pending, locale, begin_date_year, artist, end_date_day, begin_date_month, end_date_month, id, type, end_date_year, sort_name) VALUES (NULL, '2011-01-18 16:20:17.74049+01', '0', 29493, 0, NULL, NULL, 242, NULL, NULL, NULL, 381, NULL, NULL, 29493);
INSERT INTO artist_alias (begin_date_day, last_updated, primary_for_locale, name, edits_pending, locale, begin_date_year, artist, end_date_day, begin_date_month, end_date_month, id, type, end_date_year, sort_name) VALUES (NULL, '2011-01-18 16:20:17.74049+01', '0', 355249, 0, NULL, NULL, 242, NULL, NULL, NULL, 2207, NULL, NULL, 355249);
UPDATE artist_meta SET rating_count = 12, rating = 87 WHERE id = 242;
INSERT INTO artist_credit_name (join_phrase, artist, name, position, artist_credit) VALUES ('', 242, 643746, 0, 242);
INSERT INTO release_group (last_updated, comment, name, edits_pending, type, artist_credit, id, gid) VALUES ('2010-10-16 19:05:05.553747+02', '', 72217, 0, 1, 242, 724150, '22ca85ec-ee39-3895-aef9-dee5d5c2f4d6');
INSERT INTO release_status (name, id) VALUES ('Promotion', 2);
INSERT INTO country (iso_code, name, id) VALUES ('AU', 'Australia', 13);
INSERT INTO country (iso_code, name, id) VALUES ('DE', 'Germany', 81);
INSERT INTO release (date_day, status, release_group, edits_pending, packaging, id, quality, country, last_updated, script, language, name, artist_credit, barcode, comment, date_year, date_month, gid) VALUES (NULL, 2, 724150, 0, NULL, 8312, -1, 222, '2009-07-20 20:08:07.739267+02', 28, 120, 72217, 242, NULL, '', 1999, NULL, '8268c2f8-bfc3-4079-9c25-fad0d69a38df');
INSERT INTO release (date_day, status, release_group, edits_pending, packaging, id, quality, country, last_updated, script, language, name, artist_credit, barcode, comment, date_year, date_month, gid) VALUES (22, 1, 724150, 0, NULL, 19969, 2, 222, '2010-10-03 10:04:16.761636+02', 28, 120, 72217, 242, '724384761028', '', 1999, 6, '91d36d01-a898-426d-bc28-35ee5b7a7b6b');
INSERT INTO release (date_day, status, release_group, edits_pending, packaging, id, quality, country, last_updated, script, language, name, artist_credit, barcode, comment, date_year, date_month, gid) VALUES (21, 1, 724150, 0, NULL, 31689, 2, 13, '2010-10-03 10:04:16.761636+02', 28, 120, 72217, 242, '9326165000435', '', 1999, 6, '7e188ed0-249a-3f43-a13e-0a5085b1ab4b');
INSERT INTO release (date_day, status, release_group, edits_pending, packaging, id, quality, country, last_updated, script, language, name, artist_credit, barcode, comment, date_year, date_month, gid) VALUES (21, 1, 724150, 0, NULL, 31690, 2, 221, '2010-10-03 10:04:16.761636+02', 28, 120, 72217, 242, '724384761028', '', 1999, 6, 'b4820c33-41f0-3fd5-854e-8b9f98a60b50');
INSERT INTO release (date_day, status, release_group, edits_pending, packaging, id, quality, country, last_updated, script, language, name, artist_credit, barcode, comment, date_year, date_month, gid) VALUES (21, 1, 724150, 0, NULL, 278075, 2, 221, '2010-10-03 10:04:16.761636+02', 28, 120, 72217, 242, '724384761080', '', 1999, 6, '46706d7e-f543-379c-a626-b0f0f0e7fbb4');
INSERT INTO release (date_day, status, release_group, edits_pending, packaging, id, quality, country, last_updated, script, language, name, artist_credit, barcode, comment, date_year, date_month, gid) VALUES (25, 1, 724150, 0, NULL, 338506, -1, 13, '2010-10-03 10:04:16.761636+02', 28, 120, 72217, 242, '724384884901', '', 2000, 1, '5199f302-99bc-3c80-a9ec-dffd68867c10');
INSERT INTO release (date_day, status, release_group, edits_pending, packaging, id, quality, country, last_updated, script, language, name, artist_credit, barcode, comment, date_year, date_month, gid) VALUES (21, 1, 724150, 0, NULL, 400930, -1, 221, NULL, 28, 120, 72217, 242, '724384761011', '', 1999, 6, '0117b17b-7721-49a9-a202-089f8d1b3d42');
INSERT INTO release (date_day, status, release_group, edits_pending, packaging, id, quality, country, last_updated, script, language, name, artist_credit, barcode, comment, date_year, date_month, gid) VALUES (NULL, 2, 724150, 0, NULL, 741970, -1, 81, '2010-10-16 19:05:05.553747+02', 28, 120, 72217, 242, NULL, '', 1999, NULL, 'a84b9fea-aee9-4e1f-b5a2-a5a23c673688');
INSERT INTO release (date_day, status, release_group, edits_pending, packaging, id, quality, country, last_updated, script, language, name, artist_credit, barcode, comment, date_year, date_month, gid) VALUES (21, 1, 724150, 0, NULL, 748905, 2, 13, '2010-10-03 10:04:16.761636+02', 28, 120, 72217, 242, '9326165000435', '', 1999, 6, '699c8545-75b4-378e-bc29-9d0f951f7eee');
INSERT INTO medium (last_updated, name, position, track_count, edits_pending, release, format, id) VALUES ('2013-03-07 16:53:07.18794+01', NULL, 1, 11, 0, 8312, 1, 8312);
INSERT INTO cdtoc (created, discid, track_offset, degraded, leadout_offset, track_count, id, freedb_id) VALUES ('2011-01-18 16:21:33.71184+01', 'sodU6_.Y7u.KceQOILt9TBWlowE-', '{150,24285,43532,76330,90350,108054,146995,168537,193007,214812,235112}', '0', 265570, 11, 43155, '870dd20b');
INSERT INTO cdtoc (created, discid, track_offset, degraded, leadout_offset, track_count, id, freedb_id) VALUES ('2011-01-18 16:21:33.71184+01', 'BtKm6dTiu3iaAKXG0UOzQLQoqtg-', '{150,23995,43046,75876,89722,107222,145988,167378,191709,213344,233445}', '0', 263933, 11, 152078, '890dbd0b');
INSERT INTO medium_cdtoc (last_updated, medium, edits_pending, id, cdtoc) VALUES ('2011-01-18 16:21:33.71184+01', 8312, 0, 18306, 43155);
INSERT INTO medium_cdtoc (last_updated, medium, edits_pending, id, cdtoc) VALUES ('2011-01-18 16:21:33.71184+01', 8312, 0, 18307, 152078);
INSERT INTO track_name (name, id) VALUES ('Music: Response', 491692);
INSERT INTO recording (last_updated, name, edits_pending, artist_credit, length, comment, id, gid) VALUES (NULL, 491692, 0, 242, 320146, '', 2726271, '12842247-cabf-4a85-9e8d-4e1201c42364');
INSERT INTO puid (version, puid, id) VALUES (1, '193e8435-1dc0-ea19-c33d-e68049a99b99', 110968);
INSERT INTO puid (version, puid, id) VALUES (1, '2bee718c-46bb-6002-ee16-a64e64da510b', 192280);
INSERT INTO puid (version, puid, id) VALUES (1, 'cb16dc4c-db8d-acff-4ceb-dfd2a91ddfa2', 527449);
INSERT INTO clientversion (created, version, id) VALUES ('2011-01-18 16:21:33.71184+01', 'MusicBrainz Picard-0.7.0beta3', 131);
INSERT INTO puid (version, puid, id) VALUES (131, '435f6dd7-1ebb-d925-e2af-4af970c8fbcb', 797232);
INSERT INTO puid (version, puid, id) VALUES (131, '1dee4278-460d-cb1e-5d03-f6ca3eefa70e', 800871);
INSERT INTO puid (version, puid, id) VALUES (130, '2f4bf72d-20c0-1c30-46e3-76a324f9294f', 810633);
INSERT INTO puid (version, puid, id) VALUES (134, '28bc12c6-a1b1-51c0-3d4a-6f2883adfe0c', 1246606);
INSERT INTO puid (version, puid, id) VALUES (140, '2f633c86-010e-8fa5-19f0-2678c4f9feb4', 1502244);
INSERT INTO clientversion (created, version, id) VALUES ('2011-01-18 16:21:33.71184+01', 'MusicBrainz Picard-0.9.0alpha11', 163);
INSERT INTO puid (version, puid, id) VALUES (163, '498b387e-8735-d135-ee3d-a66b18edd7c1', 1906025);
INSERT INTO clientversion (created, version, id) VALUES ('2011-01-18 16:21:33.71184+01', 'umdb-0.4', 139);
INSERT INTO puid (version, puid, id) VALUES (139, 'e811cc00-4109-335a-7419-e97915ae5d09', 2233199);
INSERT INTO puid (version, puid, id) VALUES (204, 'c36544db-e87e-03df-ffda-eee566fdf3bc', 3404214);
INSERT INTO puid (version, puid, id) VALUES (246, 'e4bdad97-3765-506e-6fbe-042006d72af2', 4637194);
INSERT INTO puid (version, puid, id) VALUES (246, '388a25a8-a28b-5399-f84c-0e369f4753d3', 4778348);
INSERT INTO recording_puid (created, recording, puid, edits_pending, id) VALUES ('2011-01-18 16:56:00.408782+01', 2726271, 110968, 0, 142756);
INSERT INTO recording_puid (created, recording, puid, edits_pending, id) VALUES ('2011-01-18 16:56:00.408782+01', 2726271, 192280, 0, 5020023);
INSERT INTO recording_puid (created, recording, puid, edits_pending, id) VALUES ('2011-01-18 16:56:00.408782+01', 2726271, 527449, 0, 678327);
INSERT INTO recording_puid (created, recording, puid, edits_pending, id) VALUES ('2011-01-18 16:56:00.408782+01', 2726271, 797232, 0, 4220588);
INSERT INTO recording_puid (created, recording, puid, edits_pending, id) VALUES ('2011-01-18 16:56:00.408782+01', 2726271, 800871, 0, 3404474);
INSERT INTO recording_puid (created, recording, puid, edits_pending, id) VALUES ('2011-01-18 16:56:00.408782+01', 2726271, 810633, 0, 1724635);
INSERT INTO recording_puid (created, recording, puid, edits_pending, id) VALUES ('2011-01-18 16:56:00.408782+01', 2726271, 1246606, 0, 1564244);
INSERT INTO recording_puid (created, recording, puid, edits_pending, id) VALUES ('2011-01-18 16:56:00.408782+01', 2726271, 1502244, 0, 1880737);
INSERT INTO recording_puid (created, recording, puid, edits_pending, id) VALUES ('2011-01-18 16:56:00.408782+01', 2726271, 1906025, 0, 2377733);
INSERT INTO recording_puid (created, recording, puid, edits_pending, id) VALUES ('2011-01-18 16:56:00.408782+01', 2726271, 2233199, 0, 2786769);
INSERT INTO recording_puid (created, recording, puid, edits_pending, id) VALUES ('2011-01-18 16:56:00.408782+01', 2726271, 3404214, 0, 4290630);
INSERT INTO recording_puid (created, recording, puid, edits_pending, id) VALUES ('2011-01-18 16:56:00.408782+01', 2726271, 4637194, 0, 5868324);
INSERT INTO recording_puid (created, recording, puid, edits_pending, id) VALUES ('2011-01-18 16:56:00.408782+01', 2726271, 4778348, 0, 6048002);
INSERT INTO isrc (created, source, recording, isrc, edits_pending, id) VALUES ('2011-01-18 16:56:00.408782+01', 0, 2726271, 'GBAAA9900295', 0, 189216);
UPDATE recording_meta SET rating_count = NULL, rating = NULL WHERE id = 2726271;
INSERT INTO track_name (name, id) VALUES ('Under the Influence', 527555);
INSERT INTO recording (last_updated, name, edits_pending, artist_credit, length, comment, id, gid) VALUES (NULL, 527555, 0, 242, 256253, '', 2726272, '4b364aa9-f227-42b8-b0c2-ee32f5ccf4fa');
INSERT INTO puid (version, puid, id) VALUES (1, '2ada2c0b-746e-d015-6594-16ba96a95c48', 187555);
INSERT INTO puid (version, puid, id) VALUES (1, '9a29b095-7884-70d5-d753-83a57ff5b79f', 433807);
INSERT INTO puid (version, puid, id) VALUES (1, 'a93e4b01-63e2-dc5f-1d5f-45baa79ce7af', 462478);
INSERT INTO puid (version, puid, id) VALUES (134, '1a1459cb-26f7-3574-ac27-338ed1ea385b', 864739);
INSERT INTO puid (version, puid, id) VALUES (204, 'e7467f8d-6d76-ec53-317f-b77b5a801bbd', 3351273);
INSERT INTO puid (version, puid, id) VALUES (204, 'd21a3a05-6170-083e-77e1-8442c4ce179b', 3528267);
INSERT INTO puid (version, puid, id) VALUES (204, 'f9f2d771-c4bb-0e24-bede-47ef671b0cac', 3730208);
INSERT INTO puid (version, puid, id) VALUES (204, '19dab4d8-b119-fd38-c60c-0d19aa98fdac', 3949210);
INSERT INTO clientversion (created, version, id) VALUES ('2011-01-18 16:21:33.71184+01', 'Jaikoz-3.8.3', 264);
INSERT INTO puid (version, puid, id) VALUES (264, '10ba0cfd-4fa0-3946-95ba-bbf5393c8f6a', 4726537);
INSERT INTO recording_puid (created, recording, puid, edits_pending, id) VALUES ('2011-01-18 16:56:00.408782+01', 2726272, 187555, 0, 3492329);
INSERT INTO recording_puid (created, recording, puid, edits_pending, id) VALUES ('2011-01-18 16:56:00.408782+01', 2726272, 433807, 0, 557975);
INSERT INTO recording_puid (created, recording, puid, edits_pending, id) VALUES ('2011-01-18 16:56:00.408782+01', 2726272, 462478, 0, 5020026);
INSERT INTO recording_puid (created, recording, puid, edits_pending, id) VALUES ('2011-01-18 16:56:00.408782+01', 2726272, 864739, 0, 4306998);
INSERT INTO recording_puid (created, recording, puid, edits_pending, id) VALUES ('2011-01-18 16:56:00.408782+01', 2726272, 3351273, 0, 4220591);
INSERT INTO recording_puid (created, recording, puid, edits_pending, id) VALUES ('2011-01-18 16:56:00.408782+01', 2726272, 3528267, 0, 4451145);
INSERT INTO recording_puid (created, recording, puid, edits_pending, id) VALUES ('2011-01-18 16:56:00.408782+01', 2726272, 3730208, 0, 4715295);
INSERT INTO recording_puid (created, recording, puid, edits_pending, id) VALUES ('2011-01-18 16:56:00.408782+01', 2726272, 3949210, 0, 4989415);
INSERT INTO recording_puid (created, recording, puid, edits_pending, id) VALUES ('2011-01-18 16:56:00.408782+01', 2726272, 4726537, 0, 5984090);
INSERT INTO isrc (created, source, recording, isrc, edits_pending, id) VALUES ('2011-01-18 16:56:00.408782+01', 0, 2726272, 'GBAAA9900296', 0, 189220);
UPDATE recording_meta SET rating_count = NULL, rating = NULL WHERE id = 2726272;
INSERT INTO track_name (name, id) VALUES ('Out of Control', 1344865);
INSERT INTO recording (last_updated, name, edits_pending, artist_credit, length, comment, id, gid) VALUES (NULL, 1344865, 0, 242, 441066, '', 1353886, 'fc336694-71c3-4963-b221-2c0687e26cfb');
INSERT INTO puid (version, puid, id) VALUES (1, '0f7beb13-337b-83a4-1e2b-8fa66e0b8925', 68345);
INSERT INTO puid (version, puid, id) VALUES (1, '1cfc0a7a-4f16-6507-94ae-b41505193fcb', 127431);
INSERT INTO puid (version, puid, id) VALUES (1, '26b26de0-1484-a25a-152c-c097ab52f487', 169703);
INSERT INTO puid (version, puid, id) VALUES (1, '356dde09-be90-0984-b023-f9d6234cc28c', 233531);
INSERT INTO puid (version, puid, id) VALUES (1, '52ccbe22-6f9b-2cdc-d116-0d1c8b953e25', 297255);
INSERT INTO puid (version, puid, id) VALUES (1, 'b3240c16-aec1-0843-d68d-b2a3d91bbccf', 481526);
INSERT INTO puid (version, puid, id) VALUES (1, 'f2d9da10-22ed-4919-cf99-44c7d87c57bc', 603597);
INSERT INTO puid (version, puid, id) VALUES (1, 'f602e43d-a8d4-43b3-b3e4-31d804d67d9c', 609574);
INSERT INTO puid (version, puid, id) VALUES (1, 'f96879de-08b6-3605-ada1-8b89f993b235', 616069);
INSERT INTO puid (version, puid, id) VALUES (129, 'bbaccdcb-922a-14ef-8cc7-8272fa4dba8e', 701975);
INSERT INTO puid (version, puid, id) VALUES (130, '0644e216-f682-a0a6-891e-9191a854b19c', 778085);
INSERT INTO puid (version, puid, id) VALUES (131, '2fb6ac8e-89a8-e9c3-e997-59df977dfbba', 797231);
INSERT INTO puid (version, puid, id) VALUES (134, 'b1dff504-8b88-2aec-82c4-33f4ff06f01c', 869825);
INSERT INTO puid (version, puid, id) VALUES (134, '5272194a-08c2-6e73-d0cc-cf87d84ad91f', 1095501);
INSERT INTO puid (version, puid, id) VALUES (140, '2d56770f-e54f-d3b3-6442-ea79b1034dd6', 2097812);
INSERT INTO clientversion (created, version, id) VALUES ('2011-01-18 16:21:33.71184+01', 'MusicBrainz Picard-0.9.0', 188);
INSERT INTO puid (version, puid, id) VALUES (188, '8c9cbd44-a26a-03b3-1e6e-38e641b116eb', 2257961);
INSERT INTO clientversion (created, version, id) VALUES ('2011-01-18 16:21:33.71184+01', 'pyMusicDNS-0.1', 216);
INSERT INTO puid (version, puid, id) VALUES (216, 'a8cadca0-2c90-c2c9-b076-f742f8ad24ce', 3134227);
INSERT INTO puid (version, puid, id) VALUES (204, 'e8a04ede-812d-5e4a-362d-d44f5f2a661e', 3351278);
INSERT INTO puid (version, puid, id) VALUES (204, 'b3a5a02e-ab98-f8e9-b6a4-013fe3012f3f', 3404263);
INSERT INTO puid (version, puid, id) VALUES (204, 'ce60dbd0-3b9c-0c04-a875-a10e24fbee32', 3492124);
INSERT INTO puid (version, puid, id) VALUES (204, '73f6e95c-606f-84ef-0885-4d2efa00e3dd', 3551119);
INSERT INTO puid (version, puid, id) VALUES (204, '667b5f62-6db9-e164-4625-646b405415ac', 3704133);
INSERT INTO puid (version, puid, id) VALUES (204, 'ec416889-ad69-de48-f6a6-c7685ff67abc', 3995566);
INSERT INTO clientversion (created, version, id) VALUES ('2011-01-18 16:21:33.71184+01', 'Jaikoz-3.7.1', 259);
INSERT INTO puid (version, puid, id) VALUES (259, '638e8cff-7f6c-f1d6-cdd6-941c90fe03ac', 4457824);
INSERT INTO recording_puid (created, recording, puid, edits_pending, id) VALUES ('2011-01-18 16:56:00.408782+01', 1353886, 68345, 0, 88102);
INSERT INTO recording_puid (created, recording, puid, edits_pending, id) VALUES ('2011-01-18 16:56:00.408782+01', 1353886, 127431, 0, 163908);
INSERT INTO recording_puid (created, recording, puid, edits_pending, id) VALUES ('2011-01-18 16:56:00.408782+01', 1353886, 169703, 0, 4800909);
INSERT INTO recording_puid (created, recording, puid, edits_pending, id) VALUES ('2011-01-18 16:56:00.408782+01', 1353886, 233531, 0, 300410);
INSERT INTO recording_puid (created, recording, puid, edits_pending, id) VALUES ('2011-01-18 16:56:00.408782+01', 1353886, 297255, 0, 978685);
INSERT INTO recording_puid (created, recording, puid, edits_pending, id) VALUES ('2011-01-18 16:56:00.408782+01', 1353886, 481526, 0, 5322855);
INSERT INTO recording_puid (created, recording, puid, edits_pending, id) VALUES ('2011-01-18 16:56:00.408782+01', 1353886, 603597, 0, 775982);
INSERT INTO recording_puid (created, recording, puid, edits_pending, id) VALUES ('2011-01-18 16:56:00.408782+01', 1353886, 609574, 0, 1657777);
INSERT INTO recording_puid (created, recording, puid, edits_pending, id) VALUES ('2011-01-18 16:56:00.408782+01', 1353886, 616069, 0, 792030);
INSERT INTO recording_puid (created, recording, puid, edits_pending, id) VALUES ('2011-01-18 16:56:00.408782+01', 1353886, 701975, 0, 1665537);
INSERT INTO recording_puid (created, recording, puid, edits_pending, id) VALUES ('2011-01-18 16:56:00.408782+01', 1353886, 778085, 0, 1107885);
INSERT INTO recording_puid (created, recording, puid, edits_pending, id) VALUES ('2011-01-18 16:56:00.408782+01', 1353886, 797231, 0, 1015160);
INSERT INTO recording_puid (created, recording, puid, edits_pending, id) VALUES ('2011-01-18 16:56:00.408782+01', 1353886, 869825, 0, 6087626);
INSERT INTO recording_puid (created, recording, puid, edits_pending, id) VALUES ('2011-01-18 16:56:00.408782+01', 1353886, 1095501, 0, 1380858);
INSERT INTO recording_puid (created, recording, puid, edits_pending, id) VALUES ('2011-01-18 16:56:00.408782+01', 1353886, 2097812, 0, 2860733);
INSERT INTO recording_puid (created, recording, puid, edits_pending, id) VALUES ('2011-01-18 16:56:00.408782+01', 1353886, 2257961, 0, 2819270);
INSERT INTO recording_puid (created, recording, puid, edits_pending, id) VALUES ('2011-01-18 16:56:00.408782+01', 1353886, 3134227, 0, 3936115);
INSERT INTO recording_puid (created, recording, puid, edits_pending, id) VALUES ('2011-01-18 16:56:00.408782+01', 1353886, 3351278, 0, 4220597);
INSERT INTO recording_puid (created, recording, puid, edits_pending, id) VALUES ('2011-01-18 16:56:00.408782+01', 1353886, 3404263, 0, 4290686);
INSERT INTO recording_puid (created, recording, puid, edits_pending, id) VALUES ('2011-01-18 16:56:00.408782+01', 1353886, 3492124, 0, 4402927);
INSERT INTO recording_puid (created, recording, puid, edits_pending, id) VALUES ('2011-01-18 16:56:00.408782+01', 1353886, 3551119, 0, 4482941);
INSERT INTO recording_puid (created, recording, puid, edits_pending, id) VALUES ('2011-01-18 16:56:00.408782+01', 1353886, 3704133, 0, 4681515);
INSERT INTO recording_puid (created, recording, puid, edits_pending, id) VALUES ('2011-01-18 16:56:00.408782+01', 1353886, 3995566, 0, 5048051);
INSERT INTO recording_puid (created, recording, puid, edits_pending, id) VALUES ('2011-01-18 16:56:00.408782+01', 1353886, 4457824, 0, 5984116);
INSERT INTO isrc (created, source, recording, isrc, edits_pending, id) VALUES ('2011-01-18 16:56:00.408782+01', 0, 1353886, 'GBAAA9900297', 0, 189222);
UPDATE recording_meta SET rating_count = NULL, rating = NULL WHERE id = 1353886;
INSERT INTO track_name (name, id) VALUES ('Orange Wedge', 1349663);
INSERT INTO recording (last_updated, name, edits_pending, artist_credit, length, comment, id, gid) VALUES (NULL, 1349663, 0, 242, 186826, '', 2726274, '0982e813-a279-482c-8057-285d07372fb9');
INSERT INTO puid (version, puid, id) VALUES (1, '51e3758f-0c98-7c7d-a82f-8fe9057b76ba', 295487);
INSERT INTO puid (version, puid, id) VALUES (1, '77b46b60-5a9f-c78f-dd6f-53f5f8b5faae', 367763);
INSERT INTO puid (version, puid, id) VALUES (204, 'f25887d0-2c2a-bf0d-dfa8-424b733a416f', 3351276);
INSERT INTO puid (version, puid, id) VALUES (204, 'c06cbe08-579c-4ceb-a96e-143513824659', 3404198);
INSERT INTO puid (version, puid, id) VALUES (204, '24f0958a-2df1-1c8e-6542-c371f157e673', 3506809);
INSERT INTO puid (version, puid, id) VALUES (204, '1a0b417c-03bb-fe3e-04c0-7ce7ff0b62cb', 3528270);
INSERT INTO puid (version, puid, id) VALUES (204, 'cd04690c-7317-7a74-a6c7-93f7a58f6a0b', 3949200);
INSERT INTO recording_puid (created, recording, puid, edits_pending, id) VALUES ('2011-01-18 16:56:00.408782+01', 2726274, 295487, 0, 380219);
INSERT INTO recording_puid (created, recording, puid, edits_pending, id) VALUES ('2011-01-18 16:56:00.408782+01', 2726274, 367763, 0, 6048006);
INSERT INTO recording_puid (created, recording, puid, edits_pending, id) VALUES ('2011-01-18 16:56:00.408782+01', 2726274, 3351276, 0, 4220594);
INSERT INTO recording_puid (created, recording, puid, edits_pending, id) VALUES ('2011-01-18 16:56:00.408782+01', 2726274, 3404198, 0, 4290611);
INSERT INTO recording_puid (created, recording, puid, edits_pending, id) VALUES ('2011-01-18 16:56:00.408782+01', 2726274, 3506809, 0, 4422252);
INSERT INTO recording_puid (created, recording, puid, edits_pending, id) VALUES ('2011-01-18 16:56:00.408782+01', 2726274, 3528270, 0, 4451148);
INSERT INTO recording_puid (created, recording, puid, edits_pending, id) VALUES ('2011-01-18 16:56:00.408782+01', 2726274, 3949200, 0, 4989404);
INSERT INTO isrc (created, source, recording, isrc, edits_pending, id) VALUES ('2011-01-18 16:56:00.408782+01', 0, 2726274, 'GBAAA9900298', 0, 189215);
UPDATE recording_meta SET rating_count = NULL, rating = NULL WHERE id = 2726274;
INSERT INTO track_name (name, id) VALUES ('Let Forever Be', 2188746);
INSERT INTO recording (last_updated, name, edits_pending, artist_credit, length, comment, id, gid) VALUES (NULL, 2188746, 0, 242, 235360, '', 2726275, '6abc5eed-68a4-4ea3-a092-374772b8f09d');
INSERT INTO puid (version, puid, id) VALUES (1, '45dd6acd-1061-8779-5e79-29ebc97fb962', 272459);
INSERT INTO puid (version, puid, id) VALUES (1, '7f1665d7-f797-007c-9a91-62fc2f83eedf', 382030);
INSERT INTO puid (version, puid, id) VALUES (1, 'e4ee4a74-4999-c204-1ed7-24ce983871bb', 576762);
INSERT INTO puid (version, puid, id) VALUES (129, '220f3b88-9f78-1e63-bbd7-1554c4ff5e4f', 697045);
INSERT INTO puid (version, puid, id) VALUES (129, '56b57654-81fe-b513-2174-a2306be367f2', 701974);
INSERT INTO puid (version, puid, id) VALUES (131, '289d5202-f0a6-4c8e-c96b-6371360a1e5d', 797230);
INSERT INTO puid (version, puid, id) VALUES (131, '7c93a652-2b78-f620-990d-237c948f49bd', 832243);
INSERT INTO puid (version, puid, id) VALUES (204, 'f5c04b79-9ce9-fd48-8620-47a424f7636a', 3351271);
INSERT INTO puid (version, puid, id) VALUES (204, '6249a1be-a69b-dfb1-fb64-93f667b8e445', 3404217);
INSERT INTO puid (version, puid, id) VALUES (204, 'b0a43edc-b2b4-60a6-a938-884de6efd774', 3551121);
INSERT INTO puid (version, puid, id) VALUES (246, '8b929d5c-1837-ef0f-2be9-5157ebcbfd67', 4761390);
INSERT INTO recording_puid (created, recording, puid, edits_pending, id) VALUES ('2011-01-18 16:56:00.408782+01', 2726275, 272459, 0, 350565);
INSERT INTO recording_puid (created, recording, puid, edits_pending, id) VALUES ('2011-01-18 16:56:00.408782+01', 2726275, 382030, 0, 3018924);
INSERT INTO recording_puid (created, recording, puid, edits_pending, id) VALUES ('2011-01-18 16:56:00.408782+01', 2726275, 576762, 0, 741600);
INSERT INTO recording_puid (created, recording, puid, edits_pending, id) VALUES ('2011-01-18 16:56:00.408782+01', 2726275, 697045, 0, 1465496);
INSERT INTO recording_puid (created, recording, puid, edits_pending, id) VALUES ('2011-01-18 16:56:00.408782+01', 2726275, 701974, 0, 1564239);
INSERT INTO recording_puid (created, recording, puid, edits_pending, id) VALUES ('2011-01-18 16:56:00.408782+01', 2726275, 797230, 0, 1015159);
INSERT INTO recording_puid (created, recording, puid, edits_pending, id) VALUES ('2011-01-18 16:56:00.408782+01', 2726275, 832243, 0, 1345166);
INSERT INTO recording_puid (created, recording, puid, edits_pending, id) VALUES ('2011-01-18 16:56:00.408782+01', 2726275, 3351271, 0, 4220589);
INSERT INTO recording_puid (created, recording, puid, edits_pending, id) VALUES ('2011-01-18 16:56:00.408782+01', 2726275, 3404217, 0, 4290633);
INSERT INTO recording_puid (created, recording, puid, edits_pending, id) VALUES ('2011-01-18 16:56:00.408782+01', 2726275, 3551121, 0, 4482943);
INSERT INTO recording_puid (created, recording, puid, edits_pending, id) VALUES ('2011-01-18 16:56:00.408782+01', 2726275, 4761390, 0, 6026852);
INSERT INTO isrc (created, source, recording, isrc, edits_pending, id) VALUES ('2011-01-18 16:56:00.408782+01', 0, 2726275, 'GBAAA9900299', 0, 38816);
UPDATE recording_meta SET rating_count = NULL, rating = NULL WHERE id = 2726275;
INSERT INTO track_name (name, id) VALUES ('The Sunshine Underground', 3653578);
INSERT INTO recording (last_updated, name, edits_pending, artist_credit, length, comment, id, gid) VALUES (NULL, 3653578, 0, 242, 518906, '', 2726276, '7d37745a-fdf8-4ee4-b6f2-1453bd432572');
INSERT INTO puid (version, puid, id) VALUES (1, '2d60fbb0-6cd1-be5a-7e27-4b5b75a1046b', 198508);
INSERT INTO puid (version, puid, id) VALUES (1, 'e20ee4cf-e7c0-cdc8-656b-2ecfa4b7a55a', 571288);
INSERT INTO puid (version, puid, id) VALUES (131, 'dff5d710-5dee-21f0-c00e-5a339175aff0', 797233);
INSERT INTO clientversion (created, version, id) VALUES ('2011-01-18 16:21:33.71184+01', 'MusicBrainz Picard-0.7.1', 136);
INSERT INTO puid (version, puid, id) VALUES (136, 'dbdcbff2-c798-9b9f-6982-06ec90e2e15b', 1227284);
INSERT INTO puid (version, puid, id) VALUES (140, '5a2f2d88-54b1-47b0-2639-7ff8b8822e78', 1416955);
INSERT INTO puid (version, puid, id) VALUES (204, 'a6caf528-fa0e-f272-d387-9f6e0b913651', 3351275);
INSERT INTO puid (version, puid, id) VALUES (204, '689665d5-4d5a-f8e8-4caf-270ccab3692f', 3404253);
INSERT INTO puid (version, puid, id) VALUES (204, 'ec3ad5c3-af51-018e-0fb6-91a3ab9dff47', 3528269);
INSERT INTO puid (version, puid, id) VALUES (246, '3553f7ab-edf6-22cb-426b-57c7be55238c', 4150657);
INSERT INTO clientversion (created, version, id) VALUES ('2011-01-18 16:21:33.71184+01', 'Jaikoz-3.5.1', 253);
INSERT INTO puid (version, puid, id) VALUES (253, 'fa2e17ee-f58e-93dc-1726-35f078441803', 4342120);
INSERT INTO puid (version, puid, id) VALUES (204, '51c88ee2-1257-0658-a148-b7d4999af89c', 4351815);
INSERT INTO puid (version, puid, id) VALUES (246, '5019fc8c-a137-b68e-76ed-ae728c3efce8', 4541687);
INSERT INTO recording_puid (created, recording, puid, edits_pending, id) VALUES ('2011-01-18 16:56:00.408782+01', 2726276, 198508, 0, 255571);
INSERT INTO recording_puid (created, recording, puid, edits_pending, id) VALUES ('2011-01-18 16:56:00.408782+01', 2726276, 571288, 0, 734566);
INSERT INTO recording_puid (created, recording, puid, edits_pending, id) VALUES ('2011-01-18 16:56:00.408782+01', 2726276, 797233, 0, 1015162);
INSERT INTO recording_puid (created, recording, puid, edits_pending, id) VALUES ('2011-01-18 16:56:00.408782+01', 2726276, 1227284, 0, 2495409);
INSERT INTO recording_puid (created, recording, puid, edits_pending, id) VALUES ('2011-01-18 16:56:00.408782+01', 2726276, 1416955, 0, 1776450);
INSERT INTO recording_puid (created, recording, puid, edits_pending, id) VALUES ('2011-01-18 16:56:00.408782+01', 2726276, 3351275, 0, 4220593);
INSERT INTO recording_puid (created, recording, puid, edits_pending, id) VALUES ('2011-01-18 16:56:00.408782+01', 2726276, 3404253, 0, 4290673);
INSERT INTO recording_puid (created, recording, puid, edits_pending, id) VALUES ('2011-01-18 16:56:00.408782+01', 2726276, 3528269, 0, 4451147);
INSERT INTO recording_puid (created, recording, puid, edits_pending, id) VALUES ('2011-01-18 16:56:00.408782+01', 2726276, 4150657, 0, 5248756);
INSERT INTO recording_puid (created, recording, puid, edits_pending, id) VALUES ('2011-01-18 16:56:00.408782+01', 2726276, 4342120, 0, 5788115);
INSERT INTO recording_puid (created, recording, puid, edits_pending, id) VALUES ('2011-01-18 16:56:00.408782+01', 2726276, 4351815, 0, 5503034);
INSERT INTO recording_puid (created, recording, puid, edits_pending, id) VALUES ('2011-01-18 16:56:00.408782+01', 2726276, 4541687, 0, 5747167);
INSERT INTO isrc (created, source, recording, isrc, edits_pending, id) VALUES ('2011-01-18 16:56:00.408782+01', 0, 2726276, 'GBAAA9900300', 0, 189224);
UPDATE recording_meta SET rating_count = NULL, rating = NULL WHERE id = 2726276;
INSERT INTO track_name (name, id) VALUES ('Asleep From Day', 2888879);
INSERT INTO recording (last_updated, name, edits_pending, artist_credit, length, comment, id, gid) VALUES (NULL, 2888879, 0, 242, 287386, '', 2726277, '1344425c-47ea-4d7b-a759-c7f5ec0fa191');
INSERT INTO puid (version, puid, id) VALUES (1, '714fa507-3375-766e-1db3-fe7f398820e6', 355635);
INSERT INTO puid (version, puid, id) VALUES (1, 'aa3e9ba5-9af2-eadd-2372-445e695ef0e9', 464437);
INSERT INTO puid (version, puid, id) VALUES (204, '3d9185f3-57de-b88d-418e-b0fb88804402', 3351272);
INSERT INTO puid (version, puid, id) VALUES (204, '7fc5404c-7b60-d75a-62b8-48c317b3058f', 3404254);
INSERT INTO puid (version, puid, id) VALUES (204, '92656ed1-06e7-4f63-1f73-7664afd9f30d', 3949209);
INSERT INTO puid (version, puid, id) VALUES (246, '0e0c50c7-852d-5fbf-901d-11a08fb998b8', 4447052);
INSERT INTO recording_puid (created, recording, puid, edits_pending, id) VALUES ('2011-01-18 16:56:00.408782+01', 2726277, 355635, 0, 457473);
INSERT INTO recording_puid (created, recording, puid, edits_pending, id) VALUES ('2011-01-18 16:56:00.408782+01', 2726277, 464437, 0, 6022351);
INSERT INTO recording_puid (created, recording, puid, edits_pending, id) VALUES ('2011-01-18 16:56:00.408782+01', 2726277, 3351272, 0, 4220590);
INSERT INTO recording_puid (created, recording, puid, edits_pending, id) VALUES ('2011-01-18 16:56:00.408782+01', 2726277, 3404254, 0, 4290674);
INSERT INTO recording_puid (created, recording, puid, edits_pending, id) VALUES ('2011-01-18 16:56:00.408782+01', 2726277, 3949209, 0, 4989414);
INSERT INTO recording_puid (created, recording, puid, edits_pending, id) VALUES ('2011-01-18 16:56:00.408782+01', 2726277, 4447052, 0, 5628985);
INSERT INTO isrc (created, source, recording, isrc, edits_pending, id) VALUES ('2011-01-18 16:56:00.408782+01', 0, 2726277, 'GBAAA9900301', 0, 189217);
UPDATE recording_meta SET rating_count = NULL, rating = NULL WHERE id = 2726277;
INSERT INTO track_name (name, id) VALUES ('Got Glint?', 834828);
INSERT INTO recording (last_updated, name, edits_pending, artist_credit, length, comment, id, gid) VALUES (NULL, 834828, 0, 242, 326906, '', 2726278, '310a7db0-9a0f-4833-817f-ae4f6adc026e');
INSERT INTO puid (version, puid, id) VALUES (1, '291dc163-ff4b-472e-6d65-49f149044912', 180136);
INSERT INTO puid (version, puid, id) VALUES (204, 'e9af7bf1-547d-7682-afb1-ad6c4f93cac9', 3351274);
INSERT INTO puid (version, puid, id) VALUES (204, '6876eb37-4721-4117-a061-95040c62294d', 3404258);
INSERT INTO puid (version, puid, id) VALUES (204, 'ea798aa1-fce5-734b-cd2b-508cb0ada159', 3528268);
INSERT INTO recording_puid (created, recording, puid, edits_pending, id) VALUES ('2011-01-18 16:56:00.408782+01', 2726278, 180136, 0, 231996);
INSERT INTO recording_puid (created, recording, puid, edits_pending, id) VALUES ('2011-01-18 16:56:00.408782+01', 2726278, 462478, 0, 595099);
INSERT INTO recording_puid (created, recording, puid, edits_pending, id) VALUES ('2011-01-18 16:56:00.408782+01', 2726278, 1095501, 0, 1605683);
INSERT INTO recording_puid (created, recording, puid, edits_pending, id) VALUES ('2011-01-18 16:56:00.408782+01', 2726278, 3351274, 0, 4220592);
INSERT INTO recording_puid (created, recording, puid, edits_pending, id) VALUES ('2011-01-18 16:56:00.408782+01', 2726278, 3404258, 0, 4290680);
INSERT INTO recording_puid (created, recording, puid, edits_pending, id) VALUES ('2011-01-18 16:56:00.408782+01', 2726278, 3528268, 0, 4451146);
INSERT INTO isrc (created, source, recording, isrc, edits_pending, id) VALUES ('2011-01-18 16:56:00.408782+01', 0, 2726278, 'GBAAA9900302', 0, 189219);
UPDATE recording_meta SET rating_count = NULL, rating = NULL WHERE id = 2726278;
INSERT INTO track_name (name, id) VALUES ('Hey Boy Hey Girl', 3032296);
INSERT INTO recording (last_updated, name, edits_pending, artist_credit, length, comment, id, gid) VALUES (NULL, 3032296, 0, 242, 290853, '', 1062699, 'bf7845cc-eac3-48a3-8b06-543b4b7ba117');
INSERT INTO puid (version, puid, id) VALUES (1, '18e5d41b-7b75-7c92-6ad8-104ed305bb70', 109440);
INSERT INTO puid (version, puid, id) VALUES (1, '1f11ddf7-8269-0c81-46e7-ec03a196c4e5', 136541);
INSERT INTO puid (version, puid, id) VALUES (1, '4fbb818e-be71-41f2-9140-eb63eca3ed60', 291398);
INSERT INTO puid (version, puid, id) VALUES (1, 'ac5440e9-2704-bb55-6548-99fd919f119f', 468493);
INSERT INTO puid (version, puid, id) VALUES (1, 'b13f9a9b-ccea-70a8-2bf5-1eaf93aa8812', 477851);
INSERT INTO puid (version, puid, id) VALUES (1, 'd0ec3d4e-8e7d-3867-d6b5-86c57e43e730', 538755);
INSERT INTO puid (version, puid, id) VALUES (1, 'fb9f3538-51d1-424c-8d25-63dac5dd3a0c', 620340);
INSERT INTO puid (version, puid, id) VALUES (131, '05079bdb-a5ed-b35a-7b0f-0813820b376b', 797229);
INSERT INTO puid (version, puid, id) VALUES (134, '54f1f0ca-7e49-2d4c-e74e-7f2054061d36', 931824);
INSERT INTO puid (version, puid, id) VALUES (134, '1c2e2909-8725-d8b7-dab8-1c432fa812a9', 1054652);
INSERT INTO puid (version, puid, id) VALUES (140, '917f04a0-7f54-8107-97ac-c8b467eb78fb', 1574686);
INSERT INTO puid (version, puid, id) VALUES (140, 'bcfe2757-ff35-c518-8b90-82517596f436', 1702175);
INSERT INTO puid (version, puid, id) VALUES (140, '9a1aa6a8-d735-7117-f24a-8be66ae58414', 1856682);
INSERT INTO puid (version, puid, id) VALUES (188, '3fb82a47-d925-be51-f33f-4b51eb6c5702', 2313194);
INSERT INTO clientversion (created, version, id) VALUES ('2011-01-18 16:21:33.71184+01', 'Jaikoz-2.8.0', 205);
INSERT INTO puid (version, puid, id) VALUES (205, '84a1b454-4fa3-07b7-b094-7bd60f59cec2', 3040021);
INSERT INTO puid (version, puid, id) VALUES (194, '2003f5de-db06-80e3-115c-da1d98106324', 3215655);
INSERT INTO puid (version, puid, id) VALUES (204, 'cb80f4e2-59e2-afa1-870d-7df67a822cc4', 3236360);
INSERT INTO puid (version, puid, id) VALUES (204, '9f84b9c5-8944-ed44-ea87-91d2fdb1e4d3', 3333833);
INSERT INTO puid (version, puid, id) VALUES (204, 'cee51665-7ba7-c1e2-42da-de4510606683', 3351277);
INSERT INTO puid (version, puid, id) VALUES (204, '557c3d54-dd7d-eb57-a368-4b3da358a04d', 3404260);
INSERT INTO puid (version, puid, id) VALUES (246, '6e9d2d45-23cf-8d40-41be-b3b6ff814bb7', 3985704);
INSERT INTO puid (version, puid, id) VALUES (204, 'ba182e2d-a64e-d6d9-1c8a-a9b115a19860', 4050040);
INSERT INTO puid (version, puid, id) VALUES (246, 'afe665b2-1d6e-313f-9179-99eb9584b549', 4208232);
INSERT INTO recording_puid (created, recording, puid, edits_pending, id) VALUES ('2011-01-18 16:56:00.408782+01', 1062699, 109440, 0, 3238427);
INSERT INTO recording_puid (created, recording, puid, edits_pending, id) VALUES ('2011-01-18 16:56:00.408782+01', 1062699, 136541, 0, 3033990);
INSERT INTO recording_puid (created, recording, puid, edits_pending, id) VALUES ('2011-01-18 16:56:00.408782+01', 1062699, 291398, 0, 5156062);
INSERT INTO recording_puid (created, recording, puid, edits_pending, id) VALUES ('2011-01-18 16:56:00.408782+01', 1062699, 468493, 0, 2965849);
INSERT INTO recording_puid (created, recording, puid, edits_pending, id) VALUES ('2011-01-18 16:56:00.408782+01', 1062699, 477851, 0, 614868);
INSERT INTO recording_puid (created, recording, puid, edits_pending, id) VALUES ('2011-01-18 16:56:00.408782+01', 1062699, 538755, 0, 6022348);
INSERT INTO recording_puid (created, recording, puid, edits_pending, id) VALUES ('2011-01-18 16:56:00.408782+01', 1062699, 620340, 0, 5684566);
INSERT INTO recording_puid (created, recording, puid, edits_pending, id) VALUES ('2011-01-18 16:56:00.408782+01', 1062699, 797229, 0, 1015158);
INSERT INTO recording_puid (created, recording, puid, edits_pending, id) VALUES ('2011-01-18 16:56:00.408782+01', 1062699, 931824, 0, 1180704);
INSERT INTO recording_puid (created, recording, puid, edits_pending, id) VALUES ('2011-01-18 16:56:00.408782+01', 1062699, 1054652, 0, 1330962);
INSERT INTO recording_puid (created, recording, puid, edits_pending, id) VALUES ('2011-01-18 16:56:00.408782+01', 1062699, 1574686, 0, 1968749);
INSERT INTO recording_puid (created, recording, puid, edits_pending, id) VALUES ('2011-01-18 16:56:00.408782+01', 1062699, 1702175, 0, 4460445);
INSERT INTO recording_puid (created, recording, puid, edits_pending, id) VALUES ('2011-01-18 16:56:00.408782+01', 1062699, 1856682, 0, 2317097);
INSERT INTO recording_puid (created, recording, puid, edits_pending, id) VALUES ('2011-01-18 16:56:00.408782+01', 1062699, 2313194, 0, 2888095);
INSERT INTO recording_puid (created, recording, puid, edits_pending, id) VALUES ('2011-01-18 16:56:00.408782+01', 1062699, 3040021, 0, 4451149);
INSERT INTO recording_puid (created, recording, puid, edits_pending, id) VALUES ('2011-01-18 16:56:00.408782+01', 1062699, 3215655, 0, 4040726);
INSERT INTO recording_puid (created, recording, puid, edits_pending, id) VALUES ('2011-01-18 16:56:00.408782+01', 1062699, 3236360, 0, 4612360);
INSERT INTO recording_puid (created, recording, puid, edits_pending, id) VALUES ('2011-01-18 16:56:00.408782+01', 1062699, 3333833, 0, 4197188);
INSERT INTO recording_puid (created, recording, puid, edits_pending, id) VALUES ('2011-01-18 16:56:00.408782+01', 1062699, 3351277, 0, 4220595);
INSERT INTO recording_puid (created, recording, puid, edits_pending, id) VALUES ('2011-01-18 16:56:00.408782+01', 1062699, 3404260, 0, 4290682);
INSERT INTO recording_puid (created, recording, puid, edits_pending, id) VALUES ('2011-01-18 16:56:00.408782+01', 1062699, 3985704, 0, 5034917);
INSERT INTO recording_puid (created, recording, puid, edits_pending, id) VALUES ('2011-01-18 16:56:00.408782+01', 1062699, 4050040, 0, 5117108);
INSERT INTO recording_puid (created, recording, puid, edits_pending, id) VALUES ('2011-01-18 16:56:00.408782+01', 1062699, 4208232, 0, 5322684);
INSERT INTO isrc (created, source, recording, isrc, edits_pending, id) VALUES ('2011-01-18 16:56:00.408782+01', 0, 1062699, 'GBAAA9900303', 0, 189218);
UPDATE recording_meta SET rating_count = 1, rating = 50 WHERE id = 1062699;
INSERT INTO track_name (name, id) VALUES ('Racing the Tide', 3169409);
INSERT INTO recording (last_updated, name, edits_pending, artist_credit, length, comment, id, gid) VALUES (NULL, 3169409, 0, 242, 270040, '', 15296, 'e186e921-9d7e-4cd9-b499-4030a1e78960');
INSERT INTO puid (version, puid, id) VALUES (1, '08a09eb7-51aa-c4f6-af00-3aa969b03fce', 38141);
INSERT INTO puid (version, puid, id) VALUES (1, '80c334ed-f66d-5c91-181d-1e81fb64cc01', 385220);
INSERT INTO puid (version, puid, id) VALUES (134, '9b56d3bf-8b84-56f9-0cb7-fc82e184904f', 940130);
INSERT INTO puid (version, puid, id) VALUES (204, 'ff5c72f8-1745-9929-72d5-4d1f0f4283fc', 3404267);
INSERT INTO recording_puid (created, recording, puid, edits_pending, id) VALUES ('2011-01-18 16:56:00.408782+01', 15296, 38141, 0, 4567014);
INSERT INTO recording_puid (created, recording, puid, edits_pending, id) VALUES ('2011-01-18 16:56:00.408782+01', 15296, 385220, 0, 3030187);
INSERT INTO recording_puid (created, recording, puid, edits_pending, id) VALUES ('2011-01-18 16:56:00.408782+01', 15296, 940130, 0, 1190541);
INSERT INTO recording_puid (created, recording, puid, edits_pending, id) VALUES ('2011-01-18 16:56:00.408782+01', 15296, 3404267, 0, 4290690);
UPDATE recording_meta SET rating_count = NULL, rating = NULL WHERE id = 15296;
INSERT INTO track_name (name, id) VALUES ('Dream On', 4482563);
INSERT INTO recording (last_updated, name, edits_pending, artist_credit, length, comment, id, gid) VALUES (NULL, 4482563, 0, 242, 405760, '', 2726281, '6efd1d7e-4c99-4dee-b3ef-55724809fb28');
INSERT INTO puid (version, puid, id) VALUES (131, '151bffd1-e817-b18c-69ad-c218bc6117f9', 797234);
INSERT INTO puid (version, puid, id) VALUES (134, 'ee725689-697b-9178-a8e0-d6df486b6a30', 903696);
INSERT INTO puid (version, puid, id) VALUES (188, '6afedc36-7e44-1046-7adc-67d8fb1f1c83', 2342644);
INSERT INTO puid (version, puid, id) VALUES (188, '6e066195-8c20-3be6-be53-31122220326f', 2447548);
INSERT INTO puid (version, puid, id) VALUES (194, 'a4d53411-6b40-9351-7ec2-60dccafedb1e', 2943966);
INSERT INTO clientversion (created, version, id) VALUES ('2011-01-18 16:21:33.71184+01', 'Jaikoz-2.7.0', 202);
INSERT INTO puid (version, puid, id) VALUES (202, '7056bac0-ea2c-0fa4-cd8c-7ce00def6889', 3006167);
INSERT INTO puid (version, puid, id) VALUES (204, '7746acef-8ec4-43c1-102e-b0ed3acc1dcc', 3351270);
INSERT INTO puid (version, puid, id) VALUES (204, '80c91fe7-40f6-cc78-1c28-56b77069b8c0', 3404270);
INSERT INTO puid (version, puid, id) VALUES (204, '6ff34922-e757-a4ef-8c83-321a0fb47d79', 3528265);
INSERT INTO puid (version, puid, id) VALUES (204, '7ff2375c-4b47-710a-0bcc-ca37a34bdf9c', 4351816);
INSERT INTO puid (version, puid, id) VALUES (246, '478b637c-4e22-e76b-4080-91fd6884db9c', 4736409);
INSERT INTO recording_puid (created, recording, puid, edits_pending, id) VALUES ('2011-01-18 16:56:00.408782+01', 2726281, 192280, 0, 892861);
INSERT INTO recording_puid (created, recording, puid, edits_pending, id) VALUES ('2011-01-18 16:56:00.408782+01', 2726281, 797234, 0, 1015163);
INSERT INTO recording_puid (created, recording, puid, edits_pending, id) VALUES ('2011-01-18 16:56:00.408782+01', 2726281, 903696, 0, 2005057);
INSERT INTO recording_puid (created, recording, puid, edits_pending, id) VALUES ('2011-01-18 16:56:00.408782+01', 2726281, 2342644, 0, 2925559);
INSERT INTO recording_puid (created, recording, puid, edits_pending, id) VALUES ('2011-01-18 16:56:00.408782+01', 2726281, 2447548, 0, 3058025);
INSERT INTO recording_puid (created, recording, puid, edits_pending, id) VALUES ('2011-01-18 16:56:00.408782+01', 2726281, 2943966, 0, 3694655);
INSERT INTO recording_puid (created, recording, puid, edits_pending, id) VALUES ('2011-01-18 16:56:00.408782+01', 2726281, 3006167, 0, 3776423);
INSERT INTO recording_puid (created, recording, puid, edits_pending, id) VALUES ('2011-01-18 16:56:00.408782+01', 2726281, 3351270, 0, 4220587);
INSERT INTO recording_puid (created, recording, puid, edits_pending, id) VALUES ('2011-01-18 16:56:00.408782+01', 2726281, 3404270, 0, 4290693);
INSERT INTO recording_puid (created, recording, puid, edits_pending, id) VALUES ('2011-01-18 16:56:00.408782+01', 2726281, 3528265, 0, 4451143);
INSERT INTO recording_puid (created, recording, puid, edits_pending, id) VALUES ('2011-01-18 16:56:00.408782+01', 2726281, 4351816, 0, 5503035);
INSERT INTO recording_puid (created, recording, puid, edits_pending, id) VALUES ('2011-01-18 16:56:00.408782+01', 2726281, 4736409, 0, 5995690);
INSERT INTO isrc (created, source, recording, isrc, edits_pending, id) VALUES ('2011-01-18 16:56:00.408782+01', 0, 2726281, 'GBAAA9900305', 0, 189223);
UPDATE recording_meta SET rating_count = NULL, rating = NULL WHERE id = 2726281;
INSERT INTO track (last_updated, number, recording, name, position, edits_pending, artist_credit, length, medium, id, gid) VALUES ('2013-03-07 16:53:06.647156+01', '1', 2726271, 491692, 1, 0, 242, 319960, 8312, 15294, '0d3271e3-d964-4a99-93d5-9858ea2c6e37');
INSERT INTO track (last_updated, number, recording, name, position, edits_pending, artist_credit, length, medium, id, gid) VALUES ('2013-03-07 16:53:06.647156+01', '2', 2726272, 527555, 2, 0, 242, 256040, 8312, 186405, '7516aca9-6b91-4d77-b301-2c3ddea53fea');
INSERT INTO track (last_updated, number, recording, name, position, edits_pending, artist_credit, length, medium, id, gid) VALUES ('2013-03-07 16:53:06.647156+01', '3', 1353886, 1344865, 3, 0, 242, 439760, 8312, 12192, 'd7b0cdb0-1528-4aa7-bce1-ffe70e6e1e82');
INSERT INTO track (last_updated, number, recording, name, position, edits_pending, artist_credit, length, medium, id, gid) VALUES ('2013-03-07 16:53:06.647156+01', '4', 2726274, 1349663, 4, 0, 242, 186640, 8312, 15295, '84ca2cee-5bc8-464f-8991-8ca836ca920d');
INSERT INTO track (last_updated, number, recording, name, position, edits_pending, artist_credit, length, medium, id, gid) VALUES ('2013-03-07 16:53:06.647156+01', '5', 2726275, 2188746, 5, 0, 242, 236360, 8312, 160418, '7b60bc8f-8706-4784-a737-6bf4a4897728');
INSERT INTO track (last_updated, number, recording, name, position, edits_pending, artist_credit, length, medium, id, gid) VALUES ('2013-03-07 16:53:06.647156+01', '6', 2726276, 3653578, 6, 0, 242, 518906, 8312, 15298, '53a217ae-6a7c-4d34-8e89-db43536e50ce');
INSERT INTO track (last_updated, number, recording, name, position, edits_pending, artist_credit, length, medium, id, gid) VALUES ('2013-03-07 16:53:06.647156+01', '7', 2726277, 2888879, 7, 0, 242, 287226, 8312, 15293, 'cd0d5d55-1394-48fa-8a44-ee6ecc66961f');
INSERT INTO track (last_updated, number, recording, name, position, edits_pending, artist_credit, length, medium, id, gid) VALUES ('2013-03-07 16:53:06.647156+01', '8', 2726278, 834828, 8, 0, 242, 326440, 8312, 305273, '08adcc72-2ac9-4537-9280-79a5edc973bb');
INSERT INTO track (last_updated, number, recording, name, position, edits_pending, artist_credit, length, medium, id, gid) VALUES ('2013-03-07 16:53:06.647156+01', '9', 1062699, 3032296, 9, 0, 242, 290493, 8312, 5054, 'd5d011e8-64e9-422f-add1-9cf83733183e');
INSERT INTO track (last_updated, number, recording, name, position, edits_pending, artist_credit, length, medium, id, gid) VALUES ('2013-03-07 16:53:06.647156+01', '10', 15296, 3169409, 10, 0, 242, 270040, 8312, 15296, 'dfe3af09-ad55-40ff-95b8-a4c382187e58');
INSERT INTO track (last_updated, number, recording, name, position, edits_pending, artist_credit, length, medium, id, gid) VALUES ('2013-03-07 16:53:06.647156+01', '11', 2726281, 4482563, 11, 0, 242, 406533, 8312, 19592, 'e88f404c-7822-4aa4-b217-9d2a4ab4672a');
INSERT INTO label_name (name, id) VALUES ('Astralwerks', 32956);
INSERT INTO label (label_code, edits_pending, ended, id, sort_name, country, begin_date_day, last_updated, name, begin_date_year, end_date_day, comment, begin_date_month, end_date_month, type, end_date_year, gid) VALUES (NULL, 0, '0', 187, 32956, 222, NULL, NULL, 32956, NULL, NULL, '', NULL, NULL, 4, NULL, '60f3af98-d6ca-4995-a9b5-b93924e2405f');
INSERT INTO label_name (name, id) VALUES ('Astralwerks Records', 2867);
INSERT INTO label_alias (begin_date_day, last_updated, primary_for_locale, name, edits_pending, locale, begin_date_year, end_date_day, begin_date_month, end_date_month, id, label, type, end_date_year, sort_name) VALUES (NULL, '2011-01-18 16:21:33.71184+01', '0', 2867, 0, NULL, NULL, NULL, NULL, NULL, 3411, 187, NULL, NULL, 2867);
UPDATE label_meta SET rating_count = NULL, rating = NULL WHERE id = 187;
INSERT INTO release_label (last_updated, catalog_number, label, release, id) VALUES ('2011-01-18 16:52:02.917556+01', 'ASW CD PRO 47610-2', 187, 8312, 82);
UPDATE release_meta SET amazon_asin = 'B00000J8EK', info_url = 'http://www.amazon.com/gp/product/B00000J8EK', date_added = NULL, cover_art_presence = 'absent', amazon_store = NULL WHERE id = 8312;
INSERT INTO medium (last_updated, name, position, track_count, edits_pending, release, format, id) VALUES ('2013-03-07 16:53:07.18794+01', NULL, 1, 11, 0, 19969, 1, 19969);
INSERT INTO cdtoc (created, discid, track_offset, degraded, leadout_offset, track_count, id, freedb_id) VALUES ('2011-01-18 16:21:33.71184+01', 'I80AyqyKJJ7ErmcO3Ol6IvkNm6Q-', '{150,24140,43339,76218,90206,107832,146742,168281,192801,214535,234708}', '0', 265276, 11, 133905, '840dcf0b');
INSERT INTO cdtoc (created, discid, track_offset, degraded, leadout_offset, track_count, id, freedb_id) VALUES ('2011-01-18 16:21:33.71184+01', 'HBdX34kIIszmAgC0rQgA5wpm.00-', '{150,24344,43701,76936,91098,109072,148147,169851,194526,216393,236740}', '0', 267444, 11, 240446, '950deb0b');
INSERT INTO cdtoc (created, discid, track_offset, degraded, leadout_offset, track_count, id, freedb_id) VALUES ('2011-01-18 16:21:33.71184+01', 'Y0vn_rEMiqZBjcX83_H0kIhAHWI-', '{150,24197,43367,76382,90380,108107,147025,168567,193050,214817,235077}', '0', 265580, 11, 322076, '890dd30b');
INSERT INTO cdtoc (created, discid, track_offset, degraded, leadout_offset, track_count, id, freedb_id) VALUES ('2011-01-18 16:21:33.71184+01', 'IMDbh1LVwOMIWvJuREMoC1iauOY-', '{150,24192,43397,76480,90490,108312,147235,168787,193310,215025,235220}', '0', 265922, 11, 340280, '930dd70b');
INSERT INTO cdtoc (created, discid, track_offset, degraded, leadout_offset, track_count, id, freedb_id) VALUES ('2011-01-18 16:21:33.71184+01', 'AEksyBzpAWwQVR8rz2ASF984Uo4-', '{150,24297,43650,76705,90853,108653,147721,169413,194046,215983,236386}', '0', 266723, 11, 344827, '980de20b');
INSERT INTO cdtoc (created, discid, track_offset, degraded, leadout_offset, track_count, id, freedb_id) VALUES ('2011-01-18 16:21:33.71184+01', 'ntVUGiLS__Fa__494wln20X0YnI-', '{150,24147,43350,76332,90330,108057,146975,168517,193000,214787,235040}', '0', 265530, 11, 17, '890dd20b');
INSERT INTO cdtoc (created, discid, track_offset, degraded, leadout_offset, track_count, id, freedb_id) VALUES ('2011-01-18 16:21:33.71184+01', 'I7bkQQjCp.XBo0zrwTLxLYz1vXs-', '{150,24161,43380,76346,90358,108010,146928,168482,193000,214746,234948}', '0', 265380, 11, 110729, '890dd00b');
INSERT INTO medium_cdtoc (last_updated, medium, edits_pending, id, cdtoc) VALUES ('2011-01-18 16:21:33.71184+01', 19969, 0, 35235, 133905);
INSERT INTO medium_cdtoc (last_updated, medium, edits_pending, id, cdtoc) VALUES ('2011-01-18 16:21:33.71184+01', 19969, 0, 35236, 240446);
INSERT INTO medium_cdtoc (last_updated, medium, edits_pending, id, cdtoc) VALUES ('2011-01-18 16:21:33.71184+01', 19969, 0, 35237, 322076);
INSERT INTO medium_cdtoc (last_updated, medium, edits_pending, id, cdtoc) VALUES ('2011-01-18 16:21:33.71184+01', 19969, 0, 35238, 340280);
INSERT INTO medium_cdtoc (last_updated, medium, edits_pending, id, cdtoc) VALUES ('2011-01-18 16:21:33.71184+01', 19969, 0, 35239, 344827);
INSERT INTO medium_cdtoc (last_updated, medium, edits_pending, id, cdtoc) VALUES ('2011-01-18 16:21:33.71184+01', 19969, 0, 35240, 17);
INSERT INTO medium_cdtoc (last_updated, medium, edits_pending, id, cdtoc) VALUES ('2011-01-18 16:21:33.71184+01', 19969, 0, 35241, 110729);
INSERT INTO track_name (name, id) VALUES ('Surrender', 886119);
INSERT INTO recording (last_updated, name, edits_pending, artist_credit, length, comment, id, gid) VALUES (NULL, 886119, 0, 242, 269360, '', 2726280, '9c83afdc-cd59-4d2a-b990-611b6c7c1899');
INSERT INTO puid (version, puid, id) VALUES (1, 'd95160a8-4b18-1386-f46f-5f6d3c967bf9', 554749);
INSERT INTO puid (version, puid, id) VALUES (204, 'bc8ecfc3-bde4-d81e-2262-23b36d6e5968', 3528266);
INSERT INTO recording_puid (created, recording, puid, edits_pending, id) VALUES ('2011-01-18 16:56:00.408782+01', 2726280, 38141, 0, 49163);
INSERT INTO recording_puid (created, recording, puid, edits_pending, id) VALUES ('2011-01-18 16:56:00.408782+01', 2726280, 385220, 0, 495266);
INSERT INTO recording_puid (created, recording, puid, edits_pending, id) VALUES ('2011-01-18 16:56:00.408782+01', 2726280, 554749, 0, 713376);
INSERT INTO recording_puid (created, recording, puid, edits_pending, id) VALUES ('2011-01-18 16:56:00.408782+01', 2726280, 940130, 0, 2799397);
INSERT INTO recording_puid (created, recording, puid, edits_pending, id) VALUES ('2011-01-18 16:56:00.408782+01', 2726280, 3528266, 0, 4451144);
INSERT INTO isrc (created, source, recording, isrc, edits_pending, id) VALUES ('2011-01-18 16:56:00.408782+01', 0, 2726280, 'GBAAA9900304', 0, 189225);
UPDATE recording_meta SET rating_count = NULL, rating = NULL WHERE id = 2726280;
INSERT INTO track (last_updated, number, recording, name, position, edits_pending, artist_credit, length, medium, id, gid) VALUES ('2013-03-07 16:53:06.647156+01', '1', 2726271, 491692, 1, 0, 242, 320146, 19969, 11484445, '3a982487-e41f-4d8f-86cb-273448b0b17a');
INSERT INTO track (last_updated, number, recording, name, position, edits_pending, artist_credit, length, medium, id, gid) VALUES ('2013-03-07 16:53:06.647156+01', '2', 2726272, 527555, 2, 0, 242, 256253, 19969, 11484446, 'f07f4756-ae1f-4692-931c-3b3cb1d041eb');
INSERT INTO track (last_updated, number, recording, name, position, edits_pending, artist_credit, length, medium, id, gid) VALUES ('2013-03-07 16:53:06.647156+01', '3', 1353886, 1344865, 3, 0, 242, 439546, 19969, 11484447, '6964724d-83fe-4c88-8904-bc12b36e8ca3');
INSERT INTO track (last_updated, number, recording, name, position, edits_pending, artist_credit, length, medium, id, gid) VALUES ('2013-03-07 16:53:06.647156+01', '4', 2726274, 1349663, 4, 0, 242, 186826, 19969, 11484448, 'ecd2f89b-f1ae-4d84-8a68-c07b390166a1');
INSERT INTO track (last_updated, number, recording, name, position, edits_pending, artist_credit, length, medium, id, gid) VALUES ('2013-03-07 16:53:06.647156+01', '5', 2726275, 2188746, 5, 0, 242, 235360, 19969, 11484449, '65d7eee7-d6cb-40a0-8e2d-b1819a3d2487');
INSERT INTO track (last_updated, number, recording, name, position, edits_pending, artist_credit, length, medium, id, gid) VALUES ('2013-03-07 16:53:06.647156+01', '6', 2726276, 3653578, 6, 0, 242, 518906, 19969, 11484450, '101d2201-cb4f-4595-b745-10ef467591aa');
INSERT INTO track (last_updated, number, recording, name, position, edits_pending, artist_credit, length, medium, id, gid) VALUES ('2013-03-07 16:53:06.647156+01', '7', 2726277, 2888879, 7, 0, 242, 287386, 19969, 11484451, '4d7f9224-4b02-4319-ae74-9ac8b1be50c0');
INSERT INTO track (last_updated, number, recording, name, position, edits_pending, artist_credit, length, medium, id, gid) VALUES ('2013-03-07 16:53:06.647156+01', '8', 2726278, 834828, 8, 0, 242, 326906, 19969, 11484452, 'da71c1a5-c046-4a77-8b49-67d0bef77b0c');
INSERT INTO track (last_updated, number, recording, name, position, edits_pending, artist_credit, length, medium, id, gid) VALUES ('2013-03-07 16:53:06.647156+01', '9', 1062699, 3032296, 9, 0, 242, 289946, 19969, 11484453, '770d2fc1-0ff2-4a3d-a675-05183354d80d');
INSERT INTO track (last_updated, number, recording, name, position, edits_pending, artist_credit, length, medium, id, gid) VALUES ('2013-03-07 16:53:06.647156+01', '10', 2726280, 886119, 10, 0, 242, 269360, 19969, 11484454, 'c599b285-deeb-4c6a-b564-3af35cb5ffd2');
INSERT INTO track (last_updated, number, recording, name, position, edits_pending, artist_credit, length, medium, id, gid) VALUES ('2013-03-07 16:53:06.647156+01', '11', 2726281, 4482563, 11, 0, 242, 405760, 19969, 11484455, 'c22f94d0-216f-4d87-a312-9e166576232b');
INSERT INTO release_label (last_updated, catalog_number, label, release, id) VALUES ('2011-01-18 16:52:02.917556+01', 'ASW47610-2', 187, 19969, 90295);
UPDATE release_meta SET amazon_asin = 'B00000J8EK', info_url = 'http://www.amazon.co.uk/gp/product/B00000J8EK', date_added = '2004-08-23 09:28:55.160816+02', cover_art_presence = 'absent', amazon_store = NULL WHERE id = 19969;
INSERT INTO medium (last_updated, name, position, track_count, edits_pending, release, format, id) VALUES ('2013-03-07 16:53:07.18794+01', NULL, 1, 11, 0, 31689, 1, 31689);
INSERT INTO medium_cdtoc (last_updated, medium, edits_pending, id, cdtoc) VALUES ('2011-01-18 16:21:33.71184+01', 31689, 0, 49901, 133905);
INSERT INTO medium_cdtoc (last_updated, medium, edits_pending, id, cdtoc) VALUES ('2011-01-18 16:21:33.71184+01', 31689, 0, 49902, 322076);
INSERT INTO medium_cdtoc (last_updated, medium, edits_pending, id, cdtoc) VALUES ('2011-01-18 16:21:33.71184+01', 31689, 0, 49903, 240446);
INSERT INTO medium_cdtoc (last_updated, medium, edits_pending, id, cdtoc) VALUES ('2011-01-18 16:21:33.71184+01', 31689, 0, 49904, 17);
INSERT INTO medium_cdtoc (last_updated, medium, edits_pending, id, cdtoc) VALUES ('2011-01-18 16:21:33.71184+01', 31689, 0, 49905, 344827);
INSERT INTO medium_cdtoc (last_updated, medium, edits_pending, id, cdtoc) VALUES ('2011-01-18 16:21:33.71184+01', 31689, 0, 49906, 340280);
INSERT INTO medium_cdtoc (last_updated, medium, edits_pending, id, cdtoc) VALUES ('2011-01-18 16:21:33.71184+01', 31689, 0, 49907, 110729);
INSERT INTO track (last_updated, number, recording, name, position, edits_pending, artist_credit, length, medium, id, gid) VALUES ('2013-03-07 16:53:06.647156+01', '1', 2726271, 491692, 1, 0, 242, 320146, 31689, 11484456, '0fd4afed-bfac-47f4-9191-e76c47e63e09');
INSERT INTO track (last_updated, number, recording, name, position, edits_pending, artist_credit, length, medium, id, gid) VALUES ('2013-03-07 16:53:06.647156+01', '2', 2726272, 527555, 2, 0, 242, 256253, 31689, 11484457, '15d2d935-41e6-4c24-b85a-395dd05b87de');
INSERT INTO track (last_updated, number, recording, name, position, edits_pending, artist_credit, length, medium, id, gid) VALUES ('2013-03-07 16:53:06.647156+01', '3', 1353886, 1344865, 3, 0, 242, 439546, 31689, 11484458, '3037ccee-e324-42f3-b5ca-5ffbb09d05c5');
INSERT INTO track (last_updated, number, recording, name, position, edits_pending, artist_credit, length, medium, id, gid) VALUES ('2013-03-07 16:53:06.647156+01', '4', 2726274, 1349663, 4, 0, 242, 186826, 31689, 11484459, '6fdefab0-c5b6-43bd-910d-1ae068a1be97');
INSERT INTO track (last_updated, number, recording, name, position, edits_pending, artist_credit, length, medium, id, gid) VALUES ('2013-03-07 16:53:06.647156+01', '5', 2726275, 2188746, 5, 0, 242, 235360, 31689, 11484460, 'd88b86bc-ae68-4063-b30f-5fe2ac63a81c');
INSERT INTO track (last_updated, number, recording, name, position, edits_pending, artist_credit, length, medium, id, gid) VALUES ('2013-03-07 16:53:06.647156+01', '6', 2726276, 3653578, 6, 0, 242, 518906, 31689, 11484461, '41a2cb06-599f-4269-abdc-49137e08aa57');
INSERT INTO track (last_updated, number, recording, name, position, edits_pending, artist_credit, length, medium, id, gid) VALUES ('2013-03-07 16:53:06.647156+01', '7', 2726277, 2888879, 7, 0, 242, 287386, 31689, 11484462, '93301341-98c2-44ca-9103-ad7e655599a6');
INSERT INTO track (last_updated, number, recording, name, position, edits_pending, artist_credit, length, medium, id, gid) VALUES ('2013-03-07 16:53:06.647156+01', '8', 2726278, 834828, 8, 0, 242, 326906, 31689, 11484463, 'f764ac50-036e-49ae-8b02-c1c90a6b209c');
INSERT INTO track (last_updated, number, recording, name, position, edits_pending, artist_credit, length, medium, id, gid) VALUES ('2013-03-07 16:53:06.647156+01', '9', 1062699, 3032296, 9, 0, 242, 289946, 31689, 11484464, '9b33dd33-f581-4cc6-83aa-44e8fedd8ef5');
INSERT INTO track (last_updated, number, recording, name, position, edits_pending, artist_credit, length, medium, id, gid) VALUES ('2013-03-07 16:53:06.647156+01', '10', 2726280, 886119, 10, 0, 242, 269360, 31689, 11484465, '413b4644-a8fe-41f3-81b2-bc0b1edca6b8');
INSERT INTO track (last_updated, number, recording, name, position, edits_pending, artist_credit, length, medium, id, gid) VALUES ('2013-03-07 16:53:06.647156+01', '11', 2726281, 4482563, 11, 0, 242, 405760, 31689, 11484466, '1083eb05-05e8-4b87-920f-7091ebfe872d');
INSERT INTO label_name (name, id) VALUES ('Freestyle Dust', 25898);
INSERT INTO label (label_code, edits_pending, ended, id, sort_name, country, begin_date_day, last_updated, name, begin_date_year, end_date_day, comment, begin_date_month, end_date_month, type, end_date_year, gid) VALUES (3098, 0, '0', 2988, 25898, 221, NULL, NULL, 25898, 1995, NULL, '', NULL, NULL, 4, NULL, '86b88c78-b21f-4711-a43d-991d8d1db10b');
UPDATE label_meta SET rating_count = NULL, rating = NULL WHERE id = 2988;
INSERT INTO release_label (last_updated, catalog_number, label, release, id) VALUES ('2011-01-18 16:52:02.917556+01', 'XDUSTCD4', 2988, 31689, 478343);
UPDATE release_meta SET amazon_asin = NULL, info_url = NULL, date_added = '2004-08-23 09:28:55.160816+02', cover_art_presence = 'absent', amazon_store = NULL WHERE id = 31689;
INSERT INTO medium (last_updated, name, position, track_count, edits_pending, release, format, id) VALUES ('2013-03-07 16:53:07.18794+01', NULL, 1, 11, 0, 31690, 1, 31690);
INSERT INTO medium_cdtoc (last_updated, medium, edits_pending, id, cdtoc) VALUES ('2011-01-18 16:21:33.71184+01', 31690, 0, 49908, 17);
INSERT INTO medium_cdtoc (last_updated, medium, edits_pending, id, cdtoc) VALUES ('2011-01-18 16:21:33.71184+01', 31690, 0, 49909, 344827);
INSERT INTO medium_cdtoc (last_updated, medium, edits_pending, id, cdtoc) VALUES ('2011-01-18 16:21:33.71184+01', 31690, 0, 49910, 340280);
INSERT INTO medium_cdtoc (last_updated, medium, edits_pending, id, cdtoc) VALUES ('2011-01-18 16:21:33.71184+01', 31690, 0, 49911, 322076);
INSERT INTO medium_cdtoc (last_updated, medium, edits_pending, id, cdtoc) VALUES ('2011-01-18 16:21:33.71184+01', 31690, 0, 49912, 240446);
INSERT INTO medium_cdtoc (last_updated, medium, edits_pending, id, cdtoc) VALUES ('2011-01-18 16:21:33.71184+01', 31690, 0, 49913, 133905);
INSERT INTO medium_cdtoc (last_updated, medium, edits_pending, id, cdtoc) VALUES ('2011-01-18 16:21:33.71184+01', 31690, 0, 49914, 110729);
INSERT INTO track (last_updated, number, recording, name, position, edits_pending, artist_credit, length, medium, id, gid) VALUES ('2013-03-07 16:53:06.647156+01', '1', 2726271, 491692, 1, 0, 242, 320146, 31690, 11484467, '39cc71e1-cb62-44cb-9591-d6336e7ceb7d');
INSERT INTO track (last_updated, number, recording, name, position, edits_pending, artist_credit, length, medium, id, gid) VALUES ('2013-03-07 16:53:06.647156+01', '2', 2726272, 527555, 2, 0, 242, 256253, 31690, 11484468, 'ffd68204-be4d-4b51-9cfa-e148f9687432');
INSERT INTO track (last_updated, number, recording, name, position, edits_pending, artist_credit, length, medium, id, gid) VALUES ('2013-03-07 16:53:06.647156+01', '3', 1353886, 1344865, 3, 0, 242, 439546, 31690, 11484469, '35e413ff-47e7-4b5c-b9a1-8ee71e79651d');
INSERT INTO track (last_updated, number, recording, name, position, edits_pending, artist_credit, length, medium, id, gid) VALUES ('2013-03-07 16:53:06.647156+01', '4', 2726274, 1349663, 4, 0, 242, 186826, 31690, 11484470, '50e6210e-33ab-4f8e-a640-d5a0a84ad1dc');
INSERT INTO track (last_updated, number, recording, name, position, edits_pending, artist_credit, length, medium, id, gid) VALUES ('2013-03-07 16:53:06.647156+01', '5', 2726275, 2188746, 5, 0, 242, 235360, 31690, 11484471, '2fe4db76-cca6-4146-8860-2d65d8918129');
INSERT INTO track (last_updated, number, recording, name, position, edits_pending, artist_credit, length, medium, id, gid) VALUES ('2013-03-07 16:53:06.647156+01', '6', 2726276, 3653578, 6, 0, 242, 518906, 31690, 11484472, '78a236aa-4e95-49f3-940f-937d59655987');
INSERT INTO track (last_updated, number, recording, name, position, edits_pending, artist_credit, length, medium, id, gid) VALUES ('2013-03-07 16:53:06.647156+01', '7', 2726277, 2888879, 7, 0, 242, 287386, 31690, 11484473, '4a34fd16-dace-4b23-af88-870819093090');
INSERT INTO track (last_updated, number, recording, name, position, edits_pending, artist_credit, length, medium, id, gid) VALUES ('2013-03-07 16:53:06.647156+01', '8', 2726278, 834828, 8, 0, 242, 326906, 31690, 11484474, 'aa653bf7-fa74-4bcf-827f-4cdae3a4622d');
INSERT INTO track (last_updated, number, recording, name, position, edits_pending, artist_credit, length, medium, id, gid) VALUES ('2013-03-07 16:53:06.647156+01', '9', 1062699, 3032296, 9, 0, 242, 289946, 31690, 11484475, 'd85f43b3-2e9d-455c-a55c-633e6592ce0f');
INSERT INTO track (last_updated, number, recording, name, position, edits_pending, artist_credit, length, medium, id, gid) VALUES ('2013-03-07 16:53:06.647156+01', '10', 2726280, 886119, 10, 0, 242, 269360, 31690, 11484476, 'f70907f1-7df1-40fe-b00d-d954b03b8189');
INSERT INTO track (last_updated, number, recording, name, position, edits_pending, artist_credit, length, medium, id, gid) VALUES ('2013-03-07 16:53:06.647156+01', '11', 2726281, 4482563, 11, 0, 242, 405760, 31690, 11484477, '9ac33cc7-6011-4485-ad86-c3d11991df10');
INSERT INTO release_label (last_updated, catalog_number, label, release, id) VALUES ('2011-01-18 16:52:02.917556+01', 'XDUSTCD4', 2988, 31690, 90294);
UPDATE release_meta SET amazon_asin = 'B00000J8EK', info_url = 'http://www.amazon.co.uk/gp/product/B00000J8EK', date_added = '2004-08-23 09:28:55.160816+02', cover_art_presence = 'absent', amazon_store = NULL WHERE id = 31690;
INSERT INTO medium_format (parent, name, has_discids, id, year, child_order) VALUES (NULL, 'MiniDisc', '0', 6, 1992, 7);
INSERT INTO medium (last_updated, name, position, track_count, edits_pending, release, format, id) VALUES ('2013-03-07 16:53:07.18794+01', NULL, 1, 11, 0, 278075, 6, 278075);
INSERT INTO track (last_updated, number, recording, name, position, edits_pending, artist_credit, length, medium, id, gid) VALUES ('2013-03-07 16:53:06.647156+01', '1', 2726271, 491692, 1, 0, 242, 320146, 278075, 11484478, '9ae60217-d7c2-4648-8eee-9b7e2a1c07c3');
INSERT INTO track (last_updated, number, recording, name, position, edits_pending, artist_credit, length, medium, id, gid) VALUES ('2013-03-07 16:53:06.647156+01', '2', 2726272, 527555, 2, 0, 242, 256253, 278075, 11484479, 'df438b40-54af-44c0-b587-914e19715db2');
INSERT INTO track (last_updated, number, recording, name, position, edits_pending, artist_credit, length, medium, id, gid) VALUES ('2013-03-07 16:53:06.647156+01', '3', 1353886, 1344865, 3, 0, 242, 439546, 278075, 11484480, '575fc82f-21de-46ee-8c12-6df62e74ba0d');
INSERT INTO track (last_updated, number, recording, name, position, edits_pending, artist_credit, length, medium, id, gid) VALUES ('2013-03-07 16:53:06.647156+01', '4', 2726274, 1349663, 4, 0, 242, 186826, 278075, 11484481, 'b7454c0b-f311-4a29-985c-76b0cdd36325');
INSERT INTO track (last_updated, number, recording, name, position, edits_pending, artist_credit, length, medium, id, gid) VALUES ('2013-03-07 16:53:06.647156+01', '5', 2726275, 2188746, 5, 0, 242, 235360, 278075, 11484482, '332c5353-0ac9-42d5-9baf-cc09238616da');
INSERT INTO track (last_updated, number, recording, name, position, edits_pending, artist_credit, length, medium, id, gid) VALUES ('2013-03-07 16:53:06.647156+01', '6', 2726276, 3653578, 6, 0, 242, 518906, 278075, 11484483, 'cb62e4be-73ae-470b-8b5e-bbd7321efb64');
INSERT INTO track (last_updated, number, recording, name, position, edits_pending, artist_credit, length, medium, id, gid) VALUES ('2013-03-07 16:53:06.647156+01', '7', 2726277, 2888879, 7, 0, 242, 287386, 278075, 11484484, '494fb652-18f8-48f3-a7f3-fcca7a12a445');
INSERT INTO track (last_updated, number, recording, name, position, edits_pending, artist_credit, length, medium, id, gid) VALUES ('2013-03-07 16:53:06.647156+01', '8', 2726278, 834828, 8, 0, 242, 326906, 278075, 11484485, '748804e7-37ea-4241-89ad-197acb14de15');
INSERT INTO track (last_updated, number, recording, name, position, edits_pending, artist_credit, length, medium, id, gid) VALUES ('2013-03-07 16:53:06.647156+01', '9', 1062699, 3032296, 9, 0, 242, 289946, 278075, 11484486, '6294677a-8d8f-4d34-836a-fefc7ba241ef');
INSERT INTO track (last_updated, number, recording, name, position, edits_pending, artist_credit, length, medium, id, gid) VALUES ('2013-03-07 16:53:06.647156+01', '10', 2726280, 886119, 10, 0, 242, 269360, 278075, 11484487, '2b44d662-2ec8-4377-b6bb-f141cecf5631');
INSERT INTO track (last_updated, number, recording, name, position, edits_pending, artist_credit, length, medium, id, gid) VALUES ('2013-03-07 16:53:06.647156+01', '11', 2726281, 4482563, 11, 0, 242, 405760, 278075, 11484488, '63bcabf0-4b19-45cd-8223-c9fdc50bedf0');
INSERT INTO release_label (last_updated, catalog_number, label, release, id) VALUES ('2011-01-18 16:52:02.917556+01', 'XDUSTMD4', 2988, 278075, 90293);
UPDATE release_meta SET amazon_asin = NULL, info_url = NULL, date_added = '2004-08-23 09:28:55.160816+02', cover_art_presence = 'absent', amazon_store = NULL WHERE id = 278075;
INSERT INTO medium (last_updated, name, position, track_count, edits_pending, release, format, id) VALUES ('2013-03-07 16:53:07.18794+01', NULL, 2, 4, 0, 338506, 1, 73608);
INSERT INTO medium (last_updated, name, position, track_count, edits_pending, release, format, id) VALUES ('2013-03-07 16:53:07.18794+01', NULL, 1, 11, 0, 338506, 1, 338506);
INSERT INTO track_name (name, id) VALUES ('Hey Boy Hey Girl (extended version)', 2210001);
INSERT INTO recording (last_updated, name, edits_pending, artist_credit, length, comment, id, gid) VALUES (NULL, 2210001, 0, 242, 364560, '', 4844120, 'e01f42b4-7fcd-482a-81bf-5aa8b76a961d');
INSERT INTO puid (version, puid, id) VALUES (134, 'b5cf376b-fbea-3ce7-3c09-bda068bcf7ae', 953795);
INSERT INTO recording_puid (created, recording, puid, edits_pending, id) VALUES ('2011-01-18 16:56:00.408782+01', 4844120, 468493, 0, 602887);
INSERT INTO recording_puid (created, recording, puid, edits_pending, id) VALUES ('2011-01-18 16:56:00.408782+01', 4844120, 477851, 0, 614869);
INSERT INTO recording_puid (created, recording, puid, edits_pending, id) VALUES ('2011-01-18 16:56:00.408782+01', 4844120, 953795, 0, 1207159);
UPDATE recording_meta SET rating_count = NULL, rating = NULL WHERE id = 4844120;
INSERT INTO track_name (name, id) VALUES ('Flashback', 4078114);
INSERT INTO recording (last_updated, name, edits_pending, artist_credit, length, comment, id, gid) VALUES (NULL, 4078114, 0, 242, 318946, '', 4844121, '6ac6e0d3-e4ba-4cd0-8480-17771b66c3e7');
INSERT INTO puid (version, puid, id) VALUES (1, '546f444d-2397-1725-ddb0-d06e92fbf9dd', 300379);
INSERT INTO recording_puid (created, recording, puid, edits_pending, id) VALUES ('2011-01-18 16:56:00.408782+01', 4844121, 300379, 0, 5984127);
INSERT INTO isrc (created, source, recording, isrc, edits_pending, id) VALUES ('2011-01-18 16:56:00.408782+01', 0, 4844121, 'GBAAA9900309', 0, 176395);
UPDATE recording_meta SET rating_count = NULL, rating = NULL WHERE id = 4844121;
INSERT INTO track_name (name, id) VALUES ('Power Move', 198505);
INSERT INTO recording (last_updated, name, edits_pending, artist_credit, length, comment, id, gid) VALUES (NULL, 198505, 0, 242, 249493, '', 4844122, '4f7ba3c3-a4db-4237-a035-06627152b217');
INSERT INTO puid (version, puid, id) VALUES (1, '05867184-1cc3-1fd4-aae4-fbe9a1a34a22', 24510);
INSERT INTO recording_puid (created, recording, puid, edits_pending, id) VALUES ('2011-01-18 16:56:00.408782+01', 4844122, 24510, 0, 1535409);
INSERT INTO isrc (created, source, recording, isrc, edits_pending, id) VALUES ('2011-01-18 16:56:00.408782+01', 0, 4844122, 'GBAAA9900528', 0, 176392);
UPDATE recording_meta SET rating_count = NULL, rating = NULL WHERE id = 4844122;
INSERT INTO track_name (name, id) VALUES ('Out of Control (Sasha remix)', 2880936);
INSERT INTO recording (last_updated, name, edits_pending, artist_credit, length, comment, id, gid) VALUES (NULL, 2880936, 0, 242, 439000, '', 4844123, '459b1b98-9dfb-41b8-aa35-4b1c201012b3');
INSERT INTO puid (version, puid, id) VALUES (204, '26d98348-2a5a-807d-7652-be92df1683d3', 3391157);
INSERT INTO puid (version, puid, id) VALUES (264, '528ef337-a500-2ebc-97d9-de6e483efcde', 4726545);
INSERT INTO recording_puid (created, recording, puid, edits_pending, id) VALUES ('2011-01-18 16:56:00.408782+01', 4844123, 127431, 0, 163907);
INSERT INTO recording_puid (created, recording, puid, edits_pending, id) VALUES ('2011-01-18 16:56:00.408782+01', 4844123, 169703, 0, 218579);
INSERT INTO recording_puid (created, recording, puid, edits_pending, id) VALUES ('2011-01-18 16:56:00.408782+01', 4844123, 603597, 0, 775979);
INSERT INTO recording_puid (created, recording, puid, edits_pending, id) VALUES ('2011-01-18 16:56:00.408782+01', 4844123, 3391157, 0, 4274268);
INSERT INTO recording_puid (created, recording, puid, edits_pending, id) VALUES ('2011-01-18 16:56:00.408782+01', 4844123, 4726545, 0, 5984115);
INSERT INTO isrc (created, source, recording, isrc, edits_pending, id) VALUES ('2011-01-18 16:56:00.408782+01', 0, 4844123, 'GBAAA9900529', 0, 176393);
UPDATE recording_meta SET rating_count = NULL, rating = NULL WHERE id = 4844123;
INSERT INTO track (last_updated, number, recording, name, position, edits_pending, artist_credit, length, medium, id, gid) VALUES ('2013-03-07 16:53:06.647156+01', '1', 4844120, 2210001, 1, 0, 242, 364560, 73608, 4844120, '8db5010b-21d3-4ff1-b7eb-9aa357d2b226');
INSERT INTO track (last_updated, number, recording, name, position, edits_pending, artist_credit, length, medium, id, gid) VALUES ('2013-03-07 16:53:06.647156+01', '2', 4844121, 4078114, 2, 0, 242, 318946, 73608, 4844121, 'b63837f5-88b5-4043-ad97-ddac74430802');
INSERT INTO track (last_updated, number, recording, name, position, edits_pending, artist_credit, length, medium, id, gid) VALUES ('2013-03-07 16:53:06.647156+01', '3', 4844122, 198505, 3, 0, 242, 249493, 73608, 4844122, 'f8090c19-db0c-4b52-b7a5-f44e77a7742d');
INSERT INTO track (last_updated, number, recording, name, position, edits_pending, artist_credit, length, medium, id, gid) VALUES ('2013-03-07 16:53:06.647156+01', '4', 4844123, 2880936, 4, 0, 242, 439000, 73608, 4844123, 'dfaa2367-5f03-498b-9a86-370ec93f0fc1');
INSERT INTO medium_cdtoc (last_updated, medium, edits_pending, id, cdtoc) VALUES ('2011-01-18 16:21:33.71184+01', 338506, 0, 248696, 133905);
INSERT INTO medium_cdtoc (last_updated, medium, edits_pending, id, cdtoc) VALUES ('2011-01-18 16:21:33.71184+01', 338506, 0, 248697, 322076);
INSERT INTO medium_cdtoc (last_updated, medium, edits_pending, id, cdtoc) VALUES ('2011-01-18 16:21:33.71184+01', 338506, 0, 248698, 110729);
INSERT INTO medium_cdtoc (last_updated, medium, edits_pending, id, cdtoc) VALUES ('2011-01-18 16:21:33.71184+01', 338506, 0, 248699, 17);
INSERT INTO medium_cdtoc (last_updated, medium, edits_pending, id, cdtoc) VALUES ('2011-01-18 16:21:33.71184+01', 338506, 0, 248700, 340280);
INSERT INTO medium_cdtoc (last_updated, medium, edits_pending, id, cdtoc) VALUES ('2011-01-18 16:21:33.71184+01', 338506, 0, 248701, 344827);
INSERT INTO medium_cdtoc (last_updated, medium, edits_pending, id, cdtoc) VALUES ('2011-01-18 16:21:33.71184+01', 338506, 0, 248702, 240446);
INSERT INTO track (last_updated, number, recording, name, position, edits_pending, artist_credit, length, medium, id, gid) VALUES ('2013-03-07 16:53:06.647156+01', '1', 2726271, 491692, 1, 0, 242, 320146, 338506, 11484489, '4ec3527c-8cf4-4202-afe3-437eb299af16');
INSERT INTO track (last_updated, number, recording, name, position, edits_pending, artist_credit, length, medium, id, gid) VALUES ('2013-03-07 16:53:06.647156+01', '2', 2726272, 527555, 2, 0, 242, 256253, 338506, 11484490, '555a06a0-722a-4ef4-8d38-f11242de028f');
INSERT INTO track (last_updated, number, recording, name, position, edits_pending, artist_credit, length, medium, id, gid) VALUES ('2013-03-07 16:53:06.647156+01', '3', 1353886, 1344865, 3, 0, 242, 439546, 338506, 11484491, 'a2540b2e-49fc-40f7-a073-76920c25a861');
INSERT INTO track (last_updated, number, recording, name, position, edits_pending, artist_credit, length, medium, id, gid) VALUES ('2013-03-07 16:53:06.647156+01', '4', 2726274, 1349663, 4, 0, 242, 186826, 338506, 11484492, '7eae01f0-d86f-4425-a6d6-37e7b5387657');
INSERT INTO track (last_updated, number, recording, name, position, edits_pending, artist_credit, length, medium, id, gid) VALUES ('2013-03-07 16:53:06.647156+01', '5', 2726275, 2188746, 5, 0, 242, 235360, 338506, 11484493, '8c8185d4-7eb5-4c5e-a842-f034679895e4');
INSERT INTO track (last_updated, number, recording, name, position, edits_pending, artist_credit, length, medium, id, gid) VALUES ('2013-03-07 16:53:06.647156+01', '6', 2726276, 3653578, 6, 0, 242, 518906, 338506, 11484494, '4795d51f-04ba-43aa-9079-9146b1089d3d');
INSERT INTO track (last_updated, number, recording, name, position, edits_pending, artist_credit, length, medium, id, gid) VALUES ('2013-03-07 16:53:06.647156+01', '7', 2726277, 2888879, 7, 0, 242, 287386, 338506, 11484495, '88221206-d7dd-44ff-a054-3386ecc76b33');
INSERT INTO track (last_updated, number, recording, name, position, edits_pending, artist_credit, length, medium, id, gid) VALUES ('2013-03-07 16:53:06.647156+01', '8', 2726278, 834828, 8, 0, 242, 326906, 338506, 11484496, '5d405161-fa94-4b8b-8d9b-d0bea36dfa2b');
INSERT INTO track (last_updated, number, recording, name, position, edits_pending, artist_credit, length, medium, id, gid) VALUES ('2013-03-07 16:53:06.647156+01', '9', 1062699, 3032296, 9, 0, 242, 289946, 338506, 11484497, '8f0d3166-ea94-450a-a898-90d560fa09bc');
INSERT INTO track (last_updated, number, recording, name, position, edits_pending, artist_credit, length, medium, id, gid) VALUES ('2013-03-07 16:53:06.647156+01', '10', 2726280, 886119, 10, 0, 242, 269360, 338506, 11484498, '3b5a1e35-ed28-4ffa-8390-b866fdb3918c');
INSERT INTO track (last_updated, number, recording, name, position, edits_pending, artist_credit, length, medium, id, gid) VALUES ('2013-03-07 16:53:06.647156+01', '11', 2726281, 4482563, 11, 0, 242, 405760, 338506, 11484499, 'bfc1f2a9-5558-433e-af43-13503d1b0d77');
INSERT INTO label_name (name, id) VALUES ('Virgin Records Australia', 33007);
INSERT INTO label (label_code, edits_pending, ended, id, sort_name, country, begin_date_day, last_updated, name, begin_date_year, end_date_day, comment, begin_date_month, end_date_month, type, end_date_year, gid) VALUES (NULL, 0, '0', 9632, 33007, 13, NULL, NULL, 33007, NULL, NULL, '', NULL, NULL, NULL, NULL, '42adf77e-f597-4bfe-9abd-b3e2516851e3');
UPDATE label_meta SET rating_count = NULL, rating = NULL WHERE id = 9632;
INSERT INTO release_label (last_updated, catalog_number, label, release, id) VALUES ('2011-01-18 16:52:02.917556+01', '7243 8 48849 0 1', 9632, 338506, 90296);
UPDATE release_meta SET amazon_asin = 'B00003W1QB', info_url = 'http://www.amazon.de/gp/product/B00003W1QB', date_added = '2004-08-23 09:28:55.160816+02', cover_art_presence = 'absent', amazon_store = NULL WHERE id = 338506;
INSERT INTO medium (last_updated, name, position, track_count, edits_pending, release, format, id) VALUES ('2013-03-07 16:53:07.18794+01', NULL, 1, 5, 0, 400930, 7, 400930);
INSERT INTO medium (last_updated, name, position, track_count, edits_pending, release, format, id) VALUES ('2013-03-07 16:53:07.18794+01', NULL, 2, 6, 0, 400930, 7, 400929);
INSERT INTO recording (last_updated, name, edits_pending, artist_credit, length, comment, id, gid) VALUES (NULL, 491692, 0, 242, 319000, '', 8106513, 'd2f35e7e-40a2-43ef-8bb5-d663f89ece60');
UPDATE recording_meta SET rating_count = NULL, rating = NULL WHERE id = 8106513;
INSERT INTO recording (last_updated, name, edits_pending, artist_credit, length, comment, id, gid) VALUES (NULL, 527555, 0, 242, 256000, '', 8106514, 'edb27a19-282f-45d8-801d-7150f6d5b03c');
UPDATE recording_meta SET rating_count = NULL, rating = NULL WHERE id = 8106514;
INSERT INTO recording (last_updated, name, edits_pending, artist_credit, length, comment, id, gid) VALUES (NULL, 1344865, 0, 242, 439000, '', 8106515, '85d192d5-22f2-4e00-bdbc-526736214dfb');
UPDATE recording_meta SET rating_count = NULL, rating = NULL WHERE id = 8106515;
INSERT INTO recording (last_updated, name, edits_pending, artist_credit, length, comment, id, gid) VALUES (NULL, 1349663, 0, 242, 186000, '', 8106516, 'fae71a78-e80c-4c99-b54c-5dbcc3229a62');
UPDATE recording_meta SET rating_count = NULL, rating = NULL WHERE id = 8106516;
INSERT INTO recording (last_updated, name, edits_pending, artist_credit, length, comment, id, gid) VALUES (NULL, 2188746, 0, 242, 236000, '', 8106517, 'eb6d914e-67b7-4e71-b405-f91631d09752');
UPDATE recording_meta SET rating_count = NULL, rating = NULL WHERE id = 8106517;
INSERT INTO track (last_updated, number, recording, name, position, edits_pending, artist_credit, length, medium, id, gid) VALUES ('2013-03-07 16:53:06.647156+01', '1', 8106513, 491692, 1, 0, 242, 319000, 400930, 8106513, 'ace3a186-912d-404b-b5c6-06fbbda07624');
INSERT INTO track (last_updated, number, recording, name, position, edits_pending, artist_credit, length, medium, id, gid) VALUES ('2013-03-07 16:53:06.647156+01', '2', 8106514, 527555, 2, 0, 242, 256000, 400930, 8106514, '665bd320-8f6f-4e4d-bc24-401a1d3a50c8');
INSERT INTO track (last_updated, number, recording, name, position, edits_pending, artist_credit, length, medium, id, gid) VALUES ('2013-03-07 16:53:06.647156+01', '3', 8106515, 1344865, 3, 0, 242, 439000, 400930, 8106515, '1df14ead-1f2e-48d3-b4fd-cfb19d46d504');
INSERT INTO track (last_updated, number, recording, name, position, edits_pending, artist_credit, length, medium, id, gid) VALUES ('2013-03-07 16:53:06.647156+01', '4', 8106516, 1349663, 4, 0, 242, 186000, 400930, 8106516, 'a0a92330-1951-4d54-b5bc-6d91f5bd5912');
INSERT INTO track (last_updated, number, recording, name, position, edits_pending, artist_credit, length, medium, id, gid) VALUES ('2013-03-07 16:53:06.647156+01', '5', 8106517, 2188746, 5, 0, 242, 236000, 400930, 8106517, 'afa7bfcd-d5b7-41c9-b470-7b52b6515657');
INSERT INTO recording (last_updated, name, edits_pending, artist_credit, length, comment, id, gid) VALUES (NULL, 3653578, 0, 242, 518000, '', 8106507, 'a2158231-1782-4c8c-95a8-1a3822598313');
UPDATE recording_meta SET rating_count = NULL, rating = NULL WHERE id = 8106507;
INSERT INTO recording (last_updated, name, edits_pending, artist_credit, length, comment, id, gid) VALUES (NULL, 2888879, 0, 242, 287000, '', 8106508, '1c070213-82c2-4df3-bead-2083439f6314');
UPDATE recording_meta SET rating_count = NULL, rating = NULL WHERE id = 8106508;
INSERT INTO recording (last_updated, name, edits_pending, artist_credit, length, comment, id, gid) VALUES (NULL, 834828, 0, 242, 326000, '', 8106509, '9ddd8cfc-37de-4258-9975-1528e093e436');
UPDATE recording_meta SET rating_count = NULL, rating = NULL WHERE id = 8106509;
INSERT INTO recording (last_updated, name, edits_pending, artist_credit, length, comment, id, gid) VALUES (NULL, 3032296, 0, 242, 290000, '', 8106510, 'e2020511-784c-4013-8985-c263edb43b8b');
UPDATE recording_meta SET rating_count = NULL, rating = NULL WHERE id = 8106510;
INSERT INTO recording (last_updated, name, edits_pending, artist_credit, length, comment, id, gid) VALUES (NULL, 886119, 0, 242, 270000, '', 8106511, '5b74ba85-89c4-4291-8f59-9fdf431494fc');
UPDATE recording_meta SET rating_count = NULL, rating = NULL WHERE id = 8106511;
INSERT INTO recording (last_updated, name, edits_pending, artist_credit, length, comment, id, gid) VALUES (NULL, 4482563, 0, 242, 406000, '', 8106512, 'd79b0fda-7004-45fa-86ad-ef6f2ab2b3fc');
UPDATE recording_meta SET rating_count = NULL, rating = NULL WHERE id = 8106512;
INSERT INTO track (last_updated, number, recording, name, position, edits_pending, artist_credit, length, medium, id, gid) VALUES ('2013-03-07 16:53:06.647156+01', '1', 8106507, 3653578, 1, 0, 242, 518000, 400929, 8106507, '85256799-12c9-44e1-905a-49dd0df3c084');
INSERT INTO track (last_updated, number, recording, name, position, edits_pending, artist_credit, length, medium, id, gid) VALUES ('2013-03-07 16:53:06.647156+01', '2', 8106508, 2888879, 2, 0, 242, 287000, 400929, 8106508, 'e1766049-37d8-4ae5-a360-3a4594ace01a');
INSERT INTO track (last_updated, number, recording, name, position, edits_pending, artist_credit, length, medium, id, gid) VALUES ('2013-03-07 16:53:06.647156+01', '3', 8106509, 834828, 3, 0, 242, 326000, 400929, 8106509, 'd148b2e2-1226-4421-800d-fd8cffbd11e1');
INSERT INTO track (last_updated, number, recording, name, position, edits_pending, artist_credit, length, medium, id, gid) VALUES ('2013-03-07 16:53:06.647156+01', '4', 8106510, 3032296, 4, 0, 242, 290000, 400929, 8106510, '34702b6b-49f4-40ec-9589-31e836120207');
INSERT INTO track (last_updated, number, recording, name, position, edits_pending, artist_credit, length, medium, id, gid) VALUES ('2013-03-07 16:53:06.647156+01', '5', 8106511, 886119, 5, 0, 242, 270000, 400929, 8106511, '59b4e96b-daad-4b5a-ba89-e6ba47f69b7a');
INSERT INTO track (last_updated, number, recording, name, position, edits_pending, artist_credit, length, medium, id, gid) VALUES ('2013-03-07 16:53:06.647156+01', '6', 8106512, 4482563, 6, 0, 242, 406000, 400929, 8106512, '67c5e4af-ba35-4b0f-bdcc-f6f2ddf8f937');
INSERT INTO release_label (last_updated, catalog_number, label, release, id) VALUES ('2011-01-18 16:52:02.917556+01', 'XDUSTLP4', 2988, 400930, 277443);
UPDATE release_meta SET amazon_asin = 'B00000JKRG', info_url = 'http://www.amazon.co.uk/gp/product/B00000JKRG', date_added = '2008-06-06 23:20:07.761374+02', cover_art_presence = 'absent', amazon_store = NULL WHERE id = 400930;
INSERT INTO medium (last_updated, name, position, track_count, edits_pending, release, format, id) VALUES ('2013-03-07 16:53:07.18794+01', NULL, 1, 6, 0, 741970, 1, 741970);
INSERT INTO recording (last_updated, name, edits_pending, artist_credit, length, comment, id, gid) VALUES (NULL, 1344865, 0, 242, 102000, '', 11484260, 'cc824d2a-cbed-492f-843e-4463c7cab7d7');
INSERT INTO recording_puid (created, recording, puid, edits_pending, id) VALUES ('2011-01-18 16:56:00.408782+01', 11484260, 3995566, 0, 5984084);
INSERT INTO recording_puid (created, recording, puid, edits_pending, id) VALUES ('2011-01-18 16:56:00.408782+01', 11484260, 4457824, 0, 5810323);
UPDATE recording_meta SET rating_count = NULL, rating = NULL WHERE id = 11484260;
INSERT INTO recording (last_updated, name, edits_pending, artist_credit, length, comment, id, gid) VALUES (NULL, 2188746, 0, 242, 99000, '', 11484261, 'ba5daf89-a258-4d88-bd7a-f861f64ac7e1');
INSERT INTO recording_puid (created, recording, puid, edits_pending, id) VALUES ('2011-01-18 16:56:00.408782+01', 11484261, 272459, 0, 5810324);
UPDATE recording_meta SET rating_count = NULL, rating = NULL WHERE id = 11484261;
INSERT INTO recording (last_updated, name, edits_pending, artist_credit, length, comment, id, gid) VALUES (NULL, 3653578, 0, 242, 82000, '', 11484262, '5f3a2eee-7e50-466c-aa4f-73184b1b1a37');
INSERT INTO recording_puid (created, recording, puid, edits_pending, id) VALUES ('2011-01-18 16:56:00.408782+01', 11484262, 571288, 0, 5810325);
INSERT INTO recording_puid (created, recording, puid, edits_pending, id) VALUES ('2011-01-18 16:56:00.408782+01', 11484262, 4541687, 0, 5984085);
UPDATE recording_meta SET rating_count = NULL, rating = NULL WHERE id = 11484262;
INSERT INTO recording (last_updated, name, edits_pending, artist_credit, length, comment, id, gid) VALUES (NULL, 2888879, 0, 242, 91000, '', 11484263, '5a247ba6-4ec7-4800-bfd0-5134280866f8');
INSERT INTO recording_puid (created, recording, puid, edits_pending, id) VALUES ('2011-01-18 16:56:00.408782+01', 11484263, 464437, 0, 5810326);
UPDATE recording_meta SET rating_count = NULL, rating = NULL WHERE id = 11484263;
INSERT INTO track_name (name, id) VALUES ('Hey Boy, Hey Girl', 3704323);
INSERT INTO recording (last_updated, name, edits_pending, artist_credit, length, comment, id, gid) VALUES (NULL, 3704323, 0, 242, 83000, '', 11484264, '79052eed-d17d-4bd7-8f65-51adade0b8f4');
INSERT INTO recording_puid (created, recording, puid, edits_pending, id) VALUES ('2011-01-18 16:56:00.408782+01', 11484264, 538755, 0, 5810328);
UPDATE recording_meta SET rating_count = NULL, rating = NULL WHERE id = 11484264;
INSERT INTO recording (last_updated, name, edits_pending, artist_credit, length, comment, id, gid) VALUES (NULL, 834828, 0, 242, 91000, '', 11484265, '8d85165b-8af3-4db2-82de-5b117d7d8a3a');
INSERT INTO recording_puid (created, recording, puid, edits_pending, id) VALUES ('2011-01-18 16:56:00.408782+01', 11484265, 462478, 0, 5810327);
UPDATE recording_meta SET rating_count = NULL, rating = NULL WHERE id = 11484265;
INSERT INTO track (last_updated, number, recording, name, position, edits_pending, artist_credit, length, medium, id, gid) VALUES ('2013-03-07 16:53:06.647156+01', '1', 11484260, 1344865, 1, 0, 242, 102000, 741970, 11484260, '48b6cfe3-8ad7-4f26-a4d9-82decc35d783');
INSERT INTO track (last_updated, number, recording, name, position, edits_pending, artist_credit, length, medium, id, gid) VALUES ('2013-03-07 16:53:06.647156+01', '2', 11484261, 2188746, 2, 0, 242, 99000, 741970, 11484261, '087a0e71-5059-40e7-b89c-ed16c414ac0c');
INSERT INTO track (last_updated, number, recording, name, position, edits_pending, artist_credit, length, medium, id, gid) VALUES ('2013-03-07 16:53:06.647156+01', '3', 11484262, 3653578, 3, 0, 242, 82000, 741970, 11484262, 'c97bee54-53ad-4a76-87fb-5453302bd637');
INSERT INTO track (last_updated, number, recording, name, position, edits_pending, artist_credit, length, medium, id, gid) VALUES ('2013-03-07 16:53:06.647156+01', '4', 11484263, 2888879, 4, 0, 242, 91000, 741970, 11484263, 'a5e3a7f4-3dd7-4c75-b4ca-8a38dd3743a7');
INSERT INTO track (last_updated, number, recording, name, position, edits_pending, artist_credit, length, medium, id, gid) VALUES ('2013-03-07 16:53:06.647156+01', '5', 11484264, 3704323, 5, 0, 242, 83000, 741970, 11484264, 'b232fa05-df74-4b66-afcf-b89ff98fd69e');
INSERT INTO track (last_updated, number, recording, name, position, edits_pending, artist_credit, length, medium, id, gid) VALUES ('2013-03-07 16:53:06.647156+01', '6', 11484265, 834828, 6, 0, 242, 91000, 741970, 11484265, '737d93af-556f-45c9-b9af-0117e544bd97');
INSERT INTO label_name (name, id) VALUES ('Virgin', 50922);
INSERT INTO label (label_code, edits_pending, ended, id, sort_name, country, begin_date_day, last_updated, name, begin_date_year, end_date_day, comment, begin_date_month, end_date_month, type, end_date_year, gid) VALUES (3098, 0, '0', 95, 50922, 221, NULL, NULL, 50922, 1973, NULL, 'UK/worldwide', NULL, NULL, NULL, NULL, '49b58bdb-3d74-40c6-956a-4c4b46115c9c');
INSERT INTO label_name (name, id) VALUES ('ヴァージン・レコード', 3021);
INSERT INTO label_name (name, id) VALUES ('Virgin Records Ltd.', 44732);
INSERT INTO label_name (name, id) VALUES ('Virgin Records Japan', 5955);
INSERT INTO label_name (name, id) VALUES ('Virgin Music Co.', 15616);
INSERT INTO label_name (name, id) VALUES ('Virgin Records Canada', 23806);
INSERT INTO label_name (name, id) VALUES ('Virgin UK', 25549);
INSERT INTO label_name (name, id) VALUES ('Virgin Records', 1456);
INSERT INTO label_alias (begin_date_day, last_updated, primary_for_locale, name, edits_pending, locale, begin_date_year, end_date_day, begin_date_month, end_date_month, id, label, type, end_date_year, sort_name) VALUES (NULL, '2011-01-18 16:21:33.71184+01', '0', 3021, 0, NULL, NULL, NULL, NULL, NULL, 19, 95, NULL, NULL, 3021);
INSERT INTO label_alias (begin_date_day, last_updated, primary_for_locale, name, edits_pending, locale, begin_date_year, end_date_day, begin_date_month, end_date_month, id, label, type, end_date_year, sort_name) VALUES (NULL, '2011-01-18 16:21:33.71184+01', '0', 44732, 0, NULL, NULL, NULL, NULL, NULL, 1557, 95, NULL, NULL, 44732);
INSERT INTO label_alias (begin_date_day, last_updated, primary_for_locale, name, edits_pending, locale, begin_date_year, end_date_day, begin_date_month, end_date_month, id, label, type, end_date_year, sort_name) VALUES (NULL, '2011-01-18 16:21:33.71184+01', '0', 5955, 0, NULL, NULL, NULL, NULL, NULL, 1755, 95, NULL, NULL, 5955);
INSERT INTO label_alias (begin_date_day, last_updated, primary_for_locale, name, edits_pending, locale, begin_date_year, end_date_day, begin_date_month, end_date_month, id, label, type, end_date_year, sort_name) VALUES (NULL, '2011-01-18 16:21:33.71184+01', '0', 15616, 0, NULL, NULL, NULL, NULL, NULL, 2162, 95, NULL, NULL, 15616);
INSERT INTO label_alias (begin_date_day, last_updated, primary_for_locale, name, edits_pending, locale, begin_date_year, end_date_day, begin_date_month, end_date_month, id, label, type, end_date_year, sort_name) VALUES (NULL, '2011-01-18 16:21:33.71184+01', '0', 23806, 0, NULL, NULL, NULL, NULL, NULL, 2326, 95, NULL, NULL, 23806);
INSERT INTO label_alias (begin_date_day, last_updated, primary_for_locale, name, edits_pending, locale, begin_date_year, end_date_day, begin_date_month, end_date_month, id, label, type, end_date_year, sort_name) VALUES (NULL, '2011-01-18 16:21:33.71184+01', '0', 25549, 0, NULL, NULL, NULL, NULL, NULL, 3079, 95, NULL, NULL, 25549);
INSERT INTO label_alias (begin_date_day, last_updated, primary_for_locale, name, edits_pending, locale, begin_date_year, end_date_day, begin_date_month, end_date_month, id, label, type, end_date_year, sort_name) VALUES (NULL, '2011-01-18 16:21:33.71184+01', '0', 1456, 0, NULL, NULL, NULL, NULL, NULL, 3585, 95, NULL, NULL, 1456);
UPDATE label_meta SET rating_count = NULL, rating = NULL WHERE id = 95;
INSERT INTO release_label (last_updated, catalog_number, label, release, id) VALUES ('2011-01-18 16:52:02.917556+01', 'VGP 000245', 95, 741970, 33174);
UPDATE release_meta SET amazon_asin = NULL, info_url = NULL, date_added = '2010-09-18 10:06:53.407161+02', cover_art_presence = 'absent', amazon_store = NULL WHERE id = 741970;
INSERT INTO medium (last_updated, name, position, track_count, edits_pending, release, format, id) VALUES ('2013-03-07 16:53:07.18794+01', NULL, 1, 11, 0, 748905, 1, 748905);
INSERT INTO medium_cdtoc (last_updated, medium, edits_pending, id, cdtoc) VALUES ('2011-01-18 16:21:33.71184+01', 748905, 0, 466320, 240446);
INSERT INTO medium_cdtoc (last_updated, medium, edits_pending, id, cdtoc) VALUES ('2011-01-18 16:21:33.71184+01', 748905, 0, 466321, 133905);
INSERT INTO medium_cdtoc (last_updated, medium, edits_pending, id, cdtoc) VALUES ('2011-01-18 16:21:33.71184+01', 748905, 0, 466322, 322076);
INSERT INTO medium_cdtoc (last_updated, medium, edits_pending, id, cdtoc) VALUES ('2011-01-18 16:21:33.71184+01', 748905, 0, 466323, 110729);
INSERT INTO medium_cdtoc (last_updated, medium, edits_pending, id, cdtoc) VALUES ('2011-01-18 16:21:33.71184+01', 748905, 0, 466324, 17);
INSERT INTO medium_cdtoc (last_updated, medium, edits_pending, id, cdtoc) VALUES ('2011-01-18 16:21:33.71184+01', 748905, 0, 466325, 340280);
INSERT INTO medium_cdtoc (last_updated, medium, edits_pending, id, cdtoc) VALUES ('2011-01-18 16:21:33.71184+01', 748905, 0, 466326, 344827);
INSERT INTO track (last_updated, number, recording, name, position, edits_pending, artist_credit, length, medium, id, gid) VALUES ('2013-03-07 16:53:06.647156+01', '1', 2726271, 491692, 1, 0, 242, 320146, 748905, 2726271, 'f5cb7e6c-19d7-44e2-8fa7-d327d2106d0d');
INSERT INTO track (last_updated, number, recording, name, position, edits_pending, artist_credit, length, medium, id, gid) VALUES ('2013-03-07 16:53:06.647156+01', '2', 2726272, 527555, 2, 0, 242, 256253, 748905, 2726272, '556027d6-9333-4392-8b69-65eaa0829795');
INSERT INTO track (last_updated, number, recording, name, position, edits_pending, artist_credit, length, medium, id, gid) VALUES ('2013-03-07 16:53:06.647156+01', '3', 1353886, 1344865, 3, 0, 242, 439546, 748905, 2726273, '4e150266-ec45-49fb-ac1c-22be2c8eca81');
INSERT INTO track (last_updated, number, recording, name, position, edits_pending, artist_credit, length, medium, id, gid) VALUES ('2013-03-07 16:53:06.647156+01', '4', 2726274, 1349663, 4, 0, 242, 186826, 748905, 2726274, 'edf15781-24da-43ee-8378-d9e2fa717849');
INSERT INTO track (last_updated, number, recording, name, position, edits_pending, artist_credit, length, medium, id, gid) VALUES ('2013-03-07 16:53:06.647156+01', '5', 2726275, 2188746, 5, 0, 242, 235360, 748905, 2726275, '8579af72-bef7-4daa-948e-683f1d33bf0b');
INSERT INTO track (last_updated, number, recording, name, position, edits_pending, artist_credit, length, medium, id, gid) VALUES ('2013-03-07 16:53:06.647156+01', '6', 2726276, 3653578, 6, 0, 242, 518906, 748905, 2726276, '24168c47-f09f-4633-9710-1612808d5a06');
INSERT INTO track (last_updated, number, recording, name, position, edits_pending, artist_credit, length, medium, id, gid) VALUES ('2013-03-07 16:53:06.647156+01', '7', 2726277, 2888879, 7, 0, 242, 287386, 748905, 2726277, '070977c4-01e4-4e14-b3d6-528f09119a2d');
INSERT INTO track (last_updated, number, recording, name, position, edits_pending, artist_credit, length, medium, id, gid) VALUES ('2013-03-07 16:53:06.647156+01', '8', 2726278, 834828, 8, 0, 242, 326906, 748905, 2726278, '27267317-c4a9-4adb-b85f-ec39ec473ff2');
INSERT INTO track (last_updated, number, recording, name, position, edits_pending, artist_credit, length, medium, id, gid) VALUES ('2013-03-07 16:53:06.647156+01', '9', 1062699, 3032296, 9, 0, 242, 289946, 748905, 2726279, '50b5b750-9a25-430d-bbb4-9b05c53631ec');
INSERT INTO track (last_updated, number, recording, name, position, edits_pending, artist_credit, length, medium, id, gid) VALUES ('2013-03-07 16:53:06.647156+01', '10', 2726280, 886119, 10, 0, 242, 269360, 748905, 2726280, '5ba40320-4d4c-4a06-abe7-3f972e7d897e');
INSERT INTO track (last_updated, number, recording, name, position, edits_pending, artist_credit, length, medium, id, gid) VALUES ('2013-03-07 16:53:06.647156+01', '11', 2726281, 4482563, 11, 0, 242, 405760, 748905, 2726281, '3341cdcc-6530-4861-a374-65a9a9969505');
INSERT INTO release_label (last_updated, catalog_number, label, release, id) VALUES ('2011-01-18 16:52:02.917556+01', '8476102', 2988, 748905, 431676);
UPDATE release_meta SET amazon_asin = NULL, info_url = NULL, date_added = '2004-08-23 09:28:55.160816+02', cover_art_presence = 'absent', amazon_store = NULL WHERE id = 748905;
UPDATE release_group_meta SET first_release_date_month = NULL, rating_count = 3, first_release_date_year = 1999, release_count = 9, rating = 87, first_release_date_day = NULL WHERE id = 724150;
INSERT INTO release_name (name, id) VALUES ('Make It Hot', 455065);
INSERT INTO artist_name (name, id) VALUES ('Nicole', 131822);
INSERT INTO artist_credit (created, name, ref_count, artist_count, id) VALUES ('2011-01-18 17:24:02.551922+01', 131822, 73, 1, 301255);
INSERT INTO artist (edits_pending, ended, id, sort_name, gender, country, begin_date_day, last_updated, name, begin_date_year, end_date_day, comment, begin_date_month, end_date_month, type, end_date_year, gid) VALUES (0, '0', 301255, 131822, NULL, NULL, NULL, NULL, 131822, 1981, NULL, 'US R&B artist Nicole Wray, key track "Make it Hot"', 7, NULL, 1, NULL, 'b389cc97-5fea-43f2-a31c-55f81426a75a');
UPDATE artist_meta SET rating_count = NULL, rating = NULL WHERE id = 301255;
INSERT INTO artist_credit_name (join_phrase, artist, name, position, artist_credit) VALUES ('', 301255, 131822, 0, 301255);
INSERT INTO release_group (last_updated, comment, name, edits_pending, type, artist_credit, id, gid) VALUES ('2009-05-24 22:47:00.490177+02', '', 455065, 0, 2, 301255, 148670, '961c672c-7a3f-30c1-9e44-4e3ab02affd5');
INSERT INTO release (date_day, status, release_group, edits_pending, packaging, id, quality, country, last_updated, script, language, name, artist_credit, barcode, comment, date_year, date_month, gid) VALUES (15, 1, 148670, 0, NULL, 442242, -1, 221, '2010-10-03 05:50:35.285976+02', 28, 120, 455065, 301255, '075596382120', '', 1998, 6, '22dd59b1-8eb2-4769-b936-3a0ebb224228');
INSERT INTO release (date_day, status, release_group, edits_pending, packaging, id, quality, country, last_updated, script, language, name, artist_credit, barcode, comment, date_year, date_month, gid) VALUES (15, 1, 148670, 0, NULL, 748906, -1, 221, '2010-10-03 05:50:35.285976+02', 28, 120, 455065, 301255, '075596382120', '', 1998, 6, 'bffcffcd-1299-3a4c-b454-080d77d28fe7');
INSERT INTO medium (last_updated, name, position, track_count, edits_pending, release, format, id) VALUES ('2013-03-07 16:53:07.18794+01', NULL, 1, 3, 0, 442242, 1, 442242);
INSERT INTO cdtoc (created, discid, track_offset, degraded, leadout_offset, track_count, id, freedb_id) VALUES ('2011-01-18 16:21:33.71184+01', 'rfLLTAuy0gbQkonQKCLGabmk2MY-', '{150,18727,39085}', '0', 56275, 3, 268493, '1902ec03');
INSERT INTO medium_cdtoc (last_updated, medium, edits_pending, id, cdtoc) VALUES ('2011-01-18 16:21:33.71184+01', 442242, 0, 306212, 268493);
INSERT INTO track_name (name, id) VALUES ('Make It Hot (radio version)', 112171);
INSERT INTO recording (last_updated, name, edits_pending, artist_credit, length, comment, id, gid) VALUES (NULL, 112171, 0, 301255, 248173, '', 1462891, 'cbfe083f-0535-4e98-adf2-1db06ea7491f');
INSERT INTO puid (version, puid, id) VALUES (140, '7c9f3dee-82d9-387d-6801-786926f6922f', 1527739);
INSERT INTO clientversion (created, version, id) VALUES ('2011-01-18 16:21:33.71184+01', 'Jaikoz-1.8.0', 157);
INSERT INTO puid (version, puid, id) VALUES (157, '771dd34e-cf2d-3b55-5001-f1939cfca97e', 1758781);
INSERT INTO recording_puid (created, recording, puid, edits_pending, id) VALUES ('2011-01-18 16:56:00.408782+01', 1462891, 1527739, 0, 5617272);
INSERT INTO recording_puid (created, recording, puid, edits_pending, id) VALUES ('2011-01-18 16:56:00.408782+01', 1462891, 1758781, 0, 2196708);
UPDATE recording_meta SET rating_count = NULL, rating = NULL WHERE id = 1462891;
INSERT INTO track_name (name, id) VALUES ('Make It Hot (LP version)', 2184354);
INSERT INTO recording (last_updated, name, edits_pending, artist_credit, length, comment, id, gid) VALUES (NULL, 2184354, 0, 301255, 270000, '', 1462892, '337b7a16-648e-414a-b60c-3a99411ace6d');
UPDATE recording_meta SET rating_count = NULL, rating = NULL WHERE id = 1462892;
INSERT INTO track_name (name, id) VALUES ('Make It Hot (instrumental)', 2990965);
INSERT INTO recording (last_updated, name, edits_pending, artist_credit, length, comment, id, gid) VALUES (NULL, 2990965, 0, 301255, 267400, '', 1462893, '898c0e28-edc7-409c-8f8e-00ccd774203a');
INSERT INTO recording_puid (created, recording, puid, edits_pending, id) VALUES ('2011-01-18 16:56:00.408782+01', 1462893, 1758781, 0, 2434035);
UPDATE recording_meta SET rating_count = NULL, rating = NULL WHERE id = 1462893;
INSERT INTO track (last_updated, number, recording, name, position, edits_pending, artist_credit, length, medium, id, gid) VALUES ('2013-03-07 16:53:06.647156+01', '1', 1462891, 112171, 1, 0, 301255, 248173, 442242, 1462891, '5a1f2f0f-5aef-4931-bc30-1d2c9b416317');
INSERT INTO track (last_updated, number, recording, name, position, edits_pending, artist_credit, length, medium, id, gid) VALUES ('2013-03-07 16:53:06.647156+01', '2', 1462892, 2184354, 2, 0, 301255, 270000, 442242, 1462892, '4d0f1c20-f05c-404f-bae1-b7ae9f4740f8');
INSERT INTO track (last_updated, number, recording, name, position, edits_pending, artist_credit, length, medium, id, gid) VALUES ('2013-03-07 16:53:06.647156+01', '3', 1462893, 2990965, 3, 0, 301255, 267400, 442242, 1462893, '656e08be-5e30-4f5a-a00c-85fa4de81199');
INSERT INTO label_name (name, id) VALUES ('EastWest Records America', 3748);
INSERT INTO label (label_code, edits_pending, ended, id, sort_name, country, begin_date_day, last_updated, name, begin_date_year, end_date_day, comment, begin_date_month, end_date_month, type, end_date_year, gid) VALUES (1557, 0, '0', 839, 3748, 222, NULL, NULL, 3748, 1955, NULL, '', NULL, NULL, 4, NULL, '1b65f6a5-8214-4add-b5ad-5af191b4572c');
INSERT INTO label_name (name, id) VALUES ('East West Records America', 49474);
INSERT INTO label_name (name, id) VALUES ('EastWest', 48457);
INSERT INTO label_alias (begin_date_day, last_updated, primary_for_locale, name, edits_pending, locale, begin_date_year, end_date_day, begin_date_month, end_date_month, id, label, type, end_date_year, sort_name) VALUES (NULL, '2011-01-18 16:21:33.71184+01', '0', 49474, 0, NULL, NULL, NULL, NULL, NULL, 295, 839, NULL, NULL, 49474);
INSERT INTO label_alias (begin_date_day, last_updated, primary_for_locale, name, edits_pending, locale, begin_date_year, end_date_day, begin_date_month, end_date_month, id, label, type, end_date_year, sort_name) VALUES (NULL, '2011-01-18 16:21:33.71184+01', '0', 48457, 0, NULL, NULL, NULL, NULL, NULL, 1684, 839, NULL, NULL, 48457);
UPDATE label_meta SET rating_count = NULL, rating = NULL WHERE id = 839;
INSERT INTO release_label (last_updated, catalog_number, label, release, id) VALUES ('2011-01-18 16:52:02.917556+01', '7559-63821-2', 839, 442242, 482315);
UPDATE release_meta SET amazon_asin = 'B00000GAII', info_url = 'http://www.amazon.co.uk/gp/product/B00000GAII', date_added = '2003-09-28 15:13:26.833329+02', cover_art_presence = 'absent', amazon_store = NULL WHERE id = 442242;
INSERT INTO medium (last_updated, name, position, track_count, edits_pending, release, format, id) VALUES ('2013-03-07 16:53:07.18794+01', NULL, 1, 3, 0, 748906, 1, 748906);
INSERT INTO medium_cdtoc (last_updated, medium, edits_pending, id, cdtoc) VALUES ('2011-01-18 16:21:33.71184+01', 748906, 0, 466327, 268493);
INSERT INTO track (last_updated, number, recording, name, position, edits_pending, artist_credit, length, medium, id, gid) VALUES ('2013-03-07 16:53:06.647156+01', '1', 1462891, 112171, 1, 0, 301255, 248173, 748906, 11484422, 'f62db9e7-88f8-4603-9aed-b17a34f07399');
INSERT INTO track (last_updated, number, recording, name, position, edits_pending, artist_credit, length, medium, id, gid) VALUES ('2013-03-07 16:53:06.647156+01', '2', 1462892, 2184354, 2, 0, 301255, 270000, 748906, 11484423, '5e7a58bc-aa47-460a-929b-049e8315387a');
INSERT INTO track (last_updated, number, recording, name, position, edits_pending, artist_credit, length, medium, id, gid) VALUES ('2013-03-07 16:53:06.647156+01', '3', 1462893, 2990965, 3, 0, 301255, 267400, 748906, 11484424, '41f161c9-e997-4cc4-847d-3eb86eb051cc');
INSERT INTO release_label (last_updated, catalog_number, label, release, id) VALUES ('2011-01-18 16:52:02.917556+01', 'E3821CD', 839, 748906, 484160);
UPDATE release_meta SET amazon_asin = 'B00000GAII', info_url = 'http://www.amazon.co.uk/gp/product/B00000GAII', date_added = '2003-09-28 15:13:26.833329+02', cover_art_presence = 'absent', amazon_store = NULL WHERE id = 748906;
UPDATE release_group_meta SET first_release_date_month = 6, rating_count = NULL, first_release_date_year = 1998, release_count = 2, rating = NULL, first_release_date_day = 15 WHERE id = 148670;
INSERT INTO release_name (name, id) VALUES ('Houses of the Holy', 360387);
INSERT INTO artist_name (name, id) VALUES ('Led Zeppelin', 51048);
INSERT INTO artist_credit (created, name, ref_count, artist_count, id) VALUES ('2011-01-18 17:24:02.551922+01', 51048, 9522, 1, 388);
INSERT INTO artist (edits_pending, ended, id, sort_name, gender, country, begin_date_day, last_updated, name, begin_date_year, end_date_day, comment, begin_date_month, end_date_month, type, end_date_year, gid) VALUES (0, '1', 388, 51048, NULL, NULL, NULL, '2008-11-24 23:16:44.339332+01', 51048, 1968, 25, '', NULL, 9, 2, 1980, '678d88b2-87b0-403b-b63d-5da7465aecc3');
INSERT INTO artist_name (name, id) VALUES ('Led Zepplelin', 424005);
INSERT INTO artist_name (name, id) VALUES ('レッド・ツェッペリン', 53655);
INSERT INTO artist_name (name, id) VALUES ('Led Zep', 58019);
INSERT INTO artist_name (name, id) VALUES ('LZ', 513535);
INSERT INTO artist_name (name, id) VALUES ('Led Zepplin', 355869);
INSERT INTO artist_name (name, id) VALUES ('Bootleg Zeppelin', 193370);
INSERT INTO artist_name (name, id) VALUES ('Led Zepellin', 547841);
INSERT INTO artist_alias (begin_date_day, last_updated, primary_for_locale, name, edits_pending, locale, begin_date_year, artist, end_date_day, begin_date_month, end_date_month, id, type, end_date_year, sort_name) VALUES (NULL, '2011-01-18 16:20:17.74049+01', '0', 424005, 0, NULL, NULL, 388, NULL, NULL, NULL, 4509, NULL, NULL, 424005);
INSERT INTO artist_alias (begin_date_day, last_updated, primary_for_locale, name, edits_pending, locale, begin_date_year, artist, end_date_day, begin_date_month, end_date_month, id, type, end_date_year, sort_name) VALUES (NULL, '2011-01-18 16:20:17.74049+01', '0', 53655, 0, NULL, NULL, 388, NULL, NULL, NULL, 23659, NULL, NULL, 53655);
INSERT INTO artist_alias (begin_date_day, last_updated, primary_for_locale, name, edits_pending, locale, begin_date_year, artist, end_date_day, begin_date_month, end_date_month, id, type, end_date_year, sort_name) VALUES (NULL, '2011-01-18 16:20:17.74049+01', '0', 58019, 0, NULL, NULL, 388, NULL, NULL, NULL, 415, NULL, NULL, 58019);
INSERT INTO artist_alias (begin_date_day, last_updated, primary_for_locale, name, edits_pending, locale, begin_date_year, artist, end_date_day, begin_date_month, end_date_month, id, type, end_date_year, sort_name) VALUES (NULL, '2011-01-18 16:20:17.74049+01', '0', 513535, 0, NULL, NULL, 388, NULL, NULL, NULL, 23287, NULL, NULL, 513535);
INSERT INTO artist_alias (begin_date_day, last_updated, primary_for_locale, name, edits_pending, locale, begin_date_year, artist, end_date_day, begin_date_month, end_date_month, id, type, end_date_year, sort_name) VALUES (NULL, '2011-01-18 16:20:17.74049+01', '0', 355869, 0, NULL, NULL, 388, NULL, NULL, NULL, 756, NULL, NULL, 355869);
INSERT INTO artist_alias (begin_date_day, last_updated, primary_for_locale, name, edits_pending, locale, begin_date_year, artist, end_date_day, begin_date_month, end_date_month, id, type, end_date_year, sort_name) VALUES (NULL, '2011-01-18 16:20:17.74049+01', '0', 193370, 0, NULL, NULL, 388, NULL, NULL, NULL, 27562, NULL, NULL, 193370);
INSERT INTO artist_alias (begin_date_day, last_updated, primary_for_locale, name, edits_pending, locale, begin_date_year, artist, end_date_day, begin_date_month, end_date_month, id, type, end_date_year, sort_name) VALUES (NULL, '2011-01-18 16:20:17.74049+01', '0', 547841, 0, NULL, NULL, 388, NULL, NULL, NULL, 757, NULL, NULL, 547841);
UPDATE artist_meta SET rating_count = 22, rating = 95 WHERE id = 388;
INSERT INTO artist_credit_name (join_phrase, artist, name, position, artist_credit) VALUES ('', 388, 51048, 0, 388);
INSERT INTO release_group (last_updated, comment, name, edits_pending, type, artist_credit, id, gid) VALUES ('2009-05-24 22:47:00.490177+02', '', 360387, 0, 1, 388, 18759, '9b5006e5-b276-3a05-bcdd-8d986842320b');
INSERT INTO country (iso_code, name, id) VALUES ('XE', 'Europe', 241);
INSERT INTO release (date_day, status, release_group, edits_pending, packaging, id, quality, country, last_updated, script, language, name, artist_credit, barcode, comment, date_year, date_month, gid) VALUES (28, 1, 18759, 0, NULL, 12998, -1, 222, '2010-01-01 03:25:12.608534+01', 28, 120, 360387, 388, NULL, '', 1973, 3, '3ccb4cb2-940a-4e2e-b1fd-4c0b7483280f');
INSERT INTO release (date_day, status, release_group, edits_pending, packaging, id, quality, country, last_updated, script, language, name, artist_credit, barcode, comment, date_year, date_month, gid) VALUES (19, 1, 18759, 0, NULL, 278984, -1, 222, '2010-01-01 03:25:12.608534+01', 28, 120, 360387, 388, '075678263927', '', 1994, 7, 'cdcc97e5-60d8-3768-b36b-4b1a79ae0bb3');
INSERT INTO release (date_day, status, release_group, edits_pending, packaging, id, quality, country, last_updated, script, language, name, artist_credit, barcode, comment, date_year, date_month, gid) VALUES (NULL, 1, 18759, 0, NULL, 441328, -1, 107, '2010-01-01 03:25:12.608534+01', 28, 120, 360387, 388, NULL, '', 2008, 9, '827e1e04-da94-310a-b0a2-aa9e891fb6b3');
INSERT INTO release (date_day, status, release_group, edits_pending, packaging, id, quality, country, last_updated, script, language, name, artist_credit, barcode, comment, date_year, date_month, gid) VALUES (NULL, 1, 18759, 0, NULL, 479654, -1, NULL, '2010-01-01 03:25:12.608534+01', 28, 120, 360387, 388, '07567815292', '', 1987, NULL, '938cef50-de9a-3ced-a1fe-bdfbd3bc4315');
INSERT INTO release (date_day, status, release_group, edits_pending, packaging, id, quality, country, last_updated, script, language, name, artist_credit, barcode, comment, date_year, date_month, gid) VALUES (NULL, 1, 18759, 0, NULL, 513103, -1, 241, '2010-01-01 03:25:12.608534+01', 28, 120, 360387, 388, NULL, '', 1994, 7, 'a6c0e878-9035-3c50-9ee5-d06a97648a1c');
INSERT INTO release (date_day, status, release_group, edits_pending, packaging, id, quality, country, last_updated, script, language, name, artist_credit, barcode, comment, date_year, date_month, gid) VALUES (NULL, 1, 18759, 0, NULL, 523041, -1, 222, '2010-01-01 03:25:12.608534+01', 28, 120, 360387, 388, NULL, '', 2000, NULL, '3d29a558-15fa-311c-8af7-c2eb86246518');
INSERT INTO release (date_day, status, release_group, edits_pending, packaging, id, quality, country, last_updated, script, language, name, artist_credit, barcode, comment, date_year, date_month, gid) VALUES (7, 1, 18759, 0, NULL, 553372, -1, 81, '2010-01-01 03:25:12.608534+01', 28, 120, 360387, 388, '081227990466', '', 2008, 11, '7ba78608-e191-3a45-8797-baa54d058781');
INSERT INTO release (date_day, status, release_group, edits_pending, packaging, id, quality, country, last_updated, script, language, name, artist_credit, barcode, comment, date_year, date_month, gid) VALUES (NULL, 1, 18759, 0, NULL, 601118, -1, 241, '2010-01-01 03:25:12.608534+01', 28, 120, 360387, 388, '075678263927', '', 1994, 7, 'ce09a8d2-2e5b-3e6c-80ed-094da1a788ff');
INSERT INTO release (date_day, status, release_group, edits_pending, packaging, id, quality, country, last_updated, script, language, name, artist_credit, barcode, comment, date_year, date_month, gid) VALUES (NULL, 1, 18759, 0, NULL, 630918, -1, 222, '2010-01-01 03:25:12.608534+01', 28, 120, 360387, 388, NULL, '', NULL, NULL, '10dd792c-567e-3cea-9046-f640116f92c5');
INSERT INTO release (date_day, status, release_group, edits_pending, packaging, id, quality, country, last_updated, script, language, name, artist_credit, barcode, comment, date_year, date_month, gid) VALUES (NULL, 1, 18759, 0, NULL, 630919, -1, 241, '2010-01-01 03:25:12.608534+01', 28, 120, 360387, 388, NULL, '', NULL, NULL, '8be70056-0bfe-3a48-9e02-a22a17feaa28');
INSERT INTO medium (last_updated, name, position, track_count, edits_pending, release, format, id) VALUES ('2013-03-07 16:53:07.18794+01', NULL, 1, 8, 0, 12998, 7, 12998);
INSERT INTO track_name (name, id) VALUES ('The Song Remains the Same', 3655130);
INSERT INTO recording (last_updated, name, edits_pending, artist_credit, length, comment, id, gid) VALUES (NULL, 3655130, 0, 388, 329600, '', 160074, '0d16494f-2ba4-4f4f-adf9-ae1f3ee1673d');
INSERT INTO puid (version, puid, id) VALUES (1, '0388d5f2-cca6-5e7c-2c33-0ab665824cc6', 15713);
INSERT INTO puid (version, puid, id) VALUES (1, '2852edf4-19ad-0572-85c8-5d85678a11eb', 176685);
INSERT INTO puid (version, puid, id) VALUES (1, '31bd2e96-e106-802f-8029-2bf790e056b9', 217514);
INSERT INTO puid (version, puid, id) VALUES (1, '464675ec-0bed-cdae-221f-2c5a616d109d', 273186);
INSERT INTO puid (version, puid, id) VALUES (1, '7e334d81-b9d6-3127-d853-cfa83e6b1076', 380269);
INSERT INTO puid (version, puid, id) VALUES (1, 'cddd3577-f952-a407-f3dc-6ea785598ec1', 532795);
INSERT INTO puid (version, puid, id) VALUES (1, 'd455cd92-42a1-d850-b5d2-8551b98fb378', 545326);
INSERT INTO puid (version, puid, id) VALUES (1, 'd8f8d03c-267a-0275-6a8f-6e9e26bd4e97', 554127);
INSERT INTO puid (version, puid, id) VALUES (140, 'aac77817-f2de-79c8-80ed-16af2e878aa7', 1245793);
INSERT INTO puid (version, puid, id) VALUES (140, 'a2a3a555-5e14-021c-5bcf-27d0de770137', 1969316);
INSERT INTO puid (version, puid, id) VALUES (181, 'a7fec310-6671-eeaf-6ba7-9b913fe636a0', 2146827);
INSERT INTO puid (version, puid, id) VALUES (140, 'e4222d4b-ac7c-8b6d-cff7-9a1bd9c7f7b7', 2292057);
INSERT INTO clientversion (created, version, id) VALUES ('2011-01-18 16:21:33.71184+01', 'Jaikoz-2.1.0', 186);
INSERT INTO puid (version, puid, id) VALUES (186, '1ada02bf-4186-f155-3809-6a735a1c9d1a', 2408682);
INSERT INTO clientversion (created, version, id) VALUES ('2011-01-18 16:21:33.71184+01', 'AddPUIDtoMB', 190);
INSERT INTO puid (version, puid, id) VALUES (190, 'f2b55157-7247-7dd0-842c-436132138399', 2715084);
INSERT INTO puid (version, puid, id) VALUES (194, 'd126e20c-06cf-ebc8-533b-37adcae538cb', 3146277);
INSERT INTO puid (version, puid, id) VALUES (204, '34fb3dc8-8417-711e-c790-e5f42d3e773d', 3432476);
INSERT INTO puid (version, puid, id) VALUES (204, '50510179-373d-8a36-ae19-a14f315d8732', 3657705);
INSERT INTO puid (version, puid, id) VALUES (204, 'd114be45-3dc6-5a1f-c757-a356d10ad3b0', 3813829);
INSERT INTO puid (version, puid, id) VALUES (246, 'c710eaf0-7a03-38d2-574a-4be1c8d2f8d2', 4328760);
INSERT INTO puid (version, puid, id) VALUES (246, '5d4a9dd5-a9ad-ee5d-a308-7557529c3767', 4387122);
INSERT INTO puid (version, puid, id) VALUES (246, 'd0c7a810-5512-2e77-2a3d-110b30634be6', 4536303);
INSERT INTO recording_puid (created, recording, puid, edits_pending, id) VALUES ('2011-01-18 16:56:00.408782+01', 160074, 15713, 0, 20242);
INSERT INTO recording_puid (created, recording, puid, edits_pending, id) VALUES ('2011-01-18 16:56:00.408782+01', 160074, 176685, 0, 227508);
INSERT INTO recording_puid (created, recording, puid, edits_pending, id) VALUES ('2011-01-18 16:56:00.408782+01', 160074, 217514, 0, 1488897);
INSERT INTO recording_puid (created, recording, puid, edits_pending, id) VALUES ('2011-01-18 16:56:00.408782+01', 160074, 273186, 0, 351474);
INSERT INTO recording_puid (created, recording, puid, edits_pending, id) VALUES ('2011-01-18 16:56:00.408782+01', 160074, 380269, 0, 2326807);
INSERT INTO recording_puid (created, recording, puid, edits_pending, id) VALUES ('2011-01-18 16:56:00.408782+01', 160074, 532795, 0, 5879449);
INSERT INTO recording_puid (created, recording, puid, edits_pending, id) VALUES ('2011-01-18 16:56:00.408782+01', 160074, 545326, 0, 701232);
INSERT INTO recording_puid (created, recording, puid, edits_pending, id) VALUES ('2011-01-18 16:56:00.408782+01', 160074, 554127, 0, 712600);
INSERT INTO recording_puid (created, recording, puid, edits_pending, id) VALUES ('2011-01-18 16:56:00.408782+01', 160074, 1245793, 0, 2673427);
INSERT INTO recording_puid (created, recording, puid, edits_pending, id) VALUES ('2011-01-18 16:56:00.408782+01', 160074, 1969316, 0, 2458271);
INSERT INTO recording_puid (created, recording, puid, edits_pending, id) VALUES ('2011-01-18 16:56:00.408782+01', 160074, 2146827, 0, 2680069);
INSERT INTO recording_puid (created, recording, puid, edits_pending, id) VALUES ('2011-01-18 16:56:00.408782+01', 160074, 2292057, 0, 5041730);
INSERT INTO recording_puid (created, recording, puid, edits_pending, id) VALUES ('2011-01-18 16:56:00.408782+01', 160074, 2408682, 0, 3009571);
INSERT INTO recording_puid (created, recording, puid, edits_pending, id) VALUES ('2011-01-18 16:56:00.408782+01', 160074, 2715084, 0, 3398884);
INSERT INTO recording_puid (created, recording, puid, edits_pending, id) VALUES ('2011-01-18 16:56:00.408782+01', 160074, 3146277, 0, 3951292);
INSERT INTO recording_puid (created, recording, puid, edits_pending, id) VALUES ('2011-01-18 16:56:00.408782+01', 160074, 3432476, 0, 4327395);
INSERT INTO recording_puid (created, recording, puid, edits_pending, id) VALUES ('2011-01-18 16:56:00.408782+01', 160074, 3657705, 0, 4621756);
INSERT INTO recording_puid (created, recording, puid, edits_pending, id) VALUES ('2011-01-18 16:56:00.408782+01', 160074, 3813829, 0, 4821897);
INSERT INTO recording_puid (created, recording, puid, edits_pending, id) VALUES ('2011-01-18 16:56:00.408782+01', 160074, 4328760, 0, 5472195);
INSERT INTO recording_puid (created, recording, puid, edits_pending, id) VALUES ('2011-01-18 16:56:00.408782+01', 160074, 4387122, 0, 5549911);
INSERT INTO recording_puid (created, recording, puid, edits_pending, id) VALUES ('2011-01-18 16:56:00.408782+01', 160074, 4536303, 0, 5740176);
INSERT INTO isrc (created, source, recording, isrc, edits_pending, id) VALUES ('2011-01-18 16:56:00.408782+01', 0, 160074, 'USAT20703876', 0, 30027);
UPDATE recording_meta SET rating_count = 2, rating = 60 WHERE id = 160074;
INSERT INTO track_name (name, id) VALUES ('The Rain Song', 3209047);
INSERT INTO recording (last_updated, name, edits_pending, artist_credit, length, comment, id, gid) VALUES (NULL, 3209047, 0, 388, 459266, '', 162921, 'ff650e55-0136-4bb5-bbe5-dc429edae5c5');
INSERT INTO puid (version, puid, id) VALUES (1, '071e0995-4237-d6a4-46d1-2b169cb8d32e', 31409);
INSERT INTO puid (version, puid, id) VALUES (1, '1876684d-d9d6-399c-152c-5299587575c7', 107519);
INSERT INTO puid (version, puid, id) VALUES (1, '26151966-0003-3b4e-f520-e17f639e938a', 167055);
INSERT INTO puid (version, puid, id) VALUES (1, '46126433-175b-d96d-a558-7bb932544e22', 272834);
INSERT INTO puid (version, puid, id) VALUES (1, '5c75e8fe-db6e-139e-5df6-4bb3f0ad6a89', 315668);
INSERT INTO puid (version, puid, id) VALUES (1, '8db31c44-34b7-39a0-57d3-07ca90e12bd1', 410174);
INSERT INTO puid (version, puid, id) VALUES (1, 'f556dbf8-af35-d7eb-9c3d-d07a5ce37c69', 608210);
INSERT INTO puid (version, puid, id) VALUES (181, '8ffd52dc-19ed-cb65-2350-ab8bf18d676b', 2217874);
INSERT INTO puid (version, puid, id) VALUES (181, '2c05df87-f1f3-0bcd-2a91-35e2494218a4', 2254769);
INSERT INTO puid (version, puid, id) VALUES (186, 'e78a5d2f-6aa1-5139-6d55-d8cd06e6db3e', 2368290);
INSERT INTO puid (version, puid, id) VALUES (188, 'b7398467-65f2-420d-ab5d-48612633e3f2', 2479290);
INSERT INTO puid (version, puid, id) VALUES (186, 'e3c68712-3460-2d7a-d894-a6ffac35d20e', 2657933);
INSERT INTO puid (version, puid, id) VALUES (194, '523284a0-39b8-d2e9-25f8-f162f7afa490', 3193334);
INSERT INTO puid (version, puid, id) VALUES (204, 'ca960485-ddfc-ce09-3365-279ec72d2450', 3402965);
INSERT INTO puid (version, puid, id) VALUES (246, '6da47671-a97d-0774-653e-ac70f5ba264b', 4424784);
INSERT INTO puid (version, puid, id) VALUES (246, '57dedde1-1e32-52da-ffa5-54f9481e63c9', 4667285);
INSERT INTO recording_puid (created, recording, puid, edits_pending, id) VALUES ('2011-01-18 16:56:00.408782+01', 162921, 31409, 0, 40443);
INSERT INTO recording_puid (created, recording, puid, edits_pending, id) VALUES ('2011-01-18 16:56:00.408782+01', 162921, 107519, 0, 138292);
INSERT INTO recording_puid (created, recording, puid, edits_pending, id) VALUES ('2011-01-18 16:56:00.408782+01', 162921, 167055, 0, 215179);
INSERT INTO recording_puid (created, recording, puid, edits_pending, id) VALUES ('2011-01-18 16:56:00.408782+01', 162921, 272834, 0, 351046);
INSERT INTO recording_puid (created, recording, puid, edits_pending, id) VALUES ('2011-01-18 16:56:00.408782+01', 162921, 315668, 0, 406124);
INSERT INTO recording_puid (created, recording, puid, edits_pending, id) VALUES ('2011-01-18 16:56:00.408782+01', 162921, 410174, 0, 527501);
INSERT INTO recording_puid (created, recording, puid, edits_pending, id) VALUES ('2011-01-18 16:56:00.408782+01', 162921, 608210, 0, 781841);
INSERT INTO recording_puid (created, recording, puid, edits_pending, id) VALUES ('2011-01-18 16:56:00.408782+01', 162921, 2217874, 0, 2768334);
INSERT INTO recording_puid (created, recording, puid, edits_pending, id) VALUES ('2011-01-18 16:56:00.408782+01', 162921, 2254769, 0, 2815236);
INSERT INTO recording_puid (created, recording, puid, edits_pending, id) VALUES ('2011-01-18 16:56:00.408782+01', 162921, 2368290, 0, 3016421);
INSERT INTO recording_puid (created, recording, puid, edits_pending, id) VALUES ('2011-01-18 16:56:00.408782+01', 162921, 2479290, 0, 3098015);
INSERT INTO recording_puid (created, recording, puid, edits_pending, id) VALUES ('2011-01-18 16:56:00.408782+01', 162921, 2657933, 0, 3959810);
INSERT INTO recording_puid (created, recording, puid, edits_pending, id) VALUES ('2011-01-18 16:56:00.408782+01', 162921, 3193334, 0, 4011916);
INSERT INTO recording_puid (created, recording, puid, edits_pending, id) VALUES ('2011-01-18 16:56:00.408782+01', 162921, 3402965, 0, 4289289);
INSERT INTO recording_puid (created, recording, puid, edits_pending, id) VALUES ('2011-01-18 16:56:00.408782+01', 162921, 4424784, 0, 5599179);
INSERT INTO recording_puid (created, recording, puid, edits_pending, id) VALUES ('2011-01-18 16:56:00.408782+01', 162921, 4667285, 0, 5907181);
UPDATE recording_meta SET rating_count = 1, rating = 40 WHERE id = 162921;
INSERT INTO track_name (name, id) VALUES ('Over the Hills and Far Away', 3132772);
INSERT INTO recording (last_updated, name, edits_pending, artist_credit, length, comment, id, gid) VALUES (NULL, 3132772, 0, 388, 290000, '', 162922, '7a80bc16-c327-4bcb-92c0-a880fbbc8bf6');
INSERT INTO puid (version, puid, id) VALUES (1, '4bd0c76d-bd6a-4dde-a00d-d3fbc00031e0', 283849);
INSERT INTO puid (version, puid, id) VALUES (1, '4c2756a6-67d4-e82e-d884-d50535d59a74', 284492);
INSERT INTO puid (version, puid, id) VALUES (1, '87f44256-9ac8-8119-c170-217b2fe48084', 399039);
INSERT INTO puid (version, puid, id) VALUES (1, 'a48481c4-3b17-e986-c9e9-f514c9ac7b58', 453589);
INSERT INTO puid (version, puid, id) VALUES (1, 'a7be16da-58fe-0e31-93c7-2177da315ac9', 459675);
INSERT INTO clientversion (created, version, id) VALUES ('2011-01-18 16:21:33.71184+01', 'Jaikoz-1.11.1', 176);
INSERT INTO puid (version, puid, id) VALUES (176, 'b17df391-ade2-5f57-e870-4af839dd98d7', 1991650);
INSERT INTO puid (version, puid, id) VALUES (140, '10db7b9b-464b-951f-7402-3112a30cdde8', 2322510);
INSERT INTO puid (version, puid, id) VALUES (186, '1c766de4-bd7c-7035-637c-fb536c5779c8', 2657934);
INSERT INTO puid (version, puid, id) VALUES (194, 'e4376ffe-67d5-248a-9afe-b3d3d93d1dec', 3146278);
INSERT INTO puid (version, puid, id) VALUES (204, '81488555-93db-b1a2-a1d2-484f9102796a', 3386061);
INSERT INTO puid (version, puid, id) VALUES (204, 'fe4ed113-1348-ce54-38b2-06aef4232db8', 3403092);
INSERT INTO puid (version, puid, id) VALUES (204, '20d15cce-8a54-394d-d045-9caeaa321b98', 3803389);
INSERT INTO puid (version, puid, id) VALUES (246, 'd4a07d03-b04a-04d9-fb79-5c60b2f7edcd', 4339124);
INSERT INTO puid (version, puid, id) VALUES (246, '0568b5a9-c8b1-5dc0-a07b-b9fed8514188', 4784703);
INSERT INTO recording_puid (created, recording, puid, edits_pending, id) VALUES ('2011-01-18 16:56:00.408782+01', 162922, 283849, 0, 365466);
INSERT INTO recording_puid (created, recording, puid, edits_pending, id) VALUES ('2011-01-18 16:56:00.408782+01', 162922, 284492, 0, 366282);
INSERT INTO recording_puid (created, recording, puid, edits_pending, id) VALUES ('2011-01-18 16:56:00.408782+01', 162922, 399039, 0, 513229);
INSERT INTO recording_puid (created, recording, puid, edits_pending, id) VALUES ('2011-01-18 16:56:00.408782+01', 162922, 453589, 0, 583675);
INSERT INTO recording_puid (created, recording, puid, edits_pending, id) VALUES ('2011-01-18 16:56:00.408782+01', 162922, 459675, 0, 591487);
INSERT INTO recording_puid (created, recording, puid, edits_pending, id) VALUES ('2011-01-18 16:56:00.408782+01', 162922, 532795, 0, 685200);
INSERT INTO recording_puid (created, recording, puid, edits_pending, id) VALUES ('2011-01-18 16:56:00.408782+01', 162922, 1991650, 0, 2485428);
INSERT INTO recording_puid (created, recording, puid, edits_pending, id) VALUES ('2011-01-18 16:56:00.408782+01', 162922, 2322510, 0, 2900351);
INSERT INTO recording_puid (created, recording, puid, edits_pending, id) VALUES ('2011-01-18 16:56:00.408782+01', 162922, 2657934, 0, 3321178);
INSERT INTO recording_puid (created, recording, puid, edits_pending, id) VALUES ('2011-01-18 16:56:00.408782+01', 162922, 3146278, 0, 3951293);
INSERT INTO recording_puid (created, recording, puid, edits_pending, id) VALUES ('2011-01-18 16:56:00.408782+01', 162922, 3386061, 0, 4267584);
INSERT INTO recording_puid (created, recording, puid, edits_pending, id) VALUES ('2011-01-18 16:56:00.408782+01', 162922, 3403092, 0, 4289416);
INSERT INTO recording_puid (created, recording, puid, edits_pending, id) VALUES ('2011-01-18 16:56:00.408782+01', 162922, 3803389, 0, 4809807);
INSERT INTO recording_puid (created, recording, puid, edits_pending, id) VALUES ('2011-01-18 16:56:00.408782+01', 162922, 4339124, 0, 5486519);
INSERT INTO recording_puid (created, recording, puid, edits_pending, id) VALUES ('2011-01-18 16:56:00.408782+01', 162922, 4784703, 0, 6056463);
UPDATE recording_meta SET rating_count = NULL, rating = NULL WHERE id = 162922;
INSERT INTO track_name (name, id) VALUES ('The Crunge', 2117609);
INSERT INTO recording (last_updated, name, edits_pending, artist_credit, length, comment, id, gid) VALUES (NULL, 2117609, 0, 388, 197266, '', 162923, '8b8216e5-137b-4ebd-a94f-a29fb7a3f014');
INSERT INTO puid (version, puid, id) VALUES (1, '15c019a1-81c4-95f6-ba79-f6de50d77739', 95695);
INSERT INTO puid (version, puid, id) VALUES (1, '2a2287ec-c0e7-68f8-adb7-5f4893e0d359', 184468);
INSERT INTO puid (version, puid, id) VALUES (1, '337f9742-155a-f1ff-59c7-e9651a043638', 225130);
INSERT INTO puid (version, puid, id) VALUES (1, '6751d529-002a-eb9c-da57-970c37226d26', 336512);
INSERT INTO puid (version, puid, id) VALUES (129, '9de62d89-0e39-cd56-b4aa-1fb107494a72', 645207);
INSERT INTO puid (version, puid, id) VALUES (131, '3cbd8f45-6527-7c6c-e55a-7fd395d46c6b', 750750);
INSERT INTO puid (version, puid, id) VALUES (140, '4c3622a4-14a3-2e0d-ecd4-86d0203a5bf2', 1969315);
INSERT INTO clientversion (created, version, id) VALUES ('2011-01-18 16:21:33.71184+01', 'Jaikoz-1.12', 178);
INSERT INTO puid (version, puid, id) VALUES (178, '0dd53dcc-f94b-2075-78a7-c9ecec75f65d', 2086935);
INSERT INTO puid (version, puid, id) VALUES (186, '288b3108-846e-afb4-d105-e9fccdff298f', 2429832);
INSERT INTO puid (version, puid, id) VALUES (190, '08c4b2ef-fa23-4540-e74b-b3490c95353a', 2715136);
INSERT INTO puid (version, puid, id) VALUES (204, '916e6b29-555a-4567-1224-653029f28f5c', 3104038);
INSERT INTO puid (version, puid, id) VALUES (204, 'a155d092-4a04-1fe6-7c52-db97558a6012', 3909758);
INSERT INTO puid (version, puid, id) VALUES (246, '1da23f38-3413-b0e9-1107-1c375b739a19', 4339125);
INSERT INTO puid (version, puid, id) VALUES (246, '33396409-b5f3-7b25-012c-606e4f6c0cc1', 4784699);
INSERT INTO recording_puid (created, recording, puid, edits_pending, id) VALUES ('2011-01-18 16:56:00.408782+01', 162923, 95695, 0, 123261);
INSERT INTO recording_puid (created, recording, puid, edits_pending, id) VALUES ('2011-01-18 16:56:00.408782+01', 162923, 184468, 0, 237588);
INSERT INTO recording_puid (created, recording, puid, edits_pending, id) VALUES ('2011-01-18 16:56:00.408782+01', 162923, 225130, 0, 289599);
INSERT INTO recording_puid (created, recording, puid, edits_pending, id) VALUES ('2011-01-18 16:56:00.408782+01', 162923, 336512, 0, 432881);
INSERT INTO recording_puid (created, recording, puid, edits_pending, id) VALUES ('2011-01-18 16:56:00.408782+01', 162923, 645207, 0, 1488886);
INSERT INTO recording_puid (created, recording, puid, edits_pending, id) VALUES ('2011-01-18 16:56:00.408782+01', 162923, 750750, 0, 956141);
INSERT INTO recording_puid (created, recording, puid, edits_pending, id) VALUES ('2011-01-18 16:56:00.408782+01', 162923, 1969315, 0, 2458270);
INSERT INTO recording_puid (created, recording, puid, edits_pending, id) VALUES ('2011-01-18 16:56:00.408782+01', 162923, 2086935, 0, 2606661);
INSERT INTO recording_puid (created, recording, puid, edits_pending, id) VALUES ('2011-01-18 16:56:00.408782+01', 162923, 2429832, 0, 3036420);
INSERT INTO recording_puid (created, recording, puid, edits_pending, id) VALUES ('2011-01-18 16:56:00.408782+01', 162923, 2715136, 0, 3398939);
INSERT INTO recording_puid (created, recording, puid, edits_pending, id) VALUES ('2011-01-18 16:56:00.408782+01', 162923, 3104038, 0, 3897172);
INSERT INTO recording_puid (created, recording, puid, edits_pending, id) VALUES ('2011-01-18 16:56:00.408782+01', 162923, 3909758, 0, 4939030);
INSERT INTO recording_puid (created, recording, puid, edits_pending, id) VALUES ('2011-01-18 16:56:00.408782+01', 162923, 4339125, 0, 5486520);
INSERT INTO recording_puid (created, recording, puid, edits_pending, id) VALUES ('2011-01-18 16:56:00.408782+01', 162923, 4784699, 0, 6056455);
UPDATE recording_meta SET rating_count = NULL, rating = NULL WHERE id = 162923;
INSERT INTO track_name (name, id) VALUES ('Dancing Days', 4857359);
INSERT INTO recording (last_updated, name, edits_pending, artist_credit, length, comment, id, gid) VALUES (NULL, 4857359, 0, 388, 223173, '', 162924, 'f6603ffa-54c7-4e5b-a744-70a13a1c9dc3');
INSERT INTO puid (version, puid, id) VALUES (1, '06b0bd7e-dc4e-ffbb-e313-3c771d9330b5', 29630);
INSERT INTO puid (version, puid, id) VALUES (1, '139afd6f-3abd-48ba-d162-19e24844499d', 86221);
INSERT INTO puid (version, puid, id) VALUES (1, '4c277456-8227-89ac-433f-ab170458bb77', 284496);
INSERT INTO puid (version, puid, id) VALUES (1, '6d694a3e-9182-dede-ec13-d2410ddc7373', 348189);
INSERT INTO puid (version, puid, id) VALUES (1, '86885c46-90c4-0a3e-e2ff-77f5fed31908', 396323);
INSERT INTO puid (version, puid, id) VALUES (1, 'ba33ecb7-de1e-c369-f122-f3e945fd3452', 495155);
INSERT INTO puid (version, puid, id) VALUES (1, 'ec226292-3f1b-9eee-a69e-8dee2a635f74', 590713);
INSERT INTO puid (version, puid, id) VALUES (140, '5300c9eb-1eca-f6eb-df70-3683daa4b1ba', 1317031);
INSERT INTO puid (version, puid, id) VALUES (140, 'be227bff-bf09-b9b2-a8d7-95b62b9ed92f', 1515978);
INSERT INTO puid (version, puid, id) VALUES (140, '9660fe85-ba2c-d9d9-2eaf-315c922935ec', 1697251);
INSERT INTO clientversion (created, version, id) VALUES ('2011-01-18 16:21:33.71184+01', 'MusicBrainz Picard-0.9.0alpha8', 156);
INSERT INTO puid (version, puid, id) VALUES (156, 'dbde8470-cf45-9d0a-b1e2-8456d5cc78b4', 1698595);
INSERT INTO clientversion (created, version, id) VALUES ('2011-01-18 16:21:33.71184+01', 'Jaikoz-1.10', 170);
INSERT INTO puid (version, puid, id) VALUES (170, '46eb2abc-1210-556e-f862-be3003c2b3ff', 1921106);
INSERT INTO puid (version, puid, id) VALUES (140, '21be72b3-4779-032a-20e0-bc4c0daf07f7', 1969317);
INSERT INTO puid (version, puid, id) VALUES (140, '36a45d07-91e8-2d9f-77c8-3ff147e42932', 2192425);
INSERT INTO puid (version, puid, id) VALUES (181, 'e9fac299-6e3f-9b03-4ac2-929cfd3f3869', 2217875);
INSERT INTO puid (version, puid, id) VALUES (188, '6bf21377-e830-f812-587a-db7fc5bd1ca8', 2359232);
INSERT INTO puid (version, puid, id) VALUES (188, 'eb89b58f-9bba-a6e9-e4e8-47fc3fcf81e0', 2507583);
INSERT INTO puid (version, puid, id) VALUES (188, '214b0640-84bc-e994-c298-7e2dcd551297', 2742561);
INSERT INTO puid (version, puid, id) VALUES (188, 'c1a1ffe9-b41c-09e2-76d3-a1582992cbd2', 2745411);
INSERT INTO clientversion (created, version, id) VALUES ('2011-01-18 16:21:33.71184+01', 'Jaikoz-2.6.1', 199);
INSERT INTO puid (version, puid, id) VALUES (199, '3dd8725e-45af-b316-350e-0e2b37756128', 2976583);
INSERT INTO puid (version, puid, id) VALUES (194, 'e7665558-219e-d6a4-09a5-15c91ef06957', 3285717);
INSERT INTO puid (version, puid, id) VALUES (204, '7c4a9fbc-b87f-74d1-c3bf-543ae1664e21', 3403085);
INSERT INTO puid (version, puid, id) VALUES (204, 'e0c053ad-cdc1-e2a0-f3c5-00436b1043f5', 4646906);
INSERT INTO recording_puid (created, recording, puid, edits_pending, id) VALUES ('2011-01-18 16:56:00.408782+01', 162924, 29630, 0, 38095);
INSERT INTO recording_puid (created, recording, puid, edits_pending, id) VALUES ('2011-01-18 16:56:00.408782+01', 162924, 86221, 0, 111160);
INSERT INTO recording_puid (created, recording, puid, edits_pending, id) VALUES ('2011-01-18 16:56:00.408782+01', 162924, 284496, 0, 366286);
INSERT INTO recording_puid (created, recording, puid, edits_pending, id) VALUES ('2011-01-18 16:56:00.408782+01', 162924, 348189, 0, 447977);
INSERT INTO recording_puid (created, recording, puid, edits_pending, id) VALUES ('2011-01-18 16:56:00.408782+01', 162924, 396323, 0, 509761);
INSERT INTO recording_puid (created, recording, puid, edits_pending, id) VALUES ('2011-01-18 16:56:00.408782+01', 162924, 495155, 0, 637180);
INSERT INTO recording_puid (created, recording, puid, edits_pending, id) VALUES ('2011-01-18 16:56:00.408782+01', 162924, 590713, 0, 759509);
INSERT INTO recording_puid (created, recording, puid, edits_pending, id) VALUES ('2011-01-18 16:56:00.408782+01', 162924, 1317031, 0, 1651178);
INSERT INTO recording_puid (created, recording, puid, edits_pending, id) VALUES ('2011-01-18 16:56:00.408782+01', 162924, 1515978, 0, 1897417);
INSERT INTO recording_puid (created, recording, puid, edits_pending, id) VALUES ('2011-01-18 16:56:00.408782+01', 162924, 1697251, 0, 2119002);
INSERT INTO recording_puid (created, recording, puid, edits_pending, id) VALUES ('2011-01-18 16:56:00.408782+01', 162924, 1698595, 0, 2120709);
INSERT INTO recording_puid (created, recording, puid, edits_pending, id) VALUES ('2011-01-18 16:56:00.408782+01', 162924, 1921106, 0, 2397376);
INSERT INTO recording_puid (created, recording, puid, edits_pending, id) VALUES ('2011-01-18 16:56:00.408782+01', 162924, 1969317, 0, 2458272);
INSERT INTO recording_puid (created, recording, puid, edits_pending, id) VALUES ('2011-01-18 16:56:00.408782+01', 162924, 2192425, 0, 2735966);
INSERT INTO recording_puid (created, recording, puid, edits_pending, id) VALUES ('2011-01-18 16:56:00.408782+01', 162924, 2217875, 0, 2768335);
INSERT INTO recording_puid (created, recording, puid, edits_pending, id) VALUES ('2011-01-18 16:56:00.408782+01', 162924, 2359232, 0, 2946590);
INSERT INTO recording_puid (created, recording, puid, edits_pending, id) VALUES ('2011-01-18 16:56:00.408782+01', 162924, 2507583, 0, 3133421);
INSERT INTO recording_puid (created, recording, puid, edits_pending, id) VALUES ('2011-01-18 16:56:00.408782+01', 162924, 2742561, 0, 3434029);
INSERT INTO recording_puid (created, recording, puid, edits_pending, id) VALUES ('2011-01-18 16:56:00.408782+01', 162924, 2745411, 0, 3437715);
INSERT INTO recording_puid (created, recording, puid, edits_pending, id) VALUES ('2011-01-18 16:56:00.408782+01', 162924, 2976583, 0, 3736335);
INSERT INTO recording_puid (created, recording, puid, edits_pending, id) VALUES ('2011-01-18 16:56:00.408782+01', 162924, 3285717, 0, 4134550);
INSERT INTO recording_puid (created, recording, puid, edits_pending, id) VALUES ('2011-01-18 16:56:00.408782+01', 162924, 3403085, 0, 4289409);
INSERT INTO recording_puid (created, recording, puid, edits_pending, id) VALUES ('2011-01-18 16:56:00.408782+01', 162924, 4646906, 0, 5880423);
UPDATE recording_meta SET rating_count = 1, rating = 60 WHERE id = 162924;
INSERT INTO track_name (name, id) VALUES ('D''yer Mak''er', 49187);
INSERT INTO recording (last_updated, name, edits_pending, artist_credit, length, comment, id, gid) VALUES (NULL, 49187, 0, 388, 262626, '', 162925, '5483d397-985a-448b-817e-d6d6f32cb79b');
INSERT INTO puid (version, puid, id) VALUES (1, '0e0dffb5-305e-738e-6ac3-b9b5704b3fcd', 62130);
INSERT INTO puid (version, puid, id) VALUES (1, '16431b2b-98e5-b7fd-98d8-30ac6886435e', 97890);
INSERT INTO puid (version, puid, id) VALUES (1, '1bedb9af-53a6-1c42-c316-36df476be63b', 122742);
INSERT INTO puid (version, puid, id) VALUES (1, '261b85e7-4f4c-919f-9325-1bc9918d2510', 167148);
INSERT INTO puid (version, puid, id) VALUES (1, '29a71c5a-4388-8e38-efa7-1d3cbf002de7', 182507);
INSERT INTO puid (version, puid, id) VALUES (1, '35af2a00-06b9-24de-8dcb-1dac7cf2a788', 234616);
INSERT INTO puid (version, puid, id) VALUES (1, '3e5f106b-d846-d44d-fbc9-c49a8569c574', 258067);
INSERT INTO puid (version, puid, id) VALUES (1, '46d3d9ab-b2e9-ffa9-3d94-f28c19d21b64', 274294);
INSERT INTO puid (version, puid, id) VALUES (1, 'bee4ff0f-1aba-d6a9-ca7b-7d103d720bea', 504168);
INSERT INTO puid (version, puid, id) VALUES (1, 'c2dd22c9-bab4-da59-fbfc-3e0c6a157e86', 511731);
INSERT INTO puid (version, puid, id) VALUES (1, 'dd921ab5-6801-9ba5-a3c9-f3edf3b47876', 562650);
INSERT INTO puid (version, puid, id) VALUES (131, '55c550bb-ec3d-5cba-f607-354d669d8897', 797957);
INSERT INTO puid (version, puid, id) VALUES (131, 'd78f9641-7ca3-5792-735d-404117fe5c3a', 833970);
INSERT INTO puid (version, puid, id) VALUES (134, '4c270ced-5d79-cf5d-f1d9-d641445ee661', 874291);
INSERT INTO puid (version, puid, id) VALUES (140, '370a1d16-251d-c9cd-0174-4ac17dcf4b1b', 1716369);
INSERT INTO puid (version, puid, id) VALUES (140, '22cf3c31-632a-728d-1bb8-662f5f245937', 1763375);
INSERT INTO puid (version, puid, id) VALUES (140, '627ddce2-2ef9-056d-db2d-4ac808102be6', 1802402);
INSERT INTO puid (version, puid, id) VALUES (176, 'a5dd0916-0f10-7757-c0a5-67fcfae45052', 1991407);
INSERT INTO puid (version, puid, id) VALUES (176, 'a9704b76-0494-84b2-2074-a9c15b47bf96', 1991408);
INSERT INTO puid (version, puid, id) VALUES (140, 'b295d35a-6c9d-a351-2ef6-55aec0cc93ce', 2155682);
INSERT INTO puid (version, puid, id) VALUES (140, '551da07b-fddc-1133-03e0-b616c2940e41', 2192426);
INSERT INTO puid (version, puid, id) VALUES (140, '19061458-e0e7-44da-a706-c6bcd6978dc6', 2194480);
INSERT INTO puid (version, puid, id) VALUES (181, 'ca94ef75-9fb0-efbe-39bc-5e2bea1d7d06', 2217878);
INSERT INTO puid (version, puid, id) VALUES (188, '809591ac-c00e-12a6-26ce-f5d07faf1c30', 2359241);
INSERT INTO puid (version, puid, id) VALUES (186, 'ddecb698-a1d9-9383-2558-2fd1ad09ee8e', 2414041);
INSERT INTO puid (version, puid, id) VALUES (188, '6d058c3f-1963-a211-460f-129177af1c6d', 2663687);
INSERT INTO puid (version, puid, id) VALUES (194, '07ea9a28-83d9-b330-5d80-42b21659014b', 2770277);
INSERT INTO puid (version, puid, id) VALUES (194, '8872138c-573d-935e-5a74-089bc555574d', 3039466);
INSERT INTO puid (version, puid, id) VALUES (194, '59bc77ac-a36e-2e7d-e878-f7fb92b7036c', 3146279);
INSERT INTO puid (version, puid, id) VALUES (194, '1dc2edf0-e2e6-44aa-20bb-883426f98eb8', 3156773);
INSERT INTO puid (version, puid, id) VALUES (204, '1c5f6410-e0be-ac78-a195-f00c421ab5bb', 3386062);
INSERT INTO puid (version, puid, id) VALUES (204, '57b4ba28-23b3-5000-e54f-ff0cbd8f03fc', 3813831);
INSERT INTO puid (version, puid, id) VALUES (246, '2c9844e3-761f-b180-d894-aba3b488f0ab', 3926135);
INSERT INTO puid (version, puid, id) VALUES (246, '20a0b6aa-bb68-5169-b386-4081def7708f', 3927960);
INSERT INTO puid (version, puid, id) VALUES (246, '83964188-edd1-9277-9c88-255e99d3f1ed', 4154716);
INSERT INTO puid (version, puid, id) VALUES (246, '92a091c5-1739-dce1-f175-71b11241114b', 4469932);
INSERT INTO puid (version, puid, id) VALUES (246, '5d2d75dc-97ce-a06f-469d-17b0fdd9fce7', 4657320);
INSERT INTO recording_puid (created, recording, puid, edits_pending, id) VALUES ('2011-01-18 16:56:00.408782+01', 162925, 62130, 0, 80140);
INSERT INTO recording_puid (created, recording, puid, edits_pending, id) VALUES ('2011-01-18 16:56:00.408782+01', 162925, 97890, 0, 126005);
INSERT INTO recording_puid (created, recording, puid, edits_pending, id) VALUES ('2011-01-18 16:56:00.408782+01', 162925, 122742, 0, 157865);
INSERT INTO recording_puid (created, recording, puid, edits_pending, id) VALUES ('2011-01-18 16:56:00.408782+01', 162925, 167148, 0, 1366086);
INSERT INTO recording_puid (created, recording, puid, edits_pending, id) VALUES ('2011-01-18 16:56:00.408782+01', 162925, 182507, 0, 235090);
INSERT INTO recording_puid (created, recording, puid, edits_pending, id) VALUES ('2011-01-18 16:56:00.408782+01', 162925, 234616, 0, 2673437);
INSERT INTO recording_puid (created, recording, puid, edits_pending, id) VALUES ('2011-01-18 16:56:00.408782+01', 162925, 258067, 0, 331922);
INSERT INTO recording_puid (created, recording, puid, edits_pending, id) VALUES ('2011-01-18 16:56:00.408782+01', 162925, 274294, 0, 352959);
INSERT INTO recording_puid (created, recording, puid, edits_pending, id) VALUES ('2011-01-18 16:56:00.408782+01', 162925, 504168, 0, 648613);
INSERT INTO recording_puid (created, recording, puid, edits_pending, id) VALUES ('2011-01-18 16:56:00.408782+01', 162925, 511731, 0, 658241);
INSERT INTO recording_puid (created, recording, puid, edits_pending, id) VALUES ('2011-01-18 16:56:00.408782+01', 162925, 562650, 0, 723492);
INSERT INTO recording_puid (created, recording, puid, edits_pending, id) VALUES ('2011-01-18 16:56:00.408782+01', 162925, 797957, 0, 5463088);
INSERT INTO recording_puid (created, recording, puid, edits_pending, id) VALUES ('2011-01-18 16:56:00.408782+01', 162925, 833970, 0, 1060770);
INSERT INTO recording_puid (created, recording, puid, edits_pending, id) VALUES ('2011-01-18 16:56:00.408782+01', 162925, 874291, 0, 3613823);
INSERT INTO recording_puid (created, recording, puid, edits_pending, id) VALUES ('2011-01-18 16:56:00.408782+01', 162925, 1716369, 0, 2371104);
INSERT INTO recording_puid (created, recording, puid, edits_pending, id) VALUES ('2011-01-18 16:56:00.408782+01', 162925, 1763375, 0, 2202389);
INSERT INTO recording_puid (created, recording, puid, edits_pending, id) VALUES ('2011-01-18 16:56:00.408782+01', 162925, 1802402, 0, 2250405);
INSERT INTO recording_puid (created, recording, puid, edits_pending, id) VALUES ('2011-01-18 16:56:00.408782+01', 162925, 1991407, 0, 2485181);
INSERT INTO recording_puid (created, recording, puid, edits_pending, id) VALUES ('2011-01-18 16:56:00.408782+01', 162925, 1991408, 0, 2485182);
INSERT INTO recording_puid (created, recording, puid, edits_pending, id) VALUES ('2011-01-18 16:56:00.408782+01', 162925, 2155682, 0, 5962090);
INSERT INTO recording_puid (created, recording, puid, edits_pending, id) VALUES ('2011-01-18 16:56:00.408782+01', 162925, 2192426, 0, 2735967);
INSERT INTO recording_puid (created, recording, puid, edits_pending, id) VALUES ('2011-01-18 16:56:00.408782+01', 162925, 2194480, 0, 2738542);
INSERT INTO recording_puid (created, recording, puid, edits_pending, id) VALUES ('2011-01-18 16:56:00.408782+01', 162925, 2217878, 0, 2768338);
INSERT INTO recording_puid (created, recording, puid, edits_pending, id) VALUES ('2011-01-18 16:56:00.408782+01', 162925, 2359241, 0, 2946600);
INSERT INTO recording_puid (created, recording, puid, edits_pending, id) VALUES ('2011-01-18 16:56:00.408782+01', 162925, 2414041, 0, 3016823);
INSERT INTO recording_puid (created, recording, puid, edits_pending, id) VALUES ('2011-01-18 16:56:00.408782+01', 162925, 2663687, 0, 3329039);
INSERT INTO recording_puid (created, recording, puid, edits_pending, id) VALUES ('2011-01-18 16:56:00.408782+01', 162925, 2770277, 0, 3503206);
INSERT INTO recording_puid (created, recording, puid, edits_pending, id) VALUES ('2011-01-18 16:56:00.408782+01', 162925, 3039466, 0, 3817452);
INSERT INTO recording_puid (created, recording, puid, edits_pending, id) VALUES ('2011-01-18 16:56:00.408782+01', 162925, 3146279, 0, 3951294);
INSERT INTO recording_puid (created, recording, puid, edits_pending, id) VALUES ('2011-01-18 16:56:00.408782+01', 162925, 3156773, 0, 3965245);
INSERT INTO recording_puid (created, recording, puid, edits_pending, id) VALUES ('2011-01-18 16:56:00.408782+01', 162925, 3386062, 0, 4267585);
INSERT INTO recording_puid (created, recording, puid, edits_pending, id) VALUES ('2011-01-18 16:56:00.408782+01', 162925, 3813831, 0, 4821907);
INSERT INTO recording_puid (created, recording, puid, edits_pending, id) VALUES ('2011-01-18 16:56:00.408782+01', 162925, 3926135, 0, 4960286);
INSERT INTO recording_puid (created, recording, puid, edits_pending, id) VALUES ('2011-01-18 16:56:00.408782+01', 162925, 3927960, 0, 4962685);
INSERT INTO recording_puid (created, recording, puid, edits_pending, id) VALUES ('2011-01-18 16:56:00.408782+01', 162925, 4154716, 0, 5254064);
INSERT INTO recording_puid (created, recording, puid, edits_pending, id) VALUES ('2011-01-18 16:56:00.408782+01', 162925, 4469932, 0, 5660352);
INSERT INTO recording_puid (created, recording, puid, edits_pending, id) VALUES ('2011-01-18 16:56:00.408782+01', 162925, 4657320, 0, 5894139);
INSERT INTO isrc (created, source, recording, isrc, edits_pending, id) VALUES ('2011-01-18 16:56:00.408782+01', 0, 162925, 'USAT20703878', 0, 30029);
UPDATE recording_meta SET rating_count = 2, rating = 80 WHERE id = 162925;
INSERT INTO track_name (name, id) VALUES ('No Quarter', 3533480);
INSERT INTO recording (last_updated, name, edits_pending, artist_credit, length, comment, id, gid) VALUES (NULL, 3533480, 0, 388, 420573, '', 162926, '2822a034-283d-4082-8464-6189ff29fbb9');
INSERT INTO puid (version, puid, id) VALUES (1, '144d8a53-8018-c75f-b781-3d8ad5b25e10', 89395);
INSERT INTO puid (version, puid, id) VALUES (1, '41031544-14b5-8c4e-e0e2-5a94c49c193a', 263196);
INSERT INTO puid (version, puid, id) VALUES (1, '7c744a66-76ce-a2c6-cdde-4af426858b7f', 376897);
INSERT INTO puid (version, puid, id) VALUES (1, '96b6117e-e1b9-cc7a-7cd2-864b17ac7aaa', 427263);
INSERT INTO puid (version, puid, id) VALUES (1, 'c4d1f583-69d4-d814-5d8c-e9c969e6d1ed', 515441);
INSERT INTO puid (version, puid, id) VALUES (1, 'e2cbdb64-2459-62a6-ec4c-580e7442fd87', 572750);
INSERT INTO puid (version, puid, id) VALUES (140, '52d111a2-3be7-0dec-348c-b750460ca16c', 1802401);
INSERT INTO puid (version, puid, id) VALUES (140, '56897edd-cfb2-a0fa-8ddc-8750f0011ea6', 1997590);
INSERT INTO puid (version, puid, id) VALUES (178, '705248f4-d293-5e89-dd5f-e6e8ed688c30', 2086906);
INSERT INTO puid (version, puid, id) VALUES (181, '5cbe70fb-fab8-f38b-3be5-5ff5fe3e646f', 2217877);
INSERT INTO puid (version, puid, id) VALUES (188, '1fc00108-147d-343c-aecc-5d220af74d26', 2279216);
INSERT INTO puid (version, puid, id) VALUES (186, '9f0b64a4-ddf2-893c-f569-8d935184fdc5', 2657935);
INSERT INTO puid (version, puid, id) VALUES (199, '1371451b-3053-480b-9bcf-a42c4ad906fb', 2976584);
INSERT INTO puid (version, puid, id) VALUES (194, '40232d44-2be9-4143-0204-c852e68096df', 3156745);
INSERT INTO puid (version, puid, id) VALUES (246, '1d894ffe-d99e-62ab-e783-2aad8b6dcf3a', 4335124);
INSERT INTO puid (version, puid, id) VALUES (259, 'e9dbc595-b2a0-a1fd-4288-7b4aebd55737', 4559641);
INSERT INTO recording_puid (created, recording, puid, edits_pending, id) VALUES ('2011-01-18 16:56:00.408782+01', 162926, 89395, 0, 2407098);
INSERT INTO recording_puid (created, recording, puid, edits_pending, id) VALUES ('2011-01-18 16:56:00.408782+01', 162926, 263196, 0, 338485);
INSERT INTO recording_puid (created, recording, puid, edits_pending, id) VALUES ('2011-01-18 16:56:00.408782+01', 162926, 376897, 0, 484566);
INSERT INTO recording_puid (created, recording, puid, edits_pending, id) VALUES ('2011-01-18 16:56:00.408782+01', 162926, 427263, 0, 549583);
INSERT INTO recording_puid (created, recording, puid, edits_pending, id) VALUES ('2011-01-18 16:56:00.408782+01', 162926, 515441, 0, 1068533);
INSERT INTO recording_puid (created, recording, puid, edits_pending, id) VALUES ('2011-01-18 16:56:00.408782+01', 162926, 572750, 0, 736501);
INSERT INTO recording_puid (created, recording, puid, edits_pending, id) VALUES ('2011-01-18 16:56:00.408782+01', 162926, 1802401, 0, 2250404);
INSERT INTO recording_puid (created, recording, puid, edits_pending, id) VALUES ('2011-01-18 16:56:00.408782+01', 162926, 1997590, 0, 2493151);
INSERT INTO recording_puid (created, recording, puid, edits_pending, id) VALUES ('2011-01-18 16:56:00.408782+01', 162926, 2086906, 0, 2606632);
INSERT INTO recording_puid (created, recording, puid, edits_pending, id) VALUES ('2011-01-18 16:56:00.408782+01', 162926, 2217877, 0, 2768337);
INSERT INTO recording_puid (created, recording, puid, edits_pending, id) VALUES ('2011-01-18 16:56:00.408782+01', 162926, 2279216, 0, 2845536);
INSERT INTO recording_puid (created, recording, puid, edits_pending, id) VALUES ('2011-01-18 16:56:00.408782+01', 162926, 2657935, 0, 3321179);
INSERT INTO recording_puid (created, recording, puid, edits_pending, id) VALUES ('2011-01-18 16:56:00.408782+01', 162926, 2976584, 0, 3736336);
INSERT INTO recording_puid (created, recording, puid, edits_pending, id) VALUES ('2011-01-18 16:56:00.408782+01', 162926, 3156745, 0, 3965217);
INSERT INTO recording_puid (created, recording, puid, edits_pending, id) VALUES ('2011-01-18 16:56:00.408782+01', 162926, 4335124, 0, 5481477);
INSERT INTO recording_puid (created, recording, puid, edits_pending, id) VALUES ('2011-01-18 16:56:00.408782+01', 162926, 4559641, 0, 5769199);
INSERT INTO isrc (created, source, recording, isrc, edits_pending, id) VALUES ('2011-01-18 16:56:00.408782+01', 0, 162926, 'USAT20703879', 0, 30030);
UPDATE recording_meta SET rating_count = NULL, rating = NULL WHERE id = 162926;
INSERT INTO track_name (name, id) VALUES ('The Ocean', 1039120);
INSERT INTO recording (last_updated, name, edits_pending, artist_credit, length, comment, id, gid) VALUES (NULL, 1039120, 0, 388, 271066, '', 162927, '9868d850-a37b-4e03-b097-8e2b5d26429c');
INSERT INTO puid (version, puid, id) VALUES (1, '05d2acd4-b41d-156d-23ba-a6ae8a521950', 25807);
INSERT INTO puid (version, puid, id) VALUES (1, '1a6f52d8-6fc0-8c9e-bebd-a3e60a323821', 116244);
INSERT INTO puid (version, puid, id) VALUES (1, '2e0b177b-8ce9-e953-3f6a-d84b78a7c9db', 201381);
INSERT INTO puid (version, puid, id) VALUES (1, '3963d190-7ff6-b29a-8c59-f3022291df2d', 248453);
INSERT INTO puid (version, puid, id) VALUES (1, 'c6426f9d-6032-1a78-9f8a-e9c245df7a23', 518258);
INSERT INTO puid (version, puid, id) VALUES (1, 'e44c9b3e-d027-e6e9-47c4-1ba6771a5ce9', 575620);
INSERT INTO puid (version, puid, id) VALUES (1, 'fefbe088-53c4-d32d-56ff-3246be801b09', 626668);
INSERT INTO puid (version, puid, id) VALUES (131, 'dda2b21e-6617-61ce-6b02-a51b74650889', 840259);
INSERT INTO clientversion (created, version, id) VALUES ('2011-01-18 16:21:33.71184+01', 'MusicBrainz Picard-0.9.0alpha6', 153);
INSERT INTO puid (version, puid, id) VALUES (153, '29905d0d-9118-3e6c-73e4-09ed29838656', 1630771);
INSERT INTO puid (version, puid, id) VALUES (181, 'a1e807ae-d5ce-6f73-8d26-d0a26b5d0849', 2177660);
INSERT INTO puid (version, puid, id) VALUES (181, '5b8b8f3c-d2ba-32d9-6740-7147011ea05d', 2217876);
INSERT INTO puid (version, puid, id) VALUES (181, '73662363-8984-4075-b88a-540e0c1c5df7', 2319547);
INSERT INTO puid (version, puid, id) VALUES (188, '7fb3cbcf-5287-2eb7-3862-ed643c494240', 2745422);
INSERT INTO clientversion (created, version, id) VALUES ('2011-01-18 16:21:33.71184+01', 'Jaikoz-2.6.0', 198);
INSERT INTO puid (version, puid, id) VALUES (198, '05fde8a5-9181-9295-4f9d-74867f8b5f27', 2869261);
INSERT INTO puid (version, puid, id) VALUES (194, '36a3343f-7b85-c400-f553-fd372c3cf0b5', 3146295);
INSERT INTO puid (version, puid, id) VALUES (204, '381ddede-4bda-55d5-8dd2-64acf71d5b5c', 3588791);
INSERT INTO puid (version, puid, id) VALUES (246, '3265dae9-684f-dff3-0d56-9e84f82f1ebd', 3780689);
INSERT INTO recording_puid (created, recording, puid, edits_pending, id) VALUES ('2011-01-18 16:56:00.408782+01', 162927, 25807, 0, 33192);
INSERT INTO recording_puid (created, recording, puid, edits_pending, id) VALUES ('2011-01-18 16:56:00.408782+01', 162927, 116244, 0, 149512);
INSERT INTO recording_puid (created, recording, puid, edits_pending, id) VALUES ('2011-01-18 16:56:00.408782+01', 162927, 201381, 0, 259179);
INSERT INTO recording_puid (created, recording, puid, edits_pending, id) VALUES ('2011-01-18 16:56:00.408782+01', 162927, 248453, 0, 319469);
INSERT INTO recording_puid (created, recording, puid, edits_pending, id) VALUES ('2011-01-18 16:56:00.408782+01', 162927, 518258, 0, 666554);
INSERT INTO recording_puid (created, recording, puid, edits_pending, id) VALUES ('2011-01-18 16:56:00.408782+01', 162927, 575620, 0, 740151);
INSERT INTO recording_puid (created, recording, puid, edits_pending, id) VALUES ('2011-01-18 16:56:00.408782+01', 162927, 626668, 0, 805678);
INSERT INTO recording_puid (created, recording, puid, edits_pending, id) VALUES ('2011-01-18 16:56:00.408782+01', 162927, 840259, 0, 1284307);
INSERT INTO recording_puid (created, recording, puid, edits_pending, id) VALUES ('2011-01-18 16:56:00.408782+01', 162927, 1630771, 0, 3459059);
INSERT INTO recording_puid (created, recording, puid, edits_pending, id) VALUES ('2011-01-18 16:56:00.408782+01', 162927, 2177660, 0, 2717865);
INSERT INTO recording_puid (created, recording, puid, edits_pending, id) VALUES ('2011-01-18 16:56:00.408782+01', 162927, 2217876, 0, 2768336);
INSERT INTO recording_puid (created, recording, puid, edits_pending, id) VALUES ('2011-01-18 16:56:00.408782+01', 162927, 2319547, 0, 2896783);
INSERT INTO recording_puid (created, recording, puid, edits_pending, id) VALUES ('2011-01-18 16:56:00.408782+01', 162927, 2745422, 0, 3437726);
INSERT INTO recording_puid (created, recording, puid, edits_pending, id) VALUES ('2011-01-18 16:56:00.408782+01', 162927, 2869261, 0, 3597394);
INSERT INTO recording_puid (created, recording, puid, edits_pending, id) VALUES ('2011-01-18 16:56:00.408782+01', 162927, 3146295, 0, 3951310);
INSERT INTO recording_puid (created, recording, puid, edits_pending, id) VALUES ('2011-01-18 16:56:00.408782+01', 162927, 3588791, 0, 4532824);
INSERT INTO recording_puid (created, recording, puid, edits_pending, id) VALUES ('2011-01-18 16:56:00.408782+01', 162927, 3780689, 0, 4780070);
UPDATE recording_meta SET rating_count = NULL, rating = NULL WHERE id = 162927;
INSERT INTO track (last_updated, number, recording, name, position, edits_pending, artist_credit, length, medium, id, gid) VALUES ('2013-03-07 16:53:06.647156+01', '1', 160074, 3655130, 1, 0, 388, 330160, 12998, 11484266, '0b47546b-2291-4a6c-b8f7-d9bc9367c744');
INSERT INTO track (last_updated, number, recording, name, position, edits_pending, artist_credit, length, medium, id, gid) VALUES ('2013-03-07 16:53:06.647156+01', '2', 162921, 3209047, 2, 0, 388, 459266, 12998, 11484267, '71b3ffaf-a084-49bc-908d-73f76898eb73');
INSERT INTO track (last_updated, number, recording, name, position, edits_pending, artist_credit, length, medium, id, gid) VALUES ('2013-03-07 16:53:06.647156+01', '3', 162922, 3132772, 3, 0, 388, 290000, 12998, 11484268, 'de40dd01-d187-4c0a-bf46-c512ac8d561e');
INSERT INTO track (last_updated, number, recording, name, position, edits_pending, artist_credit, length, medium, id, gid) VALUES ('2013-03-07 16:53:06.647156+01', '4', 162923, 2117609, 4, 0, 388, 197266, 12998, 11484269, '4155cde0-d927-4de9-b310-e01ca8cb8e87');
INSERT INTO track (last_updated, number, recording, name, position, edits_pending, artist_credit, length, medium, id, gid) VALUES ('2013-03-07 16:53:06.647156+01', '5', 162924, 4857359, 5, 0, 388, 223173, 12998, 11484270, '0c6b87dc-f2f3-4571-baab-83e538d90378');
INSERT INTO track (last_updated, number, recording, name, position, edits_pending, artist_credit, length, medium, id, gid) VALUES ('2013-03-07 16:53:06.647156+01', '6', 162925, 49187, 6, 0, 388, 262626, 12998, 11484271, '2ed05908-f6f5-40a9-86d0-c4ae9c5335a7');
INSERT INTO track (last_updated, number, recording, name, position, edits_pending, artist_credit, length, medium, id, gid) VALUES ('2013-03-07 16:53:06.647156+01', '7', 162926, 3533480, 7, 0, 388, 420573, 12998, 11484272, 'bebc84b0-af69-42e8-94a5-ce4c7ed1c3ac');
INSERT INTO track (last_updated, number, recording, name, position, edits_pending, artist_credit, length, medium, id, gid) VALUES ('2013-03-07 16:53:06.647156+01', '8', 162927, 1039120, 8, 0, 388, 271066, 12998, 11484273, 'a11db397-12a3-4118-b406-c51058f9b717');
INSERT INTO label_name (name, id) VALUES ('Atlantic', 7953);
INSERT INTO label (label_code, edits_pending, ended, id, sort_name, country, begin_date_day, last_updated, name, begin_date_year, end_date_day, comment, begin_date_month, end_date_month, type, end_date_year, gid) VALUES (121, 0, '0', 33, 7953, 222, NULL, NULL, 7953, 1947, NULL, '', NULL, NULL, 4, NULL, '50c384a2-0b44-401b-b893-8181173339c7');
INSERT INTO label_name (name, id) VALUES ('Atlantic Recording Corporation', 48938);
INSERT INTO label_name (name, id) VALUES ('Atlantic Records', 23641);
INSERT INTO label_alias (begin_date_day, last_updated, primary_for_locale, name, edits_pending, locale, begin_date_year, end_date_day, begin_date_month, end_date_month, id, label, type, end_date_year, sort_name) VALUES (NULL, '2011-01-18 16:21:33.71184+01', '0', 7953, 0, NULL, NULL, NULL, NULL, NULL, 1523, 33, NULL, NULL, 7953);
INSERT INTO label_alias (begin_date_day, last_updated, primary_for_locale, name, edits_pending, locale, begin_date_year, end_date_day, begin_date_month, end_date_month, id, label, type, end_date_year, sort_name) VALUES (NULL, '2011-01-18 16:21:33.71184+01', '0', 48938, 0, NULL, NULL, NULL, NULL, NULL, 3831, 33, NULL, NULL, 48938);
INSERT INTO label_alias (begin_date_day, last_updated, primary_for_locale, name, edits_pending, locale, begin_date_year, end_date_day, begin_date_month, end_date_month, id, label, type, end_date_year, sort_name) VALUES (NULL, '2011-01-18 16:21:33.71184+01', '0', 23641, 0, NULL, NULL, NULL, NULL, NULL, 4096, 33, NULL, NULL, 23641);
UPDATE label_meta SET rating_count = NULL, rating = NULL WHERE id = 33;
INSERT INTO release_label (last_updated, catalog_number, label, release, id) VALUES ('2011-01-18 16:52:02.917556+01', 'SD 7255', 33, 12998, 5163);
UPDATE release_meta SET amazon_asin = NULL, info_url = NULL, date_added = NULL, cover_art_presence = 'absent', amazon_store = NULL WHERE id = 12998;
INSERT INTO medium (last_updated, name, position, track_count, edits_pending, release, format, id) VALUES ('2013-03-07 16:53:07.18794+01', NULL, 1, 8, 0, 278984, 1, 278984);
INSERT INTO cdtoc (created, discid, track_offset, degraded, leadout_offset, track_count, id, freedb_id) VALUES ('2011-01-18 16:21:33.71184+01', 'Sehck3.MCN8EFcUJ5.F8nR4H3v0-', '{182,24925,59357,81107,95905,112640,132355,163885}', '0', 184210, 8, 49930, '60099608');
INSERT INTO cdtoc (created, discid, track_offset, degraded, leadout_offset, track_count, id, freedb_id) VALUES ('2011-01-18 16:21:33.71184+01', 'vdqjl0qd439MIsKaj0snDOhuiLU-', '{150,24890,59372,81145,95795,112695,132545,164315}', '0', 184645, 8, 354280, '5e099b08');
INSERT INTO cdtoc (created, discid, track_offset, degraded, leadout_offset, track_count, id, freedb_id) VALUES ('2011-01-18 16:21:33.71184+01', '8g0LhwVHIn_LfBt88ruvkYe1X3g-', '{150,24947,59365,81115,95912,112647,132362,163892}', '0', 184245, 8, 339838, '60099608');
INSERT INTO cdtoc (created, discid, track_offset, degraded, leadout_offset, track_count, id, freedb_id) VALUES ('2011-01-18 16:21:33.71184+01', 'dvMaF6OoUA42N9Jw_nwISI86ocY-', '{187,25000,59482,81242,95895,112795,132645,164425}', '0', 184805, 8, 316245, '69099e08');
INSERT INTO cdtoc (created, discid, track_offset, degraded, leadout_offset, track_count, id, freedb_id) VALUES ('2011-01-18 16:21:33.71184+01', 'RQ69TCHg_nsoKXtFgDc5T5QGMgQ-', '{150,24890,59372,81145,95795,112695,132545,164315}', '0', 184657, 8, 295235, '5e099c08');
INSERT INTO cdtoc (created, discid, track_offset, degraded, leadout_offset, track_count, id, freedb_id) VALUES ('2011-01-18 16:21:33.71184+01', 'VWXyO4ux.s2_c5jFS1Q4Etsp6co-', '{150,33045,69418,101400,119930,137573,158710,211493}', '0', 236918, 8, 291363, '6b0c5408');
INSERT INTO cdtoc (created, discid, track_offset, degraded, leadout_offset, track_count, id, freedb_id) VALUES ('2011-01-18 16:21:33.71184+01', 'AE1YB3XUylgfysw.tszWOdkrwiQ-', '{150,24948,59365,81115,95913,112648,132363,163893}', '0', 184245, 8, 268087, '60099608');
INSERT INTO cdtoc (created, discid, track_offset, degraded, leadout_offset, track_count, id, freedb_id) VALUES ('2011-01-18 16:21:33.71184+01', 'YOLlLOewMCnK5OdwRldTW8H8Ph0-', '{182,24928,59358,81108,95905,112640,132355,163885}', '0', 184210, 8, 256078, '60099608');
INSERT INTO cdtoc (created, discid, track_offset, degraded, leadout_offset, track_count, id, freedb_id) VALUES ('2011-01-18 16:21:33.71184+01', 'ZeUS.FCJxbcQhhKEEul4EHw6NYQ-', '{183,24923,59405,81178,95828,112728,132578,164348}', '0', 184690, 8, 184796, '63099c08');
INSERT INTO cdtoc (created, discid, track_offset, degraded, leadout_offset, track_count, id, freedb_id) VALUES ('2011-01-18 16:21:33.71184+01', 'AUwjxNYeUi4fSgvQJfjGRDwJXJ0-', '{150,24895,59325,81075,95872,112607,132322,163852}', '0', 184165, 8, 181552, '5e099508');
INSERT INTO cdtoc (created, discid, track_offset, degraded, leadout_offset, track_count, id, freedb_id) VALUES ('2011-01-18 16:21:33.71184+01', '9h2hHjVbVjVI6KwuTGDZzhbmc9U-', '{182,24937,59360,81125,95920,112650,132350,163895}', '0', 184240, 8, 152998, '61099608');
INSERT INTO cdtoc (created, discid, track_offset, degraded, leadout_offset, track_count, id, freedb_id) VALUES ('2011-01-18 16:21:33.71184+01', '7sSDtdOuG5P3Y.eEDls6U7SYorE-', '{183,24930,59413,81178,95828,112728,132578,164355}', '0', 184665, 8, 121086, '63099c08');
INSERT INTO cdtoc (created, discid, track_offset, degraded, leadout_offset, track_count, id, freedb_id) VALUES ('2011-01-18 16:21:33.71184+01', 'nuzctgwwFzYqqT06PC55YXawumw-', '{182,24917,59357,81107,95905,112640,132355,163885}', '0', 184190, 8, 108503, '60099508');
INSERT INTO cdtoc (created, discid, track_offset, degraded, leadout_offset, track_count, id, freedb_id) VALUES ('2011-01-18 16:21:33.71184+01', 'YawI_3ga7sXXZk6jGfmPOm9god4-', '{150,24912,59357,81107,95902,112640,132337,163880}', '0', 184210, 8, 893, '60099608');
INSERT INTO cdtoc (created, discid, track_offset, degraded, leadout_offset, track_count, id, freedb_id) VALUES ('2011-01-18 16:21:33.71184+01', '8IxUHoNrTHMAmTIlhuY4F7A3pv4-', '{225,24977,59460,81232,95882,112782,132632,164402}', '0', 184707, 8, 7927, '69099b08');
INSERT INTO cdtoc (created, discid, track_offset, degraded, leadout_offset, track_count, id, freedb_id) VALUES ('2011-01-18 16:21:33.71184+01', '6QwQ1XpuVHRAf2WmEJ7ncFCHIFE-', '{150,25072,59718,81659,96480,113544,133562,165506}', '0', 185931, 8, 98281, '6809ad08');
INSERT INTO medium_cdtoc (last_updated, medium, edits_pending, id, cdtoc) VALUES ('2011-01-18 16:21:33.71184+01', 278984, 0, 211840, 49930);
INSERT INTO medium_cdtoc (last_updated, medium, edits_pending, id, cdtoc) VALUES ('2011-01-18 16:21:33.71184+01', 278984, 0, 211841, 354280);
INSERT INTO medium_cdtoc (last_updated, medium, edits_pending, id, cdtoc) VALUES ('2011-01-18 16:21:33.71184+01', 278984, 0, 211842, 339838);
INSERT INTO medium_cdtoc (last_updated, medium, edits_pending, id, cdtoc) VALUES ('2011-01-18 16:21:33.71184+01', 278984, 0, 211843, 316245);
INSERT INTO medium_cdtoc (last_updated, medium, edits_pending, id, cdtoc) VALUES ('2011-01-18 16:21:33.71184+01', 278984, 0, 211844, 295235);
INSERT INTO medium_cdtoc (last_updated, medium, edits_pending, id, cdtoc) VALUES ('2011-01-18 16:21:33.71184+01', 278984, 0, 211845, 291363);
INSERT INTO medium_cdtoc (last_updated, medium, edits_pending, id, cdtoc) VALUES ('2011-01-18 16:21:33.71184+01', 278984, 0, 211846, 268087);
INSERT INTO medium_cdtoc (last_updated, medium, edits_pending, id, cdtoc) VALUES ('2011-01-18 16:21:33.71184+01', 278984, 0, 211847, 256078);
INSERT INTO medium_cdtoc (last_updated, medium, edits_pending, id, cdtoc) VALUES ('2011-01-18 16:21:33.71184+01', 278984, 0, 211848, 184796);
INSERT INTO medium_cdtoc (last_updated, medium, edits_pending, id, cdtoc) VALUES ('2011-01-18 16:21:33.71184+01', 278984, 0, 211849, 181552);
INSERT INTO medium_cdtoc (last_updated, medium, edits_pending, id, cdtoc) VALUES ('2011-01-18 16:21:33.71184+01', 278984, 0, 211850, 152998);
INSERT INTO medium_cdtoc (last_updated, medium, edits_pending, id, cdtoc) VALUES ('2011-01-18 16:21:33.71184+01', 278984, 0, 211851, 121086);
INSERT INTO medium_cdtoc (last_updated, medium, edits_pending, id, cdtoc) VALUES ('2011-01-18 16:21:33.71184+01', 278984, 0, 211852, 108503);
INSERT INTO medium_cdtoc (last_updated, medium, edits_pending, id, cdtoc) VALUES ('2011-01-18 16:21:33.71184+01', 278984, 0, 211853, 893);
INSERT INTO medium_cdtoc (last_updated, medium, edits_pending, id, cdtoc) VALUES ('2011-01-18 16:21:33.71184+01', 278984, 0, 211854, 7927);
INSERT INTO medium_cdtoc (last_updated, medium, edits_pending, id, cdtoc) VALUES ('2011-01-18 16:21:33.71184+01', 278984, 0, 211855, 98281);
INSERT INTO track (last_updated, number, recording, name, position, edits_pending, artist_credit, length, medium, id, gid) VALUES ('2013-03-07 16:53:06.647156+01', '1', 160074, 3655130, 1, 0, 388, 330160, 278984, 11484274, 'b53bc665-a4e8-4db8-8d1c-040cecc7b78d');
INSERT INTO track (last_updated, number, recording, name, position, edits_pending, artist_credit, length, medium, id, gid) VALUES ('2013-03-07 16:53:06.647156+01', '2', 162921, 3209047, 2, 0, 388, 459266, 278984, 11484275, 'e36a25f5-0e66-4d81-abd1-90c3cb48d980');
INSERT INTO track (last_updated, number, recording, name, position, edits_pending, artist_credit, length, medium, id, gid) VALUES ('2013-03-07 16:53:06.647156+01', '3', 162922, 3132772, 3, 0, 388, 290000, 278984, 11484276, '82a0e526-8832-4e16-8ee2-213aa9d7c78d');
INSERT INTO track (last_updated, number, recording, name, position, edits_pending, artist_credit, length, medium, id, gid) VALUES ('2013-03-07 16:53:06.647156+01', '4', 162923, 2117609, 4, 0, 388, 197266, 278984, 11484277, '42ec824f-528f-4fbc-a160-802ca75aac29');
INSERT INTO track (last_updated, number, recording, name, position, edits_pending, artist_credit, length, medium, id, gid) VALUES ('2013-03-07 16:53:06.647156+01', '5', 162924, 4857359, 5, 0, 388, 223173, 278984, 11484278, 'f9914f82-c32d-4711-90b8-4bb88f1246d1');
INSERT INTO track (last_updated, number, recording, name, position, edits_pending, artist_credit, length, medium, id, gid) VALUES ('2013-03-07 16:53:06.647156+01', '6', 162925, 49187, 6, 0, 388, 262626, 278984, 11484279, 'fdc8204f-57ee-4cb8-8e8c-e3f4e5901edf');
INSERT INTO track (last_updated, number, recording, name, position, edits_pending, artist_credit, length, medium, id, gid) VALUES ('2013-03-07 16:53:06.647156+01', '7', 162926, 3533480, 7, 0, 388, 420573, 278984, 11484280, '226d61e5-9af8-45a9-b041-614052a71150');
INSERT INTO track (last_updated, number, recording, name, position, edits_pending, artist_credit, length, medium, id, gid) VALUES ('2013-03-07 16:53:06.647156+01', '8', 162927, 1039120, 8, 0, 388, 271066, 278984, 11484281, '6f309ec6-1faa-4e6c-b762-611cf27ffa14');
INSERT INTO release_label (last_updated, catalog_number, label, release, id) VALUES ('2011-01-18 16:52:02.917556+01', '82639-2', 33, 278984, 5158);
UPDATE release_meta SET amazon_asin = 'B000002J0B', info_url = 'http://www.amazon.com/gp/product/B000002J0B', date_added = NULL, cover_art_presence = 'absent', amazon_store = NULL WHERE id = 278984;
INSERT INTO medium (last_updated, name, position, track_count, edits_pending, release, format, id) VALUES ('2013-03-07 16:53:07.18794+01', NULL, 1, 8, 0, 441328, 1, 441328);
INSERT INTO medium_cdtoc (last_updated, medium, edits_pending, id, cdtoc) VALUES ('2011-01-18 16:21:33.71184+01', 441328, 0, 305636, 121086);
INSERT INTO medium_cdtoc (last_updated, medium, edits_pending, id, cdtoc) VALUES ('2011-01-18 16:21:33.71184+01', 441328, 0, 305637, 108503);
INSERT INTO medium_cdtoc (last_updated, medium, edits_pending, id, cdtoc) VALUES ('2011-01-18 16:21:33.71184+01', 441328, 0, 305638, 98281);
INSERT INTO medium_cdtoc (last_updated, medium, edits_pending, id, cdtoc) VALUES ('2011-01-18 16:21:33.71184+01', 441328, 0, 305639, 7927);
INSERT INTO medium_cdtoc (last_updated, medium, edits_pending, id, cdtoc) VALUES ('2011-01-18 16:21:33.71184+01', 441328, 0, 305640, 893);
INSERT INTO medium_cdtoc (last_updated, medium, edits_pending, id, cdtoc) VALUES ('2011-01-18 16:21:33.71184+01', 441328, 0, 305641, 152998);
INSERT INTO medium_cdtoc (last_updated, medium, edits_pending, id, cdtoc) VALUES ('2011-01-18 16:21:33.71184+01', 441328, 0, 305642, 339838);
INSERT INTO medium_cdtoc (last_updated, medium, edits_pending, id, cdtoc) VALUES ('2011-01-18 16:21:33.71184+01', 441328, 0, 305643, 354280);
INSERT INTO medium_cdtoc (last_updated, medium, edits_pending, id, cdtoc) VALUES ('2011-01-18 16:21:33.71184+01', 441328, 0, 305644, 184796);
INSERT INTO medium_cdtoc (last_updated, medium, edits_pending, id, cdtoc) VALUES ('2011-01-18 16:21:33.71184+01', 441328, 0, 305645, 49930);
INSERT INTO medium_cdtoc (last_updated, medium, edits_pending, id, cdtoc) VALUES ('2011-01-18 16:21:33.71184+01', 441328, 0, 305646, 256078);
INSERT INTO medium_cdtoc (last_updated, medium, edits_pending, id, cdtoc) VALUES ('2011-01-18 16:21:33.71184+01', 441328, 0, 305647, 295235);
INSERT INTO medium_cdtoc (last_updated, medium, edits_pending, id, cdtoc) VALUES ('2011-01-18 16:21:33.71184+01', 441328, 0, 305648, 181552);
INSERT INTO medium_cdtoc (last_updated, medium, edits_pending, id, cdtoc) VALUES ('2011-01-18 16:21:33.71184+01', 441328, 0, 305649, 291363);
INSERT INTO medium_cdtoc (last_updated, medium, edits_pending, id, cdtoc) VALUES ('2011-01-18 16:21:33.71184+01', 441328, 0, 305650, 268087);
INSERT INTO medium_cdtoc (last_updated, medium, edits_pending, id, cdtoc) VALUES ('2011-01-18 16:21:33.71184+01', 441328, 0, 305651, 316245);
INSERT INTO track (last_updated, number, recording, name, position, edits_pending, artist_credit, length, medium, id, gid) VALUES ('2013-03-07 16:53:06.647156+01', '1', 160074, 3655130, 1, 0, 388, 330160, 441328, 11484282, 'eb5cf885-54ee-4e04-af8e-44813654d0a4');
INSERT INTO track (last_updated, number, recording, name, position, edits_pending, artist_credit, length, medium, id, gid) VALUES ('2013-03-07 16:53:06.647156+01', '2', 162921, 3209047, 2, 0, 388, 459266, 441328, 11484283, '836f6aa1-1ae8-4e50-8a6e-6b3dec6650d8');
INSERT INTO track (last_updated, number, recording, name, position, edits_pending, artist_credit, length, medium, id, gid) VALUES ('2013-03-07 16:53:06.647156+01', '3', 162922, 3132772, 3, 0, 388, 290000, 441328, 11484284, 'c2495d17-378a-4b66-995e-e64eb1b6f234');
INSERT INTO track (last_updated, number, recording, name, position, edits_pending, artist_credit, length, medium, id, gid) VALUES ('2013-03-07 16:53:06.647156+01', '4', 162923, 2117609, 4, 0, 388, 197266, 441328, 11484285, '265dd53f-45e2-4e8f-91f9-cb3e601c1622');
INSERT INTO track (last_updated, number, recording, name, position, edits_pending, artist_credit, length, medium, id, gid) VALUES ('2013-03-07 16:53:06.647156+01', '5', 162924, 4857359, 5, 0, 388, 223173, 441328, 11484286, '6472399a-fc53-4115-b0e6-62619d5495c2');
INSERT INTO track (last_updated, number, recording, name, position, edits_pending, artist_credit, length, medium, id, gid) VALUES ('2013-03-07 16:53:06.647156+01', '6', 162925, 49187, 6, 0, 388, 262626, 441328, 11484287, 'b06a02f5-4d8f-449e-8950-dbe86bf10bce');
INSERT INTO track (last_updated, number, recording, name, position, edits_pending, artist_credit, length, medium, id, gid) VALUES ('2013-03-07 16:53:06.647156+01', '7', 162926, 3533480, 7, 0, 388, 420573, 441328, 11484288, '64436960-9569-4545-90d7-a5ed2b3bb0db');
INSERT INTO track (last_updated, number, recording, name, position, edits_pending, artist_credit, length, medium, id, gid) VALUES ('2013-03-07 16:53:06.647156+01', '8', 162927, 1039120, 8, 0, 388, 271066, 441328, 11484289, 'a4b1d1f0-4156-4ec9-a56a-b1105cbbdec0');
INSERT INTO label_type (name, id) VALUES ('Distributor', 1);
INSERT INTO label_name (name, id) VALUES ('Warner Music Japan', 45058);
INSERT INTO label (label_code, edits_pending, ended, id, sort_name, country, begin_date_day, last_updated, name, begin_date_year, end_date_day, comment, begin_date_month, end_date_month, type, end_date_year, gid) VALUES (NULL, 0, '0', 369, 45058, 107, NULL, NULL, 45058, 1989, NULL, '', NULL, NULL, 1, NULL, '26ea8229-7cf7-4482-8dae-15589ceb5398');
INSERT INTO label_name (name, id) VALUES ('ワーナーミュージックジャパン', 5159);
INSERT INTO label_name (name, id) VALUES ('ワーナーミュージック・ジャパン', 52151);
INSERT INTO label_name (name, id) VALUES ('WMJ', 22966);
INSERT INTO label_name (name, id) VALUES ('ワーナー・ミュージック・ジャパン', 34441);
INSERT INTO label_alias (begin_date_day, last_updated, primary_for_locale, name, edits_pending, locale, begin_date_year, end_date_day, begin_date_month, end_date_month, id, label, type, end_date_year, sort_name) VALUES (NULL, '2011-01-18 16:21:33.71184+01', '0', 5159, 0, NULL, NULL, NULL, NULL, NULL, 422, 369, NULL, NULL, 5159);
INSERT INTO label_alias (begin_date_day, last_updated, primary_for_locale, name, edits_pending, locale, begin_date_year, end_date_day, begin_date_month, end_date_month, id, label, type, end_date_year, sort_name) VALUES (NULL, '2011-01-18 16:21:33.71184+01', '0', 52151, 0, NULL, NULL, NULL, NULL, NULL, 507, 369, NULL, NULL, 52151);
INSERT INTO label_alias (begin_date_day, last_updated, primary_for_locale, name, edits_pending, locale, begin_date_year, end_date_day, begin_date_month, end_date_month, id, label, type, end_date_year, sort_name) VALUES (NULL, '2011-01-18 16:21:33.71184+01', '0', 22966, 0, NULL, NULL, NULL, NULL, NULL, 2656, 369, NULL, NULL, 22966);
INSERT INTO label_alias (begin_date_day, last_updated, primary_for_locale, name, edits_pending, locale, begin_date_year, end_date_day, begin_date_month, end_date_month, id, label, type, end_date_year, sort_name) VALUES (NULL, '2011-01-18 16:21:33.71184+01', '0', 34441, 0, NULL, NULL, NULL, NULL, NULL, 3779, 369, NULL, NULL, 34441);
UPDATE label_meta SET rating_count = NULL, rating = NULL WHERE id = 369;
INSERT INTO release_label (last_updated, catalog_number, label, release, id) VALUES ('2011-01-18 16:52:02.917556+01', 'WPCR-13134', 369, 441328, 5159);
UPDATE release_meta SET amazon_asin = NULL, info_url = NULL, date_added = NULL, cover_art_presence = 'absent', amazon_store = NULL WHERE id = 441328;
INSERT INTO medium (last_updated, name, position, track_count, edits_pending, release, format, id) VALUES ('2013-03-07 16:53:07.18794+01', NULL, 1, 8, 0, 479654, 1, 479654);
INSERT INTO medium_cdtoc (last_updated, medium, edits_pending, id, cdtoc) VALUES ('2011-01-18 16:21:33.71184+01', 479654, 0, 327428, 184796);
INSERT INTO medium_cdtoc (last_updated, medium, edits_pending, id, cdtoc) VALUES ('2011-01-18 16:21:33.71184+01', 479654, 0, 327429, 181552);
INSERT INTO medium_cdtoc (last_updated, medium, edits_pending, id, cdtoc) VALUES ('2011-01-18 16:21:33.71184+01', 479654, 0, 327430, 7927);
INSERT INTO medium_cdtoc (last_updated, medium, edits_pending, id, cdtoc) VALUES ('2011-01-18 16:21:33.71184+01', 479654, 0, 327431, 339838);
INSERT INTO medium_cdtoc (last_updated, medium, edits_pending, id, cdtoc) VALUES ('2011-01-18 16:21:33.71184+01', 479654, 0, 327432, 256078);
INSERT INTO medium_cdtoc (last_updated, medium, edits_pending, id, cdtoc) VALUES ('2011-01-18 16:21:33.71184+01', 479654, 0, 327433, 268087);
INSERT INTO medium_cdtoc (last_updated, medium, edits_pending, id, cdtoc) VALUES ('2011-01-18 16:21:33.71184+01', 479654, 0, 327434, 121086);
INSERT INTO medium_cdtoc (last_updated, medium, edits_pending, id, cdtoc) VALUES ('2011-01-18 16:21:33.71184+01', 479654, 0, 327435, 291363);
INSERT INTO medium_cdtoc (last_updated, medium, edits_pending, id, cdtoc) VALUES ('2011-01-18 16:21:33.71184+01', 479654, 0, 327436, 316245);
INSERT INTO medium_cdtoc (last_updated, medium, edits_pending, id, cdtoc) VALUES ('2011-01-18 16:21:33.71184+01', 479654, 0, 327437, 295235);
INSERT INTO medium_cdtoc (last_updated, medium, edits_pending, id, cdtoc) VALUES ('2011-01-18 16:21:33.71184+01', 479654, 0, 327438, 152998);
INSERT INTO medium_cdtoc (last_updated, medium, edits_pending, id, cdtoc) VALUES ('2011-01-18 16:21:33.71184+01', 479654, 0, 327439, 893);
INSERT INTO medium_cdtoc (last_updated, medium, edits_pending, id, cdtoc) VALUES ('2011-01-18 16:21:33.71184+01', 479654, 0, 327440, 98281);
INSERT INTO medium_cdtoc (last_updated, medium, edits_pending, id, cdtoc) VALUES ('2011-01-18 16:21:33.71184+01', 479654, 0, 327441, 108503);
INSERT INTO medium_cdtoc (last_updated, medium, edits_pending, id, cdtoc) VALUES ('2011-01-18 16:21:33.71184+01', 479654, 0, 327442, 354280);
INSERT INTO medium_cdtoc (last_updated, medium, edits_pending, id, cdtoc) VALUES ('2011-01-18 16:21:33.71184+01', 479654, 0, 327443, 49930);
INSERT INTO track (last_updated, number, recording, name, position, edits_pending, artist_credit, length, medium, id, gid) VALUES ('2013-03-07 16:53:06.647156+01', '1', 160074, 3655130, 1, 0, 388, 330160, 479654, 11484330, '1ff29e3c-7d5d-4abe-be52-fcc98966aac7');
INSERT INTO track (last_updated, number, recording, name, position, edits_pending, artist_credit, length, medium, id, gid) VALUES ('2013-03-07 16:53:06.647156+01', '2', 162921, 3209047, 2, 0, 388, 459266, 479654, 11484331, '9d31369b-e7d7-4b4e-b8f2-863e943304b2');
INSERT INTO track (last_updated, number, recording, name, position, edits_pending, artist_credit, length, medium, id, gid) VALUES ('2013-03-07 16:53:06.647156+01', '3', 162922, 3132772, 3, 0, 388, 290000, 479654, 11484332, '25a1eea2-fda9-41fb-ba5e-c584c36f4b60');
INSERT INTO track (last_updated, number, recording, name, position, edits_pending, artist_credit, length, medium, id, gid) VALUES ('2013-03-07 16:53:06.647156+01', '4', 162923, 2117609, 4, 0, 388, 197266, 479654, 11484333, 'a080fa88-58c6-45cf-b95c-0e4d8e11ffb3');
INSERT INTO track (last_updated, number, recording, name, position, edits_pending, artist_credit, length, medium, id, gid) VALUES ('2013-03-07 16:53:06.647156+01', '5', 162924, 4857359, 5, 0, 388, 223173, 479654, 11484334, 'b2ee55af-97b6-4b91-9470-16d6df603780');
INSERT INTO track (last_updated, number, recording, name, position, edits_pending, artist_credit, length, medium, id, gid) VALUES ('2013-03-07 16:53:06.647156+01', '6', 162925, 49187, 6, 0, 388, 262626, 479654, 11484335, 'e0320839-f7dc-48b1-b916-fec726fd7ad8');
INSERT INTO track (last_updated, number, recording, name, position, edits_pending, artist_credit, length, medium, id, gid) VALUES ('2013-03-07 16:53:06.647156+01', '7', 162926, 3533480, 7, 0, 388, 420573, 479654, 11484336, 'eccf8783-8533-4599-a32a-6f8389a6036a');
INSERT INTO track (last_updated, number, recording, name, position, edits_pending, artist_credit, length, medium, id, gid) VALUES ('2013-03-07 16:53:06.647156+01', '8', 162927, 1039120, 8, 0, 388, 271066, 479654, 11484337, 'd70ba2cf-e7aa-4020-bf7e-e6e57c61bd68');
INSERT INTO release_label (last_updated, catalog_number, label, release, id) VALUES ('2011-01-18 16:52:02.917556+01', '7567-81529-2', 33, 479654, 5165);
UPDATE release_meta SET amazon_asin = NULL, info_url = NULL, date_added = NULL, cover_art_presence = 'absent', amazon_store = NULL WHERE id = 479654;
INSERT INTO medium (last_updated, name, position, track_count, edits_pending, release, format, id) VALUES ('2013-03-07 16:53:07.18794+01', NULL, 1, 8, 0, 513103, 1, 513103);
INSERT INTO medium_cdtoc (last_updated, medium, edits_pending, id, cdtoc) VALUES ('2011-01-18 16:21:33.71184+01', 513103, 0, 346318, 181552);
INSERT INTO medium_cdtoc (last_updated, medium, edits_pending, id, cdtoc) VALUES ('2011-01-18 16:21:33.71184+01', 513103, 0, 346319, 893);
INSERT INTO medium_cdtoc (last_updated, medium, edits_pending, id, cdtoc) VALUES ('2011-01-18 16:21:33.71184+01', 513103, 0, 346320, 7927);
INSERT INTO medium_cdtoc (last_updated, medium, edits_pending, id, cdtoc) VALUES ('2011-01-18 16:21:33.71184+01', 513103, 0, 346321, 49930);
INSERT INTO medium_cdtoc (last_updated, medium, edits_pending, id, cdtoc) VALUES ('2011-01-18 16:21:33.71184+01', 513103, 0, 346322, 98281);
INSERT INTO medium_cdtoc (last_updated, medium, edits_pending, id, cdtoc) VALUES ('2011-01-18 16:21:33.71184+01', 513103, 0, 346323, 354280);
INSERT INTO medium_cdtoc (last_updated, medium, edits_pending, id, cdtoc) VALUES ('2011-01-18 16:21:33.71184+01', 513103, 0, 346324, 339838);
INSERT INTO medium_cdtoc (last_updated, medium, edits_pending, id, cdtoc) VALUES ('2011-01-18 16:21:33.71184+01', 513103, 0, 346325, 316245);
INSERT INTO medium_cdtoc (last_updated, medium, edits_pending, id, cdtoc) VALUES ('2011-01-18 16:21:33.71184+01', 513103, 0, 346326, 295235);
INSERT INTO medium_cdtoc (last_updated, medium, edits_pending, id, cdtoc) VALUES ('2011-01-18 16:21:33.71184+01', 513103, 0, 346327, 291363);
INSERT INTO medium_cdtoc (last_updated, medium, edits_pending, id, cdtoc) VALUES ('2011-01-18 16:21:33.71184+01', 513103, 0, 346328, 268087);
INSERT INTO medium_cdtoc (last_updated, medium, edits_pending, id, cdtoc) VALUES ('2011-01-18 16:21:33.71184+01', 513103, 0, 346329, 108503);
INSERT INTO medium_cdtoc (last_updated, medium, edits_pending, id, cdtoc) VALUES ('2011-01-18 16:21:33.71184+01', 513103, 0, 346330, 256078);
INSERT INTO medium_cdtoc (last_updated, medium, edits_pending, id, cdtoc) VALUES ('2011-01-18 16:21:33.71184+01', 513103, 0, 346331, 184796);
INSERT INTO medium_cdtoc (last_updated, medium, edits_pending, id, cdtoc) VALUES ('2011-01-18 16:21:33.71184+01', 513103, 0, 346332, 121086);
INSERT INTO medium_cdtoc (last_updated, medium, edits_pending, id, cdtoc) VALUES ('2011-01-18 16:21:33.71184+01', 513103, 0, 346333, 152998);
INSERT INTO track (last_updated, number, recording, name, position, edits_pending, artist_credit, length, medium, id, gid) VALUES ('2013-03-07 16:53:06.647156+01', '1', 160074, 3655130, 1, 0, 388, 330160, 513103, 162920, '98173346-6b72-4541-abe9-04ac018204e9');
INSERT INTO track (last_updated, number, recording, name, position, edits_pending, artist_credit, length, medium, id, gid) VALUES ('2013-03-07 16:53:06.647156+01', '2', 162921, 3209047, 2, 0, 388, 459266, 513103, 162921, '11433588-65af-4d58-86ca-81117fe73a18');
INSERT INTO track (last_updated, number, recording, name, position, edits_pending, artist_credit, length, medium, id, gid) VALUES ('2013-03-07 16:53:06.647156+01', '3', 162922, 3132772, 3, 0, 388, 290000, 513103, 162922, 'fe6c5d6a-dda1-4a08-8bad-b38c2fb77540');
INSERT INTO track (last_updated, number, recording, name, position, edits_pending, artist_credit, length, medium, id, gid) VALUES ('2013-03-07 16:53:06.647156+01', '4', 162923, 2117609, 4, 0, 388, 197266, 513103, 162923, 'faaac85f-59f4-4620-bf37-303e1f69551e');
INSERT INTO track (last_updated, number, recording, name, position, edits_pending, artist_credit, length, medium, id, gid) VALUES ('2013-03-07 16:53:06.647156+01', '5', 162924, 4857359, 5, 0, 388, 223173, 513103, 162924, 'd5b187b2-5332-4add-9f6e-690f25dd4e1f');
INSERT INTO track (last_updated, number, recording, name, position, edits_pending, artist_credit, length, medium, id, gid) VALUES ('2013-03-07 16:53:06.647156+01', '6', 162925, 49187, 6, 0, 388, 262626, 513103, 162925, '87167ee0-0b34-41c9-ab31-078a9a5ca76f');
INSERT INTO track (last_updated, number, recording, name, position, edits_pending, artist_credit, length, medium, id, gid) VALUES ('2013-03-07 16:53:06.647156+01', '7', 162926, 3533480, 7, 0, 388, 420573, 513103, 162926, '0d2f2260-61db-4e40-8aa6-4e6e849b8d0c');
INSERT INTO track (last_updated, number, recording, name, position, edits_pending, artist_credit, length, medium, id, gid) VALUES ('2013-03-07 16:53:06.647156+01', '8', 162927, 1039120, 8, 0, 388, 271066, 513103, 162927, 'b10becbb-3fec-45a9-9d8c-34b6e7db25f4');
INSERT INTO release_label (last_updated, catalog_number, label, release, id) VALUES ('2011-01-18 16:52:02.917556+01', '250 014', 33, 513103, 5160);
UPDATE release_meta SET amazon_asin = NULL, info_url = NULL, date_added = NULL, cover_art_presence = 'absent', amazon_store = NULL WHERE id = 513103;
INSERT INTO medium (last_updated, name, position, track_count, edits_pending, release, format, id) VALUES ('2013-03-07 16:53:07.18794+01', NULL, 1, 8, 0, 523041, 7, 523041);
INSERT INTO track (last_updated, number, recording, name, position, edits_pending, artist_credit, length, medium, id, gid) VALUES ('2013-03-07 16:53:06.647156+01', '1', 160074, 3655130, 1, 0, 388, 330160, 523041, 11484298, '3dcc2961-7bec-4c8e-bf40-9260ac57d954');
INSERT INTO track (last_updated, number, recording, name, position, edits_pending, artist_credit, length, medium, id, gid) VALUES ('2013-03-07 16:53:06.647156+01', '2', 162921, 3209047, 2, 0, 388, 459266, 523041, 11484299, '46141f08-3bfe-421e-ac0a-e9a30552b242');
INSERT INTO track (last_updated, number, recording, name, position, edits_pending, artist_credit, length, medium, id, gid) VALUES ('2013-03-07 16:53:06.647156+01', '3', 162922, 3132772, 3, 0, 388, 290000, 523041, 11484300, '1edba298-c81f-4787-9eb8-e70b10c15e56');
INSERT INTO track (last_updated, number, recording, name, position, edits_pending, artist_credit, length, medium, id, gid) VALUES ('2013-03-07 16:53:06.647156+01', '4', 162923, 2117609, 4, 0, 388, 197266, 523041, 11484301, 'd57d5d11-7cef-4e29-b817-cbfc697d3f86');
INSERT INTO track (last_updated, number, recording, name, position, edits_pending, artist_credit, length, medium, id, gid) VALUES ('2013-03-07 16:53:06.647156+01', '5', 162924, 4857359, 5, 0, 388, 223173, 523041, 11484302, '58e01f20-fe45-475c-bd8f-670e50c46325');
INSERT INTO track (last_updated, number, recording, name, position, edits_pending, artist_credit, length, medium, id, gid) VALUES ('2013-03-07 16:53:06.647156+01', '6', 162925, 49187, 6, 0, 388, 262626, 523041, 11484303, '41c036bc-af63-44a8-baaf-a5e22de36885');
INSERT INTO track (last_updated, number, recording, name, position, edits_pending, artist_credit, length, medium, id, gid) VALUES ('2013-03-07 16:53:06.647156+01', '7', 162926, 3533480, 7, 0, 388, 420573, 523041, 11484304, 'c387a5c2-cb4d-4fc9-9b85-d62b4a39508b');
INSERT INTO track (last_updated, number, recording, name, position, edits_pending, artist_credit, length, medium, id, gid) VALUES ('2013-03-07 16:53:06.647156+01', '8', 162927, 1039120, 8, 0, 388, 271066, 523041, 11484305, 'f98548a8-e82c-4162-9bf5-4409d8ac8d9c');
INSERT INTO label_type (name, id) VALUES ('Reissue Production', 6);
INSERT INTO label_name (name, id) VALUES ('Classic Records', 28197);
INSERT INTO label (label_code, edits_pending, ended, id, sort_name, country, begin_date_day, last_updated, name, begin_date_year, end_date_day, comment, begin_date_month, end_date_month, type, end_date_year, gid) VALUES (NULL, 0, '0', 8092, 28197, 222, NULL, NULL, 28197, NULL, NULL, '', NULL, NULL, 6, NULL, 'f8714b81-78da-4f6e-a20c-7b2bad7709ce');
UPDATE label_meta SET rating_count = NULL, rating = NULL WHERE id = 8092;
INSERT INTO release_label (last_updated, catalog_number, label, release, id) VALUES ('2011-01-18 16:52:02.917556+01', 'SD 7255', 8092, 523041, 5161);
UPDATE release_meta SET amazon_asin = NULL, info_url = NULL, date_added = NULL, cover_art_presence = 'absent', amazon_store = NULL WHERE id = 523041;
INSERT INTO medium (last_updated, name, position, track_count, edits_pending, release, format, id) VALUES ('2013-03-07 16:53:07.18794+01', NULL, 1, 8, 0, 553372, 1, 553372);
INSERT INTO medium_cdtoc (last_updated, medium, edits_pending, id, cdtoc) VALUES ('2011-01-18 16:21:33.71184+01', 553372, 0, 369030, 152998);
INSERT INTO medium_cdtoc (last_updated, medium, edits_pending, id, cdtoc) VALUES ('2011-01-18 16:21:33.71184+01', 553372, 0, 369031, 121086);
INSERT INTO medium_cdtoc (last_updated, medium, edits_pending, id, cdtoc) VALUES ('2011-01-18 16:21:33.71184+01', 553372, 0, 369032, 98281);
INSERT INTO medium_cdtoc (last_updated, medium, edits_pending, id, cdtoc) VALUES ('2011-01-18 16:21:33.71184+01', 553372, 0, 369033, 108503);
INSERT INTO medium_cdtoc (last_updated, medium, edits_pending, id, cdtoc) VALUES ('2011-01-18 16:21:33.71184+01', 553372, 0, 369034, 181552);
INSERT INTO medium_cdtoc (last_updated, medium, edits_pending, id, cdtoc) VALUES ('2011-01-18 16:21:33.71184+01', 553372, 0, 369035, 49930);
INSERT INTO medium_cdtoc (last_updated, medium, edits_pending, id, cdtoc) VALUES ('2011-01-18 16:21:33.71184+01', 553372, 0, 369036, 7927);
INSERT INTO medium_cdtoc (last_updated, medium, edits_pending, id, cdtoc) VALUES ('2011-01-18 16:21:33.71184+01', 553372, 0, 369037, 184796);
INSERT INTO medium_cdtoc (last_updated, medium, edits_pending, id, cdtoc) VALUES ('2011-01-18 16:21:33.71184+01', 553372, 0, 369038, 893);
INSERT INTO medium_cdtoc (last_updated, medium, edits_pending, id, cdtoc) VALUES ('2011-01-18 16:21:33.71184+01', 553372, 0, 369039, 256078);
INSERT INTO medium_cdtoc (last_updated, medium, edits_pending, id, cdtoc) VALUES ('2011-01-18 16:21:33.71184+01', 553372, 0, 369040, 268087);
INSERT INTO medium_cdtoc (last_updated, medium, edits_pending, id, cdtoc) VALUES ('2011-01-18 16:21:33.71184+01', 553372, 0, 369041, 291363);
INSERT INTO medium_cdtoc (last_updated, medium, edits_pending, id, cdtoc) VALUES ('2011-01-18 16:21:33.71184+01', 553372, 0, 369042, 295235);
INSERT INTO medium_cdtoc (last_updated, medium, edits_pending, id, cdtoc) VALUES ('2011-01-18 16:21:33.71184+01', 553372, 0, 369043, 316245);
INSERT INTO medium_cdtoc (last_updated, medium, edits_pending, id, cdtoc) VALUES ('2011-01-18 16:21:33.71184+01', 553372, 0, 369044, 339838);
INSERT INTO medium_cdtoc (last_updated, medium, edits_pending, id, cdtoc) VALUES ('2011-01-18 16:21:33.71184+01', 553372, 0, 369045, 354280);
INSERT INTO track (last_updated, number, recording, name, position, edits_pending, artist_credit, length, medium, id, gid) VALUES ('2013-03-07 16:53:06.647156+01', '1', 160074, 3655130, 1, 0, 388, 330160, 553372, 11484306, '33335efe-7f7d-475a-839e-854cd7d5d6d0');
INSERT INTO track (last_updated, number, recording, name, position, edits_pending, artist_credit, length, medium, id, gid) VALUES ('2013-03-07 16:53:06.647156+01', '2', 162921, 3209047, 2, 0, 388, 459266, 553372, 11484307, '5b1e7943-4ac9-4426-bfe8-2e9794bb33c6');
INSERT INTO track (last_updated, number, recording, name, position, edits_pending, artist_credit, length, medium, id, gid) VALUES ('2013-03-07 16:53:06.647156+01', '3', 162922, 3132772, 3, 0, 388, 290000, 553372, 11484308, 'ed91c56d-0f8c-4611-ab4b-5d022133d27b');
INSERT INTO track (last_updated, number, recording, name, position, edits_pending, artist_credit, length, medium, id, gid) VALUES ('2013-03-07 16:53:06.647156+01', '4', 162923, 2117609, 4, 0, 388, 197266, 553372, 11484309, '514cbd9b-1562-40d4-8aee-6bdeaa9ea598');
INSERT INTO track (last_updated, number, recording, name, position, edits_pending, artist_credit, length, medium, id, gid) VALUES ('2013-03-07 16:53:06.647156+01', '5', 162924, 4857359, 5, 0, 388, 223173, 553372, 11484310, '306a053f-f6ca-4f21-96ab-2337def4b130');
INSERT INTO track (last_updated, number, recording, name, position, edits_pending, artist_credit, length, medium, id, gid) VALUES ('2013-03-07 16:53:06.647156+01', '6', 162925, 49187, 6, 0, 388, 262626, 553372, 11484311, '406fca55-d18b-491c-b994-f924339ebb63');
INSERT INTO track (last_updated, number, recording, name, position, edits_pending, artist_credit, length, medium, id, gid) VALUES ('2013-03-07 16:53:06.647156+01', '7', 162926, 3533480, 7, 0, 388, 420573, 553372, 11484312, '08bfa1fd-8aef-4fa0-9b41-d67a3688a975');
INSERT INTO track (last_updated, number, recording, name, position, edits_pending, artist_credit, length, medium, id, gid) VALUES ('2013-03-07 16:53:06.647156+01', '8', 162927, 1039120, 8, 0, 388, 271066, 553372, 11484313, 'f674cac7-fef3-4277-88dc-9bba7a561d82');
INSERT INTO release_label (last_updated, catalog_number, label, release, id) VALUES ('2011-01-18 16:52:02.917556+01', 'R2-513820', 33, 553372, 5162);
UPDATE release_meta SET amazon_asin = NULL, info_url = NULL, date_added = NULL, cover_art_presence = 'absent', amazon_store = NULL WHERE id = 553372;
INSERT INTO medium (last_updated, name, position, track_count, edits_pending, release, format, id) VALUES ('2013-03-07 16:53:07.18794+01', NULL, 1, 8, 0, 601118, 1, 601118);
INSERT INTO medium_cdtoc (last_updated, medium, edits_pending, id, cdtoc) VALUES ('2011-01-18 16:21:33.71184+01', 601118, 0, 394728, 354280);
INSERT INTO medium_cdtoc (last_updated, medium, edits_pending, id, cdtoc) VALUES ('2011-01-18 16:21:33.71184+01', 601118, 0, 394729, 98281);
INSERT INTO medium_cdtoc (last_updated, medium, edits_pending, id, cdtoc) VALUES ('2011-01-18 16:21:33.71184+01', 601118, 0, 394730, 339838);
INSERT INTO medium_cdtoc (last_updated, medium, edits_pending, id, cdtoc) VALUES ('2011-01-18 16:21:33.71184+01', 601118, 0, 394731, 184796);
INSERT INTO medium_cdtoc (last_updated, medium, edits_pending, id, cdtoc) VALUES ('2011-01-18 16:21:33.71184+01', 601118, 0, 394732, 152998);
INSERT INTO medium_cdtoc (last_updated, medium, edits_pending, id, cdtoc) VALUES ('2011-01-18 16:21:33.71184+01', 601118, 0, 394733, 7927);
INSERT INTO medium_cdtoc (last_updated, medium, edits_pending, id, cdtoc) VALUES ('2011-01-18 16:21:33.71184+01', 601118, 0, 394734, 108503);
INSERT INTO medium_cdtoc (last_updated, medium, edits_pending, id, cdtoc) VALUES ('2011-01-18 16:21:33.71184+01', 601118, 0, 394735, 893);
INSERT INTO medium_cdtoc (last_updated, medium, edits_pending, id, cdtoc) VALUES ('2011-01-18 16:21:33.71184+01', 601118, 0, 394736, 121086);
INSERT INTO medium_cdtoc (last_updated, medium, edits_pending, id, cdtoc) VALUES ('2011-01-18 16:21:33.71184+01', 601118, 0, 394737, 295235);
INSERT INTO medium_cdtoc (last_updated, medium, edits_pending, id, cdtoc) VALUES ('2011-01-18 16:21:33.71184+01', 601118, 0, 394738, 181552);
INSERT INTO medium_cdtoc (last_updated, medium, edits_pending, id, cdtoc) VALUES ('2011-01-18 16:21:33.71184+01', 601118, 0, 394739, 49930);
INSERT INTO medium_cdtoc (last_updated, medium, edits_pending, id, cdtoc) VALUES ('2011-01-18 16:21:33.71184+01', 601118, 0, 394740, 316245);
INSERT INTO medium_cdtoc (last_updated, medium, edits_pending, id, cdtoc) VALUES ('2011-01-18 16:21:33.71184+01', 601118, 0, 394741, 291363);
INSERT INTO medium_cdtoc (last_updated, medium, edits_pending, id, cdtoc) VALUES ('2011-01-18 16:21:33.71184+01', 601118, 0, 394742, 268087);
INSERT INTO medium_cdtoc (last_updated, medium, edits_pending, id, cdtoc) VALUES ('2011-01-18 16:21:33.71184+01', 601118, 0, 394743, 256078);
INSERT INTO track (last_updated, number, recording, name, position, edits_pending, artist_credit, length, medium, id, gid) VALUES ('2013-03-07 16:53:06.647156+01', '1', 160074, 3655130, 1, 0, 388, 330160, 601118, 11484314, '16bd80a0-ad9f-4149-9f17-c2159f6c8a95');
INSERT INTO track (last_updated, number, recording, name, position, edits_pending, artist_credit, length, medium, id, gid) VALUES ('2013-03-07 16:53:06.647156+01', '2', 162921, 3209047, 2, 0, 388, 459266, 601118, 11484315, 'df545dde-4840-46cf-9cf0-8a9646a6195c');
INSERT INTO track (last_updated, number, recording, name, position, edits_pending, artist_credit, length, medium, id, gid) VALUES ('2013-03-07 16:53:06.647156+01', '3', 162922, 3132772, 3, 0, 388, 290000, 601118, 11484316, '6499fc11-383d-4917-941c-2cf288b58868');
INSERT INTO track (last_updated, number, recording, name, position, edits_pending, artist_credit, length, medium, id, gid) VALUES ('2013-03-07 16:53:06.647156+01', '4', 162923, 2117609, 4, 0, 388, 197266, 601118, 11484317, '0ae44651-249b-4140-8baa-d5d150ee2eb4');
INSERT INTO track (last_updated, number, recording, name, position, edits_pending, artist_credit, length, medium, id, gid) VALUES ('2013-03-07 16:53:06.647156+01', '5', 162924, 4857359, 5, 0, 388, 223173, 601118, 11484318, '872ac4be-661e-44ba-ba01-acc2b5342abe');
INSERT INTO track (last_updated, number, recording, name, position, edits_pending, artist_credit, length, medium, id, gid) VALUES ('2013-03-07 16:53:06.647156+01', '6', 162925, 49187, 6, 0, 388, 262626, 601118, 11484319, '1970103c-0b31-4c96-9a51-682b3f95dec6');
INSERT INTO track (last_updated, number, recording, name, position, edits_pending, artist_credit, length, medium, id, gid) VALUES ('2013-03-07 16:53:06.647156+01', '7', 162926, 3533480, 7, 0, 388, 420573, 601118, 11484320, 'bea38425-c059-4efa-998a-bc0ebee6ccd6');
INSERT INTO track (last_updated, number, recording, name, position, edits_pending, artist_credit, length, medium, id, gid) VALUES ('2013-03-07 16:53:06.647156+01', '8', 162927, 1039120, 8, 0, 388, 271066, 601118, 11484321, '56dc1361-0d8e-47e7-9f5f-131ff4f1e4b2');
INSERT INTO release_label (last_updated, catalog_number, label, release, id) VALUES ('2011-01-18 16:52:02.917556+01', '7567-82639-2', 33, 601118, 5157);
UPDATE release_meta SET amazon_asin = 'B000002J0B', info_url = 'http://www.amazon.com/gp/product/B000002J0B', date_added = NULL, cover_art_presence = 'absent', amazon_store = NULL WHERE id = 601118;
INSERT INTO medium (last_updated, name, position, track_count, edits_pending, release, format, id) VALUES ('2013-03-07 16:53:07.18794+01', NULL, 1, 8, 0, 630918, 1, 630918);
INSERT INTO medium_cdtoc (last_updated, medium, edits_pending, id, cdtoc) VALUES ('2011-01-18 16:21:33.71184+01', 630918, 0, 408710, 893);
INSERT INTO medium_cdtoc (last_updated, medium, edits_pending, id, cdtoc) VALUES ('2011-01-18 16:21:33.71184+01', 630918, 0, 408711, 354280);
INSERT INTO medium_cdtoc (last_updated, medium, edits_pending, id, cdtoc) VALUES ('2011-01-18 16:21:33.71184+01', 630918, 0, 408712, 339838);
INSERT INTO medium_cdtoc (last_updated, medium, edits_pending, id, cdtoc) VALUES ('2011-01-18 16:21:33.71184+01', 630918, 0, 408713, 316245);
INSERT INTO medium_cdtoc (last_updated, medium, edits_pending, id, cdtoc) VALUES ('2011-01-18 16:21:33.71184+01', 630918, 0, 408714, 295235);
INSERT INTO medium_cdtoc (last_updated, medium, edits_pending, id, cdtoc) VALUES ('2011-01-18 16:21:33.71184+01', 630918, 0, 408715, 291363);
INSERT INTO medium_cdtoc (last_updated, medium, edits_pending, id, cdtoc) VALUES ('2011-01-18 16:21:33.71184+01', 630918, 0, 408716, 268087);
INSERT INTO medium_cdtoc (last_updated, medium, edits_pending, id, cdtoc) VALUES ('2011-01-18 16:21:33.71184+01', 630918, 0, 408717, 256078);
INSERT INTO medium_cdtoc (last_updated, medium, edits_pending, id, cdtoc) VALUES ('2011-01-18 16:21:33.71184+01', 630918, 0, 408718, 184796);
INSERT INTO medium_cdtoc (last_updated, medium, edits_pending, id, cdtoc) VALUES ('2011-01-18 16:21:33.71184+01', 630918, 0, 408719, 181552);
INSERT INTO medium_cdtoc (last_updated, medium, edits_pending, id, cdtoc) VALUES ('2011-01-18 16:21:33.71184+01', 630918, 0, 408720, 152998);
INSERT INTO medium_cdtoc (last_updated, medium, edits_pending, id, cdtoc) VALUES ('2011-01-18 16:21:33.71184+01', 630918, 0, 408721, 121086);
INSERT INTO medium_cdtoc (last_updated, medium, edits_pending, id, cdtoc) VALUES ('2011-01-18 16:21:33.71184+01', 630918, 0, 408722, 108503);
INSERT INTO medium_cdtoc (last_updated, medium, edits_pending, id, cdtoc) VALUES ('2011-01-18 16:21:33.71184+01', 630918, 0, 408723, 98281);
INSERT INTO medium_cdtoc (last_updated, medium, edits_pending, id, cdtoc) VALUES ('2011-01-18 16:21:33.71184+01', 630918, 0, 408724, 49930);
INSERT INTO medium_cdtoc (last_updated, medium, edits_pending, id, cdtoc) VALUES ('2011-01-18 16:21:33.71184+01', 630918, 0, 408725, 7927);
INSERT INTO track (last_updated, number, recording, name, position, edits_pending, artist_credit, length, medium, id, gid) VALUES ('2013-03-07 16:53:06.647156+01', '1', 160074, 3655130, 1, 0, 388, 330160, 630918, 11484322, '9468d755-c1b6-4f1a-810c-28fef1f4d548');
INSERT INTO track (last_updated, number, recording, name, position, edits_pending, artist_credit, length, medium, id, gid) VALUES ('2013-03-07 16:53:06.647156+01', '2', 162921, 3209047, 2, 0, 388, 459266, 630918, 11484323, 'd1e7a8dd-769f-4555-bed7-73f2c858a55d');
INSERT INTO track (last_updated, number, recording, name, position, edits_pending, artist_credit, length, medium, id, gid) VALUES ('2013-03-07 16:53:06.647156+01', '3', 162922, 3132772, 3, 0, 388, 290000, 630918, 11484324, 'c07db181-3301-4b73-8dc2-71fdb7474688');
INSERT INTO track (last_updated, number, recording, name, position, edits_pending, artist_credit, length, medium, id, gid) VALUES ('2013-03-07 16:53:06.647156+01', '4', 162923, 2117609, 4, 0, 388, 197266, 630918, 11484325, '2eee66a4-8e2b-488c-836c-7fcbc3242883');
INSERT INTO track (last_updated, number, recording, name, position, edits_pending, artist_credit, length, medium, id, gid) VALUES ('2013-03-07 16:53:06.647156+01', '5', 162924, 4857359, 5, 0, 388, 223173, 630918, 11484326, 'a0d905d2-d99f-45e5-a2b6-e319fc29a02b');
INSERT INTO track (last_updated, number, recording, name, position, edits_pending, artist_credit, length, medium, id, gid) VALUES ('2013-03-07 16:53:06.647156+01', '6', 162925, 49187, 6, 0, 388, 262626, 630918, 11484327, '1706cea4-31c7-4134-b3af-fef6d3267a73');
INSERT INTO track (last_updated, number, recording, name, position, edits_pending, artist_credit, length, medium, id, gid) VALUES ('2013-03-07 16:53:06.647156+01', '7', 162926, 3533480, 7, 0, 388, 420573, 630918, 11484328, 'ff7e46d8-1d8b-4e7f-82a2-973eca3869e1');
INSERT INTO track (last_updated, number, recording, name, position, edits_pending, artist_credit, length, medium, id, gid) VALUES ('2013-03-07 16:53:06.647156+01', '8', 162927, 1039120, 8, 0, 388, 271066, 630918, 11484329, '3e37866f-feb7-4231-a6a0-2839c6a1acc5');
INSERT INTO release_label (last_updated, catalog_number, label, release, id) VALUES ('2011-01-18 16:52:02.917556+01', '19130-2', 33, 630918, 5166);
UPDATE release_meta SET amazon_asin = NULL, info_url = NULL, date_added = NULL, cover_art_presence = 'absent', amazon_store = NULL WHERE id = 630918;
INSERT INTO medium (last_updated, name, position, track_count, edits_pending, release, format, id) VALUES ('2013-03-07 16:53:07.18794+01', NULL, 1, 8, 0, 630919, 1, 630919);
INSERT INTO medium_cdtoc (last_updated, medium, edits_pending, id, cdtoc) VALUES ('2011-01-18 16:21:33.71184+01', 630919, 0, 408726, 121086);
INSERT INTO medium_cdtoc (last_updated, medium, edits_pending, id, cdtoc) VALUES ('2011-01-18 16:21:33.71184+01', 630919, 0, 408727, 893);
INSERT INTO medium_cdtoc (last_updated, medium, edits_pending, id, cdtoc) VALUES ('2011-01-18 16:21:33.71184+01', 630919, 0, 408728, 98281);
INSERT INTO medium_cdtoc (last_updated, medium, edits_pending, id, cdtoc) VALUES ('2011-01-18 16:21:33.71184+01', 630919, 0, 408729, 108503);
INSERT INTO medium_cdtoc (last_updated, medium, edits_pending, id, cdtoc) VALUES ('2011-01-18 16:21:33.71184+01', 630919, 0, 408730, 184796);
INSERT INTO medium_cdtoc (last_updated, medium, edits_pending, id, cdtoc) VALUES ('2011-01-18 16:21:33.71184+01', 630919, 0, 408731, 181552);
INSERT INTO medium_cdtoc (last_updated, medium, edits_pending, id, cdtoc) VALUES ('2011-01-18 16:21:33.71184+01', 630919, 0, 408732, 268087);
INSERT INTO medium_cdtoc (last_updated, medium, edits_pending, id, cdtoc) VALUES ('2011-01-18 16:21:33.71184+01', 630919, 0, 408733, 152998);
INSERT INTO medium_cdtoc (last_updated, medium, edits_pending, id, cdtoc) VALUES ('2011-01-18 16:21:33.71184+01', 630919, 0, 408734, 291363);
INSERT INTO medium_cdtoc (last_updated, medium, edits_pending, id, cdtoc) VALUES ('2011-01-18 16:21:33.71184+01', 630919, 0, 408735, 354280);
INSERT INTO medium_cdtoc (last_updated, medium, edits_pending, id, cdtoc) VALUES ('2011-01-18 16:21:33.71184+01', 630919, 0, 408736, 295235);
INSERT INTO medium_cdtoc (last_updated, medium, edits_pending, id, cdtoc) VALUES ('2011-01-18 16:21:33.71184+01', 630919, 0, 408737, 339838);
INSERT INTO medium_cdtoc (last_updated, medium, edits_pending, id, cdtoc) VALUES ('2011-01-18 16:21:33.71184+01', 630919, 0, 408738, 49930);
INSERT INTO medium_cdtoc (last_updated, medium, edits_pending, id, cdtoc) VALUES ('2011-01-18 16:21:33.71184+01', 630919, 0, 408739, 7927);
INSERT INTO medium_cdtoc (last_updated, medium, edits_pending, id, cdtoc) VALUES ('2011-01-18 16:21:33.71184+01', 630919, 0, 408740, 316245);
INSERT INTO medium_cdtoc (last_updated, medium, edits_pending, id, cdtoc) VALUES ('2011-01-18 16:21:33.71184+01', 630919, 0, 408741, 256078);
INSERT INTO track (last_updated, number, recording, name, position, edits_pending, artist_credit, length, medium, id, gid) VALUES ('2013-03-07 16:53:06.647156+01', '1', 160074, 3655130, 1, 0, 388, 330160, 630919, 11484290, 'fe482193-b195-4801-ac7d-ee97b79e735c');
INSERT INTO track (last_updated, number, recording, name, position, edits_pending, artist_credit, length, medium, id, gid) VALUES ('2013-03-07 16:53:06.647156+01', '2', 162921, 3209047, 2, 0, 388, 459266, 630919, 11484291, '4f444d8f-99db-493f-860a-4fa1c52d62c3');
INSERT INTO track (last_updated, number, recording, name, position, edits_pending, artist_credit, length, medium, id, gid) VALUES ('2013-03-07 16:53:06.647156+01', '3', 162922, 3132772, 3, 0, 388, 290000, 630919, 11484292, '74825725-172f-4683-ab14-1a63b28cbf02');
INSERT INTO track (last_updated, number, recording, name, position, edits_pending, artist_credit, length, medium, id, gid) VALUES ('2013-03-07 16:53:06.647156+01', '4', 162923, 2117609, 4, 0, 388, 197266, 630919, 11484293, 'd00c916a-e7e9-482d-b2f6-ceb724307b98');
INSERT INTO track (last_updated, number, recording, name, position, edits_pending, artist_credit, length, medium, id, gid) VALUES ('2013-03-07 16:53:06.647156+01', '5', 162924, 4857359, 5, 0, 388, 223173, 630919, 11484294, 'b1d1bdc8-ffe2-4bab-b665-0fa8f0cdaac1');
INSERT INTO track (last_updated, number, recording, name, position, edits_pending, artist_credit, length, medium, id, gid) VALUES ('2013-03-07 16:53:06.647156+01', '6', 162925, 49187, 6, 0, 388, 262626, 630919, 11484295, 'd93b2bc0-24d2-4c16-89bb-cdecea49849c');
INSERT INTO track (last_updated, number, recording, name, position, edits_pending, artist_credit, length, medium, id, gid) VALUES ('2013-03-07 16:53:06.647156+01', '7', 162926, 3533480, 7, 0, 388, 420573, 630919, 11484296, '1a426419-25af-441b-94d2-c304a06dc57a');
INSERT INTO track (last_updated, number, recording, name, position, edits_pending, artist_credit, length, medium, id, gid) VALUES ('2013-03-07 16:53:06.647156+01', '8', 162927, 1039120, 8, 0, 388, 271066, 630919, 11484297, 'a7ef3bca-c128-408a-a2ae-77ccf6fb6810');
INSERT INTO release_label (last_updated, catalog_number, label, release, id) VALUES ('2011-01-18 16:52:02.917556+01', '50014', 33, 630919, 5164);
UPDATE release_meta SET amazon_asin = NULL, info_url = NULL, date_added = NULL, cover_art_presence = 'absent', amazon_store = NULL WHERE id = 630919;
UPDATE release_group_meta SET first_release_date_month = 3, rating_count = 7, first_release_date_year = 1973, release_count = 10, rating = 97, first_release_date_day = 28 WHERE id = 18759;
INSERT INTO release_name (name, id) VALUES ('Recipe for Hate', 658772);
INSERT INTO artist_name (name, id) VALUES ('Bad Religion', 47380);
INSERT INTO artist_credit (created, name, ref_count, artist_count, id) VALUES ('2011-01-18 17:24:02.551922+01', 47380, 2930, 1, 779);
INSERT INTO artist (edits_pending, ended, id, sort_name, gender, country, begin_date_day, last_updated, name, begin_date_year, end_date_day, comment, begin_date_month, end_date_month, type, end_date_year, gid) VALUES (0, '0', 779, 47380, NULL, NULL, NULL, NULL, 47380, 1980, NULL, '', NULL, NULL, 2, NULL, '149e6720-4e4a-41a4-afca-6d29083fc091');
UPDATE artist_meta SET rating_count = 5, rating = 92 WHERE id = 779;
INSERT INTO artist_credit_name (join_phrase, artist, name, position, artist_credit) VALUES ('', 779, 47380, 0, 779);
INSERT INTO release_group (last_updated, comment, name, edits_pending, type, artist_credit, id, gid) VALUES ('2009-05-24 22:47:00.490177+02', '', 658772, 0, 1, 779, 47743, '3e38adc0-bb7d-39d1-a811-7ce6db5d869d');
INSERT INTO release (date_day, status, release_group, edits_pending, packaging, id, quality, country, last_updated, script, language, name, artist_credit, barcode, comment, date_year, date_month, gid) VALUES (21, 1, 47743, 0, NULL, 32094, -1, 222, '2010-03-10 20:09:47.049696+01', 28, 120, 658772, 779, '075678254628', '', 1993, 9, 'f07d489d-a06e-4f39-b95e-5692e2a4f465');
INSERT INTO release (date_day, status, release_group, edits_pending, packaging, id, quality, country, last_updated, script, language, name, artist_credit, barcode, comment, date_year, date_month, gid) VALUES (6, 1, 47743, 0, NULL, 509518, -1, 222, '2010-03-10 20:09:47.049696+01', 28, 120, 658772, 779, '8714092642025', '', 1993, 4, '99303476-675d-3c88-a4ee-8c40ea91b1e2');
INSERT INTO medium (last_updated, name, position, track_count, edits_pending, release, format, id) VALUES ('2013-03-07 16:53:07.18794+01', NULL, 1, 14, 0, 32094, 1, 32094);
INSERT INTO cdtoc (created, discid, track_offset, degraded, leadout_offset, track_count, id, freedb_id) VALUES ('2011-01-18 16:21:33.71184+01', 'syCuIG.VDtfkIkCZ7srayNW8rnA-', '{150,9348,21473,36280,48635,63000,77050,88643,105705,117915,127185,139398,151893,166523}', '0', 169673, 14, 376870, 'b208d40e');
INSERT INTO cdtoc (created, discid, track_offset, degraded, leadout_offset, track_count, id, freedb_id) VALUES ('2011-01-18 16:21:33.71184+01', '5t9hqzNTxRPT7zKSgqbIaUPfBzg-', '{182,9382,21507,36312,48670,63032,77085,88675,105737,117947,127217,139430,151927,166555}', '0', 169707, 14, 10144, 'b708d40e');
INSERT INTO cdtoc (created, discid, track_offset, degraded, leadout_offset, track_count, id, freedb_id) VALUES ('2011-01-18 16:21:33.71184+01', 'Oa9KN2peBaJdn1znF7XXMXKkhLo-', '{150,9347,21470,36285,48637,63002,77035,88645,105707,117925,127190,139395,151892,166525}', '0', 169667, 14, 112902, 'b208d40e');
INSERT INTO cdtoc (created, discid, track_offset, degraded, leadout_offset, track_count, id, freedb_id) VALUES ('2011-01-18 16:21:33.71184+01', 'tR2SpfaE.q4kUoGwP.NkPT6vwhc-', '{182,9380,21505,36312,48667,63032,77082,88675,105737,117947,127217,139430,151925,166555}', '0', 169707, 14, 146522, 'b708d40e');
INSERT INTO cdtoc (created, discid, track_offset, degraded, leadout_offset, track_count, id, freedb_id) VALUES ('2011-01-18 16:21:33.71184+01', '5ryUSsKSzUhTIcCvvBbzY6mmP70-', '{150,9280,21410,36220,48575,62940,76970,88582,105647,117847,127127,139330,151812,166457}', '0', 169600, 14, 164606, 'b908d30e');
INSERT INTO cdtoc (created, discid, track_offset, degraded, leadout_offset, track_count, id, freedb_id) VALUES ('2011-01-18 16:21:33.71184+01', '9pK3Eo7YF8qSiBlGg9D0l5sNuaU-', '{150,9305,21420,36237,48587,62945,76977,88592,105660,117865,127147,139337,151820,163460}', '0', 169657, 14, 252608, 'c008d40e');
INSERT INTO medium_cdtoc (last_updated, medium, edits_pending, id, cdtoc) VALUES ('2011-01-18 16:21:33.71184+01', 32094, 0, 50382, 376870);
INSERT INTO medium_cdtoc (last_updated, medium, edits_pending, id, cdtoc) VALUES ('2011-01-18 16:21:33.71184+01', 32094, 0, 50383, 10144);
INSERT INTO medium_cdtoc (last_updated, medium, edits_pending, id, cdtoc) VALUES ('2011-01-18 16:21:33.71184+01', 32094, 0, 50384, 112902);
INSERT INTO medium_cdtoc (last_updated, medium, edits_pending, id, cdtoc) VALUES ('2011-01-18 16:21:33.71184+01', 32094, 0, 50385, 146522);
INSERT INTO medium_cdtoc (last_updated, medium, edits_pending, id, cdtoc) VALUES ('2011-01-18 16:21:33.71184+01', 32094, 0, 50386, 164606);
INSERT INTO medium_cdtoc (last_updated, medium, edits_pending, id, cdtoc) VALUES ('2011-01-18 16:21:33.71184+01', 32094, 0, 50387, 252608);
INSERT INTO track_name (name, id) VALUES ('Recipe for Hate', 3091784);
INSERT INTO recording (last_updated, name, edits_pending, artist_credit, length, comment, id, gid) VALUES (NULL, 3091784, 0, 779, 122666, '', 334848, '771d9f71-987a-4267-b4e6-08375b77ace6');
INSERT INTO puid (version, puid, id) VALUES (1, '444d2e93-b09e-2861-29b8-2a852599cf60', 269436);
INSERT INTO puid (version, puid, id) VALUES (1, '74b943d6-9e0a-f29d-ebb5-46a86ebc74f8', 362200);
INSERT INTO puid (version, puid, id) VALUES (134, '7e7ef1c4-f67b-4d99-3674-c845e22ce1c3', 1039263);
INSERT INTO puid (version, puid, id) VALUES (134, '9abe6adc-a7e2-9f71-0ceb-de9c351884c0', 1110958);
INSERT INTO puid (version, puid, id) VALUES (156, 'fc837558-b10b-91b9-d630-0248957c531d', 1721627);
INSERT INTO recording_puid (created, recording, puid, edits_pending, id) VALUES ('2011-01-18 16:56:00.408782+01', 334848, 269436, 0, 346653);
INSERT INTO recording_puid (created, recording, puid, edits_pending, id) VALUES ('2011-01-18 16:56:00.408782+01', 334848, 362200, 0, 465788);
INSERT INTO recording_puid (created, recording, puid, edits_pending, id) VALUES ('2011-01-18 16:56:00.408782+01', 334848, 1039263, 0, 1312027);
INSERT INTO recording_puid (created, recording, puid, edits_pending, id) VALUES ('2011-01-18 16:56:00.408782+01', 334848, 1110958, 0, 1399318);
INSERT INTO recording_puid (created, recording, puid, edits_pending, id) VALUES ('2011-01-18 16:56:00.408782+01', 334848, 1721627, 0, 2149980);
UPDATE recording_meta SET rating_count = NULL, rating = NULL WHERE id = 334848;
INSERT INTO track_name (name, id) VALUES ('Kerosene', 1395901);
INSERT INTO recording (last_updated, name, edits_pending, artist_credit, length, comment, id, gid) VALUES (NULL, 1395901, 0, 779, 161666, '', 334849, 'b2e09566-5676-4229-b156-c37e8e88b989');
INSERT INTO puid (version, puid, id) VALUES (1, '006a3400-d9bb-0dfc-0de3-33f7cea12d67', 1802);
INSERT INTO puid (version, puid, id) VALUES (1, 'ec216eba-9275-80f9-9484-a6ef9177d4f4', 590705);
INSERT INTO puid (version, puid, id) VALUES (134, 'ceddd2bd-32f7-b03b-6e09-889da046be07', 939333);
INSERT INTO puid (version, puid, id) VALUES (134, '68dac099-65d6-4f82-8299-def1e37c4776', 1110951);
INSERT INTO puid (version, puid, id) VALUES (156, '98801a43-880b-22cd-531d-bd9701500fb2', 1721730);
INSERT INTO puid (version, puid, id) VALUES (140, '76f88bdc-51d1-6921-1b5e-dab7f123636c', 2145272);
INSERT INTO recording_puid (created, recording, puid, edits_pending, id) VALUES ('2011-01-18 16:56:00.408782+01', 334849, 1802, 0, 2441);
INSERT INTO recording_puid (created, recording, puid, edits_pending, id) VALUES ('2011-01-18 16:56:00.408782+01', 334849, 590705, 0, 759492);
INSERT INTO recording_puid (created, recording, puid, edits_pending, id) VALUES ('2011-01-18 16:56:00.408782+01', 334849, 939333, 0, 1189495);
INSERT INTO recording_puid (created, recording, puid, edits_pending, id) VALUES ('2011-01-18 16:56:00.408782+01', 334849, 1110951, 0, 1399311);
INSERT INTO recording_puid (created, recording, puid, edits_pending, id) VALUES ('2011-01-18 16:56:00.408782+01', 334849, 1721730, 0, 2150083);
INSERT INTO recording_puid (created, recording, puid, edits_pending, id) VALUES ('2011-01-18 16:56:00.408782+01', 334849, 2145272, 0, 2678137);
UPDATE recording_meta SET rating_count = NULL, rating = NULL WHERE id = 334849;
INSERT INTO track_name (name, id) VALUES ('American Jesus', 4514144);
INSERT INTO recording (last_updated, name, edits_pending, artist_credit, length, comment, id, gid) VALUES (NULL, 4514144, 0, 779, 197400, '', 334850, '453de38c-6d0d-4bb8-93ff-88d78774352a');
INSERT INTO puid (version, puid, id) VALUES (1, 'b2fff4b0-df0b-1704-a404-000d2ee4be03', 481239);
INSERT INTO puid (version, puid, id) VALUES (1, 'c4718283-a96a-5615-f74a-8f90bdd7553b', 514698);
INSERT INTO puid (version, puid, id) VALUES (1, 'f6aa3a5c-e440-79ff-415f-9e36bb54ab7f', 610887);
INSERT INTO puid (version, puid, id) VALUES (140, '8536e077-fd5d-fa6e-bf07-0bdcd6a5f8da', 1391136);
INSERT INTO puid (version, puid, id) VALUES (156, '4b7ef13d-8a38-d14f-9a89-f97eac1223ae', 1721803);
INSERT INTO puid (version, puid, id) VALUES (139, 'e8b73889-575b-db87-99c8-22649a160de2', 2225490);
INSERT INTO puid (version, puid, id) VALUES (188, '0c753402-80df-527c-efbc-640759c2dd8c', 2665243);
INSERT INTO puid (version, puid, id) VALUES (188, '45ff85cb-78cf-40b0-756b-81ada9a3d905', 2747419);
INSERT INTO recording_puid (created, recording, puid, edits_pending, id) VALUES ('2011-01-18 16:56:00.408782+01', 334850, 481239, 0, 619174);
INSERT INTO recording_puid (created, recording, puid, edits_pending, id) VALUES ('2011-01-18 16:56:00.408782+01', 334850, 514698, 0, 662023);
INSERT INTO recording_puid (created, recording, puid, edits_pending, id) VALUES ('2011-01-18 16:56:00.408782+01', 334850, 610887, 0, 785330);
INSERT INTO recording_puid (created, recording, puid, edits_pending, id) VALUES ('2011-01-18 16:56:00.408782+01', 334850, 1391136, 0, 1744176);
INSERT INTO recording_puid (created, recording, puid, edits_pending, id) VALUES ('2011-01-18 16:56:00.408782+01', 334850, 1721803, 0, 2150156);
INSERT INTO recording_puid (created, recording, puid, edits_pending, id) VALUES ('2011-01-18 16:56:00.408782+01', 334850, 2225490, 0, 2778220);
INSERT INTO recording_puid (created, recording, puid, edits_pending, id) VALUES ('2011-01-18 16:56:00.408782+01', 334850, 2665243, 0, 3331234);
INSERT INTO recording_puid (created, recording, puid, edits_pending, id) VALUES ('2011-01-18 16:56:00.408782+01', 334850, 2747419, 0, 3440264);
UPDATE recording_meta SET rating_count = NULL, rating = NULL WHERE id = 334850;
INSERT INTO track_name (name, id) VALUES ('Portrait of Authority', 4097934);
INSERT INTO recording (last_updated, name, edits_pending, artist_credit, length, comment, id, gid) VALUES (NULL, 4097934, 0, 779, 164773, '', 334851, '42a31f1d-74e3-429e-a13a-e0f51bffdcce');
INSERT INTO puid (version, puid, id) VALUES (1, '30ab6ebf-b4ab-889d-cc7d-8ec5239f15df', 212855);
INSERT INTO puid (version, puid, id) VALUES (1, '4260d337-26fe-cdab-3fa1-f18d7966c49f', 265772);
INSERT INTO puid (version, puid, id) VALUES (1, 'f2139bf6-f6cd-5faf-d815-ea6844ac4877', 602116);
INSERT INTO puid (version, puid, id) VALUES (134, '81a590c6-3f2a-94ba-b26f-560f4598115c', 1110952);
INSERT INTO puid (version, puid, id) VALUES (156, 'bf9ba996-b139-2e14-616e-8d43a1e07645', 1721733);
INSERT INTO puid (version, puid, id) VALUES (140, 'feded49b-22e2-743d-92a4-b775fd8a7d1c', 2026249);
INSERT INTO puid (version, puid, id) VALUES (140, 'b3aaebab-33af-ba6b-aa22-bf59f00fb7b0', 2114727);
INSERT INTO puid (version, puid, id) VALUES (139, 'f177c752-5371-9321-ab8d-8cca22eaba44', 2225491);
INSERT INTO puid (version, puid, id) VALUES (188, '21f34dd6-cf20-ce5c-6e6f-2c4ca15782a1', 2246727);
INSERT INTO puid (version, puid, id) VALUES (188, '9749491d-dab5-cb7f-b644-376fd049bdbb', 2558861);
INSERT INTO clientversion (created, version, id) VALUES ('2011-01-18 16:21:33.71184+01', 'Jaikoz-3.8.0', 260);
INSERT INTO puid (version, puid, id) VALUES (260, '2ce43a7c-c124-f8bd-3f5a-5343c060922c', 4639329);
INSERT INTO recording_puid (created, recording, puid, edits_pending, id) VALUES ('2011-01-18 16:56:00.408782+01', 334851, 212855, 0, 273861);
INSERT INTO recording_puid (created, recording, puid, edits_pending, id) VALUES ('2011-01-18 16:56:00.408782+01', 334851, 265772, 0, 341788);
INSERT INTO recording_puid (created, recording, puid, edits_pending, id) VALUES ('2011-01-18 16:56:00.408782+01', 334851, 602116, 0, 774116);
INSERT INTO recording_puid (created, recording, puid, edits_pending, id) VALUES ('2011-01-18 16:56:00.408782+01', 334851, 1110952, 0, 1399312);
INSERT INTO recording_puid (created, recording, puid, edits_pending, id) VALUES ('2011-01-18 16:56:00.408782+01', 334851, 1721733, 0, 2150086);
INSERT INTO recording_puid (created, recording, puid, edits_pending, id) VALUES ('2011-01-18 16:56:00.408782+01', 334851, 2026249, 0, 2529783);
INSERT INTO recording_puid (created, recording, puid, edits_pending, id) VALUES ('2011-01-18 16:56:00.408782+01', 334851, 2114727, 0, 2640343);
INSERT INTO recording_puid (created, recording, puid, edits_pending, id) VALUES ('2011-01-18 16:56:00.408782+01', 334851, 2225491, 0, 2778221);
INSERT INTO recording_puid (created, recording, puid, edits_pending, id) VALUES ('2011-01-18 16:56:00.408782+01', 334851, 2246727, 0, 2804573);
INSERT INTO recording_puid (created, recording, puid, edits_pending, id) VALUES ('2011-01-18 16:56:00.408782+01', 334851, 2558861, 0, 3262868);
INSERT INTO recording_puid (created, recording, puid, edits_pending, id) VALUES ('2011-01-18 16:56:00.408782+01', 334851, 4639329, 0, 5871059);
UPDATE recording_meta SET rating_count = NULL, rating = NULL WHERE id = 334851;
INSERT INTO track_name (name, id) VALUES ('Man With a Mission', 902738);
INSERT INTO recording (last_updated, name, edits_pending, artist_credit, length, comment, id, gid) VALUES (NULL, 902738, 0, 779, 191493, '', 334852, '258160de-3785-4c93-852e-543a69812351');
INSERT INTO puid (version, puid, id) VALUES (1, '71decb5a-3f16-382d-4ea9-85e648a69222', 356685);
INSERT INTO puid (version, puid, id) VALUES (1, 'a3c5a4f8-5e00-6ac7-05d9-fa23e0306c0c', 452163);
INSERT INTO puid (version, puid, id) VALUES (129, 'e0aee481-20a0-e3e7-a1e0-11f09b16cb8e', 691408);
INSERT INTO puid (version, puid, id) VALUES (156, '64bb04b0-a8f6-d61b-673e-40b2951416f0', 1721551);
INSERT INTO puid (version, puid, id) VALUES (140, '0c7cf2de-942b-4c8c-e498-bad2f1a2fa07', 1731547);
INSERT INTO puid (version, puid, id) VALUES (246, '064822a4-a034-1879-7a33-16525a242ee2', 3963166);
INSERT INTO recording_puid (created, recording, puid, edits_pending, id) VALUES ('2011-01-18 16:56:00.408782+01', 334852, 356685, 0, 458836);
INSERT INTO recording_puid (created, recording, puid, edits_pending, id) VALUES ('2011-01-18 16:56:00.408782+01', 334852, 452163, 0, 581870);
INSERT INTO recording_puid (created, recording, puid, edits_pending, id) VALUES ('2011-01-18 16:56:00.408782+01', 334852, 691408, 0, 885949);
INSERT INTO recording_puid (created, recording, puid, edits_pending, id) VALUES ('2011-01-18 16:56:00.408782+01', 334852, 1721551, 0, 2149904);
INSERT INTO recording_puid (created, recording, puid, edits_pending, id) VALUES ('2011-01-18 16:56:00.408782+01', 334852, 1731547, 0, 2162321);
INSERT INTO recording_puid (created, recording, puid, edits_pending, id) VALUES ('2011-01-18 16:56:00.408782+01', 334852, 3963166, 0, 5006568);
UPDATE recording_meta SET rating_count = NULL, rating = NULL WHERE id = 334852;
INSERT INTO track_name (name, id) VALUES ('All Good Soldiers', 1100783);
INSERT INTO recording (last_updated, name, edits_pending, artist_credit, length, comment, id, gid) VALUES (NULL, 1100783, 0, 779, 187373, '', 334853, 'd3424bfb-65da-41b6-9b9f-1b5e3eeb218a');
INSERT INTO puid (version, puid, id) VALUES (1, '8c30bc66-d064-e239-4007-d62e751ee66f', 407366);
INSERT INTO puid (version, puid, id) VALUES (131, 'ab266e82-b642-88ac-7822-77e79bf3c9e1', 836611);
INSERT INTO puid (version, puid, id) VALUES (156, 'f096187c-8d53-ee02-47c2-b34cd055d9fa', 1721862);
INSERT INTO recording_puid (created, recording, puid, edits_pending, id) VALUES ('2011-01-18 16:56:00.408782+01', 334853, 407366, 0, 523974);
INSERT INTO recording_puid (created, recording, puid, edits_pending, id) VALUES ('2011-01-18 16:56:00.408782+01', 334853, 836611, 0, 1064058);
INSERT INTO recording_puid (created, recording, puid, edits_pending, id) VALUES ('2011-01-18 16:56:00.408782+01', 334853, 1721862, 0, 2150215);
UPDATE recording_meta SET rating_count = NULL, rating = NULL WHERE id = 334853;
INSERT INTO track_name (name, id) VALUES ('Watch It Die', 2226046);
INSERT INTO recording (last_updated, name, edits_pending, artist_credit, length, comment, id, gid) VALUES (NULL, 2226046, 0, 779, 154533, '', 334854, '1e3b888b-29da-4c81-a86b-954de41d871a');
INSERT INTO puid (version, puid, id) VALUES (1, '619a0bf2-63b1-4e51-3048-6c5cb3bf6380', 325460);
INSERT INTO puid (version, puid, id) VALUES (1, 'd8f6a273-bda4-fd44-a184-0edef54b8985', 554117);
INSERT INTO puid (version, puid, id) VALUES (134, '16a61fba-b269-2400-69a3-99568bd0daaf', 1110953);
INSERT INTO puid (version, puid, id) VALUES (156, 'b4c37741-8035-1c19-bd2d-dcbbb75696fb', 1721823);
INSERT INTO clientversion (created, version, id) VALUES ('2011-01-18 16:21:33.71184+01', 'Jaikoz-1.9.0', 161);
INSERT INTO puid (version, puid, id) VALUES (161, 'cb657066-91c0-41e6-fd2c-b79cf25b9999', 1732197);
INSERT INTO puid (version, puid, id) VALUES (204, 'de856373-35e1-b6b3-dcde-4ef4cc7d9272', 3212449);
INSERT INTO puid (version, puid, id) VALUES (260, '66a5fe48-a4d8-2969-2597-81d88fc89b62', 4639330);
INSERT INTO recording_puid (created, recording, puid, edits_pending, id) VALUES ('2011-01-18 16:56:00.408782+01', 334854, 325460, 0, 418730);
INSERT INTO recording_puid (created, recording, puid, edits_pending, id) VALUES ('2011-01-18 16:56:00.408782+01', 334854, 554117, 0, 712587);
INSERT INTO recording_puid (created, recording, puid, edits_pending, id) VALUES ('2011-01-18 16:56:00.408782+01', 334854, 1110953, 0, 1399313);
INSERT INTO recording_puid (created, recording, puid, edits_pending, id) VALUES ('2011-01-18 16:56:00.408782+01', 334854, 1721823, 0, 2150176);
INSERT INTO recording_puid (created, recording, puid, edits_pending, id) VALUES ('2011-01-18 16:56:00.408782+01', 334854, 1732197, 0, 2163211);
INSERT INTO recording_puid (created, recording, puid, edits_pending, id) VALUES ('2011-01-18 16:56:00.408782+01', 334854, 3212449, 0, 4036647);
INSERT INTO recording_puid (created, recording, puid, edits_pending, id) VALUES ('2011-01-18 16:56:00.408782+01', 334854, 4639330, 0, 5871060);
UPDATE recording_meta SET rating_count = NULL, rating = NULL WHERE id = 334854;
INSERT INTO track_name (name, id) VALUES ('Struck a Nerve', 4813111);
INSERT INTO recording (last_updated, name, edits_pending, artist_credit, length, comment, id, gid) VALUES (NULL, 4813111, 0, 779, 227493, '', 334855, '2f83d319-e4f4-4808-ae63-177fe7a2f9e3');
INSERT INTO puid (version, puid, id) VALUES (1, '0e2b2639-82bc-50a7-2a79-68d2fb875daf', 62624);
INSERT INTO puid (version, puid, id) VALUES (1, '5cb77408-fdc7-8439-d1c7-4bb465677f08', 316166);
INSERT INTO puid (version, puid, id) VALUES (129, 'fa34734e-c84a-48b3-a88f-59a40b2d412d', 661311);
INSERT INTO puid (version, puid, id) VALUES (156, 'dda50a0b-ac47-5aa0-29ec-02c2cea5bc54', 1721630);
INSERT INTO puid (version, puid, id) VALUES (139, '8293bbd2-748a-d16f-3042-d50db37147ca', 2225492);
INSERT INTO recording_puid (created, recording, puid, edits_pending, id) VALUES ('2011-01-18 16:56:00.408782+01', 334855, 62624, 0, 80804);
INSERT INTO recording_puid (created, recording, puid, edits_pending, id) VALUES ('2011-01-18 16:56:00.408782+01', 334855, 316166, 0, 406745);
INSERT INTO recording_puid (created, recording, puid, edits_pending, id) VALUES ('2011-01-18 16:56:00.408782+01', 334855, 661311, 0, 850048);
INSERT INTO recording_puid (created, recording, puid, edits_pending, id) VALUES ('2011-01-18 16:56:00.408782+01', 334855, 1721630, 0, 2149983);
INSERT INTO recording_puid (created, recording, puid, edits_pending, id) VALUES ('2011-01-18 16:56:00.408782+01', 334855, 2225492, 0, 2778222);
UPDATE recording_meta SET rating_count = NULL, rating = NULL WHERE id = 334855;
INSERT INTO track_name (name, id) VALUES ('My Poor Friend Me', 1785002);
INSERT INTO recording (last_updated, name, edits_pending, artist_credit, length, comment, id, gid) VALUES (NULL, 1785002, 0, 779, 162800, '', 334856, 'd22be1c6-1cd1-4c61-afaf-0a3b639355a6');
INSERT INTO puid (version, puid, id) VALUES (1, '379ab5d7-13ca-c6e8-3254-0a6ba81571ae', 243010);
INSERT INTO puid (version, puid, id) VALUES (1, '4a2e9128-8609-cce2-8bae-66fe8f60d805', 280688);
INSERT INTO puid (version, puid, id) VALUES (1, 'fdca7c25-14f5-fc55-f1ff-a382f5977296', 624386);
INSERT INTO puid (version, puid, id) VALUES (129, '813de991-e41e-5472-2f6f-b9783b2bf78b', 691402);
INSERT INTO puid (version, puid, id) VALUES (131, 'a60bb212-1e6c-ee7b-3555-12237e26f3dd', 852042);
INSERT INTO puid (version, puid, id) VALUES (140, '0faf952b-8ba5-c721-c839-30b03872a1a0', 1649175);
INSERT INTO puid (version, puid, id) VALUES (156, 'f6dafb70-21d2-0ee6-b866-c61a2a09c466', 1722021);
INSERT INTO puid (version, puid, id) VALUES (140, '2d8918f3-5cc8-a202-18b4-e29b7ebed251', 1924620);
INSERT INTO puid (version, puid, id) VALUES (204, '24fa7a37-44b1-aa0a-d26d-d8b0cdfb861e', 3210266);
INSERT INTO recording_puid (created, recording, puid, edits_pending, id) VALUES ('2011-01-18 16:56:00.408782+01', 334856, 243010, 0, 312565);
INSERT INTO recording_puid (created, recording, puid, edits_pending, id) VALUES ('2011-01-18 16:56:00.408782+01', 334856, 280688, 0, 361271);
INSERT INTO recording_puid (created, recording, puid, edits_pending, id) VALUES ('2011-01-18 16:56:00.408782+01', 334856, 624386, 0, 802747);
INSERT INTO recording_puid (created, recording, puid, edits_pending, id) VALUES ('2011-01-18 16:56:00.408782+01', 334856, 691402, 0, 885935);
INSERT INTO recording_puid (created, recording, puid, edits_pending, id) VALUES ('2011-01-18 16:56:00.408782+01', 334856, 852042, 0, 1082877);
INSERT INTO recording_puid (created, recording, puid, edits_pending, id) VALUES ('2011-01-18 16:56:00.408782+01', 334856, 1649175, 0, 2060555);
INSERT INTO recording_puid (created, recording, puid, edits_pending, id) VALUES ('2011-01-18 16:56:00.408782+01', 334856, 1722021, 0, 2150374);
INSERT INTO recording_puid (created, recording, puid, edits_pending, id) VALUES ('2011-01-18 16:56:00.408782+01', 334856, 1924620, 0, 2401824);
INSERT INTO recording_puid (created, recording, puid, edits_pending, id) VALUES ('2011-01-18 16:56:00.408782+01', 334856, 3210266, 0, 4034056);
UPDATE recording_meta SET rating_count = NULL, rating = NULL WHERE id = 334856;
INSERT INTO track_name (name, id) VALUES ('Lookin'' In', 1898886);
INSERT INTO recording (last_updated, name, edits_pending, artist_credit, length, comment, id, gid) VALUES (NULL, 1898886, 0, 779, 123600, '', 334857, '69e276ff-a4d0-4de1-87ef-a462aeedc2da');
INSERT INTO puid (version, puid, id) VALUES (1, '3ca77354-b22c-7437-269e-5bd8bb90d042', 254805);
INSERT INTO puid (version, puid, id) VALUES (134, '68c46184-920d-a6c7-f3e3-ed04d4474ffc', 1110950);
INSERT INTO puid (version, puid, id) VALUES (156, '52ae0d36-c117-e0a5-d396-e76d745dbda8', 1721942);
INSERT INTO puid (version, puid, id) VALUES (140, '50dff203-32aa-3bca-fda9-69410dd39f3d', 2075159);
INSERT INTO recording_puid (created, recording, puid, edits_pending, id) VALUES ('2011-01-18 16:56:00.408782+01', 334857, 254805, 0, 327701);
INSERT INTO recording_puid (created, recording, puid, edits_pending, id) VALUES ('2011-01-18 16:56:00.408782+01', 334857, 1110950, 0, 1399310);
INSERT INTO recording_puid (created, recording, puid, edits_pending, id) VALUES ('2011-01-18 16:56:00.408782+01', 334857, 1721942, 0, 2150295);
INSERT INTO recording_puid (created, recording, puid, edits_pending, id) VALUES ('2011-01-18 16:56:00.408782+01', 334857, 2075159, 0, 2592098);
UPDATE recording_meta SET rating_count = NULL, rating = NULL WHERE id = 334857;
INSERT INTO track_name (name, id) VALUES ('Don''t Pray on Me', 3335566);
INSERT INTO recording (last_updated, name, edits_pending, artist_credit, length, comment, id, gid) VALUES (NULL, 3335566, 0, 779, 162840, '', 334858, 'f3966ac3-aade-4476-acce-419fb03af943');
INSERT INTO puid (version, puid, id) VALUES (1, '4dcef4f3-4574-e32f-01be-03f77ea29ced', 287630);
INSERT INTO puid (version, puid, id) VALUES (1, '8b32899f-11ad-5bdf-a907-5260839c3b4c', 405385);
INSERT INTO puid (version, puid, id) VALUES (134, '17b8c73a-8f4a-b147-6bdc-83e38c4a353d', 1110955);
INSERT INTO puid (version, puid, id) VALUES (156, 'aa66953e-87b5-64fb-147d-9769a705e83c', 1721278);
INSERT INTO recording_puid (created, recording, puid, edits_pending, id) VALUES ('2011-01-18 16:56:00.408782+01', 334858, 287630, 0, 370273);
INSERT INTO recording_puid (created, recording, puid, edits_pending, id) VALUES ('2011-01-18 16:56:00.408782+01', 334858, 405385, 0, 521391);
INSERT INTO recording_puid (created, recording, puid, edits_pending, id) VALUES ('2011-01-18 16:56:00.408782+01', 334858, 1110955, 0, 1399315);
INSERT INTO recording_puid (created, recording, puid, edits_pending, id) VALUES ('2011-01-18 16:56:00.408782+01', 334858, 1721278, 0, 2149631);
UPDATE recording_meta SET rating_count = NULL, rating = NULL WHERE id = 334858;
INSERT INTO track_name (name, id) VALUES ('Modern Day Catastrophists', 365222);
INSERT INTO recording (last_updated, name, edits_pending, artist_credit, length, comment, id, gid) VALUES (NULL, 365222, 0, 779, 166626, '', 334859, '1796c53a-2d8c-484c-8a0b-6d01fff9a3ab');
INSERT INTO puid (version, puid, id) VALUES (1, 'b24e77ab-eeee-6416-f181-2287d7ad02fa', 479835);
INSERT INTO puid (version, puid, id) VALUES (134, 'c9e97d95-10cd-e46b-b1c6-ed0738d0a4ea', 1110956);
INSERT INTO puid (version, puid, id) VALUES (156, '14c85a0a-776b-1ec2-d089-8ee6b0befcea', 1721724);
INSERT INTO puid (version, puid, id) VALUES (139, '193d4abc-93e8-f354-75cc-124f3f4f0cb5', 2225493);
INSERT INTO recording_puid (created, recording, puid, edits_pending, id) VALUES ('2011-01-18 16:56:00.408782+01', 334859, 479835, 0, 617388);
INSERT INTO recording_puid (created, recording, puid, edits_pending, id) VALUES ('2011-01-18 16:56:00.408782+01', 334859, 1110956, 0, 1399316);
INSERT INTO recording_puid (created, recording, puid, edits_pending, id) VALUES ('2011-01-18 16:56:00.408782+01', 334859, 1721724, 0, 2150077);
INSERT INTO recording_puid (created, recording, puid, edits_pending, id) VALUES ('2011-01-18 16:56:00.408782+01', 334859, 2225493, 0, 2778223);
UPDATE recording_meta SET rating_count = NULL, rating = NULL WHERE id = 334859;
INSERT INTO track_name (name, id) VALUES ('Skyscraper', 145741);
INSERT INTO recording (last_updated, name, edits_pending, artist_credit, length, comment, id, gid) VALUES (NULL, 145741, 0, 779, 195040, '', 334860, '34d5b05e-01ce-4180-832f-c05c18689074');
INSERT INTO puid (version, puid, id) VALUES (1, '20335b1b-c5b0-d4bb-630d-257717a36497', 141483);
INSERT INTO puid (version, puid, id) VALUES (1, 'bd8698bc-1824-1173-2554-a33870fa1c21', 501578);
INSERT INTO puid (version, puid, id) VALUES (131, '0b3865bf-4728-393c-9dbd-5ea819654aa2', 852044);
INSERT INTO puid (version, puid, id) VALUES (134, '5d7e023a-ded0-a0c1-ce8e-711cb8303b55', 1110957);
INSERT INTO puid (version, puid, id) VALUES (140, 'a93b00c3-641a-53d4-40a6-21493a8cc5f5', 1391139);
INSERT INTO puid (version, puid, id) VALUES (156, '52c4cf01-1608-2aff-fc1a-7fe53268ac6e', 1721876);
INSERT INTO puid (version, puid, id) VALUES (140, 'ff3e458f-07c5-6244-ce88-231651298248', 1731546);
INSERT INTO puid (version, puid, id) VALUES (161, '407727c6-4f6a-b19f-9075-cce11c5ea58c', 1732210);
INSERT INTO puid (version, puid, id) VALUES (140, '052da576-26fd-e6ac-7007-abfcc71cd5ac', 1810403);
INSERT INTO recording_puid (created, recording, puid, edits_pending, id) VALUES ('2011-01-18 16:56:00.408782+01', 334860, 141483, 0, 181993);
INSERT INTO recording_puid (created, recording, puid, edits_pending, id) VALUES ('2011-01-18 16:56:00.408782+01', 334860, 501578, 0, 645276);
INSERT INTO recording_puid (created, recording, puid, edits_pending, id) VALUES ('2011-01-18 16:56:00.408782+01', 334860, 852044, 0, 1082879);
INSERT INTO recording_puid (created, recording, puid, edits_pending, id) VALUES ('2011-01-18 16:56:00.408782+01', 334860, 1110957, 0, 1399317);
INSERT INTO recording_puid (created, recording, puid, edits_pending, id) VALUES ('2011-01-18 16:56:00.408782+01', 334860, 1391139, 0, 1744179);
INSERT INTO recording_puid (created, recording, puid, edits_pending, id) VALUES ('2011-01-18 16:56:00.408782+01', 334860, 1721876, 0, 2150229);
INSERT INTO recording_puid (created, recording, puid, edits_pending, id) VALUES ('2011-01-18 16:56:00.408782+01', 334860, 1731546, 0, 2162320);
INSERT INTO recording_puid (created, recording, puid, edits_pending, id) VALUES ('2011-01-18 16:56:00.408782+01', 334860, 1732210, 0, 2163224);
INSERT INTO recording_puid (created, recording, puid, edits_pending, id) VALUES ('2011-01-18 16:56:00.408782+01', 334860, 1810403, 0, 2260220);
UPDATE recording_meta SET rating_count = NULL, rating = NULL WHERE id = 334860;
INSERT INTO track_name (name, id) VALUES ('Stealth', 3729122);
INSERT INTO recording (last_updated, name, edits_pending, artist_credit, length, comment, id, gid) VALUES (NULL, 3729122, 0, 779, 42026, '', 334861, '80ab1bae-6638-4603-b65a-29b9966671c8');
INSERT INTO puid (version, puid, id) VALUES (1, '08725dc8-c723-9819-e3d3-f8df7740660b', 37302);
INSERT INTO puid (version, puid, id) VALUES (1, '1cb29d0f-f00c-94f6-b389-312e387acca3', 126150);
INSERT INTO puid (version, puid, id) VALUES (134, '2a56983a-f168-bab8-1196-88ec000f87ff', 1110954);
INSERT INTO puid (version, puid, id) VALUES (156, 'ae04148a-4d76-dc81-b57d-5fb75a6dde0f', 1721188);
INSERT INTO puid (version, puid, id) VALUES (140, 'c8770397-f629-2ee8-f26e-e57f4396fd28', 1924621);
INSERT INTO puid (version, puid, id) VALUES (246, '1509b764-9e98-43ab-1eea-fa7a86787bbd', 4399291);
INSERT INTO recording_puid (created, recording, puid, edits_pending, id) VALUES ('2011-01-18 16:56:00.408782+01', 334861, 37302, 0, 48098);
INSERT INTO recording_puid (created, recording, puid, edits_pending, id) VALUES ('2011-01-18 16:56:00.408782+01', 334861, 126150, 0, 162266);
INSERT INTO recording_puid (created, recording, puid, edits_pending, id) VALUES ('2011-01-18 16:56:00.408782+01', 334861, 1110954, 0, 1399314);
INSERT INTO recording_puid (created, recording, puid, edits_pending, id) VALUES ('2011-01-18 16:56:00.408782+01', 334861, 1721188, 0, 2149541);
INSERT INTO recording_puid (created, recording, puid, edits_pending, id) VALUES ('2011-01-18 16:56:00.408782+01', 334861, 1924621, 0, 2401825);
INSERT INTO recording_puid (created, recording, puid, edits_pending, id) VALUES ('2011-01-18 16:56:00.408782+01', 334861, 4399291, 0, 5566206);
UPDATE recording_meta SET rating_count = NULL, rating = NULL WHERE id = 334861;
INSERT INTO track (last_updated, number, recording, name, position, edits_pending, artist_credit, length, medium, id, gid) VALUES ('2013-03-07 16:53:06.647156+01', '1', 334848, 3091784, 1, 0, 779, 122666, 32094, 11484338, 'f1a574b9-c4dd-49d2-a2bb-fddd7d70d664');
INSERT INTO track (last_updated, number, recording, name, position, edits_pending, artist_credit, length, medium, id, gid) VALUES ('2013-03-07 16:53:06.647156+01', '2', 334849, 1395901, 2, 0, 779, 161666, 32094, 11484339, '7d9b97f0-8c85-47e5-acdb-795f8c9a557e');
INSERT INTO track (last_updated, number, recording, name, position, edits_pending, artist_credit, length, medium, id, gid) VALUES ('2013-03-07 16:53:06.647156+01', '3', 334850, 4514144, 3, 0, 779, 197400, 32094, 11484340, '40c93705-a6f0-4688-acd4-662a443c8dc0');
INSERT INTO track (last_updated, number, recording, name, position, edits_pending, artist_credit, length, medium, id, gid) VALUES ('2013-03-07 16:53:06.647156+01', '4', 334851, 4097934, 4, 0, 779, 164773, 32094, 11484341, 'd725b064-aaf7-4997-93c2-f55f5c4bdd9c');
INSERT INTO track (last_updated, number, recording, name, position, edits_pending, artist_credit, length, medium, id, gid) VALUES ('2013-03-07 16:53:06.647156+01', '5', 334852, 902738, 5, 0, 779, 191493, 32094, 11484342, '1415a0b9-0676-42b1-8aa8-da8ee3684ebb');
INSERT INTO track (last_updated, number, recording, name, position, edits_pending, artist_credit, length, medium, id, gid) VALUES ('2013-03-07 16:53:06.647156+01', '6', 334853, 1100783, 6, 0, 779, 187373, 32094, 11484343, '8cfe2036-f668-4dc9-aac2-29860d062221');
INSERT INTO track (last_updated, number, recording, name, position, edits_pending, artist_credit, length, medium, id, gid) VALUES ('2013-03-07 16:53:06.647156+01', '7', 334854, 2226046, 7, 0, 779, 154533, 32094, 11484344, '1bc1d920-381c-4082-83ab-10a7135e639f');
INSERT INTO track (last_updated, number, recording, name, position, edits_pending, artist_credit, length, medium, id, gid) VALUES ('2013-03-07 16:53:06.647156+01', '8', 334855, 4813111, 8, 0, 779, 227493, 32094, 11484345, '5d82d553-eaa2-4c15-a544-9a714abc9264');
INSERT INTO track (last_updated, number, recording, name, position, edits_pending, artist_credit, length, medium, id, gid) VALUES ('2013-03-07 16:53:06.647156+01', '9', 334856, 1785002, 9, 0, 779, 162800, 32094, 11484346, '7e6b83b6-8754-484a-be48-f011a653b004');
INSERT INTO track (last_updated, number, recording, name, position, edits_pending, artist_credit, length, medium, id, gid) VALUES ('2013-03-07 16:53:06.647156+01', '10', 334857, 1898886, 10, 0, 779, 123600, 32094, 11484347, 'd58556bf-2772-438b-b66e-fcff2a8e64a8');
INSERT INTO track (last_updated, number, recording, name, position, edits_pending, artist_credit, length, medium, id, gid) VALUES ('2013-03-07 16:53:06.647156+01', '11', 334858, 3335566, 11, 0, 779, 162840, 32094, 11484348, 'f9e65e80-3b96-4a39-9ebb-4a850ff988e3');
INSERT INTO track (last_updated, number, recording, name, position, edits_pending, artist_credit, length, medium, id, gid) VALUES ('2013-03-07 16:53:06.647156+01', '12', 334859, 365222, 12, 0, 779, 166626, 32094, 11484349, '7fdea3a5-5076-4107-a42d-070ebb6ab6b5');
INSERT INTO track (last_updated, number, recording, name, position, edits_pending, artist_credit, length, medium, id, gid) VALUES ('2013-03-07 16:53:06.647156+01', '13', 334860, 145741, 13, 0, 779, 195040, 32094, 11484350, '5115368b-aaff-4489-bb0e-0ec90896ad86');
INSERT INTO track (last_updated, number, recording, name, position, edits_pending, artist_credit, length, medium, id, gid) VALUES ('2013-03-07 16:53:06.647156+01', '14', 334861, 3729122, 14, 0, 779, 42026, 32094, 11484351, '75502cc5-c65c-4baa-89d1-b8453b6ef98c');
INSERT INTO release_label (last_updated, catalog_number, label, release, id) VALUES ('2011-01-18 16:52:02.917556+01', '7 82546-2', 33, 32094, 14436);
UPDATE release_meta SET amazon_asin = 'B000002IX5', info_url = 'http://www.amazon.com/gp/product/B000002IX5', date_added = '2001-12-26 20:33:53+01', cover_art_presence = 'absent', amazon_store = NULL WHERE id = 32094;
INSERT INTO medium (last_updated, name, position, track_count, edits_pending, release, format, id) VALUES ('2013-03-07 16:53:07.18794+01', NULL, 1, 14, 0, 509518, 1, 509518);
INSERT INTO medium_cdtoc (last_updated, medium, edits_pending, id, cdtoc) VALUES ('2011-01-18 16:21:33.71184+01', 509518, 0, 344491, 376870);
INSERT INTO medium_cdtoc (last_updated, medium, edits_pending, id, cdtoc) VALUES ('2011-01-18 16:21:33.71184+01', 509518, 0, 344492, 252608);
INSERT INTO medium_cdtoc (last_updated, medium, edits_pending, id, cdtoc) VALUES ('2011-01-18 16:21:33.71184+01', 509518, 0, 344493, 164606);
INSERT INTO medium_cdtoc (last_updated, medium, edits_pending, id, cdtoc) VALUES ('2011-01-18 16:21:33.71184+01', 509518, 0, 344494, 10144);
INSERT INTO medium_cdtoc (last_updated, medium, edits_pending, id, cdtoc) VALUES ('2011-01-18 16:21:33.71184+01', 509518, 0, 344495, 146522);
INSERT INTO medium_cdtoc (last_updated, medium, edits_pending, id, cdtoc) VALUES ('2011-01-18 16:21:33.71184+01', 509518, 0, 344496, 112902);
INSERT INTO track (last_updated, number, recording, name, position, edits_pending, artist_credit, length, medium, id, gid) VALUES ('2013-03-07 16:53:06.647156+01', '1', 334848, 3091784, 1, 0, 779, 122666, 509518, 334848, '3045eab5-78fe-4e1b-a8bd-9eb163a11b3a');
INSERT INTO track (last_updated, number, recording, name, position, edits_pending, artist_credit, length, medium, id, gid) VALUES ('2013-03-07 16:53:06.647156+01', '2', 334849, 1395901, 2, 0, 779, 161666, 509518, 334849, 'acbd0a93-6789-4327-8899-0c83fac9ea2a');
INSERT INTO track (last_updated, number, recording, name, position, edits_pending, artist_credit, length, medium, id, gid) VALUES ('2013-03-07 16:53:06.647156+01', '3', 334850, 4514144, 3, 0, 779, 197400, 509518, 334850, '0ed5df85-d42d-40fc-a93e-ad4ddfc8878b');
INSERT INTO track (last_updated, number, recording, name, position, edits_pending, artist_credit, length, medium, id, gid) VALUES ('2013-03-07 16:53:06.647156+01', '4', 334851, 4097934, 4, 0, 779, 164773, 509518, 334851, '86901eec-19d1-4420-ab20-a365e88e8ff5');
INSERT INTO track (last_updated, number, recording, name, position, edits_pending, artist_credit, length, medium, id, gid) VALUES ('2013-03-07 16:53:06.647156+01', '5', 334852, 902738, 5, 0, 779, 191493, 509518, 334852, '646e7b38-9a1b-4484-99e1-d038aa57c230');
INSERT INTO track (last_updated, number, recording, name, position, edits_pending, artist_credit, length, medium, id, gid) VALUES ('2013-03-07 16:53:06.647156+01', '6', 334853, 1100783, 6, 0, 779, 187373, 509518, 334853, 'e7e01d01-b130-411c-8fc3-813852102db5');
INSERT INTO track (last_updated, number, recording, name, position, edits_pending, artist_credit, length, medium, id, gid) VALUES ('2013-03-07 16:53:06.647156+01', '7', 334854, 2226046, 7, 0, 779, 154533, 509518, 334854, '7da7ed18-c222-4b1b-836c-53adc315ddaa');
INSERT INTO track (last_updated, number, recording, name, position, edits_pending, artist_credit, length, medium, id, gid) VALUES ('2013-03-07 16:53:06.647156+01', '8', 334855, 4813111, 8, 0, 779, 227493, 509518, 334855, 'f5f9aaa7-2aca-4379-8e44-b0df54dd94d0');
INSERT INTO track (last_updated, number, recording, name, position, edits_pending, artist_credit, length, medium, id, gid) VALUES ('2013-03-07 16:53:06.647156+01', '9', 334856, 1785002, 9, 0, 779, 162800, 509518, 334856, '8581e747-a283-41a5-aeb3-53b1c8305cbe');
INSERT INTO track (last_updated, number, recording, name, position, edits_pending, artist_credit, length, medium, id, gid) VALUES ('2013-03-07 16:53:06.647156+01', '10', 334857, 1898886, 10, 0, 779, 123600, 509518, 334857, '2a066553-d029-4c5e-ad7d-3ec05ad291de');
INSERT INTO track (last_updated, number, recording, name, position, edits_pending, artist_credit, length, medium, id, gid) VALUES ('2013-03-07 16:53:06.647156+01', '11', 334858, 3335566, 11, 0, 779, 162840, 509518, 334858, '547925f6-fb86-4bea-baee-9c021ef7bf47');
INSERT INTO track (last_updated, number, recording, name, position, edits_pending, artist_credit, length, medium, id, gid) VALUES ('2013-03-07 16:53:06.647156+01', '12', 334859, 365222, 12, 0, 779, 166626, 509518, 334859, 'fc259acd-4e67-4bba-a369-7a3e3b0b1d8e');
INSERT INTO track (last_updated, number, recording, name, position, edits_pending, artist_credit, length, medium, id, gid) VALUES ('2013-03-07 16:53:06.647156+01', '13', 334860, 145741, 13, 0, 779, 195040, 509518, 334860, '8341847f-c720-4901-8e05-032cfbc172f8');
INSERT INTO track (last_updated, number, recording, name, position, edits_pending, artist_credit, length, medium, id, gid) VALUES ('2013-03-07 16:53:06.647156+01', '14', 334861, 3729122, 14, 0, 779, 42026, 509518, 334861, 'e60dc534-74f0-4d57-9968-949472b022f5');
INSERT INTO label_name (name, id) VALUES ('Epitaph', 9837);
INSERT INTO label (label_code, edits_pending, ended, id, sort_name, country, begin_date_day, last_updated, name, begin_date_year, end_date_day, comment, begin_date_month, end_date_month, type, end_date_year, gid) VALUES (NULL, 0, '0', 395, 9837, 222, NULL, NULL, 9837, 1980, NULL, '', NULL, NULL, 4, NULL, '1bfd06be-a6ed-4ced-8159-7d4d2923a40c');
INSERT INTO label_name (name, id) VALUES ('Epitaph Records', 24254);
INSERT INTO label_alias (begin_date_day, last_updated, primary_for_locale, name, edits_pending, locale, begin_date_year, end_date_day, begin_date_month, end_date_month, id, label, type, end_date_year, sort_name) VALUES (NULL, '2011-01-18 16:21:33.71184+01', '0', 24254, 0, NULL, NULL, NULL, NULL, NULL, 1226, 395, NULL, NULL, 24254);
UPDATE label_meta SET rating_count = 1, rating = 80 WHERE id = 395;
INSERT INTO release_label (last_updated, catalog_number, label, release, id) VALUES ('2011-01-18 16:52:02.917556+01', '86420-2', 395, 509518, 14437);
UPDATE release_meta SET amazon_asin = NULL, info_url = NULL, date_added = '2001-12-26 20:33:53+01', cover_art_presence = 'absent', amazon_store = NULL WHERE id = 509518;
UPDATE release_group_meta SET first_release_date_month = 4, rating_count = 1, first_release_date_year = 1993, release_count = 2, rating = 100, first_release_date_day = 6 WHERE id = 47743;
INSERT INTO release_group_primary_type (name, id) VALUES ('EP', 3);
INSERT INTO release_name (name, id) VALUES ('The Future Sound of Budapest', 28049);
INSERT INTO artist_credit (created, name, ref_count, artist_count, id) VALUES ('2011-01-18 17:24:02.551922+01', 393472, 144, 1, 100300);
INSERT INTO artist_credit_name (join_phrase, artist, name, position, artist_credit) VALUES ('', 100300, 393472, 0, 100300);
INSERT INTO release_group (last_updated, comment, name, edits_pending, type, artist_credit, id, gid) VALUES ('2009-05-24 22:47:00.490177+02', '', 28049, 0, 3, 100300, 666173, 'd3cad1a9-9173-3f9f-b853-bd0852ceae1a');
INSERT INTO release (date_day, status, release_group, edits_pending, packaging, id, quality, country, last_updated, script, language, name, artist_credit, barcode, comment, date_year, date_month, gid) VALUES (28, 1, 666173, 0, NULL, 329521, -1, 221, NULL, 28, 120, 28049, 100300, NULL, '', 2005, 11, 'd94a8330-f129-4ec0-87e1-0107836066fa');
INSERT INTO medium (last_updated, name, position, track_count, edits_pending, release, format, id) VALUES ('2013-03-07 16:53:07.18794+01', NULL, 1, 2, 0, 329521, 7, 329521);
INSERT INTO medium (last_updated, name, position, track_count, edits_pending, release, format, id) VALUES ('2013-03-07 16:53:07.18794+01', NULL, 2, 2, 0, 329521, 7, 329523);
INSERT INTO track_name (name, id) VALUES ('What''s Happening', 3979700);
INSERT INTO recording (last_updated, name, edits_pending, artist_credit, length, comment, id, gid) VALUES (NULL, 3979700, 0, 781759, 360000, '', 7505755, '9fc6f75d-17d5-4123-9e4d-07498fdcaa8f');
INSERT INTO puid (version, puid, id) VALUES (204, '9ee73c07-7b56-9910-98cc-388686a61532', 3106632);
INSERT INTO recording_puid (created, recording, puid, edits_pending, id) VALUES ('2011-01-18 16:56:00.408782+01', 7505755, 3106632, 0, 3900667);
UPDATE recording_meta SET rating_count = NULL, rating = NULL WHERE id = 7505755;
INSERT INTO track_name (name, id) VALUES ('Time Is Now', 735914);
INSERT INTO artist_name (name, id) VALUES ('SKC & Bratwa', 945229);
INSERT INTO artist_credit (created, name, ref_count, artist_count, id) VALUES ('2011-01-18 17:24:02.551922+01', 945229, 13, 1, 180273);
INSERT INTO artist (edits_pending, ended, id, sort_name, gender, country, begin_date_day, last_updated, name, begin_date_year, end_date_day, comment, begin_date_month, end_date_month, type, end_date_year, gid) VALUES (0, '0', 180273, 945229, NULL, NULL, NULL, '2010-05-23 15:32:49.951844+02', 945229, NULL, NULL, '', NULL, NULL, 2, NULL, '5b85945c-c9ca-4346-a58e-7992f6c6a5b6');
UPDATE artist_meta SET rating_count = NULL, rating = NULL WHERE id = 180273;
INSERT INTO artist_credit_name (join_phrase, artist, name, position, artist_credit) VALUES ('', 180273, 945229, 0, 180273);
INSERT INTO recording (last_updated, name, edits_pending, artist_credit, length, comment, id, gid) VALUES (NULL, 735914, 0, 180273, 379000, '', 7505756, '643d0549-ad6d-4692-9a73-0ee98b05c03b');
INSERT INTO puid (version, puid, id) VALUES (204, '1a6825ba-5d45-e326-9171-8d3fc529cc61', 3084180);
INSERT INTO puid (version, puid, id) VALUES (204, '8ecce0a1-af96-f20d-6598-bb98494fe433', 3106631);
INSERT INTO recording_puid (created, recording, puid, edits_pending, id) VALUES ('2011-01-18 16:56:00.408782+01', 7505756, 3084180, 0, 3873273);
INSERT INTO recording_puid (created, recording, puid, edits_pending, id) VALUES ('2011-01-18 16:56:00.408782+01', 7505756, 3106631, 0, 3900666);
UPDATE recording_meta SET rating_count = NULL, rating = NULL WHERE id = 7505756;
INSERT INTO track (last_updated, number, recording, name, position, edits_pending, artist_credit, length, medium, id, gid) VALUES ('2013-03-07 16:53:06.647156+01', '1', 7505755, 3979700, 1, 0, 781759, 360000, 329521, 7505755, '367f2674-c7e1-4fed-8a57-5aa920864a66');
INSERT INTO track (last_updated, number, recording, name, position, edits_pending, artist_credit, length, medium, id, gid) VALUES ('2013-03-07 16:53:06.647156+01', '2', 7505756, 735914, 2, 0, 180273, 379000, 329521, 7505756, '868bbd5e-fc83-41fa-9d2f-87f72f214c64');
INSERT INTO track_name (name, id) VALUES ('Chillin''', 1812435);
INSERT INTO artist_name (name, id) VALUES ('Mindscape', 262999);
INSERT INTO artist_credit (created, name, ref_count, artist_count, id) VALUES ('2011-01-18 17:24:02.551922+01', 262999, 64, 1, 57874);
INSERT INTO artist (edits_pending, ended, id, sort_name, gender, country, begin_date_day, last_updated, name, begin_date_year, end_date_day, comment, begin_date_month, end_date_month, type, end_date_year, gid) VALUES (0, '0', 57874, 262999, NULL, NULL, NULL, NULL, 262999, NULL, NULL, 'drum n bass from Hungary', NULL, NULL, 2, NULL, 'e92b807c-a734-4cee-a88c-1cf03d462c70');
UPDATE artist_meta SET rating_count = NULL, rating = NULL WHERE id = 57874;
INSERT INTO artist_credit_name (join_phrase, artist, name, position, artist_credit) VALUES ('', 57874, 262999, 0, 57874);
INSERT INTO recording (last_updated, name, edits_pending, artist_credit, length, comment, id, gid) VALUES (NULL, 1812435, 0, 57874, 359000, '', 7505767, 'b80a7303-1c0e-453e-b383-8d4a2a2d222d');
INSERT INTO puid (version, puid, id) VALUES (204, 'd70ea8a8-fb4b-56f4-b37d-b81eb472ecc4', 3106633);
INSERT INTO recording_puid (created, recording, puid, edits_pending, id) VALUES ('2011-01-18 16:56:00.408782+01', 7505767, 3106633, 0, 3900668);
UPDATE recording_meta SET rating_count = NULL, rating = NULL WHERE id = 7505767;
INSERT INTO track_name (name, id) VALUES ('Semi Bluff', 437567);
INSERT INTO recording (last_updated, name, edits_pending, artist_credit, length, comment, id, gid) VALUES (NULL, 437567, 0, 100300, 314000, '', 7505768, '36a8e82f-6902-4366-a847-625479982562');
INSERT INTO puid (version, puid, id) VALUES (204, '3a667333-56f1-5b6e-fcbd-501c8369701d', 3106630);
INSERT INTO recording_puid (created, recording, puid, edits_pending, id) VALUES ('2011-01-18 16:56:00.408782+01', 7505768, 3106630, 0, 3900665);
UPDATE recording_meta SET rating_count = NULL, rating = NULL WHERE id = 7505768;
INSERT INTO track (last_updated, number, recording, name, position, edits_pending, artist_credit, length, medium, id, gid) VALUES ('2013-03-07 16:53:06.647156+01', '1', 7505767, 1812435, 1, 0, 57874, 359000, 329523, 7505767, '9f72d867-53f6-45dd-8eae-866d35d0d3bb');
INSERT INTO track (last_updated, number, recording, name, position, edits_pending, artist_credit, length, medium, id, gid) VALUES ('2013-03-07 16:53:06.647156+01', '2', 7505768, 437567, 2, 0, 100300, 314000, 329523, 7505768, '5b911958-15b9-43b1-a8da-a918faf57b9a');
INSERT INTO label_name (name, id) VALUES ('Hospital Records', 14223);
INSERT INTO label (label_code, edits_pending, ended, id, sort_name, country, begin_date_day, last_updated, name, begin_date_year, end_date_day, comment, begin_date_month, end_date_month, type, end_date_year, gid) VALUES (12939, 0, '0', 288, 14223, 221, 29, NULL, 14223, 1996, NULL, 'UK drum & bass', 4, NULL, 4, NULL, '8562598d-60d1-4bd6-8b85-4d709e951770');
UPDATE label_meta SET rating_count = NULL, rating = NULL WHERE id = 288;
INSERT INTO release_label (last_updated, catalog_number, label, release, id) VALUES ('2011-01-18 16:52:02.917556+01', 'NHS98', 288, 329521, 234478);
UPDATE release_meta SET amazon_asin = NULL, info_url = NULL, date_added = '2007-12-07 05:39:46.888511+01', cover_art_presence = 'absent', amazon_store = NULL WHERE id = 329521;
UPDATE release_group_meta SET first_release_date_month = 11, rating_count = NULL, first_release_date_year = 2005, release_count = 1, rating = NULL, first_release_date_day = 28 WHERE id = 666173;
INSERT INTO release_group_primary_type (name, id) VALUES ('Live', 9);
INSERT INTO release_name (name, id) VALUES ('Live at the Regal', 515260);
INSERT INTO artist_name (name, id) VALUES ('B.B. King', 957839);
INSERT INTO artist_credit (created, name, ref_count, artist_count, id) VALUES ('2011-01-18 17:24:02.551922+01', 957839, 7321, 1, 22492);
INSERT INTO artist_name (name, id) VALUES ('King, B.B.', 715943);
INSERT INTO artist (edits_pending, ended, id, sort_name, gender, country, begin_date_day, last_updated, name, begin_date_year, end_date_day, comment, begin_date_month, end_date_month, type, end_date_year, gid) VALUES (0, '0', 22492, 715943, NULL, NULL, 16, '2010-11-11 03:02:07.352114+01', 957839, 1925, NULL, '', 9, NULL, 1, NULL, 'dcb03ce3-67a5-4eb3-b2d1-2a12d93a38f3');
INSERT INTO artist_name (name, id) VALUES ('B.B. King Medley', 601436);
INSERT INTO artist_name (name, id) VALUES ('B.B. King and Friends', 194497);
INSERT INTO artist_name (name, id) VALUES ('King, B. B.', 567879);
INSERT INTO artist_name (name, id) VALUES ('BB King', 407100);
INSERT INTO artist_name (name, id) VALUES ('BB. King & Friends', 144767);
INSERT INTO artist_name (name, id) VALUES ('B B King', 103820);
INSERT INTO artist_name (name, id) VALUES ('BB King and Friends', 502353);
INSERT INTO artist_name (name, id) VALUES ('B.B.King', 546929);
INSERT INTO artist_name (name, id) VALUES ('B.B. King & Friends', 934626);
INSERT INTO artist_name (name, id) VALUES ('B. B. King', 464678);
INSERT INTO artist_alias (begin_date_day, last_updated, primary_for_locale, name, edits_pending, locale, begin_date_year, artist, end_date_day, begin_date_month, end_date_month, id, type, end_date_year, sort_name) VALUES (NULL, '2011-01-18 16:20:17.74049+01', '0', 601436, 0, NULL, NULL, 22492, NULL, NULL, NULL, 21113, NULL, NULL, 601436);
INSERT INTO artist_alias (begin_date_day, last_updated, primary_for_locale, name, edits_pending, locale, begin_date_year, artist, end_date_day, begin_date_month, end_date_month, id, type, end_date_year, sort_name) VALUES (NULL, '2011-01-18 16:20:17.74049+01', '0', 194497, 0, NULL, NULL, 22492, NULL, NULL, NULL, 32207, NULL, NULL, 194497);
INSERT INTO artist_alias (begin_date_day, last_updated, primary_for_locale, name, edits_pending, locale, begin_date_year, artist, end_date_day, begin_date_month, end_date_month, id, type, end_date_year, sort_name) VALUES (NULL, '2011-01-18 16:20:17.74049+01', '0', 567879, 0, NULL, NULL, 22492, NULL, NULL, NULL, 16642, NULL, NULL, 567879);
INSERT INTO artist_alias (begin_date_day, last_updated, primary_for_locale, name, edits_pending, locale, begin_date_year, artist, end_date_day, begin_date_month, end_date_month, id, type, end_date_year, sort_name) VALUES (NULL, '2011-01-18 16:20:17.74049+01', '0', 407100, 0, NULL, NULL, 22492, NULL, NULL, NULL, 1778, NULL, NULL, 407100);
INSERT INTO artist_alias (begin_date_day, last_updated, primary_for_locale, name, edits_pending, locale, begin_date_year, artist, end_date_day, begin_date_month, end_date_month, id, type, end_date_year, sort_name) VALUES (NULL, '2011-01-18 16:20:17.74049+01', '0', 144767, 0, NULL, NULL, 22492, NULL, NULL, NULL, 32209, NULL, NULL, 144767);
INSERT INTO artist_alias (begin_date_day, last_updated, primary_for_locale, name, edits_pending, locale, begin_date_year, artist, end_date_day, begin_date_month, end_date_month, id, type, end_date_year, sort_name) VALUES (NULL, '2011-01-18 16:20:17.74049+01', '0', 103820, 0, NULL, NULL, 22492, NULL, NULL, NULL, 4960, NULL, NULL, 103820);
INSERT INTO artist_alias (begin_date_day, last_updated, primary_for_locale, name, edits_pending, locale, begin_date_year, artist, end_date_day, begin_date_month, end_date_month, id, type, end_date_year, sort_name) VALUES (NULL, '2011-01-18 16:20:17.74049+01', '0', 502353, 0, NULL, NULL, 22492, NULL, NULL, NULL, 32210, NULL, NULL, 502353);
INSERT INTO artist_alias (begin_date_day, last_updated, primary_for_locale, name, edits_pending, locale, begin_date_year, artist, end_date_day, begin_date_month, end_date_month, id, type, end_date_year, sort_name) VALUES (NULL, '2011-01-18 16:20:17.74049+01', '0', 546929, 0, NULL, NULL, 22492, NULL, NULL, NULL, 3814, NULL, NULL, 546929);
INSERT INTO artist_alias (begin_date_day, last_updated, primary_for_locale, name, edits_pending, locale, begin_date_year, artist, end_date_day, begin_date_month, end_date_month, id, type, end_date_year, sort_name) VALUES (NULL, '2011-01-18 16:20:17.74049+01', '0', 934626, 0, NULL, NULL, 22492, NULL, NULL, NULL, 32208, NULL, NULL, 934626);
INSERT INTO artist_alias (begin_date_day, last_updated, primary_for_locale, name, edits_pending, locale, begin_date_year, artist, end_date_day, begin_date_month, end_date_month, id, type, end_date_year, sort_name) VALUES (NULL, '2011-01-18 16:20:17.74049+01', '0', 464678, 0, NULL, NULL, 22492, NULL, NULL, NULL, 3557, NULL, NULL, 464678);
UPDATE artist_meta SET rating_count = 3, rating = 93 WHERE id = 22492;
INSERT INTO artist_credit_name (join_phrase, artist, name, position, artist_credit) VALUES ('', 22492, 957839, 0, 22492);
INSERT INTO release_group (last_updated, comment, name, edits_pending, type, artist_credit, id, gid) VALUES ('2009-05-24 22:47:00.490177+02', '', 515260, 0, 9, 22492, 87135, 'a4d2a86c-bbd6-352b-b9fa-f9da86df842c');
INSERT INTO country (iso_code, name, id) VALUES ('NL', 'Netherlands', 150);
INSERT INTO release (date_day, status, release_group, edits_pending, packaging, id, quality, country, last_updated, script, language, name, artist_credit, barcode, comment, date_year, date_month, gid) VALUES (NULL, 1, 87135, 0, NULL, 207481, -1, 150, '2010-04-03 17:11:01.630562+02', 28, 120, 515260, 22492, '008811164621', '', 1997, NULL, '871027ad-84a1-4a0e-ab71-7010cd93774e');
INSERT INTO release (date_day, status, release_group, edits_pending, packaging, id, quality, country, last_updated, script, language, name, artist_credit, barcode, comment, date_year, date_month, gid) VALUES (NULL, 1, 87135, 0, NULL, 580942, -1, 222, '2010-04-03 17:11:01.630562+02', 28, 120, 515260, 22492, NULL, '', 1965, NULL, '31ea2414-6327-3b95-a17a-db06edb144d2');
INSERT INTO release (date_day, status, release_group, edits_pending, packaging, id, quality, country, last_updated, script, language, name, artist_credit, barcode, comment, date_year, date_month, gid) VALUES (NULL, 1, 87135, 0, NULL, 596488, -1, 221, '2010-04-03 17:11:01.630562+02', 28, 120, 515260, 22492, NULL, '', NULL, NULL, '1ed16fd9-3e05-3704-9825-0ecb2575c389');
INSERT INTO release (date_day, status, release_group, edits_pending, packaging, id, quality, country, last_updated, script, language, name, artist_credit, barcode, comment, date_year, date_month, gid) VALUES (NULL, 1, 87135, 0, NULL, 596489, -1, 222, '2010-04-03 17:11:01.630562+02', 28, 120, 515260, 22492, NULL, '', 1965, NULL, '4c884d96-8e0e-34cf-8f75-b6db47687d5f');
INSERT INTO release (date_day, status, release_group, edits_pending, packaging, id, quality, country, last_updated, script, language, name, artist_credit, barcode, comment, date_year, date_month, gid) VALUES (NULL, 1, 87135, 0, NULL, 596490, -1, 222, '2010-04-03 17:11:01.630562+02', 28, 120, 515260, 22492, NULL, '', 1971, NULL, '069b3e95-12e1-3e80-9f68-dda0d7004cde');
INSERT INTO release (date_day, status, release_group, edits_pending, packaging, id, quality, country, last_updated, script, language, name, artist_credit, barcode, comment, date_year, date_month, gid) VALUES (NULL, 1, 87135, 0, NULL, 596491, -1, 222, '2010-04-03 17:11:01.630562+02', 28, 120, 515260, 22492, '076731110622', '', 1987, NULL, '93852aca-b6d4-3320-8eaa-4e9c70d0302f');
INSERT INTO release (date_day, status, release_group, edits_pending, packaging, id, quality, country, last_updated, script, language, name, artist_credit, barcode, comment, date_year, date_month, gid) VALUES (NULL, 1, 87135, 0, NULL, 596492, -1, 222, '2010-04-03 17:11:01.630562+02', 28, 120, 515260, 22492, '015775154827', '', 1989, NULL, '1160f69e-030a-3574-99a9-557ed0c008a0');
INSERT INTO release (date_day, status, release_group, edits_pending, packaging, id, quality, country, last_updated, script, language, name, artist_credit, barcode, comment, date_year, date_month, gid) VALUES (1, 1, 87135, 0, NULL, 672077, -1, 222, '2010-04-03 17:11:01.630562+02', 28, 120, 515260, 22492, '015775154827', '', 1991, 7, '686852e7-de39-3316-adb0-6c4400d60838');
INSERT INTO medium (last_updated, name, position, track_count, edits_pending, release, format, id) VALUES ('2013-03-07 16:53:07.18794+01', NULL, 1, 10, 0, 207481, 1, 207481);
INSERT INTO cdtoc (created, discid, track_offset, degraded, leadout_offset, track_count, id, freedb_id) VALUES ('2011-01-18 16:21:33.71184+01', 'Nmu_OfWl7g83XbuXuosWZMZMEvc-', '{182,14367,33090,47290,63412,77047,88985,117735,125570,146057}', '0', 157932, 10, 35066, '8608370a');
INSERT INTO cdtoc (created, discid, track_offset, degraded, leadout_offset, track_count, id, freedb_id) VALUES ('2011-01-18 16:21:33.71184+01', '6bOGp3KERq1vhgKLLZreS.RMhGo-', '{183,12103,31365,47415,63623,77168,87830,116693,124563,145245}', '0', 157223, 10, 38029, '7b082e0a');
INSERT INTO cdtoc (created, discid, track_offset, degraded, leadout_offset, track_count, id, freedb_id) VALUES ('2011-01-18 16:21:33.71184+01', '2Mh4AS8DoNfkCsU04_YFk.kLtLI-', '{150,12102,31362,47412,63620,77165,87827,116690,124560,145242}', '0', 157282, 10, 339241, '7b082f0a');
INSERT INTO cdtoc (created, discid, track_offset, degraded, leadout_offset, track_count, id, freedb_id) VALUES ('2011-01-18 16:21:33.71184+01', '.0cCQpoefOzJUvLd79fwI7mObJY-', '{187,12075,30995,47172,63430,76855,87480,116322,123955,144670}', '0', 156512, 10, 314632, '7508240a');
INSERT INTO cdtoc (created, discid, track_offset, degraded, leadout_offset, track_count, id, freedb_id) VALUES ('2011-01-18 16:21:33.71184+01', 'UktFGPE6.FpszCQhvf7DJHijYmg-', '{150,14287,33007,47200,63327,76965,88900,117650,125485,145972}', '0', 157845, 10, 127389, '8608360a');
INSERT INTO cdtoc (created, discid, track_offset, degraded, leadout_offset, track_count, id, freedb_id) VALUES ('2011-01-18 16:21:33.71184+01', 'tHYfkdt32Wlxkp5n8Vik12AGa4M-', '{182,14320,33040,47232,63360,76997,88932,117682,125517,146005}', '0', 157877, 10, 258542, '8708370a');
INSERT INTO cdtoc (created, discid, track_offset, degraded, leadout_offset, track_count, id, freedb_id) VALUES ('2011-01-18 16:21:33.71184+01', 'Vs9WHtem2u9Oo3Dmh0ccFeEEYQw-', '{150,12057,31025,46720,63580,77157,87825,116687,124570,143825}', '0', 157245, 10, 85413, '72082e0a');
INSERT INTO cdtoc (created, discid, track_offset, degraded, leadout_offset, track_count, id, freedb_id) VALUES ('2011-01-18 16:21:33.71184+01', '_nvx4zcP5SgeupDR.tKLEyTy5vg-', '{187,12140,31400,47450,63657,77202,87865,116727,124597,145280}', '0', 157320, 10, 194277, '7f082f0a');
INSERT INTO cdtoc (created, discid, track_offset, degraded, leadout_offset, track_count, id, freedb_id) VALUES ('2011-01-18 16:21:33.71184+01', 'E65upMAlfpOT9WK2PAcs.TyvC.s-', '{150,12060,31320,47370,63577,77122,87785,116647,124517,145200}', '0', 157157, 10, 141117, '76082d0a');
INSERT INTO medium_cdtoc (last_updated, medium, edits_pending, id, cdtoc) VALUES ('2011-01-18 16:21:33.71184+01', 207481, 0, 168821, 35066);
INSERT INTO medium_cdtoc (last_updated, medium, edits_pending, id, cdtoc) VALUES ('2011-01-18 16:21:33.71184+01', 207481, 0, 168822, 38029);
INSERT INTO medium_cdtoc (last_updated, medium, edits_pending, id, cdtoc) VALUES ('2011-01-18 16:21:33.71184+01', 207481, 0, 168823, 339241);
INSERT INTO medium_cdtoc (last_updated, medium, edits_pending, id, cdtoc) VALUES ('2011-01-18 16:21:33.71184+01', 207481, 0, 168824, 314632);
INSERT INTO medium_cdtoc (last_updated, medium, edits_pending, id, cdtoc) VALUES ('2011-01-18 16:21:33.71184+01', 207481, 0, 168825, 127389);
INSERT INTO medium_cdtoc (last_updated, medium, edits_pending, id, cdtoc) VALUES ('2011-01-18 16:21:33.71184+01', 207481, 0, 168826, 258542);
INSERT INTO medium_cdtoc (last_updated, medium, edits_pending, id, cdtoc) VALUES ('2011-01-18 16:21:33.71184+01', 207481, 0, 168827, 85413);
INSERT INTO medium_cdtoc (last_updated, medium, edits_pending, id, cdtoc) VALUES ('2011-01-18 16:21:33.71184+01', 207481, 0, 168828, 194277);
INSERT INTO medium_cdtoc (last_updated, medium, edits_pending, id, cdtoc) VALUES ('2011-01-18 16:21:33.71184+01', 207481, 0, 168829, 141117);
INSERT INTO track_name (name, id) VALUES ('Every Day I Have the Blues', 1795255);
INSERT INTO recording (last_updated, name, edits_pending, artist_credit, length, comment, id, gid) VALUES (NULL, 1795255, 0, 22492, 158933, '', 685418, 'e87236ae-1a47-4646-b605-e5d6a7fe468e');
INSERT INTO puid (version, puid, id) VALUES (1, '5959ce31-505c-fd6c-10bc-3a3abadef5a9', 309739);
INSERT INTO puid (version, puid, id) VALUES (1, '98731a59-098d-f8d8-5e41-1dd1e39a6452', 430554);
INSERT INTO puid (version, puid, id) VALUES (1, 'b1f742f8-497e-01a3-c8c6-16b8db85508a', 479201);
INSERT INTO puid (version, puid, id) VALUES (1, 'bb3192e0-a170-5d1a-47d2-953f149156b3', 497141);
INSERT INTO puid (version, puid, id) VALUES (131, 'd5c98825-5f03-b6b9-a966-665502b34477', 1002034);
INSERT INTO puid (version, puid, id) VALUES (140, '7b9af250-0386-7e3d-9579-530e090a231c', 1238060);
INSERT INTO puid (version, puid, id) VALUES (131, '5fa61aaa-0903-48cc-2760-1c05a9624d1c', 1261571);
INSERT INTO puid (version, puid, id) VALUES (140, '63a9942f-5fe1-a2de-fa00-241177b9dab5', 1441180);
INSERT INTO puid (version, puid, id) VALUES (140, '1a4d59a5-6be1-f2b9-0313-c0e98a99309a', 1610780);
INSERT INTO clientversion (created, version, id) VALUES ('2011-01-18 16:21:33.71184+01', 'Jaikoz-2.5.2', 196);
INSERT INTO puid (version, puid, id) VALUES (196, 'd5162d74-fb10-355b-fffd-84b982982dd2', 2848629);
INSERT INTO puid (version, puid, id) VALUES (204, '6550cca3-6215-3379-c950-0cabea6bd732', 3609335);
INSERT INTO recording_puid (created, recording, puid, edits_pending, id) VALUES ('2011-01-18 16:56:00.408782+01', 685418, 309739, 0, 398543);
INSERT INTO recording_puid (created, recording, puid, edits_pending, id) VALUES ('2011-01-18 16:56:00.408782+01', 685418, 430554, 0, 4504023);
INSERT INTO recording_puid (created, recording, puid, edits_pending, id) VALUES ('2011-01-18 16:56:00.408782+01', 685418, 479201, 0, 616599);
INSERT INTO recording_puid (created, recording, puid, edits_pending, id) VALUES ('2011-01-18 16:56:00.408782+01', 685418, 497141, 0, 1714731);
INSERT INTO recording_puid (created, recording, puid, edits_pending, id) VALUES ('2011-01-18 16:56:00.408782+01', 685418, 1002034, 0, 1266881);
INSERT INTO recording_puid (created, recording, puid, edits_pending, id) VALUES ('2011-01-18 16:56:00.408782+01', 685418, 1238060, 0, 1554415);
INSERT INTO recording_puid (created, recording, puid, edits_pending, id) VALUES ('2011-01-18 16:56:00.408782+01', 685418, 1261571, 0, 1582613);
INSERT INTO recording_puid (created, recording, puid, edits_pending, id) VALUES ('2011-01-18 16:56:00.408782+01', 685418, 1441180, 0, 1806116);
INSERT INTO recording_puid (created, recording, puid, edits_pending, id) VALUES ('2011-01-18 16:56:00.408782+01', 685418, 1610780, 0, 2013187);
INSERT INTO recording_puid (created, recording, puid, edits_pending, id) VALUES ('2011-01-18 16:56:00.408782+01', 685418, 2848629, 0, 3571635);
INSERT INTO recording_puid (created, recording, puid, edits_pending, id) VALUES ('2011-01-18 16:56:00.408782+01', 685418, 3609335, 0, 4559465);
UPDATE recording_meta SET rating_count = NULL, rating = NULL WHERE id = 685418;
INSERT INTO track_name (name, id) VALUES ('Sweet Little Angel', 174656);
INSERT INTO recording (last_updated, name, edits_pending, artist_credit, length, comment, id, gid) VALUES (NULL, 174656, 0, 22492, 256826, '', 685419, '3c82a9db-9c99-4787-bca6-6551ec01b6b1');
INSERT INTO puid (version, puid, id) VALUES (1, '09f8a8be-31de-5805-74f5-4af1fcf0000a', 44036);
INSERT INTO puid (version, puid, id) VALUES (1, '429702ee-cc7d-0324-27fd-2e8ef683d3f1', 266191);
INSERT INTO puid (version, puid, id) VALUES (1, '73ede20e-fe8b-176a-60d8-9bb252af834d', 360669);
INSERT INTO puid (version, puid, id) VALUES (140, 'ff7a0f14-38be-f87d-bcc8-cd435cfc6bf0', 1238055);
INSERT INTO puid (version, puid, id) VALUES (131, '2967bafe-5fe2-dd5c-5fca-2dbfdd8667b8', 1261566);
INSERT INTO puid (version, puid, id) VALUES (140, '76705b25-b8a6-4090-a0d0-317f5e2654f3', 1610781);
INSERT INTO puid (version, puid, id) VALUES (140, '81f5fc39-afc5-8a63-e982-b76e9e8ba5a2', 1908223);
INSERT INTO puid (version, puid, id) VALUES (140, '805002a3-1415-44b8-7220-efda89e54d72', 2047356);
INSERT INTO puid (version, puid, id) VALUES (190, '357e3ca7-27d1-3e4d-afc4-d57c6622461c', 2716812);
INSERT INTO puid (version, puid, id) VALUES (199, 'b12c45d2-07ba-8677-18c3-61e575bb3989', 2909435);
INSERT INTO puid (version, puid, id) VALUES (204, '8ad7d1ea-c8a5-1c8c-85b2-7b707e601158', 3148519);
INSERT INTO recording_puid (created, recording, puid, edits_pending, id) VALUES ('2011-01-18 16:56:00.408782+01', 685419, 44036, 0, 1714721);
INSERT INTO recording_puid (created, recording, puid, edits_pending, id) VALUES ('2011-01-18 16:56:00.408782+01', 685419, 266191, 0, 342365);
INSERT INTO recording_puid (created, recording, puid, edits_pending, id) VALUES ('2011-01-18 16:56:00.408782+01', 685419, 360669, 0, 463931);
INSERT INTO recording_puid (created, recording, puid, edits_pending, id) VALUES ('2011-01-18 16:56:00.408782+01', 685419, 1238055, 0, 1554410);
INSERT INTO recording_puid (created, recording, puid, edits_pending, id) VALUES ('2011-01-18 16:56:00.408782+01', 685419, 1261566, 0, 1582608);
INSERT INTO recording_puid (created, recording, puid, edits_pending, id) VALUES ('2011-01-18 16:56:00.408782+01', 685419, 1610781, 0, 2013188);
INSERT INTO recording_puid (created, recording, puid, edits_pending, id) VALUES ('2011-01-18 16:56:00.408782+01', 685419, 1908223, 0, 2380427);
INSERT INTO recording_puid (created, recording, puid, edits_pending, id) VALUES ('2011-01-18 16:56:00.408782+01', 685419, 2047356, 0, 2557017);
INSERT INTO recording_puid (created, recording, puid, edits_pending, id) VALUES ('2011-01-18 16:56:00.408782+01', 685419, 2716812, 0, 3400999);
INSERT INTO recording_puid (created, recording, puid, edits_pending, id) VALUES ('2011-01-18 16:56:00.408782+01', 685419, 2909435, 0, 3648452);
INSERT INTO recording_puid (created, recording, puid, edits_pending, id) VALUES ('2011-01-18 16:56:00.408782+01', 685419, 3148519, 0, 3954230);
UPDATE recording_meta SET rating_count = NULL, rating = NULL WHERE id = 685419;
INSERT INTO track_name (name, id) VALUES ('It''s My Own Fault', 1251733);
INSERT INTO recording (last_updated, name, edits_pending, artist_credit, length, comment, id, gid) VALUES (NULL, 1251733, 0, 22492, 214000, '', 685420, '18cfa4b0-61a1-4a11-a121-3df3cadeee52');
INSERT INTO puid (version, puid, id) VALUES (1, '2ac9ef57-49e3-5037-d3aa-9ae92cbc4413', 187262);
INSERT INTO puid (version, puid, id) VALUES (1, '63c0d7fe-a446-b14a-338c-728fd0897ac5', 329581);
INSERT INTO puid (version, puid, id) VALUES (1, '98a9934e-fce1-504e-204b-95e88082dbbc', 430982);
INSERT INTO puid (version, puid, id) VALUES (131, 'f1ab6290-d898-9bcf-6e36-0283f182c1af', 1002032);
INSERT INTO puid (version, puid, id) VALUES (140, '01d166e2-1885-d18f-b33c-3a882c14692d', 1238056);
INSERT INTO puid (version, puid, id) VALUES (131, 'f24d1dc4-6c44-4c07-0343-981d54974e8f', 1261567);
INSERT INTO puid (version, puid, id) VALUES (140, '5bf8d101-2433-db4a-3a0d-558e5d679fc9', 2047357);
INSERT INTO puid (version, puid, id) VALUES (140, '0756cc22-00a3-559f-8f94-08b74f273d3d', 2310921);
INSERT INTO puid (version, puid, id) VALUES (190, 'a9b48aee-7440-0c86-890f-e2c6af70d2ef', 2716811);
INSERT INTO recording_puid (created, recording, puid, edits_pending, id) VALUES ('2011-01-18 16:56:00.408782+01', 685420, 187262, 0, 241164);
INSERT INTO recording_puid (created, recording, puid, edits_pending, id) VALUES ('2011-01-18 16:56:00.408782+01', 685420, 329581, 0, 424065);
INSERT INTO recording_puid (created, recording, puid, edits_pending, id) VALUES ('2011-01-18 16:56:00.408782+01', 685420, 430982, 0, 554379);
INSERT INTO recording_puid (created, recording, puid, edits_pending, id) VALUES ('2011-01-18 16:56:00.408782+01', 685420, 1002032, 0, 1266879);
INSERT INTO recording_puid (created, recording, puid, edits_pending, id) VALUES ('2011-01-18 16:56:00.408782+01', 685420, 1238056, 0, 1554411);
INSERT INTO recording_puid (created, recording, puid, edits_pending, id) VALUES ('2011-01-18 16:56:00.408782+01', 685420, 1261567, 0, 1582609);
INSERT INTO recording_puid (created, recording, puid, edits_pending, id) VALUES ('2011-01-18 16:56:00.408782+01', 685420, 2047357, 0, 2557019);
INSERT INTO recording_puid (created, recording, puid, edits_pending, id) VALUES ('2011-01-18 16:56:00.408782+01', 685420, 2310921, 0, 2884790);
INSERT INTO recording_puid (created, recording, puid, edits_pending, id) VALUES ('2011-01-18 16:56:00.408782+01', 685420, 2716811, 0, 3400998);
UPDATE recording_meta SET rating_count = NULL, rating = NULL WHERE id = 685420;
INSERT INTO track_name (name, id) VALUES ('How Blue Can You Get?', 3526905);
INSERT INTO recording (last_updated, name, edits_pending, artist_credit, length, comment, id, gid) VALUES (NULL, 3526905, 0, 22492, 216106, '', 685421, '865d01f9-4810-4543-83a4-eda236c1481a');
INSERT INTO puid (version, puid, id) VALUES (1, '0ea2d03f-5cdb-4536-4031-485610c7f23c', 64694);
INSERT INTO puid (version, puid, id) VALUES (1, '28481fea-a97b-dc5e-6df0-7165fca79548', 176504);
INSERT INTO puid (version, puid, id) VALUES (1, '608f5550-7ed5-27be-e4eb-74546b44fb92', 323556);
INSERT INTO puid (version, puid, id) VALUES (1, 'b46043d9-e530-53dd-36d3-e07de63ad53b', 483850);
INSERT INTO puid (version, puid, id) VALUES (140, 'd5ecdcfb-3f6a-f4b6-97f2-9bc8c71c7740', 1238062);
INSERT INTO puid (version, puid, id) VALUES (131, 'a414b407-8940-b490-7317-863fafecfa48', 1261573);
INSERT INTO puid (version, puid, id) VALUES (140, 'e58e5851-bc66-6690-38be-1bdb8a82f34c', 1727600);
INSERT INTO puid (version, puid, id) VALUES (181, '5de68faf-43ca-c04b-7263-86059c798ef3', 2115957);
INSERT INTO puid (version, puid, id) VALUES (140, '389f141b-91ba-3258-1ddc-3f0e62c5fa48', 2310925);
INSERT INTO puid (version, puid, id) VALUES (188, '0492b9f1-463f-9ae5-0a91-60d6a95bc4b8', 2416930);
INSERT INTO puid (version, puid, id) VALUES (190, 'd6933a2e-c72b-3266-52c1-8ec09cbaae0d', 2716813);
INSERT INTO clientversion (created, version, id) VALUES ('2011-01-18 16:21:33.71184+01', 'MusicBrainz Picard-0.10.0rc1', 192);
INSERT INTO puid (version, puid, id) VALUES (192, 'eb299a5e-e87a-a0b6-aeba-01b996cbe7bd', 2784957);
INSERT INTO puid (version, puid, id) VALUES (194, 'b2f318bf-a5f7-53f0-a621-7a84988a7872', 2835985);
INSERT INTO clientversion (created, version, id) VALUES ('2011-01-18 16:21:33.71184+01', 'Jaikoz-2.8.1', 214);
INSERT INTO puid (version, puid, id) VALUES (214, '5f22013a-6fdb-31f0-b51f-4ca5cefb04d7', 3135648);
INSERT INTO recording_puid (created, recording, puid, edits_pending, id) VALUES ('2011-01-18 16:56:00.408782+01', 685421, 64694, 0, 83442);
INSERT INTO recording_puid (created, recording, puid, edits_pending, id) VALUES ('2011-01-18 16:56:00.408782+01', 685421, 176504, 0, 227297);
INSERT INTO recording_puid (created, recording, puid, edits_pending, id) VALUES ('2011-01-18 16:56:00.408782+01', 685421, 323556, 0, 416245);
INSERT INTO recording_puid (created, recording, puid, edits_pending, id) VALUES ('2011-01-18 16:56:00.408782+01', 685421, 483850, 0, 622560);
INSERT INTO recording_puid (created, recording, puid, edits_pending, id) VALUES ('2011-01-18 16:56:00.408782+01', 685421, 1238062, 0, 1554417);
INSERT INTO recording_puid (created, recording, puid, edits_pending, id) VALUES ('2011-01-18 16:56:00.408782+01', 685421, 1261573, 0, 1582615);
INSERT INTO recording_puid (created, recording, puid, edits_pending, id) VALUES ('2011-01-18 16:56:00.408782+01', 685421, 1727600, 0, 2157246);
INSERT INTO recording_puid (created, recording, puid, edits_pending, id) VALUES ('2011-01-18 16:56:00.408782+01', 685421, 2115957, 0, 2641913);
INSERT INTO recording_puid (created, recording, puid, edits_pending, id) VALUES ('2011-01-18 16:56:00.408782+01', 685421, 2310925, 0, 2884794);
INSERT INTO recording_puid (created, recording, puid, edits_pending, id) VALUES ('2011-01-18 16:56:00.408782+01', 685421, 2416930, 0, 3020271);
INSERT INTO recording_puid (created, recording, puid, edits_pending, id) VALUES ('2011-01-18 16:56:00.408782+01', 685421, 2716813, 0, 3401000);
INSERT INTO recording_puid (created, recording, puid, edits_pending, id) VALUES ('2011-01-18 16:56:00.408782+01', 685421, 2784957, 0, 3489701);
INSERT INTO recording_puid (created, recording, puid, edits_pending, id) VALUES ('2011-01-18 16:56:00.408782+01', 685421, 2835985, 0, 3555498);
INSERT INTO recording_puid (created, recording, puid, edits_pending, id) VALUES ('2011-01-18 16:56:00.408782+01', 685421, 3135648, 0, 3937774);
UPDATE recording_meta SET rating_count = NULL, rating = NULL WHERE id = 685421;
INSERT INTO track_name (name, id) VALUES ('Please Love Me', 953578);
INSERT INTO recording (last_updated, name, edits_pending, artist_credit, length, comment, id, gid) VALUES (NULL, 953578, 0, 22492, 180600, '', 685422, '15fb7b37-bde3-46cb-9bb9-6b96b68fce9e');
INSERT INTO puid (version, puid, id) VALUES (1, '3da8b295-8810-b046-be87-8f26ddb2c0bf', 256727);
INSERT INTO puid (version, puid, id) VALUES (1, 'd15b4e6e-3802-c5ae-a3ad-1ab8edcee129', 539643);
INSERT INTO puid (version, puid, id) VALUES (1, 'd4eff914-d4d7-d06c-3c3b-8119585bb329', 546449);
INSERT INTO puid (version, puid, id) VALUES (1, 'e2e20a04-67a0-222d-2104-2fabdc354cc5', 572917);
INSERT INTO puid (version, puid, id) VALUES (140, '1bd6244c-317c-814e-987d-eb80e7ce3bec', 1238059);
INSERT INTO puid (version, puid, id) VALUES (131, '0802fa0f-6d34-52c2-df4d-642a8e253857', 1261570);
INSERT INTO puid (version, puid, id) VALUES (140, '2f776244-1ba8-490b-da89-ee0503539b3a', 2047370);
INSERT INTO puid (version, puid, id) VALUES (192, '14980645-a87f-b9aa-8c51-fdac54988afd', 2655277);
INSERT INTO clientversion (created, version, id) VALUES ('2011-01-18 16:21:33.71184+01', 'Jaikoz-3.3.3', 243);
INSERT INTO puid (version, puid, id) VALUES (243, 'bd88f38f-bbf3-43ec-207f-8e44d0372e26', 3730552);
INSERT INTO puid (version, puid, id) VALUES (246, '31f13d42-ae52-9a27-0fbb-60f39cd6a468', 4147813);
INSERT INTO recording_puid (created, recording, puid, edits_pending, id) VALUES ('2011-01-18 16:56:00.408782+01', 685422, 256727, 0, 330223);
INSERT INTO recording_puid (created, recording, puid, edits_pending, id) VALUES ('2011-01-18 16:56:00.408782+01', 685422, 539643, 0, 693994);
INSERT INTO recording_puid (created, recording, puid, edits_pending, id) VALUES ('2011-01-18 16:56:00.408782+01', 685422, 546449, 0, 702711);
INSERT INTO recording_puid (created, recording, puid, edits_pending, id) VALUES ('2011-01-18 16:56:00.408782+01', 685422, 572917, 0, 736725);
INSERT INTO recording_puid (created, recording, puid, edits_pending, id) VALUES ('2011-01-18 16:56:00.408782+01', 685422, 1238059, 0, 1554414);
INSERT INTO recording_puid (created, recording, puid, edits_pending, id) VALUES ('2011-01-18 16:56:00.408782+01', 685422, 1261570, 0, 1582612);
INSERT INTO recording_puid (created, recording, puid, edits_pending, id) VALUES ('2011-01-18 16:56:00.408782+01', 685422, 2047370, 0, 2557036);
INSERT INTO recording_puid (created, recording, puid, edits_pending, id) VALUES ('2011-01-18 16:56:00.408782+01', 685422, 2655277, 0, 3317518);
INSERT INTO recording_puid (created, recording, puid, edits_pending, id) VALUES ('2011-01-18 16:56:00.408782+01', 685422, 3730552, 0, 4715709);
INSERT INTO recording_puid (created, recording, puid, edits_pending, id) VALUES ('2011-01-18 16:56:00.408782+01', 685422, 4147813, 0, 5244772);
UPDATE recording_meta SET rating_count = NULL, rating = NULL WHERE id = 685422;
INSERT INTO track_name (name, id) VALUES ('You Upset Me Baby', 3997193);
INSERT INTO recording (last_updated, name, edits_pending, artist_credit, length, comment, id, gid) VALUES (NULL, 3997193, 0, 22492, 142160, '', 685423, '928be528-cf7c-45af-8487-bb29711e8d65');
INSERT INTO puid (version, puid, id) VALUES (1, '6c60fd1f-08be-a26c-3e59-22969238b3fa', 346229);
INSERT INTO puid (version, puid, id) VALUES (1, '8edeb0dc-2360-d091-6df3-435ac5521d97', 412297);
INSERT INTO puid (version, puid, id) VALUES (1, '91199fe6-5a23-77f6-b241-b80ab07b2ee7', 416556);
INSERT INTO puid (version, puid, id) VALUES (140, '1a1f4572-04fa-1cdb-0fc6-cb65b00b632f', 1238054);
INSERT INTO puid (version, puid, id) VALUES (140, 'bf69b1d2-c3a7-e752-9430-7189e65a4324', 2047365);
INSERT INTO puid (version, puid, id) VALUES (140, 'eae78571-9864-9d86-6ee2-10d4293d27a6', 2310923);
INSERT INTO puid (version, puid, id) VALUES (246, '305dc792-1446-92e5-2bb7-2fa1a8a86ad4', 4038415);
INSERT INTO recording_puid (created, recording, puid, edits_pending, id) VALUES ('2011-01-18 16:56:00.408782+01', 685423, 346229, 0, 445513);
INSERT INTO recording_puid (created, recording, puid, edits_pending, id) VALUES ('2011-01-18 16:56:00.408782+01', 685423, 412297, 0, 530274);
INSERT INTO recording_puid (created, recording, puid, edits_pending, id) VALUES ('2011-01-18 16:56:00.408782+01', 685423, 416556, 0, 535733);
INSERT INTO recording_puid (created, recording, puid, edits_pending, id) VALUES ('2011-01-18 16:56:00.408782+01', 685423, 1238054, 0, 1554408);
INSERT INTO recording_puid (created, recording, puid, edits_pending, id) VALUES ('2011-01-18 16:56:00.408782+01', 685423, 2047365, 0, 2557029);
INSERT INTO recording_puid (created, recording, puid, edits_pending, id) VALUES ('2011-01-18 16:56:00.408782+01', 685423, 2310923, 0, 2884792);
INSERT INTO recording_puid (created, recording, puid, edits_pending, id) VALUES ('2011-01-18 16:56:00.408782+01', 685423, 4038415, 0, 5102730);
UPDATE recording_meta SET rating_count = NULL, rating = NULL WHERE id = 685423;
INSERT INTO track_name (name, id) VALUES ('Worry, Worry', 3924109);
INSERT INTO recording (last_updated, name, edits_pending, artist_credit, length, comment, id, gid) VALUES (NULL, 3924109, 0, 22492, 384840, '', 685424, '6f01882b-b2ef-43a0-97ba-072ecbbf40a9');
INSERT INTO puid (version, puid, id) VALUES (1, '18ff29dc-b5bc-a15c-13f8-9400f9fd972e', 109882);
INSERT INTO puid (version, puid, id) VALUES (1, 'abf6189f-0f93-6981-5cb3-7eb570f5c02b', 467750);
INSERT INTO puid (version, puid, id) VALUES (1, 'e5b4296f-6b61-98e8-05cd-2a3246117cf6', 578212);
INSERT INTO puid (version, puid, id) VALUES (140, '3b6da06a-d436-6c98-f686-8a79a37a507b', 1238061);
INSERT INTO puid (version, puid, id) VALUES (131, '2c96f356-fb21-7ba2-4dfb-77e8420773dd', 1261572);
INSERT INTO recording_puid (created, recording, puid, edits_pending, id) VALUES ('2011-01-18 16:56:00.408782+01', 685424, 109882, 0, 141342);
INSERT INTO recording_puid (created, recording, puid, edits_pending, id) VALUES ('2011-01-18 16:56:00.408782+01', 685424, 467750, 0, 601936);
INSERT INTO recording_puid (created, recording, puid, edits_pending, id) VALUES ('2011-01-18 16:56:00.408782+01', 685424, 578212, 0, 743426);
INSERT INTO recording_puid (created, recording, puid, edits_pending, id) VALUES ('2011-01-18 16:56:00.408782+01', 685424, 1238061, 0, 1554416);
INSERT INTO recording_puid (created, recording, puid, edits_pending, id) VALUES ('2011-01-18 16:56:00.408782+01', 685424, 1261572, 0, 1582614);
UPDATE recording_meta SET rating_count = NULL, rating = NULL WHERE id = 685424;
INSERT INTO track_name (name, id) VALUES ('Woke Up This Mornin''', 1945118);
INSERT INTO recording (last_updated, name, edits_pending, artist_credit, length, comment, id, gid) VALUES (NULL, 1945118, 0, 22492, 104933, '', 685425, 'b10acd9e-78b1-4d5d-a737-f696efedbd9b');
INSERT INTO puid (version, puid, id) VALUES (1, '02db354b-cadb-c2e7-f815-110e3ef1c2ad', 12695);
INSERT INTO puid (version, puid, id) VALUES (1, 'e561ad95-96cc-1fd3-12e2-a1f581cac7d5', 577594);
INSERT INTO puid (version, puid, id) VALUES (140, 'de5108aa-f79e-df92-dfa2-f6f5664a90fc', 1238058);
INSERT INTO puid (version, puid, id) VALUES (131, 'b07f68ec-50a7-dd4b-4d88-d2913f0b4d49', 1261569);
INSERT INTO puid (version, puid, id) VALUES (140, 'f70c803f-53f3-18e1-2180-cc2573003d73', 2009361);
INSERT INTO puid (version, puid, id) VALUES (140, '6e5b185e-30f8-92d9-694e-43bbd2cb44f1', 2047362);
INSERT INTO puid (version, puid, id) VALUES (190, '78cc5377-8e85-49e7-2e09-b47113a94e09', 2716814);
INSERT INTO puid (version, puid, id) VALUES (214, '5247a090-927e-84f1-395e-668aca5dca28', 3135649);
INSERT INTO recording_puid (created, recording, puid, edits_pending, id) VALUES ('2011-01-18 16:56:00.408782+01', 685425, 12695, 0, 16345);
INSERT INTO recording_puid (created, recording, puid, edits_pending, id) VALUES ('2011-01-18 16:56:00.408782+01', 685425, 577594, 0, 742675);
INSERT INTO recording_puid (created, recording, puid, edits_pending, id) VALUES ('2011-01-18 16:56:00.408782+01', 685425, 1238058, 0, 1554413);
INSERT INTO recording_puid (created, recording, puid, edits_pending, id) VALUES ('2011-01-18 16:56:00.408782+01', 685425, 1261569, 0, 1582611);
INSERT INTO recording_puid (created, recording, puid, edits_pending, id) VALUES ('2011-01-18 16:56:00.408782+01', 685425, 2009361, 0, 2507936);
INSERT INTO recording_puid (created, recording, puid, edits_pending, id) VALUES ('2011-01-18 16:56:00.408782+01', 685425, 2047362, 0, 2557024);
INSERT INTO recording_puid (created, recording, puid, edits_pending, id) VALUES ('2011-01-18 16:56:00.408782+01', 685425, 2716814, 0, 3401001);
INSERT INTO recording_puid (created, recording, puid, edits_pending, id) VALUES ('2011-01-18 16:56:00.408782+01', 685425, 3135649, 0, 3937775);
UPDATE recording_meta SET rating_count = NULL, rating = NULL WHERE id = 685425;
INSERT INTO track_name (name, id) VALUES ('You Done Lost Your Good Thing Now', 4472968);
INSERT INTO recording (last_updated, name, edits_pending, artist_credit, length, comment, id, gid) VALUES (NULL, 4472968, 0, 22492, 275760, '', 685426, '555e061f-e281-4e64-962b-2f6948953f8a');
INSERT INTO puid (version, puid, id) VALUES (1, '13bf65ed-4437-a126-6899-6ca4411de4a8', 86852);
INSERT INTO puid (version, puid, id) VALUES (1, '1b66e39f-1f02-b763-b0a0-591e6986532d', 120421);
INSERT INTO puid (version, puid, id) VALUES (1, 'c7b7c745-7e3a-f15e-cc65-d0ae7ea77e7b', 521068);
INSERT INTO puid (version, puid, id) VALUES (140, '7992983b-3cd9-149c-0638-614dceb2d34e', 1238057);
INSERT INTO puid (version, puid, id) VALUES (131, 'd8b15115-1746-1e8f-0e0d-842688207a35', 1261568);
INSERT INTO puid (version, puid, id) VALUES (140, '85c1b6cd-912a-03ea-531d-3fc82b48254c', 1610779);
INSERT INTO puid (version, puid, id) VALUES (140, '5aece8c0-3b92-79be-9eac-3ddc2d95505c', 1727598);
INSERT INTO puid (version, puid, id) VALUES (140, '32f0425f-3329-1ba2-ca53-d4dec14c3968', 2009360);
INSERT INTO puid (version, puid, id) VALUES (140, 'c0f19da4-24e9-a6ad-244b-8f82fccd611a', 2047369);
INSERT INTO puid (version, puid, id) VALUES (140, 'a6606645-b7fa-55cd-55a5-bae6be631924', 2310924);
INSERT INTO puid (version, puid, id) VALUES (204, '8bebe341-a8e5-6749-7dc0-b614b805474a', 3461655);
INSERT INTO puid (version, puid, id) VALUES (246, '3b4706c1-8dec-9a21-c664-2242e22c0149', 4038426);
INSERT INTO recording_puid (created, recording, puid, edits_pending, id) VALUES ('2011-01-18 16:56:00.408782+01', 685426, 86852, 0, 111962);
INSERT INTO recording_puid (created, recording, puid, edits_pending, id) VALUES ('2011-01-18 16:56:00.408782+01', 685426, 120421, 0, 154852);
INSERT INTO recording_puid (created, recording, puid, edits_pending, id) VALUES ('2011-01-18 16:56:00.408782+01', 685426, 521068, 0, 670131);
INSERT INTO recording_puid (created, recording, puid, edits_pending, id) VALUES ('2011-01-18 16:56:00.408782+01', 685426, 1238057, 0, 1554412);
INSERT INTO recording_puid (created, recording, puid, edits_pending, id) VALUES ('2011-01-18 16:56:00.408782+01', 685426, 1261568, 0, 1582610);
INSERT INTO recording_puid (created, recording, puid, edits_pending, id) VALUES ('2011-01-18 16:56:00.408782+01', 685426, 1610779, 0, 2013186);
INSERT INTO recording_puid (created, recording, puid, edits_pending, id) VALUES ('2011-01-18 16:56:00.408782+01', 685426, 1727598, 0, 2157243);
INSERT INTO recording_puid (created, recording, puid, edits_pending, id) VALUES ('2011-01-18 16:56:00.408782+01', 685426, 2009360, 0, 2507935);
INSERT INTO recording_puid (created, recording, puid, edits_pending, id) VALUES ('2011-01-18 16:56:00.408782+01', 685426, 2047369, 0, 2557035);
INSERT INTO recording_puid (created, recording, puid, edits_pending, id) VALUES ('2011-01-18 16:56:00.408782+01', 685426, 2310924, 0, 2884793);
INSERT INTO recording_puid (created, recording, puid, edits_pending, id) VALUES ('2011-01-18 16:56:00.408782+01', 685426, 3461655, 0, 4364357);
INSERT INTO recording_puid (created, recording, puid, edits_pending, id) VALUES ('2011-01-18 16:56:00.408782+01', 685426, 4038426, 0, 5102743);
UPDATE recording_meta SET rating_count = NULL, rating = NULL WHERE id = 685426;
INSERT INTO track_name (name, id) VALUES ('Help the Poor', 1216004);
INSERT INTO recording (last_updated, name, edits_pending, artist_credit, length, comment, id, gid) VALUES (NULL, 1216004, 0, 22492, 159706, '', 685427, '00a0f124-fc69-4990-8976-f4f33e03c153');
INSERT INTO puid (version, puid, id) VALUES (1, '03a4b348-aacd-15f6-c5f8-5565c7e4c650', 16203);
INSERT INTO puid (version, puid, id) VALUES (1, '04edb16f-48de-21a8-0dc0-940c67a286de', 21836);
INSERT INTO puid (version, puid, id) VALUES (1, '0851cca0-9edf-9202-94ec-4e451db24fec', 36726);
INSERT INTO puid (version, puid, id) VALUES (1, '0cd34fdc-36ff-b2ed-2738-8e4374a89e4d', 56706);
INSERT INTO puid (version, puid, id) VALUES (1, '80a31650-fa41-ed01-0f23-c755bf3ee766', 384989);
INSERT INTO puid (version, puid, id) VALUES (1, '90850187-1a3b-f7bf-6821-7174ee8947b8', 415464);
INSERT INTO puid (version, puid, id) VALUES (131, '596702d6-80d7-77a3-2713-758a2a378fdf', 1002033);
INSERT INTO puid (version, puid, id) VALUES (131, 'f5e6f032-5a6d-4af6-1bf4-14692c679367', 1261565);
INSERT INTO puid (version, puid, id) VALUES (140, '8ae6a1cc-97d3-4e80-eab8-32d67c11a38c', 1610778);
INSERT INTO puid (version, puid, id) VALUES (140, 'b78780dc-0e6c-6715-9977-e311310ee90e', 1727597);
INSERT INTO puid (version, puid, id) VALUES (140, 'cbed97a8-4d1c-b363-ed3e-ef7f8e328090', 2310922);
INSERT INTO puid (version, puid, id) VALUES (188, 'b6897a8e-b805-83cb-29b6-ad96d982c163', 2416929);
INSERT INTO puid (version, puid, id) VALUES (194, 'ccca80c0-1977-cf93-5a0d-7cc004b81264', 2835907);
INSERT INTO puid (version, puid, id) VALUES (243, 'a2272322-e06e-8933-8237-042ba0cbb835', 3730551);
INSERT INTO recording_puid (created, recording, puid, edits_pending, id) VALUES ('2011-01-18 16:56:00.408782+01', 685427, 16203, 0, 20874);
INSERT INTO recording_puid (created, recording, puid, edits_pending, id) VALUES ('2011-01-18 16:56:00.408782+01', 685427, 21836, 0, 28072);
INSERT INTO recording_puid (created, recording, puid, edits_pending, id) VALUES ('2011-01-18 16:56:00.408782+01', 685427, 36726, 0, 47365);
INSERT INTO recording_puid (created, recording, puid, edits_pending, id) VALUES ('2011-01-18 16:56:00.408782+01', 685427, 56706, 0, 1554409);
INSERT INTO recording_puid (created, recording, puid, edits_pending, id) VALUES ('2011-01-18 16:56:00.408782+01', 685427, 384989, 0, 494957);
INSERT INTO recording_puid (created, recording, puid, edits_pending, id) VALUES ('2011-01-18 16:56:00.408782+01', 685427, 415464, 0, 534302);
INSERT INTO recording_puid (created, recording, puid, edits_pending, id) VALUES ('2011-01-18 16:56:00.408782+01', 685427, 1002033, 0, 1266880);
INSERT INTO recording_puid (created, recording, puid, edits_pending, id) VALUES ('2011-01-18 16:56:00.408782+01', 685427, 1261565, 0, 1582607);
INSERT INTO recording_puid (created, recording, puid, edits_pending, id) VALUES ('2011-01-18 16:56:00.408782+01', 685427, 1610778, 0, 2013185);
INSERT INTO recording_puid (created, recording, puid, edits_pending, id) VALUES ('2011-01-18 16:56:00.408782+01', 685427, 1727597, 0, 2157242);
INSERT INTO recording_puid (created, recording, puid, edits_pending, id) VALUES ('2011-01-18 16:56:00.408782+01', 685427, 2310922, 0, 2884791);
INSERT INTO recording_puid (created, recording, puid, edits_pending, id) VALUES ('2011-01-18 16:56:00.408782+01', 685427, 2416929, 0, 3020270);
INSERT INTO recording_puid (created, recording, puid, edits_pending, id) VALUES ('2011-01-18 16:56:00.408782+01', 685427, 2835907, 0, 3555390);
INSERT INTO recording_puid (created, recording, puid, edits_pending, id) VALUES ('2011-01-18 16:56:00.408782+01', 685427, 3730551, 0, 4715708);
UPDATE recording_meta SET rating_count = NULL, rating = NULL WHERE id = 685427;
INSERT INTO track (last_updated, number, recording, name, position, edits_pending, artist_credit, length, medium, id, gid) VALUES ('2013-03-07 16:53:06.647156+01', '1', 685418, 1795255, 1, 0, 22492, 158933, 207481, 11484392, 'c0b8de2c-4e32-4e90-9071-0bae0e77a07d');
INSERT INTO track (last_updated, number, recording, name, position, edits_pending, artist_credit, length, medium, id, gid) VALUES ('2013-03-07 16:53:06.647156+01', '2', 685419, 174656, 2, 0, 22492, 256826, 207481, 11484393, '99540696-d03a-45e8-a9aa-e3fb682cde28');
INSERT INTO track (last_updated, number, recording, name, position, edits_pending, artist_credit, length, medium, id, gid) VALUES ('2013-03-07 16:53:06.647156+01', '3', 685420, 1251733, 3, 0, 22492, 214000, 207481, 11484394, 'e4bc5332-eee1-42be-92cc-6c60430ddcdb');
INSERT INTO track (last_updated, number, recording, name, position, edits_pending, artist_credit, length, medium, id, gid) VALUES ('2013-03-07 16:53:06.647156+01', '4', 685421, 3526905, 4, 0, 22492, 216106, 207481, 11484395, '61e17231-1b76-4a04-a1fc-ff8828ddb00c');
INSERT INTO track (last_updated, number, recording, name, position, edits_pending, artist_credit, length, medium, id, gid) VALUES ('2013-03-07 16:53:06.647156+01', '5', 685422, 953578, 5, 0, 22492, 180600, 207481, 11484396, '9a043e88-e4ff-4737-8cb3-9710bf73eb21');
INSERT INTO track (last_updated, number, recording, name, position, edits_pending, artist_credit, length, medium, id, gid) VALUES ('2013-03-07 16:53:06.647156+01', '6', 685423, 3997193, 6, 0, 22492, 142160, 207481, 11484397, '555d5170-d36a-44f3-a673-7c8e512d9aeb');
INSERT INTO track (last_updated, number, recording, name, position, edits_pending, artist_credit, length, medium, id, gid) VALUES ('2013-03-07 16:53:06.647156+01', '7', 685424, 3924109, 7, 0, 22492, 384840, 207481, 11484398, '30d77415-d7ba-4ca4-ade2-b32d559e4daa');
INSERT INTO track (last_updated, number, recording, name, position, edits_pending, artist_credit, length, medium, id, gid) VALUES ('2013-03-07 16:53:06.647156+01', '8', 685425, 1945118, 8, 0, 22492, 104933, 207481, 11484399, 'fa9e1acd-088d-416e-813e-fb526a963e99');
INSERT INTO track (last_updated, number, recording, name, position, edits_pending, artist_credit, length, medium, id, gid) VALUES ('2013-03-07 16:53:06.647156+01', '9', 685426, 4472968, 9, 0, 22492, 275760, 207481, 11484400, '6db1ae45-6bf9-48d8-9b9c-06313b53da35');
INSERT INTO track (last_updated, number, recording, name, position, edits_pending, artist_credit, length, medium, id, gid) VALUES ('2013-03-07 16:53:06.647156+01', '10', 685427, 1216004, 10, 0, 22492, 159706, 207481, 11484401, 'f0f403f8-82c4-4783-8263-d46bf8130566');
INSERT INTO label_type (name, id) VALUES ('Publisher', 7);
INSERT INTO label_name (name, id) VALUES ('MCA Music', 16623);
INSERT INTO label (label_code, edits_pending, ended, id, sort_name, country, begin_date_day, last_updated, name, begin_date_year, end_date_day, comment, begin_date_month, end_date_month, type, end_date_year, gid) VALUES (NULL, 0, '0', 36456, 16623, 222, NULL, '2009-05-13 23:32:42.20387+02', 16623, NULL, NULL, '', NULL, NULL, 7, NULL, '49375f06-59e2-4c94-93ac-ac0c6df52151');
INSERT INTO label_name (name, id) VALUES ('MCA Music Ltd', 9139);
INSERT INTO label_alias (begin_date_day, last_updated, primary_for_locale, name, edits_pending, locale, begin_date_year, end_date_day, begin_date_month, end_date_month, id, label, type, end_date_year, sort_name) VALUES (NULL, '2011-01-18 16:21:33.71184+01', '0', 9139, 0, NULL, NULL, NULL, NULL, NULL, 2017, 36456, NULL, NULL, 9139);
UPDATE label_meta SET rating_count = NULL, rating = NULL WHERE id = 36456;
INSERT INTO release_label (last_updated, catalog_number, label, release, id) VALUES ('2011-01-18 16:52:02.917556+01', 'MCD 11646', 36456, 207481, 29765);
UPDATE release_meta SET amazon_asin = 'B000002P72', info_url = 'http://www.amazon.com/gp/product/B000002P72', date_added = '2002-09-30 02:42:53.890488+02', cover_art_presence = 'absent', amazon_store = NULL WHERE id = 207481;
INSERT INTO medium (last_updated, name, position, track_count, edits_pending, release, format, id) VALUES ('2013-03-07 16:53:07.18794+01', NULL, 1, 10, 0, 580942, 7, 580942);
INSERT INTO track (last_updated, number, recording, name, position, edits_pending, artist_credit, length, medium, id, gid) VALUES ('2013-03-07 16:53:06.647156+01', '1', 685418, 1795255, 1, 0, 22492, 158933, 580942, 11484362, '0c8d8309-9355-4678-9467-92f0b9b73247');
INSERT INTO track (last_updated, number, recording, name, position, edits_pending, artist_credit, length, medium, id, gid) VALUES ('2013-03-07 16:53:06.647156+01', '2', 685419, 174656, 2, 0, 22492, 256826, 580942, 11484363, '0b999224-a31c-4ff2-b609-901615e64d20');
INSERT INTO track (last_updated, number, recording, name, position, edits_pending, artist_credit, length, medium, id, gid) VALUES ('2013-03-07 16:53:06.647156+01', '3', 685420, 1251733, 3, 0, 22492, 214000, 580942, 11484364, '73d02907-252e-4ef9-9510-ea4ec71c95d2');
INSERT INTO track (last_updated, number, recording, name, position, edits_pending, artist_credit, length, medium, id, gid) VALUES ('2013-03-07 16:53:06.647156+01', '4', 685421, 3526905, 4, 0, 22492, 216106, 580942, 11484365, 'b527f558-4355-4af9-9dda-0f71c05c9134');
INSERT INTO track (last_updated, number, recording, name, position, edits_pending, artist_credit, length, medium, id, gid) VALUES ('2013-03-07 16:53:06.647156+01', '5', 685422, 953578, 5, 0, 22492, 180600, 580942, 11484366, '2cb93a51-e7b7-4b7c-8735-ca8e515f6006');
INSERT INTO track (last_updated, number, recording, name, position, edits_pending, artist_credit, length, medium, id, gid) VALUES ('2013-03-07 16:53:06.647156+01', '6', 685423, 3997193, 6, 0, 22492, 142160, 580942, 11484367, '86565dc9-aaa7-4208-81d0-79422c0b7558');
INSERT INTO track (last_updated, number, recording, name, position, edits_pending, artist_credit, length, medium, id, gid) VALUES ('2013-03-07 16:53:06.647156+01', '7', 685424, 3924109, 7, 0, 22492, 384840, 580942, 11484368, 'c4aea8ab-66f2-482d-a8f2-bb78521b7ed7');
INSERT INTO track (last_updated, number, recording, name, position, edits_pending, artist_credit, length, medium, id, gid) VALUES ('2013-03-07 16:53:06.647156+01', '8', 685425, 1945118, 8, 0, 22492, 104933, 580942, 11484369, '71dba11c-8264-4304-b49c-4560a6b9b76a');
INSERT INTO track (last_updated, number, recording, name, position, edits_pending, artist_credit, length, medium, id, gid) VALUES ('2013-03-07 16:53:06.647156+01', '9', 685426, 4472968, 9, 0, 22492, 275760, 580942, 11484370, '676016cc-533e-497a-b0b4-f281ce705940');
INSERT INTO track (last_updated, number, recording, name, position, edits_pending, artist_credit, length, medium, id, gid) VALUES ('2013-03-07 16:53:06.647156+01', '10', 685427, 1216004, 10, 0, 22492, 159706, 580942, 11484371, '4bf95bcc-5d7d-4091-9a15-f1bfcda82a35');
INSERT INTO label_name (name, id) VALUES ('ABC-Paramount', 16322);
INSERT INTO label (label_code, edits_pending, ended, id, sort_name, country, begin_date_day, last_updated, name, begin_date_year, end_date_day, comment, begin_date_month, end_date_month, type, end_date_year, gid) VALUES (NULL, 0, '0', 15288, 16322, 222, NULL, NULL, 16322, NULL, NULL, '', NULL, NULL, 4, NULL, 'ef36d3a8-fcc9-4e50-bb80-27bcfd0bbdad');
UPDATE label_meta SET rating_count = NULL, rating = NULL WHERE id = 15288;
INSERT INTO release_label (last_updated, catalog_number, label, release, id) VALUES ('2011-01-18 16:52:02.917556+01', 'ABCS-509', 15288, 580942, 29766);
UPDATE release_meta SET amazon_asin = NULL, info_url = NULL, date_added = '2002-09-30 02:42:53.890488+02', cover_art_presence = 'absent', amazon_store = NULL WHERE id = 580942;
INSERT INTO medium (last_updated, name, position, track_count, edits_pending, release, format, id) VALUES ('2013-03-07 16:53:07.18794+01', NULL, 1, 10, 0, 596488, 7, 596488);
INSERT INTO track (last_updated, number, recording, name, position, edits_pending, artist_credit, length, medium, id, gid) VALUES ('2013-03-07 16:53:06.647156+01', '1', 685418, 1795255, 1, 0, 22492, 158933, 596488, 11484372, '0940025b-7dfa-44ac-aec6-2e7d3786bc81');
INSERT INTO track (last_updated, number, recording, name, position, edits_pending, artist_credit, length, medium, id, gid) VALUES ('2013-03-07 16:53:06.647156+01', '2', 685419, 174656, 2, 0, 22492, 256826, 596488, 11484373, '80174edd-941e-4fad-b360-6dff09973511');
INSERT INTO track (last_updated, number, recording, name, position, edits_pending, artist_credit, length, medium, id, gid) VALUES ('2013-03-07 16:53:06.647156+01', '3', 685420, 1251733, 3, 0, 22492, 214000, 596488, 11484374, 'd6366b54-303f-41de-862e-5b3cb317bd34');
INSERT INTO track (last_updated, number, recording, name, position, edits_pending, artist_credit, length, medium, id, gid) VALUES ('2013-03-07 16:53:06.647156+01', '4', 685421, 3526905, 4, 0, 22492, 216106, 596488, 11484375, '2e0c11c2-2a7f-4f5c-9edc-5ce67490f64b');
INSERT INTO track (last_updated, number, recording, name, position, edits_pending, artist_credit, length, medium, id, gid) VALUES ('2013-03-07 16:53:06.647156+01', '5', 685422, 953578, 5, 0, 22492, 180600, 596488, 11484376, 'c6619ef6-a09f-44a5-8c2f-e180469fb374');
INSERT INTO track (last_updated, number, recording, name, position, edits_pending, artist_credit, length, medium, id, gid) VALUES ('2013-03-07 16:53:06.647156+01', '6', 685423, 3997193, 6, 0, 22492, 142160, 596488, 11484377, 'abc436d4-43a5-4122-818c-09f51dfe40e2');
INSERT INTO track (last_updated, number, recording, name, position, edits_pending, artist_credit, length, medium, id, gid) VALUES ('2013-03-07 16:53:06.647156+01', '7', 685424, 3924109, 7, 0, 22492, 384840, 596488, 11484378, '60ded801-7dad-4649-9b87-c922277c95d1');
INSERT INTO track (last_updated, number, recording, name, position, edits_pending, artist_credit, length, medium, id, gid) VALUES ('2013-03-07 16:53:06.647156+01', '8', 685425, 1945118, 8, 0, 22492, 104933, 596488, 11484379, '40caa683-6fd6-44f0-a3ac-e57fab25620c');
INSERT INTO track (last_updated, number, recording, name, position, edits_pending, artist_credit, length, medium, id, gid) VALUES ('2013-03-07 16:53:06.647156+01', '9', 685426, 4472968, 9, 0, 22492, 275760, 596488, 11484380, '043b0c80-e8b1-49c3-b992-e5600e7a314e');
INSERT INTO track (last_updated, number, recording, name, position, edits_pending, artist_credit, length, medium, id, gid) VALUES ('2013-03-07 16:53:06.647156+01', '10', 685427, 1216004, 10, 0, 22492, 159706, 596488, 11484381, '45d7d0b3-ad75-4410-a289-8fcdaef1d8b2');
INSERT INTO label_name (name, id) VALUES ('Ace Records', 50091);
INSERT INTO label (label_code, edits_pending, ended, id, sort_name, country, begin_date_day, last_updated, name, begin_date_year, end_date_day, comment, begin_date_month, end_date_month, type, end_date_year, gid) VALUES (5982, 0, '0', 6553, 50091, 221, NULL, NULL, 50091, NULL, NULL, 'UK, started in 1981', NULL, NULL, 4, NULL, '6ca0c797-97f1-4701-8b62-f2f6d5fd1d10');
INSERT INTO label_name (name, id) VALUES ('Ace Records UK', 22930);
INSERT INTO label_alias (begin_date_day, last_updated, primary_for_locale, name, edits_pending, locale, begin_date_year, end_date_day, begin_date_month, end_date_month, id, label, type, end_date_year, sort_name) VALUES (NULL, '2011-01-18 16:21:33.71184+01', '0', 22930, 0, NULL, NULL, NULL, NULL, NULL, 3854, 6553, NULL, NULL, 22930);
UPDATE label_meta SET rating_count = NULL, rating = NULL WHERE id = 6553;
INSERT INTO release_label (last_updated, catalog_number, label, release, id) VALUES ('2011-01-18 16:52:02.917556+01', 'CH 86', 6553, 596488, 29767);
UPDATE release_meta SET amazon_asin = NULL, info_url = NULL, date_added = '2002-09-30 02:42:53.890488+02', cover_art_presence = 'absent', amazon_store = NULL WHERE id = 596488;
INSERT INTO medium (last_updated, name, position, track_count, edits_pending, release, format, id) VALUES ('2013-03-07 16:53:07.18794+01', NULL, 1, 10, 0, 596489, 7, 596489);
INSERT INTO track (last_updated, number, recording, name, position, edits_pending, artist_credit, length, medium, id, gid) VALUES ('2013-03-07 16:53:06.647156+01', '1', 685418, 1795255, 1, 0, 22492, 158933, 596489, 11484352, '914598ba-e83d-4282-bf7a-b9e68e5ac283');
INSERT INTO track (last_updated, number, recording, name, position, edits_pending, artist_credit, length, medium, id, gid) VALUES ('2013-03-07 16:53:06.647156+01', '2', 685419, 174656, 2, 0, 22492, 256826, 596489, 11484353, 'b6c33cd4-9ac9-4b75-ad05-cb50ad4f273e');
INSERT INTO track (last_updated, number, recording, name, position, edits_pending, artist_credit, length, medium, id, gid) VALUES ('2013-03-07 16:53:06.647156+01', '3', 685420, 1251733, 3, 0, 22492, 214000, 596489, 11484354, '93bef87c-fbba-4eba-b5b7-a1c3126346c7');
INSERT INTO track (last_updated, number, recording, name, position, edits_pending, artist_credit, length, medium, id, gid) VALUES ('2013-03-07 16:53:06.647156+01', '4', 685421, 3526905, 4, 0, 22492, 216106, 596489, 11484355, '27819cc0-4a77-4676-bb01-c62850ec66e3');
INSERT INTO track (last_updated, number, recording, name, position, edits_pending, artist_credit, length, medium, id, gid) VALUES ('2013-03-07 16:53:06.647156+01', '5', 685422, 953578, 5, 0, 22492, 180600, 596489, 11484356, 'ab5e5fa7-195e-414e-9603-11276556ee8b');
INSERT INTO track (last_updated, number, recording, name, position, edits_pending, artist_credit, length, medium, id, gid) VALUES ('2013-03-07 16:53:06.647156+01', '6', 685423, 3997193, 6, 0, 22492, 142160, 596489, 11484357, 'd78a4c22-0181-487c-825e-a4d14b0ab5f5');
INSERT INTO track (last_updated, number, recording, name, position, edits_pending, artist_credit, length, medium, id, gid) VALUES ('2013-03-07 16:53:06.647156+01', '7', 685424, 3924109, 7, 0, 22492, 384840, 596489, 11484358, '68149c81-72fd-4e87-bfde-ae65359cf00d');
INSERT INTO track (last_updated, number, recording, name, position, edits_pending, artist_credit, length, medium, id, gid) VALUES ('2013-03-07 16:53:06.647156+01', '8', 685425, 1945118, 8, 0, 22492, 104933, 596489, 11484359, '263c2e27-bdc5-423f-a346-116d4fc563b7');
INSERT INTO track (last_updated, number, recording, name, position, edits_pending, artist_credit, length, medium, id, gid) VALUES ('2013-03-07 16:53:06.647156+01', '9', 685426, 4472968, 9, 0, 22492, 275760, 596489, 11484360, 'd9ff384b-fd06-42fc-a480-621a1c522641');
INSERT INTO track (last_updated, number, recording, name, position, edits_pending, artist_credit, length, medium, id, gid) VALUES ('2013-03-07 16:53:06.647156+01', '10', 685427, 1216004, 10, 0, 22492, 159706, 596489, 11484361, '8e54684b-190a-4a3c-8f9a-a99e5f0c5638');
INSERT INTO label_name (name, id) VALUES ('ABC Records', 26828);
INSERT INTO label (label_code, edits_pending, ended, id, sort_name, country, begin_date_day, last_updated, name, begin_date_year, end_date_day, comment, begin_date_month, end_date_month, type, end_date_year, gid) VALUES (NULL, 0, '1', 2333, 26828, 222, NULL, '2009-09-23 01:46:54.441733+02', 26828, 1965, NULL, '65-79 US', NULL, NULL, 4, 1979, 'c3e5d5a2-53f2-4eab-9641-23d61e511928');
INSERT INTO label_name (name, id) VALUES ('ABC', 16709);
INSERT INTO label_alias (begin_date_day, last_updated, primary_for_locale, name, edits_pending, locale, begin_date_year, end_date_day, begin_date_month, end_date_month, id, label, type, end_date_year, sort_name) VALUES (NULL, '2011-01-18 16:21:33.71184+01', '0', 16709, 0, NULL, NULL, NULL, NULL, NULL, 1922, 2333, NULL, NULL, 16709);
UPDATE label_meta SET rating_count = NULL, rating = NULL WHERE id = 2333;
INSERT INTO release_label (last_updated, catalog_number, label, release, id) VALUES ('2011-01-18 16:52:02.917556+01', 'ABCS-509', 2333, 596489, 29768);
UPDATE release_meta SET amazon_asin = NULL, info_url = NULL, date_added = '2002-09-30 02:42:53.890488+02', cover_art_presence = 'absent', amazon_store = NULL WHERE id = 596489;
INSERT INTO medium (last_updated, name, position, track_count, edits_pending, release, format, id) VALUES ('2013-03-07 16:53:07.18794+01', NULL, 1, 10, 0, 596490, 7, 596490);
INSERT INTO track (last_updated, number, recording, name, position, edits_pending, artist_credit, length, medium, id, gid) VALUES ('2013-03-07 16:53:06.647156+01', '1', 685418, 1795255, 1, 0, 22492, 158933, 596490, 11484412, '9fe5a377-dad8-4f6f-a739-fe08b05a83e1');
INSERT INTO track (last_updated, number, recording, name, position, edits_pending, artist_credit, length, medium, id, gid) VALUES ('2013-03-07 16:53:06.647156+01', '2', 685419, 174656, 2, 0, 22492, 256826, 596490, 11484413, '6fb81f5b-41e1-4a9c-a6d0-67742bbc0dc9');
INSERT INTO track (last_updated, number, recording, name, position, edits_pending, artist_credit, length, medium, id, gid) VALUES ('2013-03-07 16:53:06.647156+01', '3', 685420, 1251733, 3, 0, 22492, 214000, 596490, 11484414, 'a1b0417c-88c0-4aae-b8e9-b6a943398bb2');
INSERT INTO track (last_updated, number, recording, name, position, edits_pending, artist_credit, length, medium, id, gid) VALUES ('2013-03-07 16:53:06.647156+01', '4', 685421, 3526905, 4, 0, 22492, 216106, 596490, 11484415, 'f1a90d33-8b87-4f32-9737-a582f2b14b94');
INSERT INTO track (last_updated, number, recording, name, position, edits_pending, artist_credit, length, medium, id, gid) VALUES ('2013-03-07 16:53:06.647156+01', '5', 685422, 953578, 5, 0, 22492, 180600, 596490, 11484416, '618c10e9-4cfa-4745-a34e-ee27867ad878');
INSERT INTO track (last_updated, number, recording, name, position, edits_pending, artist_credit, length, medium, id, gid) VALUES ('2013-03-07 16:53:06.647156+01', '6', 685423, 3997193, 6, 0, 22492, 142160, 596490, 11484417, '24e5abae-6c7a-40c3-b185-45a337903798');
INSERT INTO track (last_updated, number, recording, name, position, edits_pending, artist_credit, length, medium, id, gid) VALUES ('2013-03-07 16:53:06.647156+01', '7', 685424, 3924109, 7, 0, 22492, 384840, 596490, 11484418, '1c478168-4119-4d25-a69b-4bec16236539');
INSERT INTO track (last_updated, number, recording, name, position, edits_pending, artist_credit, length, medium, id, gid) VALUES ('2013-03-07 16:53:06.647156+01', '8', 685425, 1945118, 8, 0, 22492, 104933, 596490, 11484419, '0910e774-8ac7-473b-8c7b-de830c161b27');
INSERT INTO track (last_updated, number, recording, name, position, edits_pending, artist_credit, length, medium, id, gid) VALUES ('2013-03-07 16:53:06.647156+01', '9', 685426, 4472968, 9, 0, 22492, 275760, 596490, 11484420, '5d9c8f9d-b43c-411b-960d-07ec306c2538');
INSERT INTO track (last_updated, number, recording, name, position, edits_pending, artist_credit, length, medium, id, gid) VALUES ('2013-03-07 16:53:06.647156+01', '10', 685427, 1216004, 10, 0, 22492, 159706, 596490, 11484421, '7b0cab06-d3e2-4020-9e1f-a26934bd9091');
INSERT INTO release_label (last_updated, catalog_number, label, release, id) VALUES ('2011-01-18 16:52:02.917556+01', 'ABCS-724', 2333, 596490, 29769);
UPDATE release_meta SET amazon_asin = NULL, info_url = NULL, date_added = '2002-09-30 02:42:53.890488+02', cover_art_presence = 'absent', amazon_store = NULL WHERE id = 596490;
INSERT INTO medium (last_updated, name, position, track_count, edits_pending, release, format, id) VALUES ('2013-03-07 16:53:07.18794+01', NULL, 1, 10, 0, 596491, 1, 596491);
INSERT INTO medium_cdtoc (last_updated, medium, edits_pending, id, cdtoc) VALUES ('2011-01-18 16:21:33.71184+01', 596491, 0, 392181, 35066);
INSERT INTO medium_cdtoc (last_updated, medium, edits_pending, id, cdtoc) VALUES ('2011-01-18 16:21:33.71184+01', 596491, 0, 392182, 314632);
INSERT INTO medium_cdtoc (last_updated, medium, edits_pending, id, cdtoc) VALUES ('2011-01-18 16:21:33.71184+01', 596491, 0, 392183, 85413);
INSERT INTO medium_cdtoc (last_updated, medium, edits_pending, id, cdtoc) VALUES ('2011-01-18 16:21:33.71184+01', 596491, 0, 392184, 141117);
INSERT INTO medium_cdtoc (last_updated, medium, edits_pending, id, cdtoc) VALUES ('2011-01-18 16:21:33.71184+01', 596491, 0, 392185, 194277);
INSERT INTO medium_cdtoc (last_updated, medium, edits_pending, id, cdtoc) VALUES ('2011-01-18 16:21:33.71184+01', 596491, 0, 392186, 258542);
INSERT INTO medium_cdtoc (last_updated, medium, edits_pending, id, cdtoc) VALUES ('2011-01-18 16:21:33.71184+01', 596491, 0, 392187, 38029);
INSERT INTO medium_cdtoc (last_updated, medium, edits_pending, id, cdtoc) VALUES ('2011-01-18 16:21:33.71184+01', 596491, 0, 392188, 127389);
INSERT INTO medium_cdtoc (last_updated, medium, edits_pending, id, cdtoc) VALUES ('2011-01-18 16:21:33.71184+01', 596491, 0, 392189, 339241);
INSERT INTO track (last_updated, number, recording, name, position, edits_pending, artist_credit, length, medium, id, gid) VALUES ('2013-03-07 16:53:06.647156+01', '1', 685418, 1795255, 1, 0, 22492, 158933, 596491, 11484402, 'c3b2ab2f-ab94-4887-b00d-b76a60919f50');
INSERT INTO track (last_updated, number, recording, name, position, edits_pending, artist_credit, length, medium, id, gid) VALUES ('2013-03-07 16:53:06.647156+01', '2', 685419, 174656, 2, 0, 22492, 256826, 596491, 11484403, '85a24907-66af-4968-925e-d20b71d77034');
INSERT INTO track (last_updated, number, recording, name, position, edits_pending, artist_credit, length, medium, id, gid) VALUES ('2013-03-07 16:53:06.647156+01', '3', 685420, 1251733, 3, 0, 22492, 214000, 596491, 11484404, '891b6335-ae6a-4bde-b772-49d704e72789');
INSERT INTO track (last_updated, number, recording, name, position, edits_pending, artist_credit, length, medium, id, gid) VALUES ('2013-03-07 16:53:06.647156+01', '4', 685421, 3526905, 4, 0, 22492, 216106, 596491, 11484405, '89708fef-2019-4731-b72a-3ce801ab1d8a');
INSERT INTO track (last_updated, number, recording, name, position, edits_pending, artist_credit, length, medium, id, gid) VALUES ('2013-03-07 16:53:06.647156+01', '5', 685422, 953578, 5, 0, 22492, 180600, 596491, 11484406, 'c67fbe75-e97a-4361-ac9b-38ef835f780c');
INSERT INTO track (last_updated, number, recording, name, position, edits_pending, artist_credit, length, medium, id, gid) VALUES ('2013-03-07 16:53:06.647156+01', '6', 685423, 3997193, 6, 0, 22492, 142160, 596491, 11484407, 'ce08fbed-2152-4f98-bb5a-807c069c06cc');
INSERT INTO track (last_updated, number, recording, name, position, edits_pending, artist_credit, length, medium, id, gid) VALUES ('2013-03-07 16:53:06.647156+01', '7', 685424, 3924109, 7, 0, 22492, 384840, 596491, 11484408, '1cc44106-3f94-462b-b09e-1ab2fc92becb');
INSERT INTO track (last_updated, number, recording, name, position, edits_pending, artist_credit, length, medium, id, gid) VALUES ('2013-03-07 16:53:06.647156+01', '8', 685425, 1945118, 8, 0, 22492, 104933, 596491, 11484409, '9ab9b9ba-0cd8-4387-b3d3-03386f08048b');
INSERT INTO track (last_updated, number, recording, name, position, edits_pending, artist_credit, length, medium, id, gid) VALUES ('2013-03-07 16:53:06.647156+01', '9', 685426, 4472968, 9, 0, 22492, 275760, 596491, 11484410, 'cc45900b-d8f5-4508-944f-ba90e1785c7b');
INSERT INTO track (last_updated, number, recording, name, position, edits_pending, artist_credit, length, medium, id, gid) VALUES ('2013-03-07 16:53:06.647156+01', '10', 685427, 1216004, 10, 0, 22492, 159706, 596491, 11484411, '3115363d-ec88-431f-9cc5-57cacd5a5599');
INSERT INTO label_name (name, id) VALUES ('MCA Records', 29067);
INSERT INTO label (label_code, edits_pending, ended, id, sort_name, country, begin_date_day, last_updated, name, begin_date_year, end_date_day, comment, begin_date_month, end_date_month, type, end_date_year, gid) VALUES (1056, 0, '1', 347, 29067, 222, NULL, NULL, 29067, 1967, NULL, 'US branch', NULL, NULL, 4, 2004, '46a3941a-c810-47a1-974f-955effec4d09');
INSERT INTO label_name (name, id) VALUES ('MCA', 36832);
INSERT INTO label_name (name, id) VALUES ('MCA Records Inc', 47102);
INSERT INTO label_alias (begin_date_day, last_updated, primary_for_locale, name, edits_pending, locale, begin_date_year, end_date_day, begin_date_month, end_date_month, id, label, type, end_date_year, sort_name) VALUES (NULL, '2011-01-18 16:21:33.71184+01', '0', 36832, 0, NULL, NULL, NULL, NULL, NULL, 1634, 347, NULL, NULL, 36832);
INSERT INTO label_alias (begin_date_day, last_updated, primary_for_locale, name, edits_pending, locale, begin_date_year, end_date_day, begin_date_month, end_date_month, id, label, type, end_date_year, sort_name) VALUES (NULL, '2011-01-18 16:21:33.71184+01', '0', 47102, 0, NULL, NULL, NULL, NULL, NULL, 2155, 347, NULL, NULL, 47102);
UPDATE label_meta SET rating_count = NULL, rating = NULL WHERE id = 347;
INSERT INTO release_label (last_updated, catalog_number, label, release, id) VALUES ('2011-01-18 16:52:02.917556+01', 'MCD31106/MCAD31106', 347, 596491, 29770);
UPDATE release_meta SET amazon_asin = NULL, info_url = NULL, date_added = '2002-09-30 02:42:53.890488+02', cover_art_presence = 'absent', amazon_store = NULL WHERE id = 596491;
INSERT INTO medium (last_updated, name, position, track_count, edits_pending, release, format, id) VALUES ('2013-03-07 16:53:07.18794+01', NULL, 1, 10, 0, 596492, 1, 596492);
INSERT INTO medium_cdtoc (last_updated, medium, edits_pending, id, cdtoc) VALUES ('2011-01-18 16:21:33.71184+01', 596492, 0, 392190, 339241);
INSERT INTO medium_cdtoc (last_updated, medium, edits_pending, id, cdtoc) VALUES ('2011-01-18 16:21:33.71184+01', 596492, 0, 392191, 194277);
INSERT INTO medium_cdtoc (last_updated, medium, edits_pending, id, cdtoc) VALUES ('2011-01-18 16:21:33.71184+01', 596492, 0, 392192, 38029);
INSERT INTO medium_cdtoc (last_updated, medium, edits_pending, id, cdtoc) VALUES ('2011-01-18 16:21:33.71184+01', 596492, 0, 392193, 141117);
INSERT INTO medium_cdtoc (last_updated, medium, edits_pending, id, cdtoc) VALUES ('2011-01-18 16:21:33.71184+01', 596492, 0, 392194, 314632);
INSERT INTO medium_cdtoc (last_updated, medium, edits_pending, id, cdtoc) VALUES ('2011-01-18 16:21:33.71184+01', 596492, 0, 392195, 258542);
INSERT INTO medium_cdtoc (last_updated, medium, edits_pending, id, cdtoc) VALUES ('2011-01-18 16:21:33.71184+01', 596492, 0, 392196, 127389);
INSERT INTO medium_cdtoc (last_updated, medium, edits_pending, id, cdtoc) VALUES ('2011-01-18 16:21:33.71184+01', 596492, 0, 392197, 35066);
INSERT INTO medium_cdtoc (last_updated, medium, edits_pending, id, cdtoc) VALUES ('2011-01-18 16:21:33.71184+01', 596492, 0, 392198, 85413);
INSERT INTO track (last_updated, number, recording, name, position, edits_pending, artist_credit, length, medium, id, gid) VALUES ('2013-03-07 16:53:06.647156+01', '1', 685418, 1795255, 1, 0, 22492, 158933, 596492, 685418, '822f172d-2fda-45e9-a8c3-b3f05a6077ce');
INSERT INTO track (last_updated, number, recording, name, position, edits_pending, artist_credit, length, medium, id, gid) VALUES ('2013-03-07 16:53:06.647156+01', '2', 685419, 174656, 2, 0, 22492, 256826, 596492, 685419, 'b0a29376-fe5f-4088-b0d7-cc6b45c6f6c6');
INSERT INTO track (last_updated, number, recording, name, position, edits_pending, artist_credit, length, medium, id, gid) VALUES ('2013-03-07 16:53:06.647156+01', '3', 685420, 1251733, 3, 0, 22492, 214000, 596492, 685420, 'f50ef324-e7a8-4ed0-acc0-c0c5213893d0');
INSERT INTO track (last_updated, number, recording, name, position, edits_pending, artist_credit, length, medium, id, gid) VALUES ('2013-03-07 16:53:06.647156+01', '4', 685421, 3526905, 4, 0, 22492, 216106, 596492, 685421, 'd92746d8-8565-40b4-bc2c-1f81f21648e7');
INSERT INTO track (last_updated, number, recording, name, position, edits_pending, artist_credit, length, medium, id, gid) VALUES ('2013-03-07 16:53:06.647156+01', '5', 685422, 953578, 5, 0, 22492, 180600, 596492, 685422, '233b0b0b-e218-4a4f-989b-14f8d2a7c8ac');
INSERT INTO track (last_updated, number, recording, name, position, edits_pending, artist_credit, length, medium, id, gid) VALUES ('2013-03-07 16:53:06.647156+01', '6', 685423, 3997193, 6, 0, 22492, 142160, 596492, 685423, 'cd0e8452-73e3-47af-9026-30033b77e95e');
INSERT INTO track (last_updated, number, recording, name, position, edits_pending, artist_credit, length, medium, id, gid) VALUES ('2013-03-07 16:53:06.647156+01', '7', 685424, 3924109, 7, 0, 22492, 384840, 596492, 685424, 'b1f46894-0d43-42e4-9df6-ddb09da55d6a');
INSERT INTO track (last_updated, number, recording, name, position, edits_pending, artist_credit, length, medium, id, gid) VALUES ('2013-03-07 16:53:06.647156+01', '8', 685425, 1945118, 8, 0, 22492, 104933, 596492, 685425, 'b3e0bc27-c4c2-45d4-a705-d6237bc0802d');
INSERT INTO track (last_updated, number, recording, name, position, edits_pending, artist_credit, length, medium, id, gid) VALUES ('2013-03-07 16:53:06.647156+01', '9', 685426, 4472968, 9, 0, 22492, 275760, 596492, 685426, 'b4e7c1c0-2aa4-4508-9a82-b8372815a0db');
INSERT INTO track (last_updated, number, recording, name, position, edits_pending, artist_credit, length, medium, id, gid) VALUES ('2013-03-07 16:53:06.647156+01', '10', 685427, 1216004, 10, 0, 22492, 159706, 596492, 685427, 'f45d02b9-1fd6-4d07-9b64-295724a983d7');
INSERT INTO label_name (name, id) VALUES ('Mobile Fidelity Sound Lab', 51514);
INSERT INTO label (label_code, edits_pending, ended, id, sort_name, country, begin_date_day, last_updated, name, begin_date_year, end_date_day, comment, begin_date_month, end_date_month, type, end_date_year, gid) VALUES (NULL, 0, '0', 4349, 51514, 222, NULL, '2010-08-22 12:59:52.267882+02', 51514, 1977, NULL, '', NULL, NULL, 6, NULL, 'edd54e2f-2eef-46b1-a9b5-bedfe5ed33be');
INSERT INTO label_name (name, id) VALUES ('MFSL', 13839);
INSERT INTO label_name (name, id) VALUES ('Mobile Fidelity Sound Labs', 12818);
INSERT INTO label_alias (begin_date_day, last_updated, primary_for_locale, name, edits_pending, locale, begin_date_year, end_date_day, begin_date_month, end_date_month, id, label, type, end_date_year, sort_name) VALUES (NULL, '2011-01-18 16:21:33.71184+01', '0', 13839, 0, NULL, NULL, NULL, NULL, NULL, 592, 4349, NULL, NULL, 13839);
INSERT INTO label_alias (begin_date_day, last_updated, primary_for_locale, name, edits_pending, locale, begin_date_year, end_date_day, begin_date_month, end_date_month, id, label, type, end_date_year, sort_name) VALUES (NULL, '2011-01-18 16:21:33.71184+01', '0', 12818, 0, NULL, NULL, NULL, NULL, NULL, 2457, 4349, NULL, NULL, 12818);
UPDATE label_meta SET rating_count = NULL, rating = NULL WHERE id = 4349;
INSERT INTO release_label (last_updated, catalog_number, label, release, id) VALUES ('2011-01-18 16:52:02.917556+01', 'UDCD 548', 4349, 596492, 29771);
UPDATE release_meta SET amazon_asin = NULL, info_url = NULL, date_added = '2002-09-30 02:42:53.890488+02', cover_art_presence = 'absent', amazon_store = NULL WHERE id = 596492;
INSERT INTO medium (last_updated, name, position, track_count, edits_pending, release, format, id) VALUES ('2013-03-07 16:53:07.18794+01', NULL, 1, 10, 0, 672077, 1, 672077);
INSERT INTO medium_cdtoc (last_updated, medium, edits_pending, id, cdtoc) VALUES ('2011-01-18 16:21:33.71184+01', 672077, 0, 430412, 85413);
INSERT INTO medium_cdtoc (last_updated, medium, edits_pending, id, cdtoc) VALUES ('2011-01-18 16:21:33.71184+01', 672077, 0, 430413, 127389);
INSERT INTO medium_cdtoc (last_updated, medium, edits_pending, id, cdtoc) VALUES ('2011-01-18 16:21:33.71184+01', 672077, 0, 430414, 141117);
INSERT INTO medium_cdtoc (last_updated, medium, edits_pending, id, cdtoc) VALUES ('2011-01-18 16:21:33.71184+01', 672077, 0, 430415, 194277);
INSERT INTO medium_cdtoc (last_updated, medium, edits_pending, id, cdtoc) VALUES ('2011-01-18 16:21:33.71184+01', 672077, 0, 430416, 339241);
INSERT INTO medium_cdtoc (last_updated, medium, edits_pending, id, cdtoc) VALUES ('2011-01-18 16:21:33.71184+01', 672077, 0, 430417, 38029);
INSERT INTO medium_cdtoc (last_updated, medium, edits_pending, id, cdtoc) VALUES ('2011-01-18 16:21:33.71184+01', 672077, 0, 430418, 314632);
INSERT INTO medium_cdtoc (last_updated, medium, edits_pending, id, cdtoc) VALUES ('2011-01-18 16:21:33.71184+01', 672077, 0, 430419, 258542);
INSERT INTO medium_cdtoc (last_updated, medium, edits_pending, id, cdtoc) VALUES ('2011-01-18 16:21:33.71184+01', 672077, 0, 430420, 35066);
INSERT INTO track (last_updated, number, recording, name, position, edits_pending, artist_credit, length, medium, id, gid) VALUES ('2013-03-07 16:53:06.647156+01', '1', 685418, 1795255, 1, 0, 22492, 158933, 672077, 11484382, '2de43215-95fa-48ce-8cbe-2e9a385fe87d');
INSERT INTO track (last_updated, number, recording, name, position, edits_pending, artist_credit, length, medium, id, gid) VALUES ('2013-03-07 16:53:06.647156+01', '2', 685419, 174656, 2, 0, 22492, 256826, 672077, 11484383, '36b831e3-2ed4-434f-9e83-1c0d75f4bea2');
INSERT INTO track (last_updated, number, recording, name, position, edits_pending, artist_credit, length, medium, id, gid) VALUES ('2013-03-07 16:53:06.647156+01', '3', 685420, 1251733, 3, 0, 22492, 214000, 672077, 11484384, 'd8efb66e-ea8f-4c77-8d6a-1185c9f802ff');
INSERT INTO track (last_updated, number, recording, name, position, edits_pending, artist_credit, length, medium, id, gid) VALUES ('2013-03-07 16:53:06.647156+01', '4', 685421, 3526905, 4, 0, 22492, 216106, 672077, 11484385, 'b132e3df-07d6-4f64-9a4b-70ce3f2e7017');
INSERT INTO track (last_updated, number, recording, name, position, edits_pending, artist_credit, length, medium, id, gid) VALUES ('2013-03-07 16:53:06.647156+01', '5', 685422, 953578, 5, 0, 22492, 180600, 672077, 11484386, '1e278508-b6c0-4f04-ab8f-88f3888af33a');
INSERT INTO track (last_updated, number, recording, name, position, edits_pending, artist_credit, length, medium, id, gid) VALUES ('2013-03-07 16:53:06.647156+01', '6', 685423, 3997193, 6, 0, 22492, 142160, 672077, 11484387, 'bcd619c2-ad47-4707-9296-d5d0c445e7e2');
INSERT INTO track (last_updated, number, recording, name, position, edits_pending, artist_credit, length, medium, id, gid) VALUES ('2013-03-07 16:53:06.647156+01', '7', 685424, 3924109, 7, 0, 22492, 384840, 672077, 11484388, '6c6cea22-2d69-4658-b7ad-4c80373fb9f3');
INSERT INTO track (last_updated, number, recording, name, position, edits_pending, artist_credit, length, medium, id, gid) VALUES ('2013-03-07 16:53:06.647156+01', '8', 685425, 1945118, 8, 0, 22492, 104933, 672077, 11484389, '15d2b5c1-1adb-48ab-b29d-7c37e263194e');
INSERT INTO track (last_updated, number, recording, name, position, edits_pending, artist_credit, length, medium, id, gid) VALUES ('2013-03-07 16:53:06.647156+01', '9', 685426, 4472968, 9, 0, 22492, 275760, 672077, 11484390, 'cf0370fc-6b95-4463-839f-e37add9c6df2');
INSERT INTO track (last_updated, number, recording, name, position, edits_pending, artist_credit, length, medium, id, gid) VALUES ('2013-03-07 16:53:06.647156+01', '10', 685427, 1216004, 10, 0, 22492, 159706, 672077, 11484391, '6f22b489-fd7c-446f-99b0-a5fa13bd49e2');
INSERT INTO release_label (last_updated, catalog_number, label, release, id) VALUES ('2011-01-18 16:52:02.917556+01', 'UDCD 548', 4349, 672077, 29772);
UPDATE release_meta SET amazon_asin = NULL, info_url = NULL, date_added = '2002-09-30 02:42:53.890488+02', cover_art_presence = 'absent', amazon_store = NULL WHERE id = 672077;
UPDATE release_group_meta SET first_release_date_month = NULL, rating_count = 1, first_release_date_year = 1965, release_count = 8, rating = 100, first_release_date_day = NULL WHERE id = 87135;
INSERT INTO release_name (name, id) VALUES ('[non-album tracks]', 170387);
INSERT INTO artist_name (name, id) VALUES ('Corporation: Blend', 813811);
INSERT INTO artist_credit (created, name, ref_count, artist_count, id) VALUES ('2011-01-18 17:24:02.551922+01', 813811, 23, 1, 199821);
INSERT INTO artist (edits_pending, ended, id, sort_name, gender, country, begin_date_day, last_updated, name, begin_date_year, end_date_day, comment, begin_date_month, end_date_month, type, end_date_year, gid) VALUES (0, '0', 199821, 813811, NULL, NULL, NULL, NULL, 813811, 2000, NULL, '', NULL, NULL, 2, NULL, '99fcf6a9-3159-47f3-bcba-115ccffce7f0');
UPDATE artist_meta SET rating_count = NULL, rating = NULL WHERE id = 199821;
INSERT INTO artist_credit_name (join_phrase, artist, name, position, artist_credit) VALUES ('', 199821, 813811, 0, 199821);
INSERT INTO release_group (last_updated, comment, name, edits_pending, type, artist_credit, id, gid) VALUES ('2009-05-24 22:47:00.490177+02', '', 170387, 0, NULL, 199821, 284354, 'a8c946f5-8d26-3534-bab7-37c57eebbc1c');
UPDATE release_group_meta SET first_release_date_month = NULL, rating_count = NULL, first_release_date_year = NULL, release_count = 0, rating = NULL, first_release_date_day = NULL WHERE id = 284354;
INSERT INTO release_name (name, id) VALUES ('Exogamy', 275470);
INSERT INTO artist_name (name, id) VALUES ('Wedlock', 421622);
INSERT INTO artist_credit (created, name, ref_count, artist_count, id) VALUES ('2011-01-18 17:24:02.551922+01', 421622, 175, 1, 398438);
INSERT INTO artist (edits_pending, ended, id, sort_name, gender, country, begin_date_day, last_updated, name, begin_date_year, end_date_day, comment, begin_date_month, end_date_month, type, end_date_year, gid) VALUES (0, '0', 398438, 421622, NULL, NULL, NULL, '2009-09-03 09:02:56.975521+02', 421622, 2004, NULL, 'USA electro pop', NULL, NULL, 2, NULL, '6fe9f838-112e-44f1-af83-97464f08285b');
INSERT INTO artist_name (name, id) VALUES ('Wedlock(U.S.)', 821062);
INSERT INTO artist_alias (begin_date_day, last_updated, primary_for_locale, name, edits_pending, locale, begin_date_year, artist, end_date_day, begin_date_month, end_date_month, id, type, end_date_year, sort_name) VALUES (NULL, '2011-01-18 16:20:17.74049+01', '0', 821062, 0, NULL, NULL, 398438, NULL, NULL, NULL, 51110, NULL, NULL, 821062);
UPDATE artist_meta SET rating_count = 1, rating = 80 WHERE id = 398438;
INSERT INTO artist_credit_name (join_phrase, artist, name, position, artist_credit) VALUES ('', 398438, 421622, 0, 398438);
INSERT INTO release_group (last_updated, comment, name, edits_pending, type, artist_credit, id, gid) VALUES ('2009-05-24 22:47:00.490177+02', '', 275470, 0, 1, 398438, 703316, 'cde61708-3be3-31ad-ba61-06af6af59565');
INSERT INTO release (date_day, status, release_group, edits_pending, packaging, id, quality, country, last_updated, script, language, name, artist_credit, barcode, comment, date_year, date_month, gid) VALUES (29, 1, 703316, 0, NULL, 375273, -1, 222, NULL, 28, 120, 275470, 398438, '844395014422', '', 2008, 4, '980e0f65-930e-4743-95d3-602665c25c15');
INSERT INTO medium (last_updated, name, position, track_count, edits_pending, release, format, id) VALUES ('2013-03-07 16:53:07.18794+01', NULL, 1, 9, 0, 375273, 1, 375273);
INSERT INTO cdtoc (created, discid, track_offset, degraded, leadout_offset, track_count, id, freedb_id) VALUES ('2011-01-18 16:21:33.71184+01', '_mIJp3ou5BAQ1GFOiu0hWuoz2mI-', '{150,19400,25900,41925,61925,81025,98775,116075,136675}', '0', 155399, 9, 248388, '72081509');
INSERT INTO medium_cdtoc (last_updated, medium, edits_pending, id, cdtoc) VALUES ('2011-01-18 16:21:33.71184+01', 375273, 0, 269967, 248388);
INSERT INTO track_name (name, id) VALUES ('Reverend Charisma', 3028498);
INSERT INTO recording (last_updated, name, edits_pending, artist_credit, length, comment, id, gid) VALUES (NULL, 3028498, 0, 398438, 256666, '', 7905439, '88d26635-cfc8-4fd9-b81e-36f7a1b3d270');
UPDATE recording_meta SET rating_count = NULL, rating = NULL WHERE id = 7905439;
INSERT INTO track_name (name, id) VALUES ('Dear Diary', 790420);
INSERT INTO recording (last_updated, name, edits_pending, artist_credit, length, comment, id, gid) VALUES (NULL, 790420, 0, 398438, 86666, '', 7905440, '37a8d72a-a9c9-4edc-9ecf-b5b58e6197a9');
UPDATE recording_meta SET rating_count = NULL, rating = NULL WHERE id = 7905440;
INSERT INTO track_name (name, id) VALUES ('Black Sundress', 2883269);
INSERT INTO recording (last_updated, name, edits_pending, artist_credit, length, comment, id, gid) VALUES (NULL, 2883269, 0, 398438, 213666, '', 7905441, '7152d72e-c7d4-4b15-9f8e-97fabb88b1af');
UPDATE recording_meta SET rating_count = NULL, rating = NULL WHERE id = 7905441;
INSERT INTO track_name (name, id) VALUES ('Allegiance?WTF?', 461978);
INSERT INTO recording (last_updated, name, edits_pending, artist_credit, length, comment, id, gid) VALUES (NULL, 461978, 0, 398438, 266666, '', 7905442, 'da778cae-9e88-4385-af7f-666e102b94af');
UPDATE recording_meta SET rating_count = NULL, rating = NULL WHERE id = 7905442;
INSERT INTO track_name (name, id) VALUES ('Maggie&Heidi', 4943722);
INSERT INTO recording (last_updated, name, edits_pending, artist_credit, length, comment, id, gid) VALUES (NULL, 4943722, 0, 398438, 254666, '', 7905443, '150b8c8c-ed02-4ade-99cc-e8d673f6f5b9');
UPDATE recording_meta SET rating_count = NULL, rating = NULL WHERE id = 7905443;
INSERT INTO track_name (name, id) VALUES ('Discopharma', 3438338);
INSERT INTO recording (last_updated, name, edits_pending, artist_credit, length, comment, id, gid) VALUES (NULL, 3438338, 0, 398438, 236666, '', 7905444, '9815c3e5-f842-41c2-bb5c-bcd0dd97dbe5');
UPDATE recording_meta SET rating_count = NULL, rating = NULL WHERE id = 7905444;
INSERT INTO track_name (name, id) VALUES ('Still Unsatisfied', 3212426);
INSERT INTO recording (last_updated, name, edits_pending, artist_credit, length, comment, id, gid) VALUES (NULL, 3212426, 0, 398438, 230666, '', 7905445, '6356e37c-a44b-4218-80ce-6fb6c11a124f');
UPDATE recording_meta SET rating_count = NULL, rating = NULL WHERE id = 7905445;
INSERT INTO track_name (name, id) VALUES ('Asseswaving', 3061909);
INSERT INTO recording (last_updated, name, edits_pending, artist_credit, length, comment, id, gid) VALUES (NULL, 3061909, 0, 398438, 274666, '', 7905446, '4878bc36-7306-497a-b45a-561d9f7f8573');
UPDATE recording_meta SET rating_count = NULL, rating = NULL WHERE id = 7905446;
INSERT INTO track_name (name, id) VALUES ('Just Because', 2418195);
INSERT INTO recording (last_updated, name, edits_pending, artist_credit, length, comment, id, gid) VALUES (NULL, 2418195, 0, 398438, 249653, '', 7905447, '15918f5f-20b1-4e1a-888d-8762790017a9');
UPDATE recording_meta SET rating_count = NULL, rating = NULL WHERE id = 7905447;
INSERT INTO track (last_updated, number, recording, name, position, edits_pending, artist_credit, length, medium, id, gid) VALUES ('2013-03-07 16:53:06.647156+01', '1', 7905439, 3028498, 1, 0, 398438, 256666, 375273, 7905439, 'd23ae98d-c161-4d67-9e46-fb3432daf32c');
INSERT INTO track (last_updated, number, recording, name, position, edits_pending, artist_credit, length, medium, id, gid) VALUES ('2013-03-07 16:53:06.647156+01', '2', 7905440, 790420, 2, 0, 398438, 86666, 375273, 7905440, '5a31eacd-9d59-4fe3-8d19-f70386410c59');
INSERT INTO track (last_updated, number, recording, name, position, edits_pending, artist_credit, length, medium, id, gid) VALUES ('2013-03-07 16:53:06.647156+01', '3', 7905441, 2883269, 3, 0, 398438, 213666, 375273, 7905441, '7af5e63b-5734-4235-b99e-69ab785dd6d1');
INSERT INTO track (last_updated, number, recording, name, position, edits_pending, artist_credit, length, medium, id, gid) VALUES ('2013-03-07 16:53:06.647156+01', '4', 7905442, 461978, 4, 0, 398438, 266666, 375273, 7905442, '8dc19f2b-1aad-4ea7-8605-a94d46b5a5bf');
INSERT INTO track (last_updated, number, recording, name, position, edits_pending, artist_credit, length, medium, id, gid) VALUES ('2013-03-07 16:53:06.647156+01', '5', 7905443, 4943722, 5, 0, 398438, 254666, 375273, 7905443, 'aa8cfa02-bf9d-4638-bb9f-e2b3fbb88589');
INSERT INTO track (last_updated, number, recording, name, position, edits_pending, artist_credit, length, medium, id, gid) VALUES ('2013-03-07 16:53:06.647156+01', '6', 7905444, 3438338, 6, 0, 398438, 236666, 375273, 7905444, '7924b493-d1c2-4a97-87e3-e30d9889cb43');
INSERT INTO track (last_updated, number, recording, name, position, edits_pending, artist_credit, length, medium, id, gid) VALUES ('2013-03-07 16:53:06.647156+01', '7', 7905445, 3212426, 7, 0, 398438, 230666, 375273, 7905445, '15c644d3-637a-4b9e-99ed-5215a6d69e1f');
INSERT INTO track (last_updated, number, recording, name, position, edits_pending, artist_credit, length, medium, id, gid) VALUES ('2013-03-07 16:53:06.647156+01', '8', 7905446, 3061909, 8, 0, 398438, 274666, 375273, 7905446, 'fa52b2cb-14ec-42da-8f46-e668ceb2aae2');
INSERT INTO track (last_updated, number, recording, name, position, edits_pending, artist_credit, length, medium, id, gid) VALUES ('2013-03-07 16:53:06.647156+01', '9', 7905447, 2418195, 9, 0, 398438, 249653, 375273, 7905447, '78eeb6db-68c1-4981-aeca-9654a134739c');
INSERT INTO label_name (name, id) VALUES ('Kounterfeit Records', 23652);
INSERT INTO label (label_code, edits_pending, ended, id, sort_name, country, begin_date_day, last_updated, name, begin_date_year, end_date_day, comment, begin_date_month, end_date_month, type, end_date_year, gid) VALUES (NULL, 0, '0', 3933, 23652, 222, 2, NULL, 23652, 2003, NULL, '', 6, NULL, 1, NULL, 'dc7149d6-0356-49d5-baa4-e7e7c57d88ff');
INSERT INTO label_name (name, id) VALUES ('Kounterfeit', 32451);
INSERT INTO label_alias (begin_date_day, last_updated, primary_for_locale, name, edits_pending, locale, begin_date_year, end_date_day, begin_date_month, end_date_month, id, label, type, end_date_year, sort_name) VALUES (NULL, '2011-01-18 16:21:33.71184+01', '0', 32451, 0, NULL, NULL, NULL, NULL, NULL, 2499, 3933, NULL, NULL, 32451);
UPDATE label_meta SET rating_count = 1, rating = 100 WHERE id = 3933;
INSERT INTO release_label (last_updated, catalog_number, label, release, id) VALUES ('2011-01-18 16:52:02.917556+01', 'KOU-004', 3933, 375273, 261286);
UPDATE release_meta SET amazon_asin = 'B0015XAAY2', info_url = 'http://www.amazon.com/gp/product/B0015XAAY2', date_added = '2008-04-10 19:44:44.312392+02', cover_art_presence = 'absent', amazon_store = NULL WHERE id = 375273;
UPDATE release_group_meta SET first_release_date_month = 4, rating_count = 1, first_release_date_year = 2008, release_count = 1, rating = 80, first_release_date_day = 29 WHERE id = 703316;
INSERT INTO release_group_primary_type (name, id) VALUES ('Spokenword', 6);
INSERT INTO release_name (name, id) VALUES ('An Inextricable Tale Audiobook', 509348);
INSERT INTO artist_name (name, id) VALUES ('Paul Allgood', 630799);
INSERT INTO artist_credit (created, name, ref_count, artist_count, id) VALUES ('2011-01-18 17:24:02.551922+01', 630799, 68, 1, 398598);
INSERT INTO artist_name (name, id) VALUES ('Allgood, Paul', 422242);
INSERT INTO artist (edits_pending, ended, id, sort_name, gender, country, begin_date_day, last_updated, name, begin_date_year, end_date_day, comment, begin_date_month, end_date_month, type, end_date_year, gid) VALUES (0, '0', 398598, 422242, NULL, NULL, NULL, NULL, 630799, NULL, NULL, '', NULL, NULL, 1, NULL, '05d83760-08b5-42bb-a8d7-00d80b3bf47c');
UPDATE artist_meta SET rating_count = 1, rating = 80 WHERE id = 398598;
INSERT INTO artist_credit_name (join_phrase, artist, name, position, artist_credit) VALUES ('', 398598, 630799, 0, 398598);
INSERT INTO release_group (last_updated, comment, name, edits_pending, type, artist_credit, id, gid) VALUES ('2009-05-24 22:47:00.490177+02', '', 509348, 0, 6, 398598, 772397, '04ba5879-e3ac-3cba-8a69-ee7da8ad8c4c');
INSERT INTO release (date_day, status, release_group, edits_pending, packaging, id, quality, country, last_updated, script, language, name, artist_credit, barcode, comment, date_year, date_month, gid) VALUES (8, 1, 772397, 0, NULL, 459740, -1, 222, NULL, 28, 120, 509348, 398598, '634479663338', '', 2007, 11, '4ccb3e54-caab-4ad4-94a6-a598e0e52eec');
INSERT INTO medium (last_updated, name, position, track_count, edits_pending, release, format, id) VALUES ('2013-03-07 16:53:07.18794+01', NULL, 1, 15, 0, 459740, 1, 459740);
INSERT INTO track_name (name, id) VALUES ('Here', 1009634);
INSERT INTO recording (last_updated, name, edits_pending, artist_credit, length, comment, id, gid) VALUES (NULL, 1009634, 0, 398598, 1027000, '', 8621499, 'b997f9c9-c7d9-42cc-a9dd-2561215c6611');
UPDATE recording_meta SET rating_count = NULL, rating = NULL WHERE id = 8621499;
INSERT INTO track_name (name, id) VALUES ('Kira', 2544282);
INSERT INTO recording (last_updated, name, edits_pending, artist_credit, length, comment, id, gid) VALUES (NULL, 2544282, 0, 398598, 394000, '', 8621500, 'c87d7541-3478-4c71-9e14-10bad6e16768');
UPDATE recording_meta SET rating_count = NULL, rating = NULL WHERE id = 8621500;
INSERT INTO track_name (name, id) VALUES ('Life as a Genuine Fake', 3143968);
INSERT INTO recording (last_updated, name, edits_pending, artist_credit, length, comment, id, gid) VALUES (NULL, 3143968, 0, 398598, 249000, '', 8621501, 'f2cd70c2-e077-40c2-a4aa-351bedf8394f');
UPDATE recording_meta SET rating_count = NULL, rating = NULL WHERE id = 8621501;
INSERT INTO track_name (name, id) VALUES ('It Takes a Thief', 760686);
INSERT INTO recording (last_updated, name, edits_pending, artist_credit, length, comment, id, gid) VALUES (NULL, 760686, 0, 398598, 370000, '', 8621502, '84b725db-def5-4c39-b8f2-ee7b96c18fde');
UPDATE recording_meta SET rating_count = NULL, rating = NULL WHERE id = 8621502;
INSERT INTO track_name (name, id) VALUES ('Good Old Albermarle (6x9)', 2659387);
INSERT INTO recording (last_updated, name, edits_pending, artist_credit, length, comment, id, gid) VALUES (NULL, 2659387, 0, 398598, 2036000, '', 8621503, '52fce516-1836-41ad-b21d-dcb555c124bb');
UPDATE recording_meta SET rating_count = NULL, rating = NULL WHERE id = 8621503;
INSERT INTO track_name (name, id) VALUES ('Life as an Ampersand', 3926588);
INSERT INTO recording (last_updated, name, edits_pending, artist_credit, length, comment, id, gid) VALUES (NULL, 3926588, 0, 398598, 2770000, '', 8621504, '572ceed5-7497-40fe-a31a-e09ff68b3155');
UPDATE recording_meta SET rating_count = NULL, rating = NULL WHERE id = 8621504;
INSERT INTO track_name (name, id) VALUES ('Nat Sherman and the Beauty of the Blade', 4860518);
INSERT INTO recording (last_updated, name, edits_pending, artist_credit, length, comment, id, gid) VALUES (NULL, 4860518, 0, 398598, 1071000, '', 8621505, 'f7b7fcbc-d1af-4366-8a43-506e92c21ed6');
UPDATE recording_meta SET rating_count = NULL, rating = NULL WHERE id = 8621505;
INSERT INTO track_name (name, id) VALUES ('Saul''s First Vision', 222694);
INSERT INTO recording (last_updated, name, edits_pending, artist_credit, length, comment, id, gid) VALUES (NULL, 222694, 0, 398598, 1614000, '', 8621506, 'c5c1380a-214d-4073-8682-70ece2e1a08d');
UPDATE recording_meta SET rating_count = NULL, rating = NULL WHERE id = 8621506;
INSERT INTO track_name (name, id) VALUES ('The Rattigan', 538998);
INSERT INTO recording (last_updated, name, edits_pending, artist_credit, length, comment, id, gid) VALUES (NULL, 538998, 0, 398598, 562000, '', 8621507, '3be114ea-e757-4e31-a8b1-5c55a69d5ea5');
UPDATE recording_meta SET rating_count = NULL, rating = NULL WHERE id = 8621507;
INSERT INTO track_name (name, id) VALUES ('The Rattigan, Part Two', 2971809);
INSERT INTO recording (last_updated, name, edits_pending, artist_credit, length, comment, id, gid) VALUES (NULL, 2971809, 0, 398598, 758000, '', 8621508, '77fe028e-b026-4b0e-9fde-b60280508ac9');
UPDATE recording_meta SET rating_count = NULL, rating = NULL WHERE id = 8621508;
INSERT INTO track_name (name, id) VALUES ('Wasted Early Sunday Morning', 516311);
INSERT INTO recording (last_updated, name, edits_pending, artist_credit, length, comment, id, gid) VALUES (NULL, 516311, 0, 398598, 322000, '', 8621509, '5c443b7f-bf16-402a-ad45-4fca59dc1bf6');
UPDATE recording_meta SET rating_count = NULL, rating = NULL WHERE id = 8621509;
INSERT INTO track_name (name, id) VALUES ('I''m Not Crazy', 2614893);
INSERT INTO recording (last_updated, name, edits_pending, artist_credit, length, comment, id, gid) VALUES (NULL, 2614893, 0, 398598, 1097000, '', 8621510, '87d58ffb-3aee-49c7-b382-afad76ea8777');
UPDATE recording_meta SET rating_count = NULL, rating = NULL WHERE id = 8621510;
INSERT INTO track_name (name, id) VALUES ('The Saul Shields Gospel Hour', 2609294);
INSERT INTO recording (last_updated, name, edits_pending, artist_credit, length, comment, id, gid) VALUES (NULL, 2609294, 0, 398598, 2074000, '', 8621511, 'ff424a8b-e3aa-494b-a159-3eb51cf0bf6f');
UPDATE recording_meta SET rating_count = NULL, rating = NULL WHERE id = 8621511;
INSERT INTO track_name (name, id) VALUES ('Saul''s Second Vision', 4752003);
INSERT INTO recording (last_updated, name, edits_pending, artist_credit, length, comment, id, gid) VALUES (NULL, 4752003, 0, 398598, 216000, '', 8621512, '1bf74356-f781-4f3f-90bd-cdccfbfbf0aa');
UPDATE recording_meta SET rating_count = NULL, rating = NULL WHERE id = 8621512;
INSERT INTO track_name (name, id) VALUES ('One Thing Leads to Another / Epilogue', 2414891);
INSERT INTO recording (last_updated, name, edits_pending, artist_credit, length, comment, id, gid) VALUES (NULL, 2414891, 0, 398598, 802000, '', 8621513, 'c41ae2e6-d88f-4ab1-a0e8-02141893766f');
UPDATE recording_meta SET rating_count = NULL, rating = NULL WHERE id = 8621513;
INSERT INTO track (last_updated, number, recording, name, position, edits_pending, artist_credit, length, medium, id, gid) VALUES ('2013-03-07 16:53:06.647156+01', '1', 8621499, 1009634, 1, 0, 398598, 1027000, 459740, 8621499, '9ee20440-564f-4e4f-863b-ec2ba8038356');
INSERT INTO track (last_updated, number, recording, name, position, edits_pending, artist_credit, length, medium, id, gid) VALUES ('2013-03-07 16:53:06.647156+01', '2', 8621500, 2544282, 2, 0, 398598, 394000, 459740, 8621500, '1481cc19-d279-4e36-9961-b24731ad9cce');
INSERT INTO track (last_updated, number, recording, name, position, edits_pending, artist_credit, length, medium, id, gid) VALUES ('2013-03-07 16:53:06.647156+01', '3', 8621501, 3143968, 3, 0, 398598, 249000, 459740, 8621501, '8f9f0fe5-edad-4434-a721-5e8f24e1e537');
INSERT INTO track (last_updated, number, recording, name, position, edits_pending, artist_credit, length, medium, id, gid) VALUES ('2013-03-07 16:53:06.647156+01', '4', 8621502, 760686, 4, 0, 398598, 370000, 459740, 8621502, '63b15036-2b7e-4b04-9e1d-4b10cae6dd5a');
INSERT INTO track (last_updated, number, recording, name, position, edits_pending, artist_credit, length, medium, id, gid) VALUES ('2013-03-07 16:53:06.647156+01', '5', 8621503, 2659387, 5, 0, 398598, 2036000, 459740, 8621503, '86ec3f73-9973-4680-9405-10b8e6f5ef49');
INSERT INTO track (last_updated, number, recording, name, position, edits_pending, artist_credit, length, medium, id, gid) VALUES ('2013-03-07 16:53:06.647156+01', '6', 8621504, 3926588, 6, 0, 398598, 2770000, 459740, 8621504, 'a63f7ed1-bce8-449b-8620-aad007882a8c');
INSERT INTO track (last_updated, number, recording, name, position, edits_pending, artist_credit, length, medium, id, gid) VALUES ('2013-03-07 16:53:06.647156+01', '7', 8621505, 4860518, 7, 0, 398598, 1071000, 459740, 8621505, '7469ff0e-dca6-4e70-aa9d-29909318d939');
INSERT INTO track (last_updated, number, recording, name, position, edits_pending, artist_credit, length, medium, id, gid) VALUES ('2013-03-07 16:53:06.647156+01', '8', 8621506, 222694, 8, 0, 398598, 1614000, 459740, 8621506, '56570b13-40de-4d45-be58-1505df3e9154');
INSERT INTO track (last_updated, number, recording, name, position, edits_pending, artist_credit, length, medium, id, gid) VALUES ('2013-03-07 16:53:06.647156+01', '9', 8621507, 538998, 9, 0, 398598, 562000, 459740, 8621507, 'a7906283-36ef-43e0-8c1c-701f334a5888');
INSERT INTO track (last_updated, number, recording, name, position, edits_pending, artist_credit, length, medium, id, gid) VALUES ('2013-03-07 16:53:06.647156+01', '10', 8621508, 2971809, 10, 0, 398598, 758000, 459740, 8621508, 'a0629adf-4148-4540-9f39-447f77d4d31e');
INSERT INTO track (last_updated, number, recording, name, position, edits_pending, artist_credit, length, medium, id, gid) VALUES ('2013-03-07 16:53:06.647156+01', '11', 8621509, 516311, 11, 0, 398598, 322000, 459740, 8621509, '6535a09a-2494-4ab0-afea-cfe134286ad4');
INSERT INTO track (last_updated, number, recording, name, position, edits_pending, artist_credit, length, medium, id, gid) VALUES ('2013-03-07 16:53:06.647156+01', '12', 8621510, 2614893, 12, 0, 398598, 1097000, 459740, 8621510, '8a05b4cb-4cd8-4beb-924f-6b88243ea688');
INSERT INTO track (last_updated, number, recording, name, position, edits_pending, artist_credit, length, medium, id, gid) VALUES ('2013-03-07 16:53:06.647156+01', '13', 8621511, 2609294, 13, 0, 398598, 2074000, 459740, 8621511, '73472397-da9d-4889-8717-6abb3fd490c8');
INSERT INTO track (last_updated, number, recording, name, position, edits_pending, artist_credit, length, medium, id, gid) VALUES ('2013-03-07 16:53:06.647156+01', '14', 8621512, 4752003, 14, 0, 398598, 216000, 459740, 8621512, 'd8449425-1c9e-402d-ac7a-b511b85b982c');
INSERT INTO track (last_updated, number, recording, name, position, edits_pending, artist_credit, length, medium, id, gid) VALUES ('2013-03-07 16:53:06.647156+01', '15', 8621513, 2414891, 15, 0, 398598, 802000, 459740, 8621513, 'a1bac27b-570a-44de-a16e-9a5f422a281a');
INSERT INTO label_name (name, id) VALUES ('Grey Vireo Press', 36548);
INSERT INTO label (label_code, edits_pending, ended, id, sort_name, country, begin_date_day, last_updated, name, begin_date_year, end_date_day, comment, begin_date_month, end_date_month, type, end_date_year, gid) VALUES (NULL, 0, '0', 30181, 36548, 222, NULL, NULL, 36548, 2005, NULL, '', 11, NULL, NULL, NULL, 'e95b7378-49f2-41a5-bc5f-08378fb69335');
UPDATE label_meta SET rating_count = NULL, rating = NULL WHERE id = 30181;
INSERT INTO release_label (last_updated, catalog_number, label, release, id) VALUES ('2011-01-18 16:52:02.917556+01', 'GVP01', 30181, 459740, 313869);
UPDATE release_meta SET amazon_asin = 'B000XULO2A', info_url = 'http://www.amazon.com/gp/product/B000XULO2A', date_added = '2008-11-06 21:09:13.862182+01', cover_art_presence = 'absent', amazon_store = NULL WHERE id = 459740;
UPDATE release_group_meta SET first_release_date_month = 11, rating_count = NULL, first_release_date_year = 2007, release_count = 1, rating = NULL, first_release_date_day = 8 WHERE id = 772397;
INSERT INTO link_type (priority, last_updated, parent, name, description, short_link_phrase, link_phrase, entity_type1, entity_type0, id, reverse_link_phrase, child_order, gid) VALUES (0, '2011-01-18 16:31:00.495651+01', NULL, 'musical relationships', '', 'musical relationships', 'musical relationship ', 'artist', 'artist', 121, 'musical relationship', 0, '92859e2a-f2e5-45fa-a680-3f62ba0beccc');
INSERT INTO link_type (priority, last_updated, parent, name, description, short_link_phrase, link_phrase, entity_type1, entity_type0, id, reverse_link_phrase, child_order, gid) VALUES (0, '2011-01-18 16:31:00.495651+01', 121, 'member of band', 'Indicates a membership in a band/orchestra. Use this for groups that exist over some period of time and possibly have a name. Do not use this for short time projects or cooperations of two artists on a few tracks or one album. Use the cooperation type for such cases. (<a href="http://musicbrainz.org/doc/Member_Of_Band_Relationship_Type">Details</a>)', 'member of band', '{additional} {founder:founding} member of', 'artist', 'artist', 111, '{additional} {founder:founding} members', 0, '5be4c609-9afa-4ea0-910b-12ffb71e3821');
INSERT INTO link (begin_date_day, attribute_count, begin_date_year, created, link_type, ended, end_date_day, begin_date_month, end_date_month, id, end_date_year) VALUES (NULL, 0, NULL, '2011-01-18 16:31:00.495651+01', 111, '0', NULL, NULL, NULL, 6101, NULL);
INSERT INTO l_artist_artist (link, last_updated, entity1, entity0, edits_pending, id) VALUES (6101, '2011-01-18 16:31:00.495651+01', 398438, 398598, 0, 45799);
INSERT INTO link_type (priority, last_updated, parent, name, description, short_link_phrase, link_phrase, entity_type1, entity_type0, id, reverse_link_phrase, child_order, gid) VALUES (0, '2011-01-18 16:31:00.495651+01', 121, 'collaboration', 'Indicates a collaboration between two artist or among several artists. Use this for projects, single albums, or even tracks where some artists worked together, but did not form a lasting group. For groups you should use the membership type. (<a href="http://musicbrainz.org/doc/Collaboration_Relationship_Type">Details</a>)', 'collaboration', '{additional} {minor} collaborator on', 'artist', 'artist', 110, '{additional} {minor} collaborators', 0, '75c09861-6857-4ec0-9729-84eefde7fc86');
INSERT INTO link (begin_date_day, attribute_count, begin_date_year, created, link_type, ended, end_date_day, begin_date_month, end_date_month, id, end_date_year) VALUES (NULL, 0, NULL, '2011-01-18 16:31:00.495651+01', 110, '0', NULL, NULL, NULL, 6103, NULL);
INSERT INTO l_artist_artist (link, last_updated, entity1, entity0, edits_pending, id) VALUES (6103, '2011-01-18 16:31:00.495651+01', 180273, 100300, 0, 4168);
INSERT INTO link_type (priority, last_updated, parent, name, description, short_link_phrase, link_phrase, entity_type1, entity_type0, id, reverse_link_phrase, child_order, gid) VALUES (0, '2011-01-18 16:31:00.495651+01', NULL, 'performance ', '', 'performance ', 'performance', 'recording', 'artist', 147, 'performance ', 0, 'f8673e29-02a5-47b7-af61-dd4519328dd0');
INSERT INTO link_type (priority, last_updated, parent, name, description, short_link_phrase, link_phrase, entity_type1, entity_type0, id, reverse_link_phrase, child_order, gid) VALUES (0, '2011-01-18 16:31:00.495651+01', 147, 'performer', 'Indicates an artist that performed on this work. (<a href="http://musicbrainz.org/doc/Performer_Relationship_Type">Details</a>)', 'performer', '{additional:additionally} {guest} performed', 'recording', 'artist', 165, '{additional} {guest} performer', 0, '628a9658-f54c-4142-b0c0-95f031b544da');
INSERT INTO link_attribute_type (last_updated, parent, name, description, id, root, child_order, gid) VALUES ('2011-01-18 16:31:00.495651+01', NULL, 'guest', 'This attribute indicates a ''guest'' performance where the performer is not usually part of the band.', 194, 194, 0, 'b3045913-62ac-433e-9211-ac683cdf6b5c');
INSERT INTO link_type_attribute_type (link_type, last_updated, attribute_type, min, max) VALUES (165, '2011-01-18 16:31:00.495651+01', 194, 0, 1);
INSERT INTO link_type (priority, last_updated, parent, name, description, short_link_phrase, link_phrase, entity_type1, entity_type0, id, reverse_link_phrase, child_order, gid) VALUES (0, '2011-01-18 16:31:00.495651+01', 165, 'vocal', 'Indicates an artist performed in a particular voice on this work. (<a href="http://musicbrainz.org/doc/Performer_Relationship_Type">Details</a>)', 'vocal', '{additional} {guest} {vocal} vocals', 'recording', 'artist', 158, '{additional} {guest} {vocal} vocals', 1, '0fdbe3c6-7700-4a31-ae54-b53f06ae1cfa');
INSERT INTO link_attribute_type (last_updated, parent, name, description, id, root, child_order, gid) VALUES ('2011-01-18 16:31:00.495651+01', NULL, 'vocal', 'This attribute describes a type of vocal performance.', 3, 3, 2, 'd92884b7-ee0c-46d5-96f3-918196ba8c5b');
INSERT INTO link_type_attribute_type (link_type, last_updated, attribute_type, min, max) VALUES (158, '2011-01-18 16:31:00.495651+01', 3, 0, NULL);
INSERT INTO link_type_attribute_type (link_type, last_updated, attribute_type, min, max) VALUES (158, '2011-01-18 16:31:00.495651+01', 194, 0, 1);
INSERT INTO link (begin_date_day, attribute_count, begin_date_year, created, link_type, ended, end_date_day, begin_date_month, end_date_month, id, end_date_year) VALUES (NULL, 1, NULL, '2011-01-18 16:31:00.495651+01', 158, '0', NULL, NULL, NULL, 12351, NULL);
INSERT INTO link_attribute (created, link, attribute_type) VALUES ('2011-01-18 16:31:00.495651+01', 12351, 194);
INSERT INTO l_artist_recording (link, last_updated, entity1, entity0, edits_pending, id) VALUES (12351, '2011-01-18 16:56:00.408782+01', 4525123, 9496, 0, 6751);
INSERT INTO link_type (priority, last_updated, parent, name, description, short_link_phrase, link_phrase, entity_type1, entity_type0, id, reverse_link_phrase, child_order, gid) VALUES (0, '2011-01-18 16:31:00.495651+01', NULL, 'production ', '', 'production ', 'production ', 'recording', 'artist', 150, 'production', 3, 'b367fae0-c4b0-48b9-a40c-f3ae4c02cffc');
INSERT INTO link_type (priority, last_updated, parent, name, description, short_link_phrase, link_phrase, entity_type1, entity_type0, id, reverse_link_phrase, child_order, gid) VALUES (0, '2011-01-18 16:31:00.495651+01', 150, 'producer', 'Indicates the producer, co-producer, executive producer or co-executive producer for this work. (<a href="http://musicbrainz.org/doc/Producer_Relationship_Type">Details</a>)', 'producer', '{additional:additionally} {assistant} {associate} {co:co-}{executive:executive }produced', 'recording', 'artist', 149, '{additional} {assistant} {associate} {co:co-}{executive:executive }producer', 0, '5c0ceac3-feb4-41f0-868d-dc06f6e27fc0');
INSERT INTO link (begin_date_day, attribute_count, begin_date_year, created, link_type, ended, end_date_day, begin_date_month, end_date_month, id, end_date_year) VALUES (NULL, 0, NULL, '2011-01-18 16:31:00.495651+01', 149, '0', NULL, NULL, NULL, 12281, NULL);
INSERT INTO link_type (priority, last_updated, parent, name, description, short_link_phrase, link_phrase, entity_type1, entity_type0, id, reverse_link_phrase, child_order, gid) VALUES (0, '2011-01-18 16:31:00.495651+01', 150, 'engineer', 'Indicates the engineer for this work. (<a href="http://musicbrainz.org/doc/Engineer_Relationship_Type">Details</a>)', 'engineer', '{additional:additionally} {assistant} {associate} {co:co-}{executive:executive }engineered', 'recording', 'artist', 145, '{additional} {assistant} {associate} {co:co-}{executive:executive }engineer', 1, '5dcc52af-7064-4051-8d62-7d80f4c3c907');
INSERT INTO link_type (priority, last_updated, parent, name, description, short_link_phrase, link_phrase, entity_type1, entity_type0, id, reverse_link_phrase, child_order, gid) VALUES (0, '2011-01-18 16:31:00.495651+01', 145, 'programming', 'This relationship links a track or a release to the person who did programming of electronic instruments. (<a href="http://musicbrainz.org/doc/Programming_Relationship_Type">Details</a>)', 'programming', '{additional} {assistant} {associate} {instrument} programming', 'recording', 'artist', 139, '{additional} {assistant} {associate} {instrument} programming', 5, '36c50022-44e0-488d-994b-33f11d20301e');
INSERT INTO link (begin_date_day, attribute_count, begin_date_year, created, link_type, ended, end_date_day, begin_date_month, end_date_month, id, end_date_year) VALUES (NULL, 0, NULL, '2011-01-18 16:31:00.495651+01', 139, '0', NULL, NULL, NULL, 12810, NULL);
INSERT INTO l_artist_recording (link, last_updated, entity1, entity0, edits_pending, id) VALUES (12281, '2011-01-18 16:56:00.408782+01', 4525123, 135345, 0, 508792);
INSERT INTO l_artist_recording (link, last_updated, entity1, entity0, edits_pending, id) VALUES (12810, '2011-01-18 16:56:00.408782+01', 4525123, 135345, 0, 508809);
INSERT INTO l_artist_recording (link, last_updated, entity1, entity0, edits_pending, id) VALUES (12281, '2011-01-18 16:56:00.408782+01', 1542682, 11545, 0, 515098);
INSERT INTO l_artist_recording (link, last_updated, entity1, entity0, edits_pending, id) VALUES (12281, '2011-01-18 16:56:00.408782+01', 1542683, 11545, 0, 515099);
INSERT INTO l_artist_recording (link, last_updated, entity1, entity0, edits_pending, id) VALUES (12281, '2011-01-18 16:56:00.408782+01', 1542684, 11545, 0, 515100);
INSERT INTO l_artist_recording (link, last_updated, entity1, entity0, edits_pending, id) VALUES (12281, '2011-01-18 16:56:00.408782+01', 1542685, 11545, 0, 515101);
INSERT INTO l_artist_recording (link, last_updated, entity1, entity0, edits_pending, id) VALUES (12281, '2011-01-18 16:56:00.408782+01', 1542686, 11545, 0, 515102);
INSERT INTO l_artist_recording (link, last_updated, entity1, entity0, edits_pending, id) VALUES (12281, '2011-01-18 16:56:00.408782+01', 1542687, 11545, 0, 515103);
INSERT INTO l_artist_recording (link, last_updated, entity1, entity0, edits_pending, id) VALUES (12281, '2011-01-18 16:56:00.408782+01', 1542688, 11545, 0, 515104);
INSERT INTO l_artist_recording (link, last_updated, entity1, entity0, edits_pending, id) VALUES (12281, '2011-01-18 16:56:00.408782+01', 1542689, 11545, 0, 515105);
INSERT INTO l_artist_recording (link, last_updated, entity1, entity0, edits_pending, id) VALUES (12281, '2011-01-18 16:56:00.408782+01', 1542690, 11545, 0, 515106);
INSERT INTO l_artist_recording (link, last_updated, entity1, entity0, edits_pending, id) VALUES (12281, '2011-01-18 16:56:00.408782+01', 1542691, 11545, 0, 515107);
INSERT INTO link_type (priority, last_updated, parent, name, description, short_link_phrase, link_phrase, entity_type1, entity_type0, id, reverse_link_phrase, child_order, gid) VALUES (0, '2011-01-18 16:31:00.495651+01', NULL, 'performance ', '', 'performance ', 'performance', 'release', 'artist', 38, 'performance ', 0, '8db9d0b7-ca39-43a6-8c72-9a47f811229e');
INSERT INTO link_type (priority, last_updated, parent, name, description, short_link_phrase, link_phrase, entity_type1, entity_type0, id, reverse_link_phrase, child_order, gid) VALUES (0, '2011-01-18 16:31:00.495651+01', 38, 'performer', 'Indicates an artist that performed on this work. (<a href="http://musicbrainz.org/doc/Performer_Relationship_Type">Details</a>)', 'performer', '{additional:additionally} {guest} performed', 'release', 'artist', 55, '{additional} {guest} performer', 0, '888a2320-52e4-4fe8-a8a0-7a4c8dfde167');
INSERT INTO link_type_attribute_type (link_type, last_updated, attribute_type, min, max) VALUES (55, '2011-01-18 16:31:00.495651+01', 194, 0, 1);
INSERT INTO link_type (priority, last_updated, parent, name, description, short_link_phrase, link_phrase, entity_type1, entity_type0, id, reverse_link_phrase, child_order, gid) VALUES (0, '2011-01-18 16:31:00.495651+01', 55, 'vocal', 'Indicates an artist performed in a particular voice on this work. (<a href="http://musicbrainz.org/doc/Performer_Relationship_Type">Details</a>)', 'vocal', '{additional} {guest} {vocal} vocals', 'release', 'artist', 64, '{additional} {guest} {vocal} vocals', 1, 'eb10f8a0-0f4c-4dce-aa47-87bcb2bc42f3');
INSERT INTO link_type_attribute_type (link_type, last_updated, attribute_type, min, max) VALUES (64, '2011-01-18 16:31:00.495651+01', 3, 0, NULL);
INSERT INTO link_type_attribute_type (link_type, last_updated, attribute_type, min, max) VALUES (64, '2011-01-18 16:31:00.495651+01', 194, 0, 1);
INSERT INTO link (begin_date_day, attribute_count, begin_date_year, created, link_type, ended, end_date_day, begin_date_month, end_date_month, id, end_date_year) VALUES (NULL, 1, 2007, '2011-01-18 16:31:00.495651+01', 64, '0', NULL, NULL, NULL, 1956, NULL);
INSERT INTO link_attribute_type (last_updated, parent, name, description, id, root, child_order, gid) VALUES ('2011-01-18 16:31:00.495651+01', 3, 'Lead', 'Lead or solo vocal', 4, 3, 0, '8e2a3255-87c2-4809-a174-98cb3704f1a5');
INSERT INTO link_attribute (created, link, attribute_type) VALUES ('2011-01-18 16:31:00.495651+01', 1956, 4);
INSERT INTO l_artist_release (link, last_updated, entity1, entity0, edits_pending, id) VALUES (1956, '2011-01-18 16:52:02.917556+01', 459740, 398598, 0, 79005);
INSERT INTO link_type (priority, last_updated, parent, name, description, short_link_phrase, link_phrase, entity_type1, entity_type0, id, reverse_link_phrase, child_order, gid) VALUES (0, '2011-01-18 16:31:00.495651+01', NULL, 'production ', '', 'production ', 'production', 'release', 'artist', 58, 'production ', 3, '3172a175-7c9d-44ce-a8b7-9a9187b33762');
INSERT INTO link_type (priority, last_updated, parent, name, description, short_link_phrase, link_phrase, entity_type1, entity_type0, id, reverse_link_phrase, child_order, gid) VALUES (0, '2011-01-18 16:31:00.495651+01', 58, 'misc', 'Indicates a miscellaneous support role. This is usually stated in the liner notes of an album. (<a href="http://musicbrainz.org/doc/Miscellaneous_Production_Relationship_Type">Details</a>)', 'misc', 'miscellaneous roles', 'release', 'artist', 29, 'miscellaneous support', 2, '0b63af5e-85b2-4891-8234-bddab251399d');
INSERT INTO link_type (priority, last_updated, parent, name, description, short_link_phrase, link_phrase, entity_type1, entity_type0, id, reverse_link_phrase, child_order, gid) VALUES (0, '2011-01-18 16:31:00.495651+01', 29, 'design/illustration', 'Indicates a person or agency that did the design/illustration for this album. (<a href="http://musicbrainz.org/doc/Miscellaneous_Production_Relationship_Type">Details</a>)', 'design/illustration', '{additional} design/illustration', 'release', 'artist', 20, '{additional} design/illustration', 5, '307e95dd-88b5-419b-8223-b146d4a0d439');
INSERT INTO link (begin_date_day, attribute_count, begin_date_year, created, link_type, ended, end_date_day, begin_date_month, end_date_month, id, end_date_year) VALUES (NULL, 0, NULL, '2011-01-18 16:31:00.495651+01', 20, '0', NULL, NULL, NULL, 34, NULL);
INSERT INTO l_artist_release (link, last_updated, entity1, entity0, edits_pending, id) VALUES (34, '2011-01-18 16:52:02.917556+01', 24752, 11545, 0, 219815);
INSERT INTO l_artist_release (link, last_updated, entity1, entity0, edits_pending, id) VALUES (34, '2011-01-18 16:52:02.917556+01', 243064, 11545, 0, 219813);
INSERT INTO l_artist_release (link, last_updated, entity1, entity0, edits_pending, id) VALUES (34, '2011-01-18 16:52:02.917556+01', 654729, 11545, 0, 219814);
INSERT INTO link_type (priority, last_updated, parent, name, description, short_link_phrase, link_phrase, entity_type1, entity_type0, id, reverse_link_phrase, child_order, gid) VALUES (0, '2011-01-18 16:31:00.495651+01', 58, 'producer', 'Indicates the producer, co-producer, executive producer or co-executive producer for this work. (<a href="http://musicbrainz.org/doc/Producer_Relationship_Type">Details</a>)', 'producer', '{additional:additionally} {assistant} {associate} {co:co-}{executive:executive }produced', 'release', 'artist', 34, '{additional} {assistant} {associate} {co:co-}{executive:executive }producer', 0, '8bf377ba-8d71-4ecc-97f2-7bb2d8a2a75f');
INSERT INTO link (begin_date_day, attribute_count, begin_date_year, created, link_type, ended, end_date_day, begin_date_month, end_date_month, id, end_date_year) VALUES (NULL, 0, NULL, '2011-01-18 16:31:00.495651+01', 34, '0', NULL, NULL, NULL, 33, NULL);
INSERT INTO link_type (priority, last_updated, parent, name, description, short_link_phrase, link_phrase, entity_type1, entity_type0, id, reverse_link_phrase, child_order, gid) VALUES (0, '2011-01-18 16:31:00.495651+01', 29, 'art direction', 'Indicates a person or agency that did the art direction for this album. (<a href="http://musicbrainz.org/doc/Miscellaneous_Production_Relationship_Type">Details</a>)', 'art direction', '{additional} art direction', 'release', 'artist', 19, '{additional} art direction', 4, 'f3b80a09-5ebf-4ad2-9c46-3e6bce971d1b');
INSERT INTO link (begin_date_day, attribute_count, begin_date_year, created, link_type, ended, end_date_day, begin_date_month, end_date_month, id, end_date_year) VALUES (NULL, 0, NULL, '2011-01-18 16:31:00.495651+01', 19, '0', NULL, NULL, NULL, 63, NULL);
INSERT INTO l_artist_release (link, last_updated, entity1, entity0, edits_pending, id) VALUES (33, '2011-01-18 16:52:02.917556+01', 19969, 242, 0, 210524);
INSERT INTO l_artist_release (link, last_updated, entity1, entity0, edits_pending, id) VALUES (33, '2011-01-18 16:52:02.917556+01', 31689, 242, 0, 210527);
INSERT INTO l_artist_release (link, last_updated, entity1, entity0, edits_pending, id) VALUES (33, '2011-01-18 16:52:02.917556+01', 31690, 242, 0, 210523);
INSERT INTO l_artist_release (link, last_updated, entity1, entity0, edits_pending, id) VALUES (33, '2011-01-18 16:52:02.917556+01', 278075, 242, 0, 210522);
INSERT INTO l_artist_release (link, last_updated, entity1, entity0, edits_pending, id) VALUES (33, '2011-01-18 16:52:02.917556+01', 338506, 242, 0, 210525);
INSERT INTO l_artist_release (link, last_updated, entity1, entity0, edits_pending, id) VALUES (33, '2011-01-18 16:52:02.917556+01', 748905, 242, 0, 210526);
INSERT INTO l_artist_release (link, last_updated, entity1, entity0, edits_pending, id) VALUES (63, '2011-01-18 16:52:02.917556+01', 19969, 242, 0, 212053);
INSERT INTO l_artist_release (link, last_updated, entity1, entity0, edits_pending, id) VALUES (63, '2011-01-18 16:52:02.917556+01', 31689, 242, 0, 212056);
INSERT INTO l_artist_release (link, last_updated, entity1, entity0, edits_pending, id) VALUES (63, '2011-01-18 16:52:02.917556+01', 31690, 242, 0, 212052);
INSERT INTO l_artist_release (link, last_updated, entity1, entity0, edits_pending, id) VALUES (63, '2011-01-18 16:52:02.917556+01', 278075, 242, 0, 212051);
INSERT INTO l_artist_release (link, last_updated, entity1, entity0, edits_pending, id) VALUES (63, '2011-01-18 16:52:02.917556+01', 338506, 242, 0, 212054);
INSERT INTO l_artist_release (link, last_updated, entity1, entity0, edits_pending, id) VALUES (63, '2011-01-18 16:52:02.917556+01', 748905, 242, 0, 212055);
INSERT INTO link_type (priority, last_updated, parent, name, description, short_link_phrase, link_phrase, entity_type1, entity_type0, id, reverse_link_phrase, child_order, gid) VALUES (0, '2011-01-18 16:31:00.495651+01', NULL, 'contract', '', 'contract', 'contract', 'label', 'artist', 127, 'contract', 0, 'e74a40e7-0f27-4e05-bdbd-eb10f5309472');
INSERT INTO link_type (priority, last_updated, parent, name, description, short_link_phrase, link_phrase, entity_type1, entity_type0, id, reverse_link_phrase, child_order, gid) VALUES (0, '2011-01-18 16:31:00.495651+01', 127, 'creative position', 'Describes the fact a person was contracted by a label in a creative position. (<a href="http://musicbrainz.org/doc/Creative_Position_Relationship_Type">Details</a>)', 'creative position', 'creative position', 'label', 'artist', 123, 'creative persons', 2, '85d1947c-1986-42f0-947c-80aab72a548f');
INSERT INTO link (begin_date_day, attribute_count, begin_date_year, created, link_type, ended, end_date_day, begin_date_month, end_date_month, id, end_date_year) VALUES (2, 0, 2003, '2011-01-18 16:31:00.495651+01', 123, '0', NULL, 6, NULL, 11764, NULL);
INSERT INTO l_artist_label (link, last_updated, entity1, entity0, edits_pending, id) VALUES (11764, '2011-01-18 16:31:00.495651+01', 3933, 398438, 0, 201);
INSERT INTO link_type (priority, last_updated, parent, name, description, short_link_phrase, link_phrase, entity_type1, entity_type0, id, reverse_link_phrase, child_order, gid) VALUES (0, '2011-01-18 16:31:00.495651+01', 127, 'label founder', 'This relationship type can be used to link a label to the person(s) who founded it. (<a href="http://musicbrainz.org/doc/Label_Founder_Relationship_Type">Details</a>)', 'label founder', 'founded', 'label', 'artist', 124, 'founders', 0, '577996f3-7ff9-45cf-877e-740fb1267a63');
INSERT INTO link (begin_date_day, attribute_count, begin_date_year, created, link_type, ended, end_date_day, begin_date_month, end_date_month, id, end_date_year) VALUES (NULL, 0, NULL, '2011-01-18 16:31:00.495651+01', 124, '0', NULL, NULL, NULL, 11714, NULL);
INSERT INTO l_artist_label (link, last_updated, entity1, entity0, edits_pending, id) VALUES (11714, '2011-01-18 16:31:00.495651+01', 1949, 9772, 0, 2367);
INSERT INTO l_artist_label (link, last_updated, entity1, entity0, edits_pending, id) VALUES (11714, '2011-01-18 16:31:00.495651+01', 3545, 9772, 0, 2492);
INSERT INTO link_type (priority, last_updated, parent, name, description, short_link_phrase, link_phrase, entity_type1, entity_type0, id, reverse_link_phrase, child_order, gid) VALUES (0, '2011-01-18 16:31:00.495651+01', 127, 'recording contract', 'Should be used to describe the fact an artist signed a recording contract with a label. (<a href="http://musicbrainz.org/doc/Recording_Contract_Relationship_Type">Details</a>)', 'recording contract', 'signed by', 'label', 'artist', 129, 'signed', 3, 'b336d682-592f-4486-9f45-3d5d59895bdc');
INSERT INTO link (begin_date_day, attribute_count, begin_date_year, created, link_type, ended, end_date_day, begin_date_month, end_date_month, id, end_date_year) VALUES (NULL, 0, 1993, '2011-01-18 16:31:00.495651+01', 129, '1', NULL, NULL, NULL, 11999, 2001);
INSERT INTO l_artist_label (link, last_updated, entity1, entity0, edits_pending, id) VALUES (11999, '2011-01-18 16:31:00.495651+01', 33, 779, 0, 1294);
INSERT INTO l_artist_label (link, last_updated, entity1, entity0, edits_pending, id) VALUES (11714, '2011-01-18 16:31:00.495651+01', 2988, 242, 0, 2893);
INSERT INTO url (last_updated, url, edits_pending, id, gid) VALUES ('2011-01-18 17:23:38+01', 'http://www.discogs.com/artist/Paul+Allgood', 0, 788382, 'e0a79771-e9f0-4127-b58a-f5e6869c8e96');
INSERT INTO link_type (priority, last_updated, parent, name, description, short_link_phrase, link_phrase, entity_type1, entity_type0, id, reverse_link_phrase, child_order, gid) VALUES (0, '2011-01-18 16:31:00.495651+01', NULL, 'other databases', '', 'other databases', 'other databases', 'url', 'artist', 196, 'other databases', 3, 'd94fb61c-fa20-4e3c-a19a-71a949fb2c55');
INSERT INTO link_type (priority, last_updated, parent, name, description, short_link_phrase, link_phrase, entity_type1, entity_type0, id, reverse_link_phrase, child_order, gid) VALUES (0, '2011-01-18 16:31:00.495651+01', 196, 'discogs', 'Points to the Discogs page for this artist. Always use the domain <code>www.discogs.com</code> and no genre subdomains. (<a href="http://musicbrainz.org/doc/Discogs_Relationship_Type">Details</a>)', 'discogs', 'Discogs', 'url', 'artist', 188, 'Discogs page for', 1, '04a5b104-a4c2-4bac-99a1-7b837c37d9e4');
INSERT INTO link (begin_date_day, attribute_count, begin_date_year, created, link_type, ended, end_date_day, begin_date_month, end_date_month, id, end_date_year) VALUES (NULL, 0, NULL, '2011-01-18 16:31:00.495651+01', 188, '0', NULL, NULL, NULL, 22986, NULL);
INSERT INTO url (last_updated, url, edits_pending, id, gid) VALUES ('2011-01-18 17:23:38+01', 'http://www.imdb.com/name/nm4057169/', 0, 788379, '37ad368b-d37d-46d4-be3a-349f78355253');
INSERT INTO link_type (priority, last_updated, parent, name, description, short_link_phrase, link_phrase, entity_type1, entity_type0, id, reverse_link_phrase, child_order, gid) VALUES (0, '2011-01-18 16:31:00.495651+01', 196, 'IMDb', 'Points to the Internet Movie Database page for this artist. URLs should follow the format <code>http://www.imdb.com/name/&lt;ID&gt;/</code>. (<a href="http://musicbrainz.org/doc/IMDb_Relationship_Type">Details</a>)', 'IMDb', 'IMDb', 'url', 'artist', 186, 'IMDb page for', 0, '94c8b0cc-4477-4106-932c-da60e63de61c');
INSERT INTO link (begin_date_day, attribute_count, begin_date_year, created, link_type, ended, end_date_day, begin_date_month, end_date_month, id, end_date_year) VALUES (NULL, 0, NULL, '2011-01-18 16:31:00.495651+01', 186, '0', NULL, NULL, NULL, 22988, NULL);
INSERT INTO url (last_updated, url, edits_pending, id, gid) VALUES ('2011-01-18 17:23:38+01', 'http://farm4.static.flickr.com/3652/3334818186_6e19173c33_b.jpg', 0, 788384, '6f0fce21-abd4-4ef7-a7cf-d9ec9830b350');
INSERT INTO link_type (priority, last_updated, parent, name, description, short_link_phrase, link_phrase, entity_type1, entity_type0, id, reverse_link_phrase, child_order, gid) VALUES (0, '2011-01-18 16:31:00.495651+01', NULL, 'discography ', '', 'discography ', 'discography ', 'url', 'artist', 198, 'discography', 0, 'd0c5cf3a-8afb-4d24-ad47-00f43dc509fe');
INSERT INTO link_type (priority, last_updated, parent, name, description, short_link_phrase, link_phrase, entity_type1, entity_type0, id, reverse_link_phrase, child_order, gid) VALUES (0, '2011-01-18 16:31:00.495651+01', 198, 'image', 'Indicates a pictorial image (JPEG, GIF, PNG) of an artist. (<a href="http://musicbrainz.org/doc/Image_Relationship_Type">Details</a>)', 'image', 'pictures', 'url', 'artist', 181, 'picture of', 0, '221132e9-e30e-43f2-a741-15afc4c5fa7c');
INSERT INTO link (begin_date_day, attribute_count, begin_date_year, created, link_type, ended, end_date_day, begin_date_month, end_date_month, id, end_date_year) VALUES (NULL, 0, NULL, '2011-01-18 16:31:00.495651+01', 181, '0', NULL, NULL, NULL, 22992, NULL);
INSERT INTO url (last_updated, url, edits_pending, id, gid) VALUES ('2011-01-18 17:23:38+01', 'http://www.paulallgood.com/', 0, 788381, 'daa73242-f491-4d94-bbd0-b08a03a4a69b');
INSERT INTO link_type (priority, last_updated, parent, name, description, short_link_phrase, link_phrase, entity_type1, entity_type0, id, reverse_link_phrase, child_order, gid) VALUES (0, '2011-01-18 16:31:00.495651+01', NULL, 'online community', 'This relationship type can be used to link a MusicBrainz artist to their online community pages. In addition to providing a link for users to find more information, and listen to music of the artist, online community sites are often used by many artists in lieu of, or additionally to, their official homepage. (<a href="http://musicbrainz.org/doc/Online_Community_Relationship_Type">Details</a>)', 'online community', 'online communities', 'url', 'artist', 193, 'online community page for', 1, '35b3a50f-bf0e-4309-a3b4-58eeed8cee6a');
INSERT INTO link_type (priority, last_updated, parent, name, description, short_link_phrase, link_phrase, entity_type1, entity_type0, id, reverse_link_phrase, child_order, gid) VALUES (0, '2011-01-18 16:31:00.495651+01', 193, 'blog', 'This relationship type can be used to link a MusicBrainz artist to their weblogs (<a href="http://musicbrainz.org/doc/Blog_Relationship_Type">Details</a>).', 'blog', 'blogs', 'url', 'artist', 208, 'blog of', 3, 'eb535226-f8ca-499d-9b18-6a144df4ae6f');
INSERT INTO link (begin_date_day, attribute_count, begin_date_year, created, link_type, ended, end_date_day, begin_date_month, end_date_month, id, end_date_year) VALUES (NULL, 0, NULL, '2011-01-18 16:31:00.495651+01', 208, '0', NULL, NULL, NULL, 22998, NULL);
INSERT INTO url (last_updated, url, edits_pending, id, gid) VALUES ('2011-01-18 17:23:38+01', 'http://members.boardhost.com/wedlock/', 0, 788385, '09ea2bb6-0280-4be1-aa7a-46e641c16451');
INSERT INTO link (begin_date_day, attribute_count, begin_date_year, created, link_type, ended, end_date_day, begin_date_month, end_date_month, id, end_date_year) VALUES (NULL, 0, NULL, '2011-01-18 16:31:00.495651+01', 193, '0', NULL, NULL, NULL, 23005, NULL);
INSERT INTO l_artist_url (link, last_updated, entity1, entity0, edits_pending, id) VALUES (22986, '2011-01-18 17:23:37.789736+01', 788382, 398598, 0, 293369);
INSERT INTO l_artist_url (link, last_updated, entity1, entity0, edits_pending, id) VALUES (22988, '2011-01-18 17:23:37.789736+01', 788379, 398598, 0, 293371);
INSERT INTO l_artist_url (link, last_updated, entity1, entity0, edits_pending, id) VALUES (22992, '2011-01-18 17:23:37.789736+01', 788384, 398598, 0, 293368);
INSERT INTO l_artist_url (link, last_updated, entity1, entity0, edits_pending, id) VALUES (22998, '2011-01-18 17:23:37.789736+01', 788381, 398598, 0, 293370);
INSERT INTO l_artist_url (link, last_updated, entity1, entity0, edits_pending, id) VALUES (23005, '2011-01-18 17:23:37.789736+01', 788385, 398598, 0, 293367);
INSERT INTO url (last_updated, url, edits_pending, id, gid) VALUES ('2011-01-18 17:23:38+01', 'http://www.discogs.com/artist/Mindscape+(2)', 0, 98095, '485014ae-c803-47dd-9ebb-661e7a2f4ee4');
INSERT INTO l_artist_url (link, last_updated, entity1, entity0, edits_pending, id) VALUES (22986, '2011-01-18 17:23:37.789736+01', 98095, 57874, 0, 140305);
INSERT INTO url (last_updated, url, edits_pending, id, gid) VALUES ('2011-01-18 17:23:38+01', 'http://www.discogs.com/artist/SKC', 0, 203616, '4587e1d1-66ea-420c-a145-67d3faf8166b');
INSERT INTO l_artist_url (link, last_updated, entity1, entity0, edits_pending, id) VALUES (22986, '2011-01-18 17:23:37.789736+01', 203616, 100300, 0, 46765);
INSERT INTO url (last_updated, url, edits_pending, id, gid) VALUES ('2011-01-18 17:23:38+01', 'http://www.discogs.com/artist/Sub+Focus', 0, 93917, 'dbfb9fc2-04ca-44ea-99ab-503af37e61d6');
INSERT INTO url (last_updated, url, edits_pending, id, gid) VALUES ('2011-01-18 17:23:38+01', 'http://www.myspace.com/subfocus', 0, 447789, '92b16c7b-78df-40d9-a941-c59860d0701e');
INSERT INTO link_type (priority, last_updated, parent, name, description, short_link_phrase, link_phrase, entity_type1, entity_type0, id, reverse_link_phrase, child_order, gid) VALUES (0, '2011-01-18 16:31:00.495651+01', 193, 'myspace', 'This relationship type can be used to link a MusicBrainz artist to the equivalent entry in MySpace. Please, use URLs in format <code>http://www.myspace.com/&lt;artist&gt;</code> (<a href="http://musicbrainz.org/doc/MySpace_Relationship_Type">Details</a>)', 'myspace', 'MySpace', 'url', 'artist', 197, 'MySpace page for', 0, 'bac47923-ecde-4b59-822e-d08f0cd10156');
INSERT INTO link (begin_date_day, attribute_count, begin_date_year, created, link_type, ended, end_date_day, begin_date_month, end_date_month, id, end_date_year) VALUES (NULL, 0, NULL, '2011-01-18 16:31:00.495651+01', 197, '0', NULL, NULL, NULL, 22987, NULL);
INSERT INTO url (last_updated, url, edits_pending, id, gid) VALUES ('2011-01-18 17:23:38+01', 'http://en.wikipedia.org/wiki/Sub_Focus', 0, 447788, '8510282a-1127-4092-94bc-d93c3a44344e');
INSERT INTO link_type (priority, last_updated, parent, name, description, short_link_phrase, link_phrase, entity_type1, entity_type0, id, reverse_link_phrase, child_order, gid) VALUES (0, '2011-01-18 16:31:00.495651+01', 196, 'wikipedia', 'Points to the Wikipedia page for this artist. (<a href="http://musicbrainz.org/doc/Wikipedia_Relationship_Type">Details</a>)', 'wikipedia', 'Wikipedia', 'url', 'artist', 187, 'Wikipedia page for', 0, '29651736-fa6d-48e4-aadc-a557c6add1cb');
INSERT INTO link (begin_date_day, attribute_count, begin_date_year, created, link_type, ended, end_date_day, begin_date_month, end_date_month, id, end_date_year) VALUES (NULL, 0, NULL, '2011-01-18 16:31:00.495651+01', 187, '0', NULL, NULL, NULL, 22989, NULL);
INSERT INTO url (last_updated, url, edits_pending, id, gid) VALUES ('2011-01-18 17:23:38+01', 'http://www.bbc.co.uk/music/artists/8cf49f40-b8fe-4a63-b4ea-f922d6145bb4', 0, 663949, '3fb37a97-10e9-422c-b87e-b2e7f94212b6');
INSERT INTO link_type (priority, last_updated, parent, name, description, short_link_phrase, link_phrase, entity_type1, entity_type0, id, reverse_link_phrase, child_order, gid) VALUES (0, '2011-01-18 16:31:00.495651+01', 198, 'BBC Music page', 'This link is used to link to specific artists on the /music pages at the BBC web site. (<a href="http://musicbrainz.org/doc/BBC_Music_Relationship_Type">Details</a>)', 'BBC Music page', 'BBC Music', 'url', 'artist', 199, 'BBC Music page for', 4, 'd028a975-000c-4525-9333-d3c8425e4b54');
INSERT INTO link (begin_date_day, attribute_count, begin_date_year, created, link_type, ended, end_date_day, begin_date_month, end_date_month, id, end_date_year) VALUES (NULL, 0, NULL, '2011-01-18 16:31:00.495651+01', 199, '0', NULL, NULL, NULL, 22994, NULL);
INSERT INTO l_artist_url (link, last_updated, entity1, entity0, edits_pending, id) VALUES (22986, '2011-01-18 17:23:37.789736+01', 93917, 199379, 0, 145010);
INSERT INTO l_artist_url (link, last_updated, entity1, entity0, edits_pending, id) VALUES (22987, '2011-01-18 17:23:37.789736+01', 447789, 199379, 0, 168990);
INSERT INTO l_artist_url (link, last_updated, entity1, entity0, edits_pending, id) VALUES (22989, '2011-01-18 17:23:37.789736+01', 447788, 199379, 0, 168835);
INSERT INTO l_artist_url (link, last_updated, entity1, entity0, edits_pending, id) VALUES (22994, '2011-01-18 17:23:37.789736+01', 663949, 199379, 0, 110447);
INSERT INTO url (last_updated, url, edits_pending, id, gid) VALUES ('2011-01-18 17:23:38+01', 'http://www.discogs.com/artist/Chris.Su', 0, 215816, '39bd7363-bc71-4a4f-acc6-7d130b47b30d');
INSERT INTO l_artist_url (link, last_updated, entity1, entity0, edits_pending, id) VALUES (22986, '2011-01-18 17:23:37.789736+01', 215816, 273135, 0, 45846);
INSERT INTO url (last_updated, url, edits_pending, id, gid) VALUES ('2011-01-18 17:23:38+01', 'http://www.myspace.com/boamusicusa', 0, 537138, 'fafd045b-f996-48d3-9f8b-39c47571c347');
INSERT INTO url (last_updated, url, edits_pending, id, gid) VALUES ('2011-01-18 17:23:38+01', 'http://en.wikipedia.org/wiki/BoA', 0, 13742, '4ea9e636-4a29-4aa1-899d-63ff8d2a432c');
INSERT INTO url (last_updated, url, edits_pending, id, gid) VALUES ('2011-01-18 17:23:38+01', 'http://ko.wikipedia.org/wiki/%EB%B3%B4%EC%95%84', 0, 205022, '0f07a034-6d5a-414f-823f-b37569ac8058');
INSERT INTO url (last_updated, url, edits_pending, id, gid) VALUES ('2011-01-18 17:23:38+01', 'http://ja.wikipedia.org/wiki/BoA', 0, 455886, '624e45b7-9b84-4c71-8d7a-9606dfcb5a4d');
INSERT INTO url (last_updated, url, edits_pending, id, gid) VALUES ('2011-01-18 17:23:38+01', 'http://www.avexnet.or.jp/boa', 0, 13741, '8083ab36-19c2-4fd6-a80c-f62146692ab4');
INSERT INTO link_type (priority, last_updated, parent, name, description, short_link_phrase, link_phrase, entity_type1, entity_type0, id, reverse_link_phrase, child_order, gid) VALUES (0, '2011-01-18 16:31:00.495651+01', 198, 'official homepage', 'Indicates the official homepage for an artist. (<a href="http://musicbrainz.org/doc/Official_Homepage_Relationship_Type">Details</a>)', 'official homepage', 'official homepages', 'url', 'artist', 191, 'official homepage for', 0, 'fe33d22f-c3b0-4d68-bd53-a856badf2b15');
INSERT INTO link (begin_date_day, attribute_count, begin_date_year, created, link_type, ended, end_date_day, begin_date_month, end_date_month, id, end_date_year) VALUES (NULL, 0, NULL, '2011-01-18 16:31:00.495651+01', 191, '0', NULL, NULL, NULL, 22990, NULL);
INSERT INTO url (last_updated, url, edits_pending, id, gid) VALUES ('2011-01-18 17:23:38+01', 'http://boa.iple.com/', 0, 205030, 'f8507caa-9caa-44fc-83d0-68c78d2b9798');
INSERT INTO url (last_updated, url, edits_pending, id, gid) VALUES ('2011-01-18 17:23:38+01', 'http://www.boaamerica.com/', 0, 537139, '91bc766e-3d9d-4260-9412-8af4d551c10e');
INSERT INTO url (last_updated, url, edits_pending, id, gid) VALUES ('2011-01-18 17:23:38+01', 'http://www.generasia.com/w/images/7/74/identity.png', 0, 729251, '8451ab08-8ab6-48d7-8335-e92bd4e252af');
INSERT INTO url (last_updated, url, edits_pending, id, gid) VALUES ('2011-01-18 17:23:38+01', 'http://www.generasia.com/wiki/BoA', 0, 729246, '6ed2a10a-167a-47aa-b3ed-57c9220a2f4e');
INSERT INTO link_type (priority, last_updated, parent, name, description, short_link_phrase, link_phrase, entity_type1, entity_type0, id, reverse_link_phrase, child_order, gid) VALUES (0, '2011-01-18 16:31:00.495651+01', 198, 'fanpage', 'Indicates a homepage by a fan for an artist. (<a href="http://musicbrainz.org/doc/Fanpage_Relationship_Type">Details</a>)', 'fanpage', 'fan pages', 'url', 'artist', 180, 'fan page for', 1, 'f484f897-81cc-406e-96f9-cd799a04ee24');
INSERT INTO link (begin_date_day, attribute_count, begin_date_year, created, link_type, ended, end_date_day, begin_date_month, end_date_month, id, end_date_year) VALUES (NULL, 0, NULL, '2011-01-18 16:31:00.495651+01', 180, '0', NULL, NULL, NULL, 22993, NULL);
INSERT INTO l_artist_url (link, last_updated, entity1, entity0, edits_pending, id) VALUES (22987, '2011-01-18 17:23:37.789736+01', 537138, 9496, 0, 71062);
INSERT INTO l_artist_url (link, last_updated, entity1, entity0, edits_pending, id) VALUES (22989, '2011-01-18 17:23:37.789736+01', 13742, 9496, 0, 216914);
INSERT INTO l_artist_url (link, last_updated, entity1, entity0, edits_pending, id) VALUES (22989, '2011-01-18 17:23:37.789736+01', 205022, 9496, 0, 45705);
INSERT INTO l_artist_url (link, last_updated, entity1, entity0, edits_pending, id) VALUES (22989, '2011-01-18 17:23:37.789736+01', 455886, 9496, 0, 267803);
INSERT INTO l_artist_url (link, last_updated, entity1, entity0, edits_pending, id) VALUES (22990, '2011-01-18 17:23:37.789736+01', 13741, 9496, 0, 214353);
INSERT INTO l_artist_url (link, last_updated, entity1, entity0, edits_pending, id) VALUES (22990, '2011-01-18 17:23:37.789736+01', 205030, 9496, 0, 45703);
INSERT INTO l_artist_url (link, last_updated, entity1, entity0, edits_pending, id) VALUES (22990, '2011-01-18 17:23:37.789736+01', 537139, 9496, 0, 71219);
INSERT INTO l_artist_url (link, last_updated, entity1, entity0, edits_pending, id) VALUES (22992, '2011-01-18 17:23:37.789736+01', 729251, 9496, 0, 180605);
INSERT INTO l_artist_url (link, last_updated, entity1, entity0, edits_pending, id) VALUES (22993, '2011-01-18 17:23:37.789736+01', 729246, 9496, 0, 180131);
INSERT INTO url (last_updated, url, edits_pending, id, gid) VALUES ('2011-01-18 17:23:38+01', 'http://www.discogs.com/artist/M-flo', 0, 30977, '6182d305-abff-4cd1-b0a5-8bf8501b86a6');
INSERT INTO url (last_updated, url, edits_pending, id, gid) VALUES ('2011-01-18 17:23:38+01', 'http://en.wikipedia.org/wiki/M-flo', 0, 14419, '53872af0-973a-45fb-82b5-af25974b1feb');
INSERT INTO url (last_updated, url, edits_pending, id, gid) VALUES ('2011-01-18 17:23:38+01', 'http://ja.wikipedia.org/wiki/M-flo', 0, 151929, '187960af-c1b1-4220-ae94-9b92ff6b7a04');
INSERT INTO url (last_updated, url, edits_pending, id, gid) VALUES ('2011-01-18 17:23:38+01', 'http://www.m-flo.com/', 0, 14418, 'b16e50c9-ac7d-4415-848f-1b682800cd98');
INSERT INTO url (last_updated, url, edits_pending, id, gid) VALUES ('2011-01-18 17:23:38+01', 'http://mu-mo.net/id/m-flo/', 0, 149960, '0bd23ae2-cd25-4ad8-9cc1-614765760c28');
INSERT INTO l_artist_url (link, last_updated, entity1, entity0, edits_pending, id) VALUES (22986, '2011-01-18 17:23:37.789736+01', 30977, 135345, 0, 196119);
INSERT INTO l_artist_url (link, last_updated, entity1, entity0, edits_pending, id) VALUES (22989, '2011-01-18 17:23:37.789736+01', 14419, 135345, 0, 214536);
INSERT INTO l_artist_url (link, last_updated, entity1, entity0, edits_pending, id) VALUES (22989, '2011-01-18 17:23:37.789736+01', 151929, 135345, 0, 92855);
INSERT INTO l_artist_url (link, last_updated, entity1, entity0, edits_pending, id) VALUES (22990, '2011-01-18 17:23:37.789736+01', 14418, 135345, 0, 214374);
INSERT INTO l_artist_url (link, last_updated, entity1, entity0, edits_pending, id) VALUES (22990, '2011-01-18 17:23:37.789736+01', 149960, 135345, 0, 94885);
INSERT INTO url (last_updated, url, edits_pending, id, gid) VALUES ('2011-01-18 17:23:38+01', 'http://www.discogs.com/artist/Led+Zeppelin', 0, 8720, '1471f357-8b80-40a2-96c2-8f3b44452fc9');
INSERT INTO url (last_updated, url, edits_pending, id, gid) VALUES ('2011-01-18 17:23:38+01', 'http://www.imdb.com/name/nm0496389/', 0, 314780, 'b1011050-812e-4dd9-bf7f-3cb5880a269e');
INSERT INTO url (last_updated, url, edits_pending, id, gid) VALUES ('2011-01-18 17:23:38+01', 'http://en.wikipedia.org/wiki/Led_Zeppelin', 0, 2734, 'cce0f9b5-ba68-4fd6-8e63-8af583d95ab7');
INSERT INTO url (last_updated, url, edits_pending, id, gid) VALUES ('2011-01-18 17:23:38+01', 'http://www.vjez.com/', 0, 425366, '0ddd6241-b380-45b1-a389-ce70381f39c6');
INSERT INTO link_type (priority, last_updated, parent, name, description, short_link_phrase, link_phrase, entity_type1, entity_type0, id, reverse_link_phrase, child_order, gid) VALUES (0, '2011-01-18 16:31:00.495651+01', 198, 'discography', 'Indicates a webpage with a discography of an artist. (<a href="http://musicbrainz.org/doc/Discography_Relationship_Type">Details</a>)', 'discography', 'discography pages', 'url', 'artist', 192, 'discography page for', 3, '4fb0eeec-a6eb-4ae3-ad52-b55765b94e8f');
INSERT INTO link (begin_date_day, attribute_count, begin_date_year, created, link_type, ended, end_date_day, begin_date_month, end_date_month, id, end_date_year) VALUES (NULL, 0, NULL, '2011-01-18 16:31:00.495651+01', 192, '0', NULL, NULL, NULL, 22991, NULL);
INSERT INTO url (last_updated, url, edits_pending, id, gid) VALUES ('2011-01-18 17:23:38+01', 'http://www.facebook.com/group.php?gid=354144225707', 0, 722912, '945bde63-e925-4743-88c0-d9d711d4fed9');
INSERT INTO url (last_updated, url, edits_pending, id, gid) VALUES ('2011-01-18 17:23:38+01', 'http://www.led-zeppelin.org/', 0, 755940, '057bdf29-c255-45b8-8da2-941a307b09c0');
INSERT INTO url (last_updated, url, edits_pending, id, gid) VALUES ('2011-01-18 17:23:38+01', 'http://www.bbc.co.uk/music/artists/678d88b2-87b0-403b-b63d-5da7465aecc3', 0, 583587, '27e1303d-e2c0-4395-982d-02a764331f0d');
INSERT INTO url (last_updated, url, edits_pending, id, gid) VALUES ('2011-01-18 17:23:38+01', 'http://musicmoz.org/Bands_and_Artists/L/Led_Zeppelin/', 0, 4117, '6e2d4586-30d7-4407-b970-35e7d27e1588');
INSERT INTO link_type (priority, last_updated, parent, name, description, short_link_phrase, link_phrase, entity_type1, entity_type0, id, reverse_link_phrase, child_order, gid) VALUES (0, '2011-01-18 16:31:00.495651+01', 196, 'musicmoz', 'Points to the MusicMoz page for this artist. (<a href="http://musicbrainz.org/doc/MusicMoz_Relationship_Type">Details</a>)', 'musicmoz', 'MusicMoz', 'url', 'artist', 189, 'MusicMoz page for', 2, 'ded9a80a-e6de-4831-880c-c78b9981b54b');
INSERT INTO link (begin_date_day, attribute_count, begin_date_year, created, link_type, ended, end_date_day, begin_date_month, end_date_month, id, end_date_year) VALUES (NULL, 0, NULL, '2011-01-18 16:31:00.495651+01', 189, '0', NULL, NULL, NULL, 22999, NULL);
INSERT INTO url (last_updated, url, edits_pending, id, gid) VALUES ('2011-01-18 17:23:38+01', 'http://www.youtube.com/user/LedZepBoots', 0, 722911, '845e5f3c-52cd-4f87-bcd4-316ad64151a7');
INSERT INTO url (last_updated, url, edits_pending, id, gid) VALUES ('2011-01-18 17:23:38+01', 'http://www.ledzeppelin.com/', 0, 2414, '22cdca4c-b77a-4ccd-926b-75e8bdc75876');
INSERT INTO link (begin_date_day, attribute_count, begin_date_year, created, link_type, ended, end_date_day, begin_date_month, end_date_month, id, end_date_year) VALUES (20, 0, 2007, '2011-01-18 16:31:00.495651+01', 191, '0', NULL, 11, NULL, 23198, NULL);
INSERT INTO l_artist_url (link, last_updated, entity1, entity0, edits_pending, id) VALUES (22986, '2011-01-18 17:23:37.789736+01', 8720, 388, 0, 224349);
INSERT INTO l_artist_url (link, last_updated, entity1, entity0, edits_pending, id) VALUES (22988, '2011-01-18 17:23:37.789736+01', 314780, 388, 0, 61045);
INSERT INTO l_artist_url (link, last_updated, entity1, entity0, edits_pending, id) VALUES (22989, '2011-01-18 17:23:37.789736+01', 2734, 388, 0, 234696);
INSERT INTO l_artist_url (link, last_updated, entity1, entity0, edits_pending, id) VALUES (22991, '2011-01-18 17:23:37.789736+01', 425366, 388, 0, 237249);
INSERT INTO l_artist_url (link, last_updated, entity1, entity0, edits_pending, id) VALUES (22993, '2011-01-18 17:23:37.789736+01', 722912, 388, 0, 250565);
INSERT INTO l_artist_url (link, last_updated, entity1, entity0, edits_pending, id) VALUES (22993, '2011-01-18 17:23:37.789736+01', 755940, 388, 0, 159196);
INSERT INTO l_artist_url (link, last_updated, entity1, entity0, edits_pending, id) VALUES (22994, '2011-01-18 17:23:37.789736+01', 583587, 388, 0, 153073);
INSERT INTO l_artist_url (link, last_updated, entity1, entity0, edits_pending, id) VALUES (22999, '2011-01-18 17:23:37.789736+01', 4117, 388, 0, 228277);
INSERT INTO l_artist_url (link, last_updated, entity1, entity0, edits_pending, id) VALUES (23005, '2011-01-18 17:23:37.789736+01', 722911, 388, 0, 250721);
INSERT INTO l_artist_url (link, last_updated, entity1, entity0, edits_pending, id) VALUES (23198, '2011-01-18 17:23:37.789736+01', 2414, 388, 0, 253817);
INSERT INTO url (last_updated, url, edits_pending, id, gid) VALUES ('2011-01-18 17:23:38+01', 'http://www.corporationblend.com/', 0, 151, '4d4e9596-bde1-4f0c-93d5-16377ce7e89d');
INSERT INTO l_artist_url (link, last_updated, entity1, entity0, edits_pending, id) VALUES (22990, '2011-01-18 17:23:37.789736+01', 151, 199821, 0, 239050);
INSERT INTO url (last_updated, url, edits_pending, id, gid) VALUES ('2011-01-18 17:23:38+01', 'http://www.discogs.com/artist/B.B.+King', 0, 164731, '49c9a51b-22f5-43d9-a50b-f42c49232a47');
INSERT INTO url (last_updated, url, edits_pending, id, gid) VALUES ('2011-01-18 17:23:38+01', 'http://www.imdb.com/name/nm0454475/', 0, 164730, 'dba4407e-275b-46a3-94b7-addd279137a3');
INSERT INTO url (last_updated, url, edits_pending, id, gid) VALUES ('2011-01-18 17:23:38+01', 'http://en.wikipedia.org/wiki/B.B._King', 0, 13319, 'ad62d328-5b80-4190-a3a8-dfedadcbff37');
INSERT INTO url (last_updated, url, edits_pending, id, gid) VALUES ('2011-01-18 17:23:38+01', 'http://www.bbking.com/', 0, 164732, 'c8c600e5-a993-4671-9210-e07dedf84d27');
INSERT INTO url (last_updated, url, edits_pending, id, gid) VALUES ('2011-01-18 17:23:38+01', 'http://www.bbc.co.uk/music/artists/dcb03ce3-67a5-4eb3-b2d1-2a12d93a38f3', 0, 584827, 'e9c4ca48-a3e8-45f0-8e2c-213a9451056a');
INSERT INTO l_artist_url (link, last_updated, entity1, entity0, edits_pending, id) VALUES (22986, '2011-01-18 17:23:37.789736+01', 164731, 22492, 0, 82996);
INSERT INTO l_artist_url (link, last_updated, entity1, entity0, edits_pending, id) VALUES (22988, '2011-01-18 17:23:37.789736+01', 164730, 22492, 0, 85077);
INSERT INTO l_artist_url (link, last_updated, entity1, entity0, edits_pending, id) VALUES (22989, '2011-01-18 17:23:37.789736+01', 13319, 22492, 0, 218571);
INSERT INTO l_artist_url (link, last_updated, entity1, entity0, edits_pending, id) VALUES (22990, '2011-01-18 17:23:37.789736+01', 164732, 22492, 0, 82979);
INSERT INTO l_artist_url (link, last_updated, entity1, entity0, edits_pending, id) VALUES (22994, '2011-01-18 17:23:37.789736+01', 584827, 22492, 0, 282401);
INSERT INTO url (last_updated, url, edits_pending, id, gid) VALUES ('2011-01-18 17:23:38+01', 'http://www.discogs.com/artist/Plone', 0, 151489, '440e9a25-aec5-48ff-8579-c82d320971ac');
INSERT INTO url (last_updated, url, edits_pending, id, gid) VALUES ('2011-01-18 17:23:38+01', 'http://en.wikipedia.org/wiki/Plone_(band)', 0, 151485, '4d37d15b-edb4-4fd4-9359-17f7aef71d74');
INSERT INTO l_artist_url (link, last_updated, entity1, entity0, edits_pending, id) VALUES (22986, '2011-01-18 17:23:37.789736+01', 151489, 11545, 0, 95185);
INSERT INTO l_artist_url (link, last_updated, entity1, entity0, edits_pending, id) VALUES (22989, '2011-01-18 17:23:37.789736+01', 151485, 11545, 0, 94596);
INSERT INTO url (last_updated, url, edits_pending, id, gid) VALUES ('2011-01-18 17:23:38+01', 'http://www.discogs.com/artist/Wedlock+(2)', 0, 132657, '3bb5140d-3f59-4b80-8a18-5a87a4f652c3');
INSERT INTO url (last_updated, url, edits_pending, id, gid) VALUES ('2011-01-18 17:23:38+01', 'http://www.wedlockmusic.com/', 0, 132428, '9d85918b-801f-4aca-88b1-e25af855375f');
INSERT INTO l_artist_url (link, last_updated, entity1, entity0, edits_pending, id) VALUES (22986, '2011-01-18 17:23:37.789736+01', 132657, 398438, 0, 82166);
INSERT INTO l_artist_url (link, last_updated, entity1, entity0, edits_pending, id) VALUES (22990, '2011-01-18 17:23:37.789736+01', 132428, 398438, 0, 109121);
INSERT INTO url (last_updated, url, edits_pending, id, gid) VALUES ('2011-01-18 17:23:38+01', 'http://www.discogs.com/artist/Andy+C', 0, 28273, 'ab2e7401-900d-4baf-b91b-f7062c29cc48');
INSERT INTO url (last_updated, url, edits_pending, id, gid) VALUES ('2011-01-18 17:23:38+01', 'http://en.wikipedia.org/wiki/Andy_C', 0, 329915, '88a86917-4a07-4c3e-a178-66336da53a9e');
INSERT INTO l_artist_url (link, last_updated, entity1, entity0, edits_pending, id) VALUES (22986, '2011-01-18 17:23:37.789736+01', 28273, 9772, 0, 196412);
INSERT INTO l_artist_url (link, last_updated, entity1, entity0, edits_pending, id) VALUES (22989, '2011-01-18 17:23:37.789736+01', 329915, 9772, 0, 37002);
INSERT INTO url (last_updated, url, edits_pending, id, gid) VALUES ('2011-01-18 17:23:38+01', 'http://www.mop2001.com/bag.html', 0, 24048, '2665145a-4474-4c57-97d1-c0299048177a');
INSERT INTO l_artist_url (link, last_updated, entity1, entity0, edits_pending, id) VALUES (22990, '2011-01-18 17:23:37.789736+01', 24048, 283833, 0, 201534);
INSERT INTO url (last_updated, url, edits_pending, id, gid) VALUES ('2011-01-18 17:23:38+01', 'http://www.discogs.com/artist/DJ+Distance', 0, 181389, '03e3d0be-d336-447e-b7da-06d0adcd15cd');
INSERT INTO url (last_updated, url, edits_pending, id, gid) VALUES ('2011-01-18 17:23:38+01', 'http://www.myspace.com/djdistancedub', 0, 670179, '63854ab2-4804-481f-8b07-e2cbe8192c0f');
INSERT INTO url (last_updated, url, edits_pending, id, gid) VALUES ('2011-01-18 17:23:38+01', 'http://en.wikipedia.org/wiki/Distance_(musician)', 0, 670181, '651248e8-6a8f-4365-948a-aa43559caf58');
INSERT INTO url (last_updated, url, edits_pending, id, gid) VALUES ('2011-01-18 17:23:38+01', 'http://dj-distance.blogspot.com/', 0, 670180, '5eb2c075-3c3b-4cf7-ab77-2dacaee19366');
INSERT INTO l_artist_url (link, last_updated, entity1, entity0, edits_pending, id) VALUES (22986, '2011-01-18 17:23:37.789736+01', 181389, 427385, 0, 69567);
INSERT INTO l_artist_url (link, last_updated, entity1, entity0, edits_pending, id) VALUES (22987, '2011-01-18 17:23:37.789736+01', 670179, 427385, 0, 36743);
INSERT INTO l_artist_url (link, last_updated, entity1, entity0, edits_pending, id) VALUES (22989, '2011-01-18 17:23:37.789736+01', 670181, 427385, 0, 37052);
INSERT INTO l_artist_url (link, last_updated, entity1, entity0, edits_pending, id) VALUES (22998, '2011-01-18 17:23:37.789736+01', 670180, 427385, 0, 36870);
INSERT INTO url (last_updated, url, edits_pending, id, gid) VALUES ('2011-01-18 17:23:38+01', 'http://www.discogs.com/artist/Bad+Religion', 0, 4576, '5cbfd2f0-9b67-458b-ae7a-b6276ab79216');
INSERT INTO url (last_updated, url, edits_pending, id, gid) VALUES ('2011-01-18 17:23:38+01', 'http://www.myspace.com/badreligion', 0, 315339, '7826c740-8483-4df3-8784-169228bf90b5');
INSERT INTO url (last_updated, url, edits_pending, id, gid) VALUES ('2011-01-18 17:23:38+01', 'http://www.imdb.com/name/nm1137815/', 0, 315341, 'd433def5-3316-42d0-9b8f-6d6e0d16bcdb');
INSERT INTO url (last_updated, url, edits_pending, id, gid) VALUES ('2011-01-18 17:23:38+01', 'http://en.wikipedia.org/wiki/Bad_Religion', 0, 862, '7e11affa-53be-4435-b8bc-d63ab29878f7');
INSERT INTO url (last_updated, url, edits_pending, id, gid) VALUES ('2011-01-18 17:23:38+01', 'http://de.wikipedia.org/wiki/Bad_Religion', 0, 5017, 'a1e956d4-3468-43f0-a11a-8bad38bff9b1');
INSERT INTO url (last_updated, url, edits_pending, id, gid) VALUES ('2011-01-18 17:23:38+01', 'http://www.badreligion.com/', 0, 845, '3ce58cd4-092f-409f-9739-36dda741e9d2');
INSERT INTO url (last_updated, url, edits_pending, id, gid) VALUES ('2011-01-18 17:23:38+01', 'http://www.thebrpage.net/', 0, 4577, 'd71a606a-13e7-492a-996c-86c1b9807d50');
INSERT INTO url (last_updated, url, edits_pending, id, gid) VALUES ('2011-01-18 17:23:38+01', 'http://www.bbc.co.uk/music/artists/149e6720-4e4a-41a4-afca-6d29083fc091', 0, 583417, '0efa48b3-81d8-4d79-9fd9-2a2b6a2d2841');
INSERT INTO url (last_updated, url, edits_pending, id, gid) VALUES ('2011-01-18 17:23:38+01', 'http://musicmoz.org/Bands_and_Artists/B/Bad_Religion/', 0, 6731, '6231f330-ee60-4af3-962e-471c6d7e8850');
INSERT INTO url (last_updated, url, edits_pending, id, gid) VALUES ('2011-01-18 17:23:38+01', 'http://twitter.com/badreligion', 0, 823931, '9668c07e-0806-4904-9a35-b9def474f392');
INSERT INTO link_type (priority, last_updated, parent, name, description, short_link_phrase, link_phrase, entity_type1, entity_type0, id, reverse_link_phrase, child_order, gid) VALUES (0, '2011-01-18 16:31:00.495651+01', 193, 'microblog', 'This relationship type can be used to link a MusicBrainz artist to their microblog on a service such as Twitter or identi.ca (<a href="http://musicbrainz.org/doc/Microblog_Relationship_Type">Details</a>).', 'microblog', 'microblogs', 'url', 'artist', 207, 'microblog for', 3, '9309af3a-ebb6-4960-aebb-d286bd3ed1c7');
INSERT INTO link (begin_date_day, attribute_count, begin_date_year, created, link_type, ended, end_date_day, begin_date_month, end_date_month, id, end_date_year) VALUES (NULL, 0, NULL, '2011-01-18 16:31:00.495651+01', 207, '0', NULL, NULL, NULL, 23007, NULL);
INSERT INTO url (last_updated, url, edits_pending, id, gid) VALUES ('2011-01-18 17:23:38+01', 'http://www.purevolume.com/badreligion', 0, 315340, '1b2479c6-c056-443b-bd97-beecf9931ab8');
INSERT INTO link_type (priority, last_updated, parent, name, description, short_link_phrase, link_phrase, entity_type1, entity_type0, id, reverse_link_phrase, child_order, gid) VALUES (0, '2011-01-18 16:31:00.495651+01', 193, 'purevolume', 'This relationship type can be used to link a MusicBrainz artist to the equivalent entry in PureVolume. Please use URLs in the format <code>http://www.purevolume.com/&lt;artist&gt;</code> (<a href="http://musicbrainz.org/doc/PureVolume_Relationship_Type">Details</a>)', 'purevolume', 'PureVolume', 'url', 'artist', 182, 'PureVolume page for', 1, 'b6f02157-a9d3-4f24-9057-0675b2dbc581');
INSERT INTO link (begin_date_day, attribute_count, begin_date_year, created, link_type, ended, end_date_day, begin_date_month, end_date_month, id, end_date_year) VALUES (NULL, 0, NULL, '2011-01-18 16:31:00.495651+01', 182, '0', NULL, NULL, NULL, 23008, NULL);
INSERT INTO l_artist_url (link, last_updated, entity1, entity0, edits_pending, id) VALUES (22986, '2011-01-18 17:23:37.789736+01', 4576, 779, 0, 233255);
INSERT INTO l_artist_url (link, last_updated, entity1, entity0, edits_pending, id) VALUES (22987, '2011-01-18 17:23:37.789736+01', 315339, 779, 0, 109146);
INSERT INTO l_artist_url (link, last_updated, entity1, entity0, edits_pending, id) VALUES (22988, '2011-01-18 17:23:37.789736+01', 315341, 779, 0, 109459);
INSERT INTO l_artist_url (link, last_updated, entity1, entity0, edits_pending, id) VALUES (22989, '2011-01-18 17:23:37.789736+01', 862, 779, 0, 238737);
INSERT INTO l_artist_url (link, last_updated, entity1, entity0, edits_pending, id) VALUES (22989, '2011-01-18 17:23:37.789736+01', 5017, 779, 0, 228777);
INSERT INTO l_artist_url (link, last_updated, entity1, entity0, edits_pending, id) VALUES (22990, '2011-01-18 17:23:37.789736+01', 845, 779, 0, 238299);
INSERT INTO l_artist_url (link, last_updated, entity1, entity0, edits_pending, id) VALUES (22993, '2011-01-18 17:23:37.789736+01', 4577, 779, 0, 233469);
INSERT INTO l_artist_url (link, last_updated, entity1, entity0, edits_pending, id) VALUES (22994, '2011-01-18 17:23:37.789736+01', 583417, 779, 0, 133397);
INSERT INTO l_artist_url (link, last_updated, entity1, entity0, edits_pending, id) VALUES (22999, '2011-01-18 17:23:37.789736+01', 6731, 779, 0, 229674);
INSERT INTO l_artist_url (link, last_updated, entity1, entity0, edits_pending, id) VALUES (23007, '2011-01-18 17:23:37.789736+01', 823931, 779, 0, 303311);
INSERT INTO l_artist_url (link, last_updated, entity1, entity0, edits_pending, id) VALUES (23008, '2011-01-18 17:23:37.789736+01', 315340, 779, 0, 109304);
INSERT INTO url (last_updated, url, edits_pending, id, gid) VALUES ('2011-01-18 17:23:38+01', 'http://www.discogs.com/artist/SKC+%26+Bratwa', 0, 415041, 'e0b6a049-b34f-4b7f-bfc8-834c20d2b8e1');
INSERT INTO l_artist_url (link, last_updated, entity1, entity0, edits_pending, id) VALUES (22986, '2011-01-18 17:23:37.789736+01', 415041, 180273, 0, 247653);
INSERT INTO url (last_updated, url, edits_pending, id, gid) VALUES ('2011-01-18 17:23:38+01', 'http://www.discogs.com/artist/Chemical+Brothers, +The', 0, 12091, '3b238153-9e67-4a57-9dff-2dac4926d4e1');
INSERT INTO url (last_updated, url, edits_pending, id, gid) VALUES ('2011-01-18 17:23:38+01', 'http://www.myspace.com/thechemicalbrothers', 0, 293562, '3be09bc3-4093-4a00-b417-68a114d19f3b');
INSERT INTO url (last_updated, url, edits_pending, id, gid) VALUES ('2011-01-18 17:23:38+01', 'http://www.imdb.com/name/nm1739242/', 0, 546974, '272424cf-77c4-48a0-af6b-8d1e65f06771');
INSERT INTO url (last_updated, url, edits_pending, id, gid) VALUES ('2011-01-18 17:23:38+01', 'http://en.wikipedia.org/wiki/The_Chemical_Brothers', 0, 2943, '28eac461-c5e2-4c39-bfc6-10699e769036');
INSERT INTO url (last_updated, url, edits_pending, id, gid) VALUES ('2011-01-18 17:23:38+01', 'http://www.thechemicalbrothers.com/', 0, 567, '59c2f422-d40f-4ba0-9061-5738ca826036');
INSERT INTO url (last_updated, url, edits_pending, id, gid) VALUES ('2011-01-18 17:23:38+01', 'http://www.toshiba-emi.co.jp/chems/', 0, 17013, '46451ddc-464a-4b12-8f66-581cd37f77ef');
INSERT INTO url (last_updated, url, edits_pending, id, gid) VALUES ('2011-01-18 17:23:38+01', 'http://www.chemical-brothers.de/', 0, 76927, 'f0586c6b-32fa-46db-925a-417f27c62c74');
INSERT INTO url (last_updated, url, edits_pending, id, gid) VALUES ('2011-01-18 17:23:38+01', 'http://www.bbc.co.uk/music/artists/1946a82a-f927-40c2-8235-38d64f50d043', 0, 583680, '98318d8b-249d-4ed8-a0af-83343e4227ad');
INSERT INTO url (last_updated, url, edits_pending, id, gid) VALUES ('2011-01-18 17:23:38+01', 'http://musicmoz.org/Bands_and_Artists/C/Chemical_Brothers, _The/', 0, 3905, '53975436-4db9-4fd6-a6c1-0082a388e99b');
INSERT INTO url (last_updated, url, edits_pending, id, gid) VALUES ('2011-01-18 17:23:38+01', 'http://www.facebook.com/ChemicalBros', 0, 759131, '6d749fa7-a666-4308-81d5-a345967e6722');
INSERT INTO link_type (priority, last_updated, parent, name, description, short_link_phrase, link_phrase, entity_type1, entity_type0, id, reverse_link_phrase, child_order, gid) VALUES (3, '2011-01-18 16:31:00.495651+01', 193, 'social network', 'This link is used to associate an artist or label with their page on a social networking site such as Facebook or Last.fm. (<a href="http://musicbrainz.org/doc/Social_Networking_Relationship_Type">Details</a>)', 'social network', 'social networking', 'url', 'artist', 202, 'social networking page for', 0, '99429741-f3f6-484b-84f8-23af51991770');
INSERT INTO link (begin_date_day, attribute_count, begin_date_year, created, link_type, ended, end_date_day, begin_date_month, end_date_month, id, end_date_year) VALUES (NULL, 0, NULL, '2011-01-18 16:31:00.495651+01', 202, '0', NULL, NULL, NULL, 23004, NULL);
INSERT INTO url (last_updated, url, edits_pending, id, gid) VALUES ('2011-01-18 17:23:38+01', 'http://www.bebo.com/ChemicalBrothers', 0, 759135, 'affd93c2-04e6-40a5-9c8c-6cb0bb621287');
INSERT INTO url (last_updated, url, edits_pending, id, gid) VALUES ('2011-01-18 17:23:38+01', 'http://twitter.com/ChemBros', 0, 759133, '703e60f8-313c-4234-b64a-1b5599a505c1');
INSERT INTO url (last_updated, url, edits_pending, id, gid) VALUES ('2011-01-18 17:23:38+01', 'http://www.purevolume.com/thechemicalbrothers', 0, 546973, '87282994-4a55-4477-bf92-10d963fba67f');
INSERT INTO l_artist_url (link, last_updated, entity1, entity0, edits_pending, id) VALUES (22986, '2011-01-18 17:23:37.789736+01', 12091, 242, 0, 219221);
INSERT INTO l_artist_url (link, last_updated, entity1, entity0, edits_pending, id) VALUES (22987, '2011-01-18 17:23:37.789736+01', 293562, 242, 0, 268950);
INSERT INTO l_artist_url (link, last_updated, entity1, entity0, edits_pending, id) VALUES (22988, '2011-01-18 17:23:37.789736+01', 546974, 242, 0, 275820);
INSERT INTO l_artist_url (link, last_updated, entity1, entity0, edits_pending, id) VALUES (22989, '2011-01-18 17:23:37.789736+01', 2943, 242, 0, 234381);
INSERT INTO l_artist_url (link, last_updated, entity1, entity0, edits_pending, id) VALUES (22990, '2011-01-18 17:23:37.789736+01', 567, 242, 0, 239389);
INSERT INTO l_artist_url (link, last_updated, entity1, entity0, edits_pending, id) VALUES (22990, '2011-01-18 17:23:37.789736+01', 17013, 242, 0, 212368);
INSERT INTO l_artist_url (link, last_updated, entity1, entity0, edits_pending, id) VALUES (22990, '2011-01-18 17:23:37.789736+01', 76927, 242, 0, 153908);
INSERT INTO l_artist_url (link, last_updated, entity1, entity0, edits_pending, id) VALUES (22994, '2011-01-18 17:23:37.789736+01', 583680, 242, 0, 163538);
INSERT INTO l_artist_url (link, last_updated, entity1, entity0, edits_pending, id) VALUES (22999, '2011-01-18 17:23:37.789736+01', 3905, 242, 0, 227845);
INSERT INTO l_artist_url (link, last_updated, entity1, entity0, edits_pending, id) VALUES (23004, '2011-01-18 17:23:37.789736+01', 759131, 242, 0, 256572);
INSERT INTO l_artist_url (link, last_updated, entity1, entity0, edits_pending, id) VALUES (23004, '2011-01-18 17:23:37.789736+01', 759135, 242, 0, 256254);
INSERT INTO l_artist_url (link, last_updated, entity1, entity0, edits_pending, id) VALUES (23007, '2011-01-18 17:23:37.789736+01', 759133, 242, 0, 256416);
INSERT INTO l_artist_url (link, last_updated, entity1, entity0, edits_pending, id) VALUES (23008, '2011-01-18 17:23:37.789736+01', 546973, 242, 0, 275968);
INSERT INTO link_type (priority, last_updated, parent, name, description, short_link_phrase, link_phrase, entity_type1, entity_type0, id, reverse_link_phrase, child_order, gid) VALUES (0, '2011-01-18 16:31:00.495651+01', NULL, 'covers and versions ', '', 'covers and versions ', 'covers or other versions ', 'recording', 'recording', 245, 'covers or other versions', 0, '6a76ad99-cc5d-4ebc-a6e4-b2eb2eb3ad98');
INSERT INTO link_type (priority, last_updated, parent, name, description, short_link_phrase, link_phrase, entity_type1, entity_type0, id, reverse_link_phrase, child_order, gid) VALUES (0, '2011-01-18 16:31:00.495651+01', 245, 'karaoke', 'Indicates that a track is a karaoke version of another track. A karaoke version is a version of the song with the main vocals removed, designed to be used for karaoke. (<a href="/doc/Karaoke_Version_Relationship_Type">Details</a>)', 'karaoke', 'karaoke versions', 'recording', 'recording', 235, 'karaoke version of', 4, '39a08d0e-26e4-44fb-ae19-906f5fe9435d');
INSERT INTO link (begin_date_day, attribute_count, begin_date_year, created, link_type, ended, end_date_day, begin_date_month, end_date_month, id, end_date_year) VALUES (NULL, 0, NULL, '2011-01-18 16:31:00.495651+01', 235, '0', NULL, NULL, NULL, 23805, NULL);
INSERT INTO l_recording_recording (link, last_updated, entity1, entity0, edits_pending, id) VALUES (23805, '2011-01-18 16:56:00.408782+01', 4223061, 4223059, 0, 37160);
INSERT INTO link_type (priority, last_updated, parent, name, description, short_link_phrase, link_phrase, entity_type1, entity_type0, id, reverse_link_phrase, child_order, gid) VALUES (0, '2011-01-18 16:31:00.495651+01', NULL, 'remixes ', '', 'remixes ', 'remixes ', 'recording', 'recording', 246, 'remixes', 1, '1baddd63-4539-4d49-ae43-600df9ef4647');
INSERT INTO link_type (priority, last_updated, parent, name, description, short_link_phrase, link_phrase, entity_type1, entity_type0, id, reverse_link_phrase, child_order, gid) VALUES (0, '2011-01-18 16:31:00.495651+01', 246, 'samples material', 'Indicates that a track contains samples from another (or more) tracks. (<a href="http://musicbrainz.org/doc/Samples_Relationship_Type">Details</a>)', 'samples material', '{additional} samples', 'recording', 'recording', 242, '{additional:additionally} sampled by', 0, '9efd9ce9-e702-448b-8e76-641515e8fe62');
INSERT INTO link (begin_date_day, attribute_count, begin_date_year, created, link_type, ended, end_date_day, begin_date_month, end_date_month, id, end_date_year) VALUES (NULL, 0, NULL, '2011-01-18 16:31:00.495651+01', 242, '0', NULL, NULL, NULL, 23799, NULL);
INSERT INTO l_recording_recording (link, last_updated, entity1, entity0, edits_pending, id) VALUES (23799, '2011-01-18 16:56:00.408782+01', 1462891, 2726271, 0, 53211);
INSERT INTO link_type (priority, last_updated, parent, name, description, short_link_phrase, link_phrase, entity_type1, entity_type0, id, reverse_link_phrase, child_order, gid) VALUES (0, '2011-01-18 16:31:00.495651+01', NULL, 'samples material', 'Indicates that a track contains samples from an album. (<a href="http://musicbrainz.org/doc/Samples_Relationship_Type">Details</a>)', 'samples material', '{additional} {instrument} samples from', 'release', 'recording', 71, '{additional:additionally} {instrument} sampled by', 0, '967746f9-9d79-456c-9d1e-50116f0b27fc');
INSERT INTO link (begin_date_day, attribute_count, begin_date_year, created, link_type, ended, end_date_day, begin_date_month, end_date_month, id, end_date_year) VALUES (NULL, 0, 2008, '2011-01-18 16:31:00.495651+01', 71, '0', NULL, NULL, NULL, 6059, NULL);
INSERT INTO l_recording_release (link, last_updated, entity1, entity0, edits_pending, id) VALUES (6059, '2011-01-18 16:56:00.408782+01', 459740, 7905440, 0, 1);
INSERT INTO work_type (name, id) VALUES ('Song', 17);
INSERT INTO work_name (name, id) VALUES ('サマーれげぇ!レインボー', 28109);
INSERT INTO work (last_updated, language, name, edits_pending, artist_credit, comment, id, type, gid) VALUES (NULL, 198, 28109, 0, NULL, '', 4223059, 17, '3c37b9fa-a6c1-37d2-9e90-657a116d337c');
UPDATE work_meta SET rating_count = NULL, rating = NULL WHERE id = 4223059;
INSERT INTO link_type (priority, last_updated, parent, name, description, short_link_phrase, link_phrase, entity_type1, entity_type0, id, reverse_link_phrase, child_order, gid) VALUES (0, '2011-01-18 16:31:00.495651+01', NULL, 'performance', '', 'performance', 'is a performance of', 'work', 'recording', 285, 'has performance', 0, 'fdc57134-e05c-30bc-aff6-425684475276');
INSERT INTO link (begin_date_day, attribute_count, begin_date_year, created, link_type, ended, end_date_day, begin_date_month, end_date_month, id, end_date_year) VALUES (NULL, 0, NULL, '2011-01-18 16:31:00.495651+01', 285, '0', NULL, NULL, NULL, 23865, NULL);
INSERT INTO l_recording_work (link, last_updated, entity1, entity0, edits_pending, id) VALUES (23865, '2011-01-18 17:15:33.876477+01', 4223059, 4223061, 0, 60649);
INSERT INTO work_name (name, id) VALUES ('On My Bus', 52425);
INSERT INTO work (last_updated, language, name, edits_pending, artist_credit, comment, id, type, gid) VALUES (NULL, NULL, 52425, 0, NULL, '', 1542682, NULL, '25c7c80f-a624-3b3e-b643-4204b05cb447');
UPDATE work_meta SET rating_count = NULL, rating = NULL WHERE id = 1542682;
INSERT INTO l_recording_work (link, last_updated, entity1, entity0, edits_pending, id) VALUES (23865, '2011-01-18 17:15:33.876477+01', 1542682, 1542682, 0, 239469);
INSERT INTO work_name (name, id) VALUES ('Plock', 129805);
INSERT INTO work (last_updated, language, name, edits_pending, artist_credit, comment, id, type, gid) VALUES (NULL, NULL, 129805, 0, NULL, '', 1542684, NULL, '482530c1-a2ab-32e8-be43-ea5240aa7913');
UPDATE work_meta SET rating_count = NULL, rating = NULL WHERE id = 1542684;
INSERT INTO l_recording_work (link, last_updated, entity1, entity0, edits_pending, id) VALUES (23865, '2011-01-18 17:15:33.876477+01', 1542684, 1542684, 0, 76476);
INSERT INTO work_name (name, id) VALUES ('Maggie&Heidi', 72336);
INSERT INTO work (last_updated, language, name, edits_pending, artist_credit, comment, id, type, gid) VALUES (NULL, NULL, 72336, 0, NULL, '', 7905443, NULL, 'b26203e5-73cb-3579-b575-a12d8b3f8209');
UPDATE work_meta SET rating_count = NULL, rating = NULL WHERE id = 7905443;
INSERT INTO l_recording_work (link, last_updated, entity1, entity0, edits_pending, id) VALUES (23865, '2011-01-18 17:15:33.876477+01', 7905443, 7905443, 0, 186752);
INSERT INTO work_name (name, id) VALUES ('Black Sundress', 78487);
INSERT INTO work (last_updated, language, name, edits_pending, artist_credit, comment, id, type, gid) VALUES (NULL, NULL, 78487, 0, NULL, '', 7905441, NULL, 'b07e71c7-1cc7-3c6f-8c31-22be30a472dd');
UPDATE work_meta SET rating_count = NULL, rating = NULL WHERE id = 7905441;
INSERT INTO l_recording_work (link, last_updated, entity1, entity0, edits_pending, id) VALUES (23865, '2011-01-18 17:15:33.876477+01', 7905441, 7905441, 0, 263470);
INSERT INTO work_name (name, id) VALUES ('No Quarter', 86514);
INSERT INTO work (last_updated, language, name, edits_pending, artist_credit, comment, id, type, gid) VALUES (NULL, NULL, 86514, 0, NULL, '', 162926, NULL, 'cc0f543a-b1e2-3822-9361-cd1ba60dc9bd');
UPDATE work_meta SET rating_count = NULL, rating = NULL WHERE id = 162926;
INSERT INTO l_recording_work (link, last_updated, entity1, entity0, edits_pending, id) VALUES (23865, '2011-01-18 17:15:33.876477+01', 162926, 162926, 0, 265759);
INSERT INTO work_name (name, id) VALUES ('Marbles', 92066);
INSERT INTO work (last_updated, language, name, edits_pending, artist_credit, comment, id, type, gid) VALUES (NULL, NULL, 92066, 0, NULL, '', 1542685, NULL, '2734cd31-4bab-3bf6-a758-c5d94ad957bb');
UPDATE work_meta SET rating_count = NULL, rating = NULL WHERE id = 1542685;
INSERT INTO l_recording_work (link, last_updated, entity1, entity0, edits_pending, id) VALUES (23865, '2011-01-18 17:15:33.876477+01', 1542685, 1542685, 0, 145893);
INSERT INTO work_name (name, id) VALUES ('Be the one', 57411);
INSERT INTO work (last_updated, language, name, edits_pending, artist_credit, comment, id, type, gid) VALUES (NULL, NULL, 57411, 0, NULL, '', 3622825, NULL, '53d1fbac-e60a-38cb-85ff-e5a9224c9749');
UPDATE work_meta SET rating_count = NULL, rating = NULL WHERE id = 3622825;
INSERT INTO l_recording_work (link, last_updated, entity1, entity0, edits_pending, id) VALUES (23865, '2011-01-18 17:15:33.876477+01', 3622825, 3622825, 0, 73089);
INSERT INTO work_name (name, id) VALUES ('Shine We Are!', 150323);
INSERT INTO work (last_updated, language, name, edits_pending, artist_credit, comment, id, type, gid) VALUES (NULL, NULL, 150323, 0, NULL, '', 1307406, NULL, '7981d409-8e76-33df-be27-ef625d81c501');
UPDATE work_meta SET rating_count = NULL, rating = NULL WHERE id = 1307406;
INSERT INTO l_recording_work (link, last_updated, entity1, entity0, edits_pending, id) VALUES (23865, '2011-01-18 17:15:33.876477+01', 1307406, 1307406, 0, 107026);
INSERT INTO work_name (name, id) VALUES ('DOUBLE', 2734);
INSERT INTO work (last_updated, language, name, edits_pending, artist_credit, comment, id, type, gid) VALUES (NULL, NULL, 2734, 0, NULL, '', 3451975, NULL, '303f9bd2-152f-3145-9e09-afa34edb6a57');
UPDATE work_meta SET rating_count = NULL, rating = NULL WHERE id = 3451975;
INSERT INTO l_recording_work (link, last_updated, entity1, entity0, edits_pending, id) VALUES (23865, '2011-01-18 17:15:33.876477+01', 3451975, 3451975, 0, 257745);
INSERT INTO work_name (name, id) VALUES ('LOVE & HONESTY', 16774);
INSERT INTO work (last_updated, language, name, edits_pending, artist_credit, comment, id, type, gid) VALUES (NULL, NULL, 16774, 0, NULL, '', 3622823, NULL, 'f23ae726-0300-3830-b1ca-634f4362f78c');
UPDATE work_meta SET rating_count = NULL, rating = NULL WHERE id = 3622823;
INSERT INTO l_recording_work (link, last_updated, entity1, entity0, edits_pending, id) VALUES (23865, '2011-01-18 17:15:33.876477+01', 3622823, 3622823, 0, 41700);
INSERT INTO work_name (name, id) VALUES ('Summer Plays Out', 135066);
INSERT INTO work (last_updated, language, name, edits_pending, artist_credit, comment, id, type, gid) VALUES (NULL, NULL, 135066, 0, NULL, '', 1542691, NULL, 'e67f54be-a68b-351d-9fbf-57468e61fd95');
UPDATE work_meta SET rating_count = NULL, rating = NULL WHERE id = 1542691;
INSERT INTO l_recording_work (link, last_updated, entity1, entity0, edits_pending, id) VALUES (23865, '2011-01-18 17:15:33.876477+01', 1542691, 1542691, 0, 116653);
INSERT INTO l_recording_work (link, last_updated, entity1, entity0, edits_pending, id) VALUES (23865, '2011-01-18 17:15:33.876477+01', 4223059, 4223059, 0, 83730);
INSERT INTO work_name (name, id) VALUES ('Dancing Days', 15276);
INSERT INTO work (last_updated, language, name, edits_pending, artist_credit, comment, id, type, gid) VALUES (NULL, NULL, 15276, 0, NULL, '', 162924, NULL, '6013d0b4-25d4-333c-bc25-27328a7eaae4');
UPDATE work_meta SET rating_count = NULL, rating = NULL WHERE id = 162924;
INSERT INTO l_recording_work (link, last_updated, entity1, entity0, edits_pending, id) VALUES (23865, '2011-01-18 17:15:33.876477+01', 162924, 162924, 0, 237367);
INSERT INTO work_name (name, id) VALUES ('Be Rude to Your School', 70137);
INSERT INTO work (last_updated, language, name, edits_pending, artist_credit, comment, id, type, gid) VALUES (NULL, NULL, 70137, 0, NULL, '', 1542690, NULL, '37814c05-f7ff-308d-a339-21570bc56003');
UPDATE work_meta SET rating_count = NULL, rating = NULL WHERE id = 1542690;
INSERT INTO l_recording_work (link, last_updated, entity1, entity0, edits_pending, id) VALUES (23865, '2011-01-18 17:15:33.876477+01', 1542690, 1542690, 0, 35331);
INSERT INTO work_name (name, id) VALUES ('Reverend Charisma', 126571);
INSERT INTO work (last_updated, language, name, edits_pending, artist_credit, comment, id, type, gid) VALUES (NULL, NULL, 126571, 0, NULL, '', 7905439, NULL, 'e8d55116-1ea6-339a-a059-228d71c2f27d');
UPDATE work_meta SET rating_count = NULL, rating = NULL WHERE id = 7905439;
INSERT INTO l_recording_work (link, last_updated, entity1, entity0, edits_pending, id) VALUES (23865, '2011-01-18 17:15:33.876477+01', 7905439, 7905439, 0, 123565);
INSERT INTO work_name (name, id) VALUES ('Still Unsatisfied', 186875);
INSERT INTO work (last_updated, language, name, edits_pending, artist_credit, comment, id, type, gid) VALUES (NULL, NULL, 186875, 0, NULL, '', 7905445, NULL, '9c38c012-9b30-30a2-a2fb-4b44afdc3973');
UPDATE work_meta SET rating_count = NULL, rating = NULL WHERE id = 7905445;
INSERT INTO l_recording_work (link, last_updated, entity1, entity0, edits_pending, id) VALUES (23865, '2011-01-18 17:15:33.876477+01', 7905445, 7905445, 0, 248093);
INSERT INTO work_name (name, id) VALUES ('Press a Key', 56619);
INSERT INTO work (last_updated, language, name, edits_pending, artist_credit, comment, id, type, gid) VALUES (NULL, NULL, 56619, 0, NULL, '', 1542688, NULL, '93836f17-7646-374e-a679-455429162c20');
UPDATE work_meta SET rating_count = NULL, rating = NULL WHERE id = 1542688;
INSERT INTO l_recording_work (link, last_updated, entity1, entity0, edits_pending, id) VALUES (23865, '2011-01-18 17:15:33.876477+01', 1542688, 1542688, 0, 169875);
INSERT INTO work_name (name, id) VALUES ('the Love Bug', 184914);
INSERT INTO work (last_updated, language, name, edits_pending, artist_credit, comment, id, type, gid) VALUES (NULL, NULL, 184914, 0, NULL, '', 4525123, NULL, '46724ef1-241e-3d7f-9f3b-e51ba34e2aa1');
UPDATE work_meta SET rating_count = NULL, rating = NULL WHERE id = 4525123;
INSERT INTO l_recording_work (link, last_updated, entity1, entity0, edits_pending, id) VALUES (23865, '2011-01-18 17:15:33.876477+01', 4525123, 4525123, 0, 186192);
INSERT INTO work_name (name, id) VALUES ('Music: Response', 115019);
INSERT INTO work (last_updated, language, name, edits_pending, artist_credit, comment, id, type, gid) VALUES (NULL, NULL, 115019, 0, NULL, '', 2726271, NULL, '79945eb6-f0c2-351a-a00b-3ef3b775f9da');
UPDATE work_meta SET rating_count = NULL, rating = NULL WHERE id = 2726271;
INSERT INTO l_recording_work (link, last_updated, entity1, entity0, edits_pending, id) VALUES (23865, '2011-01-18 17:15:33.876477+01', 2726271, 2726271, 0, 145497);
INSERT INTO work_name (name, id) VALUES ('Over the Hills and Far Away', 160688);
INSERT INTO work (last_updated, language, name, edits_pending, artist_credit, comment, id, type, gid) VALUES (NULL, NULL, 160688, 0, NULL, '', 162922, NULL, 'd2386420-3363-3eb4-95db-62cae43ed2bc');
UPDATE work_meta SET rating_count = NULL, rating = NULL WHERE id = 162922;
INSERT INTO l_recording_work (link, last_updated, entity1, entity0, edits_pending, id) VALUES (23865, '2011-01-18 17:15:33.876477+01', 162922, 162922, 0, 32868);
INSERT INTO work_name (name, id) VALUES ('Song With No Name～名前のない歌～', 121732);
INSERT INTO work (last_updated, language, name, edits_pending, artist_credit, comment, id, type, gid) VALUES (NULL, NULL, 121732, 0, NULL, '', 3622831, NULL, 'cd86f9e2-83ce-3192-a817-fe6c98079303');
UPDATE work_meta SET rating_count = NULL, rating = NULL WHERE id = 3622831;
INSERT INTO l_recording_work (link, last_updated, entity1, entity0, edits_pending, id) VALUES (23865, '2011-01-18 17:15:33.876477+01', 3622831, 3622831, 0, 255365);
INSERT INTO work_name (name, id) VALUES ('Power Move', 130591);
INSERT INTO work (last_updated, language, name, edits_pending, artist_credit, comment, id, type, gid) VALUES (NULL, NULL, 130591, 0, NULL, '', 1353887, NULL, 'f2892986-c106-3705-9cf2-4fe599154dc2');
UPDATE work_meta SET rating_count = NULL, rating = NULL WHERE id = 1353887;
INSERT INTO l_recording_work (link, last_updated, entity1, entity0, edits_pending, id) VALUES (23865, '2011-01-18 17:15:33.876477+01', 1353887, 4844122, 0, 102645);
INSERT INTO work_name (name, id) VALUES ('Rock With You', 5607);
INSERT INTO work (last_updated, language, name, edits_pending, artist_credit, comment, id, type, gid) VALUES (NULL, NULL, 5607, 0, NULL, '', 3451976, NULL, '61ab56f0-e803-3aef-a91b-63564b7a8043');
UPDATE work_meta SET rating_count = NULL, rating = NULL WHERE id = 3451976;
INSERT INTO l_recording_work (link, last_updated, entity1, entity0, edits_pending, id) VALUES (23865, '2011-01-18 17:15:33.876477+01', 3451976, 3451976, 0, 126513);
INSERT INTO work_name (name, id) VALUES ('Allegiance?WTF?', 98013);
INSERT INTO work (last_updated, language, name, edits_pending, artist_credit, comment, id, type, gid) VALUES (NULL, NULL, 98013, 0, NULL, '', 7905442, NULL, 'c4a1c334-ccd3-37df-b248-40653cefb181');
UPDATE work_meta SET rating_count = NULL, rating = NULL WHERE id = 7905442;
INSERT INTO l_recording_work (link, last_updated, entity1, entity0, edits_pending, id) VALUES (23865, '2011-01-18 17:15:33.876477+01', 7905442, 7905442, 0, 56348);
INSERT INTO work_name (name, id) VALUES ('心の手紙', 2449);
INSERT INTO work (last_updated, language, name, edits_pending, artist_credit, comment, id, type, gid) VALUES (NULL, NULL, 2449, 0, NULL, '', 3622828, NULL, '2d967c29-63dc-309d-bbc1-a2d38639aaa1');
UPDATE work_meta SET rating_count = NULL, rating = NULL WHERE id = 3622828;
INSERT INTO l_recording_work (link, last_updated, entity1, entity0, edits_pending, id) VALUES (23865, '2011-01-18 17:15:33.876477+01', 3622828, 3622828, 0, 71959);
INSERT INTO work_name (name, id) VALUES ('Out of Control', 190013);
INSERT INTO work (last_updated, language, name, edits_pending, artist_credit, comment, id, type, gid) VALUES (NULL, NULL, 190013, 0, NULL, '', 1353886, NULL, '5466408d-ad87-3663-8bce-937c5d3e0159');
UPDATE work_meta SET rating_count = NULL, rating = NULL WHERE id = 1353886;
INSERT INTO l_recording_work (link, last_updated, entity1, entity0, edits_pending, id) VALUES (23865, '2011-01-18 17:15:33.876477+01', 1353886, 1353886, 0, 256888);
INSERT INTO work_name (name, id) VALUES ('Midnight Parade', 120307);
INSERT INTO work (last_updated, language, name, edits_pending, artist_credit, comment, id, type, gid) VALUES (NULL, NULL, 120307, 0, NULL, '', 3584195, NULL, '6f08d5a8-1811-3e5e-848b-35ffa77babe5');
UPDATE work_meta SET rating_count = NULL, rating = NULL WHERE id = 3584195;
INSERT INTO l_recording_work (link, last_updated, entity1, entity0, edits_pending, id) VALUES (23865, '2011-01-18 17:15:33.876477+01', 3584195, 3584195, 0, 163067);
INSERT INTO work_name (name, id) VALUES ('Asseswaving', 137513);
INSERT INTO work (last_updated, language, name, edits_pending, artist_credit, comment, id, type, gid) VALUES (NULL, 198, 137513, 0, NULL, '', 7905446, NULL, 'f5cdd40d-6dc3-358b-8d7d-22dd9d8f87a8');
UPDATE work_meta SET rating_count = NULL, rating = NULL WHERE id = 7905446;
INSERT INTO l_recording_work (link, last_updated, entity1, entity0, edits_pending, id) VALUES (23865, '2011-01-18 17:15:33.876477+01', 7905446, 7905446, 0, 43140);
INSERT INTO work_name (name, id) VALUES ('Got Glint?', 21994);
INSERT INTO work (last_updated, language, name, edits_pending, artist_credit, comment, id, type, gid) VALUES (NULL, NULL, 21994, 0, NULL, '', 2726278, NULL, 'ba0182aa-27b4-3e39-b4e5-2c7583696dab');
UPDATE work_meta SET rating_count = NULL, rating = NULL WHERE id = 2726278;
INSERT INTO l_recording_work (link, last_updated, entity1, entity0, edits_pending, id) VALUES (23865, '2011-01-18 17:15:33.876477+01', 2726278, 2726278, 0, 226592);
INSERT INTO work_name (name, id) VALUES ('Surrender', 38725);
INSERT INTO work (last_updated, language, name, edits_pending, artist_credit, comment, id, type, gid) VALUES (NULL, NULL, 38725, 0, NULL, '', 2726280, NULL, '835c06f2-b015-3715-a649-d92b3c1adf62');
UPDATE work_meta SET rating_count = NULL, rating = NULL WHERE id = 2726280;
INSERT INTO l_recording_work (link, last_updated, entity1, entity0, edits_pending, id) VALUES (23865, '2011-01-18 17:15:33.876477+01', 2726280, 2726280, 0, 242615);
INSERT INTO work_name (name, id) VALUES ('Busy Working', 73633);
INSERT INTO work (last_updated, language, name, edits_pending, artist_credit, comment, id, type, gid) VALUES (NULL, NULL, 73633, 0, NULL, '', 1542686, NULL, '294f16fe-e123-3634-a0f4-03953e111321');
UPDATE work_meta SET rating_count = NULL, rating = NULL WHERE id = 1542686;
INSERT INTO l_recording_work (link, last_updated, entity1, entity0, edits_pending, id) VALUES (23865, '2011-01-18 17:15:33.876477+01', 1542686, 1542686, 0, 274154);
INSERT INTO work_name (name, id) VALUES ('The Sunshine Underground', 126280);
INSERT INTO work (last_updated, language, name, edits_pending, artist_credit, comment, id, type, gid) VALUES (NULL, NULL, 126280, 0, NULL, '', 2726276, NULL, '55f63d35-d941-3988-a9b0-16150c4acdb7');
UPDATE work_meta SET rating_count = NULL, rating = NULL WHERE id = 2726276;
INSERT INTO l_recording_work (link, last_updated, entity1, entity0, edits_pending, id) VALUES (23865, '2011-01-18 17:15:33.876477+01', 2726276, 2726276, 0, 255756);
INSERT INTO work_name (name, id) VALUES ('Hey Boy Hey Girl', 127864);
INSERT INTO work (last_updated, language, name, edits_pending, artist_credit, comment, id, type, gid) VALUES (NULL, NULL, 127864, 0, NULL, '', 203492, NULL, 'b8f69869-f01d-384c-bd65-b67caed6d9ac');
UPDATE work_meta SET rating_count = NULL, rating = NULL WHERE id = 203492;
INSERT INTO l_recording_work (link, last_updated, entity1, entity0, edits_pending, id) VALUES (23865, '2011-01-18 17:15:33.876477+01', 203492, 1062699, 0, 223131);
INSERT INTO work_name (name, id) VALUES ('Top & Low Rent', 34313);
INSERT INTO work (last_updated, language, name, edits_pending, artist_credit, comment, id, type, gid) VALUES (NULL, NULL, 34313, 0, NULL, '', 1542683, NULL, '4290c4aa-f538-31d8-b502-cb01fc7fc5af');
UPDATE work_meta SET rating_count = NULL, rating = NULL WHERE id = 1542683;
INSERT INTO l_recording_work (link, last_updated, entity1, entity0, edits_pending, id) VALUES (23865, '2011-01-18 17:15:33.876477+01', 1542683, 1542683, 0, 120208);
INSERT INTO work_name (name, id) VALUES ('EXPECT', 46839);
INSERT INTO work (last_updated, language, name, edits_pending, artist_credit, comment, id, type, gid) VALUES (NULL, NULL, 46839, 0, NULL, '', 3622826, NULL, '7e78f281-52b4-315b-9d7b-6d215732f3d7');
UPDATE work_meta SET rating_count = NULL, rating = NULL WHERE id = 3622826;
INSERT INTO l_recording_work (link, last_updated, entity1, entity0, edits_pending, id) VALUES (23865, '2011-01-18 17:15:33.876477+01', 3622826, 3622826, 0, 51390);
INSERT INTO work_name (name, id) VALUES ('The Crunge', 33083);
INSERT INTO work (last_updated, language, name, edits_pending, artist_credit, comment, id, type, gid) VALUES (NULL, NULL, 33083, 0, NULL, '', 162923, NULL, 'a82877c0-dac9-3fd0-b9ff-46275e4fc84e');
UPDATE work_meta SET rating_count = NULL, rating = NULL WHERE id = 162923;
INSERT INTO l_recording_work (link, last_updated, entity1, entity0, edits_pending, id) VALUES (23865, '2011-01-18 17:15:33.876477+01', 162923, 162923, 0, 72207);
INSERT INTO work_name (name, id) VALUES ('The Song Remains the Same', 126775);
INSERT INTO work (last_updated, language, name, edits_pending, artist_credit, comment, id, type, gid) VALUES (NULL, NULL, 126775, 0, NULL, '', 162920, NULL, '5809ee86-2b4a-3dcb-ac6a-cfcf0d17e525');
UPDATE work_meta SET rating_count = NULL, rating = NULL WHERE id = 162920;
INSERT INTO l_recording_work (link, last_updated, entity1, entity0, edits_pending, id) VALUES (23865, '2011-01-18 17:15:33.876477+01', 162920, 160074, 0, 180364);
INSERT INTO work_name (name, id) VALUES ('D''yer Mak''er', 32525);
INSERT INTO work (last_updated, language, name, edits_pending, artist_credit, comment, id, type, gid) VALUES (NULL, NULL, 32525, 0, NULL, '', 162925, NULL, '75053bee-0f97-330d-98ce-6a454d52feb1');
UPDATE work_meta SET rating_count = NULL, rating = NULL WHERE id = 162925;
INSERT INTO l_recording_work (link, last_updated, entity1, entity0, edits_pending, id) VALUES (23865, '2011-01-18 17:15:33.876477+01', 162925, 162925, 0, 13295);
INSERT INTO work_name (name, id) VALUES ('Dear Diary', 7347);
INSERT INTO work (last_updated, language, name, edits_pending, artist_credit, comment, id, type, gid) VALUES (NULL, NULL, 7347, 0, NULL, '', 7905440, NULL, '2cd04f80-fbd7-343f-8499-bf0028f0f530');
UPDATE work_meta SET rating_count = NULL, rating = NULL WHERE id = 7905440;
INSERT INTO l_recording_work (link, last_updated, entity1, entity0, edits_pending, id) VALUES (23865, '2011-01-18 17:15:33.876477+01', 7905440, 7905440, 0, 102181);
INSERT INTO work_name (name, id) VALUES ('Under the Influence', 126899);
INSERT INTO work (last_updated, language, name, edits_pending, artist_credit, comment, id, type, gid) VALUES (NULL, NULL, 126899, 0, NULL, '', 2726272, NULL, '8b943176-4f67-3925-a26a-33f66649c438');
UPDATE work_meta SET rating_count = NULL, rating = NULL WHERE id = 2726272;
INSERT INTO l_recording_work (link, last_updated, entity1, entity0, edits_pending, id) VALUES (23865, '2011-01-18 17:15:33.876477+01', 2726272, 2726272, 0, 53184);
INSERT INTO work_name (name, id) VALUES ('Easy To Be Hard', 50590);
INSERT INTO work (last_updated, language, name, edits_pending, artist_credit, comment, id, type, gid) VALUES (NULL, NULL, 50590, 0, NULL, '', 3622830, NULL, '286ecfdd-2ffe-3bc7-b3e9-04cc8cea229b');
UPDATE work_meta SET rating_count = NULL, rating = NULL WHERE id = 3622830;
INSERT INTO l_recording_work (link, last_updated, entity1, entity0, edits_pending, id) VALUES (23865, '2011-01-18 17:15:33.876477+01', 3622830, 3622830, 0, 30381);
INSERT INTO work_name (name, id) VALUES ('OVER～across the time～', 176607);
INSERT INTO work (last_updated, language, name, edits_pending, artist_credit, comment, id, type, gid) VALUES (NULL, NULL, 176607, 0, NULL, '', 3622827, NULL, 'd2f1ea1f-de2e-3d0c-b534-e96377912478');
UPDATE work_meta SET rating_count = NULL, rating = NULL WHERE id = 3622827;
INSERT INTO l_recording_work (link, last_updated, entity1, entity0, edits_pending, id) VALUES (23865, '2011-01-18 17:15:33.876477+01', 3622827, 3622827, 0, 243421);
INSERT INTO work_name (name, id) VALUES ('The Greek Alphabet', 137699);
INSERT INTO work (last_updated, language, name, edits_pending, artist_credit, comment, id, type, gid) VALUES (NULL, NULL, 137699, 0, NULL, '', 1542687, NULL, 'f4f581d8-50e0-3886-bcd3-610187821bcd');
UPDATE work_meta SET rating_count = NULL, rating = NULL WHERE id = 1542687;
INSERT INTO l_recording_work (link, last_updated, entity1, entity0, edits_pending, id) VALUES (23865, '2011-01-18 17:15:33.876477+01', 1542687, 1542687, 0, 151402);
INSERT INTO work_name (name, id) VALUES ('Dream On', 192994);
INSERT INTO work (last_updated, language, name, edits_pending, artist_credit, comment, id, type, gid) VALUES (NULL, NULL, 192994, 0, NULL, '', 2726281, NULL, '61a259e3-8d3f-3982-a9f4-41e16488fecc');
UPDATE work_meta SET rating_count = NULL, rating = NULL WHERE id = 2726281;
INSERT INTO l_recording_work (link, last_updated, entity1, entity0, edits_pending, id) VALUES (23865, '2011-01-18 17:15:33.876477+01', 2726281, 2726281, 0, 251750);
INSERT INTO work_name (name, id) VALUES ('Bibi Plone', 98300);
INSERT INTO work (last_updated, language, name, edits_pending, artist_credit, comment, id, type, gid) VALUES (NULL, NULL, 98300, 0, NULL, '', 1542689, NULL, '3a62a9f7-1365-32aa-9da8-3e0ef1f2b0ca');
UPDATE work_meta SET rating_count = NULL, rating = NULL WHERE id = 1542689;
INSERT INTO l_recording_work (link, last_updated, entity1, entity0, edits_pending, id) VALUES (23865, '2011-01-18 17:15:33.876477+01', 1542689, 1542689, 0, 60385);
INSERT INTO work_name (name, id) VALUES ('Flashback', 59893);
INSERT INTO work (last_updated, language, name, edits_pending, artist_credit, comment, id, type, gid) VALUES (NULL, NULL, 59893, 0, NULL, '', 203493, NULL, '03c1ac6c-4eff-3df1-a3e7-ac9db55a45fa');
UPDATE work_meta SET rating_count = NULL, rating = NULL WHERE id = 203493;
INSERT INTO l_recording_work (link, last_updated, entity1, entity0, edits_pending, id) VALUES (23865, '2011-01-18 17:15:33.876477+01', 203493, 4844121, 0, 208511);
INSERT INTO work_name (name, id) VALUES ('HELLO! また会おうね (7人祭 version)', 186589);
INSERT INTO work (last_updated, language, name, edits_pending, artist_credit, comment, id, type, gid) VALUES (NULL, NULL, 186589, 0, NULL, '', 4223060, NULL, '0fd9dd5e-a5a4-3498-b68c-9f4c86fe674d');
UPDATE work_meta SET rating_count = NULL, rating = NULL WHERE id = 4223060;
INSERT INTO l_recording_work (link, last_updated, entity1, entity0, edits_pending, id) VALUES (23865, '2011-01-18 17:15:33.876477+01', 4223060, 4223060, 0, 172361);
INSERT INTO work_name (name, id) VALUES ('Orange Wedge', 191591);
INSERT INTO work (last_updated, language, name, edits_pending, artist_credit, comment, id, type, gid) VALUES (NULL, NULL, 191591, 0, NULL, '', 2726274, NULL, 'f64b38ee-4451-3b29-8551-05146764b5b9');
UPDATE work_meta SET rating_count = NULL, rating = NULL WHERE id = 2726274;
INSERT INTO l_recording_work (link, last_updated, entity1, entity0, edits_pending, id) VALUES (23865, '2011-01-18 17:15:33.876477+01', 2726274, 2726274, 0, 228828);
INSERT INTO work_name (name, id) VALUES ('Out of Control (Sasha remix)', 77731);
INSERT INTO work (last_updated, language, name, edits_pending, artist_credit, comment, id, type, gid) VALUES (NULL, NULL, 77731, 0, NULL, '', 1353888, NULL, '20146cdd-1179-3c25-897a-b30d76b2c980');
UPDATE work_meta SET rating_count = NULL, rating = NULL WHERE id = 1353888;
INSERT INTO l_recording_work (link, last_updated, entity1, entity0, edits_pending, id) VALUES (23865, '2011-01-18 17:15:33.876477+01', 1353888, 4844123, 0, 218392);
INSERT INTO work_name (name, id) VALUES ('SOME DAY ONE DAY )', 167045);
INSERT INTO work (last_updated, language, name, edits_pending, artist_credit, comment, id, type, gid) VALUES (NULL, NULL, 167045, 0, NULL, '', 3622822, NULL, '4b6a46c2-a904-3471-9bff-3942d4549f47');
UPDATE work_meta SET rating_count = NULL, rating = NULL WHERE id = 3622822;
INSERT INTO l_recording_work (link, last_updated, entity1, entity0, edits_pending, id) VALUES (23865, '2011-01-18 17:15:33.876477+01', 3622822, 3622822, 0, 2172);
INSERT INTO work_name (name, id) VALUES ('The Ocean', 88984);
INSERT INTO work (last_updated, language, name, edits_pending, artist_credit, comment, id, type, gid) VALUES (NULL, NULL, 88984, 0, NULL, '', 162927, NULL, '4a665e41-2598-346b-940c-417b9750321b');
UPDATE work_meta SET rating_count = NULL, rating = NULL WHERE id = 162927;
INSERT INTO l_recording_work (link, last_updated, entity1, entity0, edits_pending, id) VALUES (23865, '2011-01-18 17:15:33.876477+01', 162927, 162927, 0, 245715);
INSERT INTO work_name (name, id) VALUES ('Milky Way 〜君の歌〜', 4596);
INSERT INTO work (last_updated, language, name, edits_pending, artist_credit, comment, id, type, gid) VALUES (NULL, NULL, 4596, 0, NULL, '', 3584196, NULL, '50c07b24-7ee2-31ac-ab87-f0d399011c71');
UPDATE work_meta SET rating_count = NULL, rating = NULL WHERE id = 3584196;
INSERT INTO work_name (name, id) VALUES ('Milky Way-君の歌-', 176606);
INSERT INTO work (last_updated, language, name, edits_pending, artist_credit, comment, id, type, gid) VALUES (NULL, NULL, 176606, 0, NULL, '', 3622832, NULL, '511f5124-c0ae-3386-bb76-4b6521498a68');
UPDATE work_meta SET rating_count = NULL, rating = NULL WHERE id = 3622832;
INSERT INTO l_recording_work (link, last_updated, entity1, entity0, edits_pending, id) VALUES (23865, '2011-01-18 17:15:33.876477+01', 3584196, 3584196, 0, 249614);
INSERT INTO l_recording_work (link, last_updated, entity1, entity0, edits_pending, id) VALUES (23865, '2011-01-18 17:15:33.876477+01', 3622832, 3584196, 0, 99903);
INSERT INTO work_name (name, id) VALUES ('The Rain Song', 185832);
INSERT INTO work (last_updated, language, name, edits_pending, artist_credit, comment, id, type, gid) VALUES (NULL, NULL, 185832, 0, NULL, '', 162921, NULL, '63d9b409-0d18-3917-9daf-ef1dec0992f0');
UPDATE work_meta SET rating_count = NULL, rating = NULL WHERE id = 162921;
INSERT INTO l_recording_work (link, last_updated, entity1, entity0, edits_pending, id) VALUES (23865, '2011-01-18 17:15:33.876477+01', 162921, 162921, 0, 207495);
INSERT INTO work_name (name, id) VALUES ('Let Forever Be', 56232);
INSERT INTO work (last_updated, language, name, edits_pending, artist_credit, comment, id, type, gid) VALUES (NULL, NULL, 56232, 0, NULL, '', 211564, NULL, 'd132b1b7-3432-38e1-9e2d-5e5fa319fe8a');
UPDATE work_meta SET rating_count = NULL, rating = NULL WHERE id = 211564;
INSERT INTO l_recording_work (link, last_updated, entity1, entity0, edits_pending, id) VALUES (23865, '2011-01-18 17:15:33.876477+01', 211564, 2726275, 0, 8120);
INSERT INTO work_name (name, id) VALUES ('Asleep From Day', 80234);
INSERT INTO work (last_updated, language, name, edits_pending, artist_credit, comment, id, type, gid) VALUES (NULL, NULL, 80234, 0, NULL, '', 2726277, NULL, 'c473ece7-4858-3f4f-9d7a-a1e026400887');
UPDATE work_meta SET rating_count = NULL, rating = NULL WHERE id = 2726277;
INSERT INTO l_recording_work (link, last_updated, entity1, entity0, edits_pending, id) VALUES (23865, '2011-01-18 17:15:33.876477+01', 2726277, 2726277, 0, 230405);
INSERT INTO url (last_updated, url, edits_pending, id, gid) VALUES ('2011-01-18 17:23:38+01', 'http://en.wikipedia.org/wiki/The_Love_Bug_(song)', 0, 615313, '5e766c4e-16dd-47f2-b032-d96ef23c0cf1');
INSERT INTO link_type (priority, last_updated, parent, name, description, short_link_phrase, link_phrase, entity_type1, entity_type0, id, reverse_link_phrase, child_order, gid) VALUES (0, '2011-01-18 16:31:00.495651+01', NULL, 'other databases', '', 'other databases', 'other databases', 'url', 'release_group', 101, 'other databases', 3, '87d1e331-d265-3e73-b98c-6f3cb69f07a4');
INSERT INTO link_type (priority, last_updated, parent, name, description, short_link_phrase, link_phrase, entity_type1, entity_type0, id, reverse_link_phrase, child_order, gid) VALUES (0, '2011-01-18 16:31:00.495651+01', 101, 'wikipedia', 'Points to the Wikipedia page for this album. (<a href="http://musicbrainz.org/doc/Wikipedia_Relationship_Type">Details</a>)', 'wikipedia', 'Wikipedia', 'url', 'release_group', 94, 'Wikipedia page for', 0, '6578f0e9-1ace-4095-9de8-6e517ddb1ceb');
INSERT INTO link (begin_date_day, attribute_count, begin_date_year, created, link_type, ended, end_date_day, begin_date_month, end_date_month, id, end_date_year) VALUES (NULL, 0, NULL, '2011-01-18 16:31:00.495651+01', 94, '0', NULL, NULL, NULL, 6067, NULL);
INSERT INTO url (last_updated, url, edits_pending, id, gid) VALUES ('2011-01-18 17:23:38+01', 'http://ja.wikipedia.org/wiki/The_Love_Bug', 0, 615327, 'dff9a8ca-2029-4818-92d4-d45b91484b0a');
INSERT INTO l_release_group_url (link, last_updated, entity1, entity0, edits_pending, id) VALUES (6067, '2011-01-18 17:23:37.789736+01', 615313, 403214, 0, 4356);
INSERT INTO l_release_group_url (link, last_updated, entity1, entity0, edits_pending, id) VALUES (6067, '2011-01-18 17:23:37.789736+01', 615327, 403214, 0, 4613);
INSERT INTO url (last_updated, url, edits_pending, id, gid) VALUES ('2011-01-18 17:23:38+01', 'http://en.wikipedia.org/wiki/For_Beginner_Piano', 0, 151488, '886cd436-d599-4d7f-8f78-fb5b45334176');
INSERT INTO l_release_group_url (link, last_updated, entity1, entity0, edits_pending, id) VALUES (6067, '2011-01-18 17:23:37.789736+01', 151488, 155364, 0, 35912);
INSERT INTO url (last_updated, url, edits_pending, id, gid) VALUES ('2011-01-18 17:23:38+01', 'http://en.wikipedia.org/wiki/Live_at_the_Regal', 0, 525896, 'e843fd70-8000-4710-b5ba-1a0a7da71e6e');
INSERT INTO l_release_group_url (link, last_updated, entity1, entity0, edits_pending, id) VALUES (6067, '2011-01-18 17:23:37.789736+01', 525896, 87135, 0, 36214);
INSERT INTO url (last_updated, url, edits_pending, id, gid) VALUES ('2011-01-18 17:23:38+01', 'http://en.wikipedia.org/wiki/Surrender_(The_Chemical_Brothers_album)', 0, 118623, '844bbc95-cfad-4a03-a152-b465e76a0f92');
INSERT INTO l_release_group_url (link, last_updated, entity1, entity0, edits_pending, id) VALUES (6067, '2011-01-18 17:23:37.789736+01', 118623, 724150, 0, 40271);
INSERT INTO url (last_updated, url, edits_pending, id, gid) VALUES ('2011-01-18 17:23:38+01', 'http://en.wikipedia.org/wiki/Love_and_Honesty', 0, 263365, '75f62298-a981-4264-a042-035cb305082e');
INSERT INTO url (last_updated, url, edits_pending, id, gid) VALUES ('2011-01-18 17:23:38+01', 'http://ja.wikipedia.org/wiki/LOVE_%26_HONESTY', 0, 639380, '80761c4e-e004-4a92-94a6-164047125e53');
INSERT INTO url (last_updated, url, edits_pending, id, gid) VALUES ('2011-01-18 17:23:38+01', 'http://www.discogs.com/master/11418', 0, 639381, '1f2cc313-4b57-44af-95b2-fe8154840c4e');
INSERT INTO link_type (priority, last_updated, parent, name, description, short_link_phrase, link_phrase, entity_type1, entity_type0, id, reverse_link_phrase, child_order, gid) VALUES (0, '2011-01-18 16:31:00.495651+01', 101, 'discogs', 'Points to the Discogs page for this album. Always use the domain <code>www.discogs.com</code> and no genre subdomains. (<a href="http://musicbrainz.org/doc/Discogs_Relationship_Type">Details</a>)', 'discogs', 'has a Discogs page at', 'url', 'release_group', 95, 'is a Discogs page for', 1, '09086c52-8b3b-3894-a8d5-6178e71b62f6');
INSERT INTO link (begin_date_day, attribute_count, begin_date_year, created, link_type, ended, end_date_day, begin_date_month, end_date_month, id, end_date_year) VALUES (NULL, 0, NULL, '2011-01-18 16:31:00.495651+01', 95, '0', NULL, NULL, NULL, 6073, NULL);
INSERT INTO l_release_group_url (link, last_updated, entity1, entity0, edits_pending, id) VALUES (6067, '2011-01-18 17:23:37.789736+01', 263365, 326504, 0, 149);
INSERT INTO l_release_group_url (link, last_updated, entity1, entity0, edits_pending, id) VALUES (6067, '2011-01-18 17:23:37.789736+01', 639380, 326504, 0, 4774);
INSERT INTO l_release_group_url (link, last_updated, entity1, entity0, edits_pending, id) VALUES (6073, '2011-01-18 17:23:37.789736+01', 639381, 326504, 0, 4913);
INSERT INTO url (last_updated, url, edits_pending, id, gid) VALUES ('2011-01-18 17:23:38+01', 'http://en.wikipedia.org/wiki/Recipe_for_Hate', 0, 148612, 'f395dbeb-f15a-4083-b825-56d5445a885f');
INSERT INTO l_release_group_url (link, last_updated, entity1, entity0, edits_pending, id) VALUES (6067, '2011-01-18 17:23:37.789736+01', 148612, 47743, 0, 37131);
INSERT INTO url (last_updated, url, edits_pending, id, gid) VALUES ('2011-01-18 17:23:38+01', 'http://en.wikipedia.org/wiki/Houses_of_the_Holy', 0, 8714, '8ceabec6-1705-4c8f-b112-e51df55b9ded');
INSERT INTO l_release_group_url (link, last_updated, entity1, entity0, edits_pending, id) VALUES (6067, '2011-01-18 17:23:37.789736+01', 8714, 18759, 0, 45144);
INSERT INTO link_type (priority, last_updated, parent, name, description, short_link_phrase, link_phrase, entity_type1, entity_type0, id, reverse_link_phrase, child_order, gid) VALUES (0, '2011-01-18 16:31:00.495651+01', NULL, 'covers and versions ', '', 'covers and versions ', 'covers or other versions ', 'release', 'release', 7, 'covers or other versions', 0, '3676d4aa-2fa7-435f-b83f-cdbbe4740938');
INSERT INTO link_type (priority, last_updated, parent, name, description, short_link_phrase, link_phrase, entity_type1, entity_type0, id, reverse_link_phrase, child_order, gid) VALUES (0, '2011-01-18 16:31:00.495651+01', 7, 'transl-tracklisting', 'Indicates that an album has translated or transliterated titles on another album release. This relationship does not indicate a cover where the lyrics have been translated (that should be indicated with "cover" instead, although both relationships could apply in some cases). This relationship should only be used when the number, order, and audio of the tracks on the two albums are identical, and each of the titles corresponds in meaning. (<a href="http://musicbrainz.org/doc/Translation_Transliteration_Relationship_Type">Details</a>)', 'transl-tracklisting', 'transl{transliterated:iter}ated track listings', 'release', 'release', 4, 'transl{transliterated:iter}ated track listing of', 5, 'fc399d47-23a7-4c28-bfcf-0607a562b644');
INSERT INTO link_attribute_type (last_updated, parent, name, description, id, root, child_order, gid) VALUES ('2011-01-18 16:31:00.495651+01', NULL, 'transliterated', 'Transliterated track listings don''t change the language, just the script or spelling.', 477, 477, 1, 'a74533a5-ed6c-4b30-9519-43a449872f9d');
INSERT INTO link_type_attribute_type (link_type, last_updated, attribute_type, min, max) VALUES (4, '2011-01-18 16:31:00.495651+01', 477, 0, 1);
INSERT INTO link (begin_date_day, attribute_count, begin_date_year, created, link_type, ended, end_date_day, begin_date_month, end_date_month, id, end_date_year) VALUES (NULL, 1, NULL, '2011-01-18 16:31:00.495651+01', 4, '0', NULL, NULL, NULL, 4, NULL);
INSERT INTO link_attribute (created, link, attribute_type) VALUES ('2011-01-18 16:31:00.495651+01', 4, 477);
INSERT INTO l_release_release (link, last_updated, entity1, entity0, edits_pending, id) VALUES (4, '2011-01-18 16:52:02.917556+01', 123054, 49161, 0, 4671);
INSERT INTO l_release_release (link, last_updated, entity1, entity0, edits_pending, id) VALUES (4, '2011-01-18 16:52:02.917556+01', 4675, 558940, 0, 23136);
INSERT INTO l_release_release (link, last_updated, entity1, entity0, edits_pending, id) VALUES (4, '2011-01-18 16:52:02.917556+01', 4675, 59312, 0, 23137);
INSERT INTO url (last_updated, url, edits_pending, id, gid) VALUES ('2011-01-18 17:23:38+01', 'http://www.discogs.com/release/1932055', 0, 718203, '4d86da00-edf1-4f5d-8e8e-ccd3c2cb81ad');
INSERT INTO link_type (priority, last_updated, parent, name, description, short_link_phrase, link_phrase, entity_type1, entity_type0, id, reverse_link_phrase, child_order, gid) VALUES (0, '2011-01-18 16:31:00.495651+01', NULL, 'other databases', '', 'other databases', 'other databases', 'url', 'release', 87, 'other databases', 3, 'c74dee45-3c85-41e9-a804-92ab1c654446');
INSERT INTO link_type (priority, last_updated, parent, name, description, short_link_phrase, link_phrase, entity_type1, entity_type0, id, reverse_link_phrase, child_order, gid) VALUES (0, '2011-01-18 16:31:00.495651+01', 87, 'discogs', 'Points to the Discogs page for this album. Always use the domain <code>www.discogs.com</code> and no genre subdomains. (<a href="http://musicbrainz.org/doc/Discogs_Relationship_Type">Details</a>)', 'discogs', 'Discogs', 'url', 'release', 77, 'Discogs page for', 1, '4a78823c-1c53-4176-a5f3-58026c76f2bc');
INSERT INTO link (begin_date_day, attribute_count, begin_date_year, created, link_type, ended, end_date_day, begin_date_month, end_date_month, id, end_date_year) VALUES (NULL, 0, NULL, '2011-01-18 16:31:00.495651+01', 77, '0', NULL, NULL, NULL, 6065, NULL);
INSERT INTO l_release_url (link, last_updated, entity1, entity0, edits_pending, id) VALUES (6065, '2011-01-18 17:23:37.789736+01', 718203, 596488, 0, 317263);
INSERT INTO url (last_updated, url, edits_pending, id, gid) VALUES ('2011-01-18 17:23:38+01', 'http://www.amazon.com/gp/product/B000002J0B', 0, 198087, '00b52c9c-c175-4e59-8eae-66ee1c367fac');
INSERT INTO link_type (priority, last_updated, parent, name, description, short_link_phrase, link_phrase, entity_type1, entity_type0, id, reverse_link_phrase, child_order, gid) VALUES (0, '2011-01-18 16:31:00.495651+01', NULL, 'Affiliate links', '', 'Affiliate links', 'links to affiliates', 'url', 'release', 86, 'links to affiliates', 0, '7c5c80e8-ed3a-4c9d-96bb-1131cdecb89d');
INSERT INTO link_type (priority, last_updated, parent, name, description, short_link_phrase, link_phrase, entity_type1, entity_type0, id, reverse_link_phrase, child_order, gid) VALUES (0, '2011-01-18 16:31:00.495651+01', 86, 'amazon asin', 'This link type is used for Amazon ASINs. This allows users to link to the Amazon pages to show the right cover art if MusicBrainz does not have the right ASIN link already. <p/> Paste any URL to any Amazon product page that contains an Amazon ASIN and the ASIN will be parsed from that URL. (<a href="http://musicbrainz.org/doc/Amazon_Relationship_Type">Details</a>)', 'amazon asin', 'ASIN', 'url', 'release', 81, 'ASIN', 0, '4f2e710d-166c-480c-a293-2e2c8d658d87');
INSERT INTO link (begin_date_day, attribute_count, begin_date_year, created, link_type, ended, end_date_day, begin_date_month, end_date_month, id, end_date_year) VALUES (NULL, 0, NULL, '2011-01-18 16:31:00.495651+01', 81, '0', NULL, NULL, NULL, 6064, NULL);
INSERT INTO url (last_updated, url, edits_pending, id, gid) VALUES ('2011-01-18 17:23:38+01', 'http://www.discogs.com/release/395727', 0, 431688, '2453d00f-78b8-4a08-82ac-0300d4f1499e');
INSERT INTO url (last_updated, url, edits_pending, id, gid) VALUES ('2011-01-18 17:23:38+01', 'http://www.discogs.com/release/1170216', 0, 672191, 'dd4330ed-d9d8-4463-b06e-01aaccb2e30a');
INSERT INTO url (last_updated, url, edits_pending, id, gid) VALUES ('2011-01-18 17:23:38+01', 'http://www.discogs.com/release/577498', 0, 727332, 'e0500ac3-f90c-43db-92fc-85fbd3f12b04');
INSERT INTO l_release_url (link, last_updated, entity1, entity0, edits_pending, id) VALUES (6064, '2011-01-18 17:23:37.789736+01', 198087, 601118, 0, 187319);
INSERT INTO l_release_url (link, last_updated, entity1, entity0, edits_pending, id) VALUES (6065, '2011-01-18 17:23:37.789736+01', 431688, 601118, 0, 75387);
INSERT INTO l_release_url (link, last_updated, entity1, entity0, edits_pending, id) VALUES (6065, '2011-01-18 17:23:37.789736+01', 672191, 601118, 0, 271892);
INSERT INTO l_release_url (link, last_updated, entity1, entity0, edits_pending, id) VALUES (6065, '2011-01-18 17:23:37.789736+01', 727332, 601118, 0, 256226);
INSERT INTO url (last_updated, url, edits_pending, id, gid) VALUES ('2011-01-18 17:23:38+01', 'http://www.amazon.co.uk/gp/product/B00000JKRG', 0, 415535, 'acde4783-92da-4d5a-bc2a-248985710b9e');
INSERT INTO url (last_updated, url, edits_pending, id, gid) VALUES ('2011-01-18 17:23:38+01', 'http://www.discogs.com/release/9132', 0, 415537, '0cff5556-c152-4b98-b2a5-0a105e462069');
INSERT INTO l_release_url (link, last_updated, entity1, entity0, edits_pending, id) VALUES (6064, '2011-01-18 17:23:37.789736+01', 415535, 400930, 0, 413582);
INSERT INTO l_release_url (link, last_updated, entity1, entity0, edits_pending, id) VALUES (6065, '2011-01-18 17:23:37.789736+01', 415537, 400930, 0, 414387);
INSERT INTO l_release_url (link, last_updated, entity1, entity0, edits_pending, id) VALUES (6065, '2011-01-18 17:23:37.789736+01', 718203, 596489, 0, 317264);
INSERT INTO url (last_updated, url, edits_pending, id, gid) VALUES ('2011-01-18 17:23:38+01', 'http://www.discogs.com/release/388694', 0, 336227, 'd50a6a58-837e-4d6f-80fb-921bc637f31c');
INSERT INTO l_release_url (link, last_updated, entity1, entity0, edits_pending, id) VALUES (6065, '2011-01-18 17:23:37.789736+01', 336227, 372913, 0, 367851);
INSERT INTO l_release_url (link, last_updated, entity1, entity0, edits_pending, id) VALUES (6065, '2011-01-18 17:23:37.789736+01', 718203, 596492, 0, 317267);
INSERT INTO l_release_url (link, last_updated, entity1, entity0, edits_pending, id) VALUES (6065, '2011-01-18 17:23:37.789736+01', 431688, 630919, 0, 75394);
INSERT INTO l_release_url (link, last_updated, entity1, entity0, edits_pending, id) VALUES (6065, '2011-01-18 17:23:37.789736+01', 672191, 630919, 0, 271899);
INSERT INTO l_release_url (link, last_updated, entity1, entity0, edits_pending, id) VALUES (6065, '2011-01-18 17:23:37.789736+01', 727332, 630919, 0, 256233);
INSERT INTO l_release_url (link, last_updated, entity1, entity0, edits_pending, id) VALUES (6065, '2011-01-18 17:23:37.789736+01', 431688, 479654, 0, 75395);
INSERT INTO l_release_url (link, last_updated, entity1, entity0, edits_pending, id) VALUES (6065, '2011-01-18 17:23:37.789736+01', 672191, 479654, 0, 271900);
INSERT INTO l_release_url (link, last_updated, entity1, entity0, edits_pending, id) VALUES (6065, '2011-01-18 17:23:37.789736+01', 727332, 479654, 0, 256234);
INSERT INTO url (last_updated, url, edits_pending, id, gid) VALUES ('2011-01-18 17:23:38+01', 'http://www.amazon.co.uk/gp/product/B001IKWNCE', 0, 748185, '5855c1ff-5a05-4f32-a7c7-cbf83758fae0');
INSERT INTO url (last_updated, url, edits_pending, id, gid) VALUES ('2011-01-18 17:23:38+01', 'http://www.discogs.com/release/1541060', 0, 748186, '239d7a4e-6c19-43e5-8493-875badf02246');
INSERT INTO l_release_url (link, last_updated, entity1, entity0, edits_pending, id) VALUES (6064, '2011-01-18 17:23:37.789736+01', 748185, 446581, 0, 227728);
INSERT INTO l_release_url (link, last_updated, entity1, entity0, edits_pending, id) VALUES (6065, '2011-01-18 17:23:37.789736+01', 748186, 446581, 0, 227877);
INSERT INTO url (last_updated, url, edits_pending, id, gid) VALUES ('2011-01-18 17:23:38+01', 'http://www.discogs.com/release/229361', 0, 323033, '8d192e68-5b82-4d40-a185-0f12f1a6d772');
INSERT INTO l_release_url (link, last_updated, entity1, entity0, edits_pending, id) VALUES (6065, '2011-01-18 17:23:37.789736+01', 323033, 361465, 0, 7868);
INSERT INTO url (last_updated, url, edits_pending, id, gid) VALUES ('2011-01-18 17:23:38+01', 'http://www.amazon.co.uk/gp/product/B00000GAII', 0, 464482, '5b84fdc3-2247-4835-a31f-d898261fe05f');
INSERT INTO l_release_url (link, last_updated, entity1, entity0, edits_pending, id) VALUES (6064, '2011-01-18 17:23:37.789736+01', 464482, 442242, 0, 93030);
INSERT INTO url (last_updated, url, edits_pending, id, gid) VALUES ('2011-01-18 17:23:38+01', 'http://www.amazon.co.uk/gp/product/B00000J8EK', 0, 219565, 'a2deb60a-7833-4bf2-abfd-bcf3b02a313a');
INSERT INTO url (last_updated, url, edits_pending, id, gid) VALUES ('2011-01-18 17:23:38+01', 'http://www.discogs.com/release/136452', 0, 219569, '76f18f41-5ed1-4d6f-bfbe-1a5a1d5d51ad');
INSERT INTO url (last_updated, url, edits_pending, id, gid) VALUES ('2011-01-18 17:23:38+01', 'http://www.discogs.com/release/6390', 0, 293952, '38afae11-d1ea-4378-8d70-3a979b52c2a8');
INSERT INTO l_release_url (link, last_updated, entity1, entity0, edits_pending, id) VALUES (6064, '2011-01-18 17:23:37.789736+01', 219565, 19969, 0, 143706);
INSERT INTO l_release_url (link, last_updated, entity1, entity0, edits_pending, id) VALUES (6065, '2011-01-18 17:23:37.789736+01', 219569, 19969, 0, 143553);
INSERT INTO l_release_url (link, last_updated, entity1, entity0, edits_pending, id) VALUES (6065, '2011-01-18 17:23:37.789736+01', 293952, 19969, 0, 105179);
INSERT INTO url (last_updated, url, edits_pending, id, gid) VALUES ('2011-01-18 17:23:38+01', 'http://www.amazon.com/gp/product/B000002P72', 0, 355925, 'ffb35cb5-2d7c-4fe2-8d67-c35ab7135793');
INSERT INTO l_release_url (link, last_updated, entity1, entity0, edits_pending, id) VALUES (6064, '2011-01-18 17:23:37.789736+01', 355925, 207481, 0, 352360);
INSERT INTO l_release_url (link, last_updated, entity1, entity0, edits_pending, id) VALUES (6065, '2011-01-18 17:23:37.789736+01', 718203, 207481, 0, 317261);
INSERT INTO l_release_url (link, last_updated, entity1, entity0, edits_pending, id) VALUES (6065, '2011-01-18 17:23:37.789736+01', 431688, 441328, 0, 75389);
INSERT INTO l_release_url (link, last_updated, entity1, entity0, edits_pending, id) VALUES (6065, '2011-01-18 17:23:37.789736+01', 672191, 441328, 0, 271894);
INSERT INTO l_release_url (link, last_updated, entity1, entity0, edits_pending, id) VALUES (6065, '2011-01-18 17:23:37.789736+01', 727332, 441328, 0, 256228);
INSERT INTO url (last_updated, url, edits_pending, id, gid) VALUES ('2011-01-18 17:23:38+01', 'http://www.discogs.com/release/30895', 0, 151497, 'b8dcbe2e-95ed-433e-9f70-3ec373ea19b0');
INSERT INTO url (last_updated, url, edits_pending, id, gid) VALUES ('2011-01-18 17:23:38+01', 'http://www.discogs.com/release/1722', 0, 177282, 'decacbb6-c2d7-4d07-8576-fd60f2392fc0');
INSERT INTO url (last_updated, url, edits_pending, id, gid) VALUES ('2011-01-18 17:23:38+01', 'http://www.amazon.com/gp/product/B00001IVAI', 0, 366634, '4bd8ba69-ac05-444d-be17-4ea037f5d09f');
INSERT INTO url (last_updated, url, edits_pending, id, gid) VALUES ('2011-01-18 17:23:38+01', 'http://www.discogs.com/release/30896', 0, 697220, '9bd7cece-05e3-438b-a2a1-070f8a829ed5');
INSERT INTO l_release_url (link, last_updated, entity1, entity0, edits_pending, id) VALUES (6065, '2011-01-18 17:23:37.789736+01', 151497, 24752, 0, 308465);
INSERT INTO l_release_url (link, last_updated, entity1, entity0, edits_pending, id) VALUES (6065, '2011-01-18 17:23:37.789736+01', 177282, 24752, 0, 248391);
INSERT INTO l_release_url (link, last_updated, entity1, entity0, edits_pending, id) VALUES (6064, '2011-01-18 17:23:37.789736+01', 366634, 24752, 0, 367276);
INSERT INTO l_release_url (link, last_updated, entity1, entity0, edits_pending, id) VALUES (6065, '2011-01-18 17:23:37.789736+01', 697220, 24752, 0, 412426);
INSERT INTO url (last_updated, url, edits_pending, id, gid) VALUES ('2011-01-18 17:23:38+01', 'http://www.discogs.com/release/557777', 0, 283347, '63e0c87e-f997-4e36-b995-d65c504e067e');
INSERT INTO l_release_url (link, last_updated, entity1, entity0, edits_pending, id) VALUES (6065, '2011-01-18 17:23:37.789736+01', 283347, 329521, 0, 431090);
INSERT INTO url (last_updated, url, edits_pending, id, gid) VALUES ('2011-01-18 17:23:38+01', 'http://www.amazon.co.jp/gp/product/B0000YGBSG', 0, 80267, '06b2ffd2-a4b6-492d-a598-583e8816353f');
INSERT INTO l_release_url (link, last_updated, entity1, entity0, edits_pending, id) VALUES (6064, '2011-01-18 17:23:37.789736+01', 80267, 4675, 0, 495908);
INSERT INTO url (last_updated, url, edits_pending, id, gid) VALUES ('2011-01-18 17:23:38+01', 'http://www.discogs.com/release/1480', 0, 172029, 'c428631a-30c2-4d22-95e9-6de3934d196f');
INSERT INTO l_release_url (link, last_updated, entity1, entity0, edits_pending, id) VALUES (6065, '2011-01-18 17:23:37.789736+01', 172029, 238598, 0, 262661);
INSERT INTO l_release_url (link, last_updated, entity1, entity0, edits_pending, id) VALUES (6065, '2011-01-18 17:23:37.789736+01', 219569, 748905, 0, 143555);
INSERT INTO l_release_url (link, last_updated, entity1, entity0, edits_pending, id) VALUES (6065, '2011-01-18 17:23:37.789736+01', 293952, 748905, 0, 105181);
INSERT INTO url (last_updated, url, edits_pending, id, gid) VALUES ('2011-01-18 17:23:38+01', 'http://www.amazon.co.jp/gp/product/B0001FAD2O', 0, 573314, '02c14af2-5ce0-41ca-acd7-ee9913692558');
INSERT INTO l_release_url (link, last_updated, entity1, entity0, edits_pending, id) VALUES (6064, '2011-01-18 17:23:37.789736+01', 573314, 59662, 0, 22747);
INSERT INTO l_release_url (link, last_updated, entity1, entity0, edits_pending, id) VALUES (6065, '2011-01-18 17:23:37.789736+01', 219569, 31689, 0, 143556);
INSERT INTO l_release_url (link, last_updated, entity1, entity0, edits_pending, id) VALUES (6065, '2011-01-18 17:23:37.789736+01', 293952, 31689, 0, 105182);
INSERT INTO l_release_url (link, last_updated, entity1, entity0, edits_pending, id) VALUES (6065, '2011-01-18 17:23:37.789736+01', 718203, 580942, 0, 317262);
INSERT INTO url (last_updated, url, edits_pending, id, gid) VALUES ('2011-01-18 17:23:38+01', 'http://www.amazon.co.jp/gp/product/B00005LA6G', 0, 71412, '463210f0-8e30-4601-8189-bc29c17a8498');
INSERT INTO l_release_url (link, last_updated, entity1, entity0, edits_pending, id) VALUES (6064, '2011-01-18 17:23:37.789736+01', 71412, 49161, 0, 15028);
INSERT INTO url (last_updated, url, edits_pending, id, gid) VALUES ('2011-01-18 17:23:38+01', 'http://www.discogs.com/release/388320', 0, 148610, '4ca59a36-fdb2-4920-bce3-7cdc3b4e9b88');
INSERT INTO url (last_updated, url, edits_pending, id, gid) VALUES ('2011-01-18 17:23:38+01', 'http://www.amazon.com/gp/product/B000002IX5', 0, 148611, '9b32097b-09e8-48a8-a43f-544bdec3558a');
INSERT INTO url (last_updated, url, edits_pending, id, gid) VALUES ('2011-01-18 17:23:38+01', 'http://musicmoz.org/Bands_and_Artists/B/Bad_Religion/Discography/Recipe_For_Hate/', 0, 612805, 'a2fe1e6d-700e-4d68-b30e-56d8d64779e7');
INSERT INTO link_type (priority, last_updated, parent, name, description, short_link_phrase, link_phrase, entity_type1, entity_type0, id, reverse_link_phrase, child_order, gid) VALUES (0, '2011-01-18 16:31:00.495651+01', 87, 'musicmoz', 'Points to the MusicMoz page for this album. (<a href="http://musicbrainz.org/doc/MusicMoz_Relationship_Type">Details</a>)', 'musicmoz', 'MusicMoz', 'url', 'release', 78, 'MusicMoz page for', 2, 'd111c58d-0d9b-4675-99c1-ddc5a8e01847');
INSERT INTO link (begin_date_day, attribute_count, begin_date_year, created, link_type, ended, end_date_day, begin_date_month, end_date_month, id, end_date_year) VALUES (NULL, 0, NULL, '2011-01-18 16:31:00.495651+01', 78, '0', NULL, NULL, NULL, 6076, NULL);
INSERT INTO l_release_url (link, last_updated, entity1, entity0, edits_pending, id) VALUES (6065, '2011-01-18 17:23:37.789736+01', 148610, 32094, 0, 322283);
INSERT INTO l_release_url (link, last_updated, entity1, entity0, edits_pending, id) VALUES (6064, '2011-01-18 17:23:37.789736+01', 148611, 32094, 0, 85985);
INSERT INTO l_release_url (link, last_updated, entity1, entity0, edits_pending, id) VALUES (6076, '2011-01-18 17:23:37.789736+01', 612805, 32094, 0, 122520);
INSERT INTO l_release_url (link, last_updated, entity1, entity0, edits_pending, id) VALUES (6065, '2011-01-18 17:23:37.789736+01', 151497, 243064, 0, 308463);
INSERT INTO l_release_url (link, last_updated, entity1, entity0, edits_pending, id) VALUES (6065, '2011-01-18 17:23:37.789736+01', 177282, 243064, 0, 248389);
INSERT INTO l_release_url (link, last_updated, entity1, entity0, edits_pending, id) VALUES (6064, '2011-01-18 17:23:37.789736+01', 366634, 243064, 0, 367275);
INSERT INTO l_release_url (link, last_updated, entity1, entity0, edits_pending, id) VALUES (6065, '2011-01-18 17:23:37.789736+01', 697220, 243064, 0, 412424);
INSERT INTO l_release_url (link, last_updated, entity1, entity0, edits_pending, id) VALUES (6065, '2011-01-18 17:23:37.789736+01', 431688, 12998, 0, 75393);
INSERT INTO l_release_url (link, last_updated, entity1, entity0, edits_pending, id) VALUES (6065, '2011-01-18 17:23:37.789736+01', 672191, 12998, 0, 271898);
INSERT INTO l_release_url (link, last_updated, entity1, entity0, edits_pending, id) VALUES (6065, '2011-01-18 17:23:37.789736+01', 727332, 12998, 0, 256232);
INSERT INTO l_release_url (link, last_updated, entity1, entity0, edits_pending, id) VALUES (6064, '2011-01-18 17:23:37.789736+01', 198087, 278984, 0, 187320);
INSERT INTO l_release_url (link, last_updated, entity1, entity0, edits_pending, id) VALUES (6065, '2011-01-18 17:23:37.789736+01', 431688, 278984, 0, 75388);
INSERT INTO l_release_url (link, last_updated, entity1, entity0, edits_pending, id) VALUES (6065, '2011-01-18 17:23:37.789736+01', 672191, 278984, 0, 271893);
INSERT INTO l_release_url (link, last_updated, entity1, entity0, edits_pending, id) VALUES (6065, '2011-01-18 17:23:37.789736+01', 727332, 278984, 0, 256227);
INSERT INTO link_type (priority, last_updated, parent, name, description, short_link_phrase, link_phrase, entity_type1, entity_type0, id, reverse_link_phrase, child_order, gid) VALUES (0, '2011-01-18 16:31:00.495651+01', NULL, 'get the music ', '', 'get the music ', 'get the music ', 'url', 'release', 85, 'get the music', 2, '759935d6-c9c6-4362-8978-2f0d46d67deb');
INSERT INTO link_type (priority, last_updated, parent, name, description, short_link_phrase, link_phrase, entity_type1, entity_type0, id, reverse_link_phrase, child_order, gid) VALUES (0, '2011-01-18 16:31:00.495651+01', 85, 'purchase for mail-order', 'Indicates a webpage where you can purchase an album for mail-order. (<a href="http://musicbrainz.org/doc/Mail_Order_Relationship_Type">Details</a>)', 'purchase for mail-order', 'purchase for mail-order', 'url', 'release', 83, 'mail-order purchase page for', 0, '3ee51e05-a06a-415e-b40c-b3f740dedfd7');
INSERT INTO link (begin_date_day, attribute_count, begin_date_year, created, link_type, ended, end_date_day, begin_date_month, end_date_month, id, end_date_year) VALUES (NULL, 0, NULL, '2011-01-18 16:31:00.495651+01', 83, '0', NULL, NULL, NULL, 6066, NULL);
INSERT INTO url (last_updated, url, edits_pending, id, gid) VALUES ('2011-01-18 17:23:38+01', 'http://www.amazon.com/gp/product/B0015XAAY2', 0, 339078, '3cc9f46c-1285-4bd6-8ea7-34aeb2904955');
INSERT INTO url (last_updated, url, edits_pending, id, gid) VALUES ('2011-01-18 17:23:38+01', 'http://www.cdbaby.com/wedlock6', 0, 339083, '63fd101e-6c01-489e-911f-68e42e6989a7');
INSERT INTO link_type (priority, last_updated, parent, name, description, short_link_phrase, link_phrase, entity_type1, entity_type0, id, reverse_link_phrase, child_order, gid) VALUES (0, '2011-01-18 16:31:00.495651+01', 85, 'purchase for download', 'Indicates a webpage where you can purchase an album for download. (<a href="http://musicbrainz.org/doc/Paid_Download_Relationship_Type">Details</a>)', 'purchase for download', 'purchase for download', 'url', 'release', 75, 'download purchase page for', 1, '98e08c20-8402-4163-8970-53504bb6a1e4');
INSERT INTO link (begin_date_day, attribute_count, begin_date_year, created, link_type, ended, end_date_day, begin_date_month, end_date_month, id, end_date_year) VALUES (NULL, 0, NULL, '2011-01-18 16:31:00.495651+01', 75, '0', NULL, NULL, NULL, 6077, NULL);
INSERT INTO l_release_url (link, last_updated, entity1, entity0, edits_pending, id) VALUES (6066, '2011-01-18 17:23:37.789736+01', 132428, 375273, 0, 191108);
INSERT INTO l_release_url (link, last_updated, entity1, entity0, edits_pending, id) VALUES (6064, '2011-01-18 17:23:37.789736+01', 339078, 375273, 0, 190583);
INSERT INTO l_release_url (link, last_updated, entity1, entity0, edits_pending, id) VALUES (6077, '2011-01-18 17:23:37.789736+01', 339083, 375273, 0, 191617);
INSERT INTO l_release_url (link, last_updated, entity1, entity0, edits_pending, id) VALUES (6065, '2011-01-18 17:23:37.789736+01', 718203, 596490, 0, 317265);
INSERT INTO l_release_url (link, last_updated, entity1, entity0, edits_pending, id) VALUES (6065, '2011-01-18 17:23:37.789736+01', 151497, 654729, 0, 308464);
INSERT INTO l_release_url (link, last_updated, entity1, entity0, edits_pending, id) VALUES (6065, '2011-01-18 17:23:37.789736+01', 177282, 654729, 0, 248390);
INSERT INTO l_release_url (link, last_updated, entity1, entity0, edits_pending, id) VALUES (6065, '2011-01-18 17:23:37.789736+01', 697220, 654729, 0, 412425);
INSERT INTO l_release_url (link, last_updated, entity1, entity0, edits_pending, id) VALUES (6065, '2011-01-18 17:23:37.789736+01', 219569, 278075, 0, 143551);
INSERT INTO l_release_url (link, last_updated, entity1, entity0, edits_pending, id) VALUES (6065, '2011-01-18 17:23:37.789736+01', 293952, 278075, 0, 105177);
INSERT INTO l_release_url (link, last_updated, entity1, entity0, edits_pending, id) VALUES (6064, '2011-01-18 17:23:37.789736+01', 80267, 558940, 0, 124990);
INSERT INTO url (last_updated, url, edits_pending, id, gid) VALUES ('2011-01-18 17:23:38+01', 'http://www.amazon.co.jp/gp/product/B0000YG9NS', 0, 81849, 'e04c2e41-b0e8-46c0-8d18-e837865bc855');
INSERT INTO l_release_url (link, last_updated, entity1, entity0, edits_pending, id) VALUES (6064, '2011-01-18 17:23:37.789736+01', 81849, 59312, 0, 499308);
INSERT INTO l_release_url (link, last_updated, entity1, entity0, edits_pending, id) VALUES (6064, '2011-01-18 17:23:37.789736+01', 464482, 748906, 0, 93031);
INSERT INTO l_release_url (link, last_updated, entity1, entity0, edits_pending, id) VALUES (6064, '2011-01-18 17:23:37.789736+01', 219565, 31690, 0, 143705);
INSERT INTO l_release_url (link, last_updated, entity1, entity0, edits_pending, id) VALUES (6065, '2011-01-18 17:23:37.789736+01', 219569, 31690, 0, 143552);
INSERT INTO l_release_url (link, last_updated, entity1, entity0, edits_pending, id) VALUES (6065, '2011-01-18 17:23:37.789736+01', 293952, 31690, 0, 105178);
INSERT INTO url (last_updated, url, edits_pending, id, gid) VALUES ('2011-01-18 17:23:38+01', 'http://www.discogs.com/release/169487', 0, 239030, 'f1c7bb9f-119b-4601-8691-a945abedcd7e');
INSERT INTO url (last_updated, url, edits_pending, id, gid) VALUES ('2011-01-18 17:23:38+01', 'http://www.amazon.com/gp/product/B00000J8EK', 0, 345264, '67f1db18-9049-4792-8e56-97b6984623aa');
INSERT INTO l_release_url (link, last_updated, entity1, entity0, edits_pending, id) VALUES (6065, '2011-01-18 17:23:37.789736+01', 239030, 8312, 0, 81086);
INSERT INTO l_release_url (link, last_updated, entity1, entity0, edits_pending, id) VALUES (6064, '2011-01-18 17:23:37.789736+01', 345264, 8312, 0, 337984);
INSERT INTO l_release_url (link, last_updated, entity1, entity0, edits_pending, id) VALUES (6065, '2011-01-18 17:23:37.789736+01', 431688, 513103, 0, 75390);
INSERT INTO l_release_url (link, last_updated, entity1, entity0, edits_pending, id) VALUES (6065, '2011-01-18 17:23:37.789736+01', 672191, 513103, 0, 271895);
INSERT INTO l_release_url (link, last_updated, entity1, entity0, edits_pending, id) VALUES (6065, '2011-01-18 17:23:37.789736+01', 727332, 513103, 0, 256229);
INSERT INTO l_release_url (link, last_updated, entity1, entity0, edits_pending, id) VALUES (6065, '2011-01-18 17:23:37.789736+01', 718203, 596491, 0, 317266);
INSERT INTO l_release_url (link, last_updated, entity1, entity0, edits_pending, id) VALUES (6065, '2011-01-18 17:23:37.789736+01', 431688, 630918, 0, 75396);
INSERT INTO l_release_url (link, last_updated, entity1, entity0, edits_pending, id) VALUES (6065, '2011-01-18 17:23:37.789736+01', 672191, 630918, 0, 271901);
INSERT INTO l_release_url (link, last_updated, entity1, entity0, edits_pending, id) VALUES (6065, '2011-01-18 17:23:37.789736+01', 727332, 630918, 0, 256235);
INSERT INTO l_release_url (link, last_updated, entity1, entity0, edits_pending, id) VALUES (6065, '2011-01-18 17:23:37.789736+01', 431688, 523041, 0, 75391);
INSERT INTO l_release_url (link, last_updated, entity1, entity0, edits_pending, id) VALUES (6065, '2011-01-18 17:23:37.789736+01', 672191, 523041, 0, 271896);
INSERT INTO l_release_url (link, last_updated, entity1, entity0, edits_pending, id) VALUES (6065, '2011-01-18 17:23:37.789736+01', 727332, 523041, 0, 256230);
INSERT INTO url (last_updated, url, edits_pending, id, gid) VALUES ('2011-01-18 17:23:38+01', 'http://www.discogs.com/release/910147', 0, 181390, '51094842-c68d-44f9-88d2-551b9379286f');
INSERT INTO url (last_updated, url, edits_pending, id, gid) VALUES ('2011-01-18 17:23:38+01', 'http://www.amazon.co.uk/gp/product/B000KJTG6K', 0, 197281, '66ff4ddb-349b-412d-b660-826d6db0c2c9');
INSERT INTO l_release_url (link, last_updated, entity1, entity0, edits_pending, id) VALUES (6065, '2011-01-18 17:23:37.789736+01', 181390, 246898, 0, 229435);
INSERT INTO l_release_url (link, last_updated, entity1, entity0, edits_pending, id) VALUES (6064, '2011-01-18 17:23:37.789736+01', 197281, 246898, 0, 175461);
INSERT INTO l_release_url (link, last_updated, entity1, entity0, edits_pending, id) VALUES (6064, '2011-01-18 17:23:37.789736+01', 71412, 123054, 0, 492344);
INSERT INTO url (last_updated, url, edits_pending, id, gid) VALUES ('2011-01-18 17:23:38+01', 'http://www.amazon.de/gp/product/B00003W1QB', 0, 293951, 'c7ae109b-47e5-403b-8b04-2bd691d6e4b4');
INSERT INTO l_release_url (link, last_updated, entity1, entity0, edits_pending, id) VALUES (6065, '2011-01-18 17:23:37.789736+01', 219569, 338506, 0, 143554);
INSERT INTO l_release_url (link, last_updated, entity1, entity0, edits_pending, id) VALUES (6064, '2011-01-18 17:23:37.789736+01', 293951, 338506, 0, 105029);
INSERT INTO l_release_url (link, last_updated, entity1, entity0, edits_pending, id) VALUES (6065, '2011-01-18 17:23:37.789736+01', 293952, 338506, 0, 105180);
INSERT INTO l_release_url (link, last_updated, entity1, entity0, edits_pending, id) VALUES (6065, '2011-01-18 17:23:37.789736+01', 431688, 553372, 0, 75392);
INSERT INTO l_release_url (link, last_updated, entity1, entity0, edits_pending, id) VALUES (6065, '2011-01-18 17:23:37.789736+01', 672191, 553372, 0, 271897);
INSERT INTO l_release_url (link, last_updated, entity1, entity0, edits_pending, id) VALUES (6065, '2011-01-18 17:23:37.789736+01', 727332, 553372, 0, 256231);
INSERT INTO l_release_url (link, last_updated, entity1, entity0, edits_pending, id) VALUES (6065, '2011-01-18 17:23:37.789736+01', 718203, 672077, 0, 317268);
INSERT INTO l_release_url (link, last_updated, entity1, entity0, edits_pending, id) VALUES (6065, '2011-01-18 17:23:37.789736+01', 148610, 509518, 0, 322284);
INSERT INTO l_release_url (link, last_updated, entity1, entity0, edits_pending, id) VALUES (6076, '2011-01-18 17:23:37.789736+01', 612805, 509518, 0, 122521);
INSERT INTO url (last_updated, url, edits_pending, id, gid) VALUES ('2011-01-18 17:23:38+01', 'http://www.amazon.com/gp/product/B000XULO2A', 0, 485359, '4f9bc980-b8ee-4738-9625-3e7931d88cbc');
INSERT INTO url (last_updated, url, edits_pending, id, gid) VALUES ('2011-01-18 17:23:38+01', 'http://cdbaby.com/cd/wedlock4', 0, 493018, 'aff3ee3a-6b99-4139-a29c-3daf9e340228');
INSERT INTO link_type (priority, last_updated, parent, name, description, short_link_phrase, link_phrase, entity_type1, entity_type0, id, reverse_link_phrase, child_order, gid) VALUES (0, '2011-01-18 16:31:00.495651+01', NULL, 'cover art link', 'This link is used to deep-link to cover art on other retailers sites.<br/><br/> See <a href="http://musicbrainz.org/doc/Cover_Art_Sites">Cover Art Sites</a> for a list of acceptable web sites for this relationship type.', 'cover art link', 'cover art', 'url', 'release', 82, 'cover art for', 0, '2476be45-3090-43b3-a948-a8f972b4065c');
INSERT INTO link (begin_date_day, attribute_count, begin_date_year, created, link_type, ended, end_date_day, begin_date_month, end_date_month, id, end_date_year) VALUES (NULL, 0, NULL, '2011-01-18 16:31:00.495651+01', 82, '0', NULL, NULL, NULL, 6070, NULL);
INSERT INTO url (last_updated, url, edits_pending, id, gid) VALUES ('2011-01-18 17:23:38+01', 'http://www.amazon.com/gp/product/B00195BC48', 0, 493020, '8155de98-0085-453d-89e1-677c04b1f2f9');
INSERT INTO l_release_url (link, last_updated, entity1, entity0, edits_pending, id) VALUES (6064, '2011-01-18 17:23:37.789736+01', 485359, 459740, 0, 75581);
INSERT INTO l_release_url (link, last_updated, entity1, entity0, edits_pending, id) VALUES (6070, '2011-01-18 17:23:37.789736+01', 493018, 459740, 0, 148046);
INSERT INTO l_release_url (link, last_updated, entity1, entity0, edits_pending, id) VALUES (6064, '2011-01-18 17:23:37.789736+01', 493020, 459740, 0, 317798);
INSERT INTO link_type (priority, last_updated, parent, name, description, short_link_phrase, link_phrase, entity_type1, entity_type0, id, reverse_link_phrase, child_order, gid) VALUES (0, '2011-01-18 16:31:00.495651+01', NULL, 'publishing', 'Indicates the publisher of this album (<a href="http://musicbrainz.org/doc/Publisher_Relationship_Type">Details</a>)<br/><br/> Note that this is <strong><em>NOT</em></strong> the record label, use the "Label" field in release events for record labels.', 'publishing', 'published', 'recording', 'label', 215, 'publisher', 1, '51e4a303-8215-4db6-9a9f-ebe95442dbef');
INSERT INTO link (begin_date_day, attribute_count, begin_date_year, created, link_type, ended, end_date_day, begin_date_month, end_date_month, id, end_date_year) VALUES (NULL, 0, NULL, '2011-01-18 16:31:00.495651+01', 215, '0', NULL, NULL, NULL, 23758, NULL);
INSERT INTO l_label_recording (link, last_updated, entity1, entity0, edits_pending, id) VALUES (23758, '2011-01-18 16:56:00.408782+01', 1062699, 36456, 0, 989);
INSERT INTO l_label_recording (link, last_updated, entity1, entity0, edits_pending, id) VALUES (23758, '2011-01-18 16:56:00.408782+01', 1353886, 36456, 0, 288);
INSERT INTO l_label_recording (link, last_updated, entity1, entity0, edits_pending, id) VALUES (23758, '2011-01-18 16:56:00.408782+01', 2726271, 36456, 0, 993);
INSERT INTO l_label_recording (link, last_updated, entity1, entity0, edits_pending, id) VALUES (23758, '2011-01-18 16:56:00.408782+01', 2726272, 36456, 0, 983);
INSERT INTO l_label_recording (link, last_updated, entity1, entity0, edits_pending, id) VALUES (23758, '2011-01-18 16:56:00.408782+01', 2726274, 36456, 0, 985);
INSERT INTO l_label_recording (link, last_updated, entity1, entity0, edits_pending, id) VALUES (23758, '2011-01-18 16:56:00.408782+01', 2726275, 36456, 0, 43);
INSERT INTO l_label_recording (link, last_updated, entity1, entity0, edits_pending, id) VALUES (23758, '2011-01-18 16:56:00.408782+01', 2726276, 36456, 0, 995);
INSERT INTO l_label_recording (link, last_updated, entity1, entity0, edits_pending, id) VALUES (23758, '2011-01-18 16:56:00.408782+01', 2726277, 36456, 0, 987);
INSERT INTO l_label_recording (link, last_updated, entity1, entity0, edits_pending, id) VALUES (23758, '2011-01-18 16:56:00.408782+01', 2726278, 36456, 0, 1001);
INSERT INTO l_label_recording (link, last_updated, entity1, entity0, edits_pending, id) VALUES (23758, '2011-01-18 16:56:00.408782+01', 2726280, 36456, 0, 1003);
INSERT INTO l_label_recording (link, last_updated, entity1, entity0, edits_pending, id) VALUES (23758, '2011-01-18 16:56:00.408782+01', 2726281, 36456, 0, 991);
INSERT INTO link_type (priority, last_updated, parent, name, description, short_link_phrase, link_phrase, entity_type1, entity_type0, id, reverse_link_phrase, child_order, gid) VALUES (0, '2011-01-18 16:31:00.495651+01', NULL, 'publishing', 'Indicates the publisher of this album (<a href="http://musicbrainz.org/doc/Publisher_Relationship_Type">Details</a>)<br/><br/> Note that this is <strong><em>NOT</em></strong> the record label, use the "Label" field in release events for record labels.', 'publishing', 'published', 'release', 'label', 68, 'publisher', 1, 'cee6eeeb-14f5-4079-9789-632b46acfd33');
INSERT INTO link (begin_date_day, attribute_count, begin_date_year, created, link_type, ended, end_date_day, begin_date_month, end_date_month, id, end_date_year) VALUES (NULL, 0, NULL, '2011-01-18 16:31:00.495651+01', 68, '0', NULL, NULL, NULL, 6012, NULL);
INSERT INTO l_label_release (link, last_updated, entity1, entity0, edits_pending, id) VALUES (6012, '2011-01-18 16:52:02.917556+01', 32094, 33, 0, 170);
INSERT INTO l_label_release (link, last_updated, entity1, entity0, edits_pending, id) VALUES (6012, '2011-01-18 16:52:02.917556+01', 509518, 33, 0, 171);
INSERT INTO l_label_release (link, last_updated, entity1, entity0, edits_pending, id) VALUES (6012, '2011-01-18 16:52:02.917556+01', 32094, 395, 0, 166);
INSERT INTO l_label_release (link, last_updated, entity1, entity0, edits_pending, id) VALUES (6012, '2011-01-18 16:52:02.917556+01', 509518, 395, 0, 167);
INSERT INTO link_type (priority, last_updated, parent, name, description, short_link_phrase, link_phrase, entity_type1, entity_type0, id, reverse_link_phrase, child_order, gid) VALUES (0, '2011-01-18 16:31:00.495651+01', NULL, 'business association', '', 'business association', 'business association', 'label', 'label', 214, 'business association', 0, '0c1ff137-fca5-4148-82b7-8bce3c69165a');
INSERT INTO link_type (priority, last_updated, parent, name, description, short_link_phrase, link_phrase, entity_type1, entity_type0, id, reverse_link_phrase, child_order, gid) VALUES (0, '2011-01-18 16:31:00.495651+01', 214, 'label ownership', 'This describes the fact that a label is (or was) a subsidiary of another label, during a given period of time. This should be used either to describe the fact a label has been bought by another one, or that a label is a subdivision of another one. (<a href="http://musicbrainz.org/doc/Label_Ownership_Relationship_Type">Details</a>)', 'label ownership', 'subsidiaries', 'label', 'label', 209, 'parent label', 0, 'ab7a9be0-c060-4852-8f2e-4faf5b33231e');
INSERT INTO link (begin_date_day, attribute_count, begin_date_year, created, link_type, ended, end_date_day, begin_date_month, end_date_month, id, end_date_year) VALUES (NULL, 0, NULL, '2011-01-18 16:31:00.495651+01', 209, '0', NULL, NULL, NULL, 23367, NULL);
INSERT INTO l_label_label (link, last_updated, entity1, entity0, edits_pending, id) VALUES (23367, '2011-01-18 16:31:00.495651+01', 839, 33, 0, 3252);
INSERT INTO l_label_label (link, last_updated, entity1, entity0, edits_pending, id) VALUES (23367, '2011-01-18 16:31:00.495651+01', 3545, 1949, 0, 2182);
INSERT INTO link_type (priority, last_updated, parent, name, description, short_link_phrase, link_phrase, entity_type1, entity_type0, id, reverse_link_phrase, child_order, gid) VALUES (0, '2011-01-18 16:31:00.495651+01', 214, 'label rename', 'This describes the fact that a label has changed its name, be it for purely aesthetic reasons, or following a buyout/sellout/spin-off. (<a href="http://musicbrainz.org/doc/Label_Rename_Relationship_Type">Details</a>)', 'label rename', 'renamed into', 'label', 'label', 211, 'renamed from', 2, 'e6159066-6013-4d09-a2f8-bc473f21e89e');
INSERT INTO link (begin_date_day, attribute_count, begin_date_year, created, link_type, ended, end_date_day, begin_date_month, end_date_month, id, end_date_year) VALUES (NULL, 0, 1965, '2011-01-18 16:31:00.495651+01', 211, '1', NULL, NULL, NULL, 23622, 1965);
INSERT INTO l_label_label (link, last_updated, entity1, entity0, edits_pending, id) VALUES (23622, '2011-01-18 16:31:00.495651+01', 2333, 15288, 0, 2818);
INSERT INTO link (begin_date_day, attribute_count, begin_date_year, created, link_type, ended, end_date_day, begin_date_month, end_date_month, id, end_date_year) VALUES (NULL, 0, 1995, '2011-01-18 16:31:00.495651+01', 209, '1', NULL, NULL, NULL, 23403, 1998);
INSERT INTO l_label_label (link, last_updated, entity1, entity0, edits_pending, id) VALUES (23403, '2011-01-18 16:31:00.495651+01', 132, 95, 0, 340);
INSERT INTO l_label_label (link, last_updated, entity1, entity0, edits_pending, id) VALUES (23367, '2011-01-18 16:31:00.495651+01', 9632, 95, 0, 999);
INSERT INTO l_label_label (link, last_updated, entity1, entity0, edits_pending, id) VALUES (23367, '2011-01-18 16:31:00.495651+01', 2988, 95, 0, 2484);
INSERT INTO url (last_updated, url, edits_pending, id, gid) VALUES ('2011-01-18 17:23:38+01', 'http://www.matadorrecords.com/releases/discography.html', 0, 304383, '7320f9ca-85ed-4b56-98c3-ea7a9891a48b');
INSERT INTO link_type (priority, last_updated, parent, name, description, short_link_phrase, link_phrase, entity_type1, entity_type0, id, reverse_link_phrase, child_order, gid) VALUES (0, '2011-01-18 16:31:00.495651+01', NULL, 'online data', '', 'online data', 'online data', 'url', 'label', 230, 'online data', 0, '5f82afae-0473-458d-9f17-8a2fa1ce7918');
INSERT INTO link_type (priority, last_updated, parent, name, description, short_link_phrase, link_phrase, entity_type1, entity_type0, id, reverse_link_phrase, child_order, gid) VALUES (0, '2011-01-18 16:31:00.495651+01', 230, 'catalog site', 'This link points to a site that contains a catalog (eg: list) of records published by the label. (<a href="http://musicbrainz.org/doc/Catalog_Site_Relationship_Type">Details</a>)', 'catalog site', 'catalog of records', 'url', 'label', 221, 'catalog of records', 2, '5ac35a29-d29b-4390-b279-587bcd42fc73');
INSERT INTO link (begin_date_day, attribute_count, begin_date_year, created, link_type, ended, end_date_day, begin_date_month, end_date_month, id, end_date_year) VALUES (NULL, 0, NULL, '2011-01-18 16:31:00.495651+01', 221, '0', NULL, NULL, NULL, 23775, NULL);
INSERT INTO url (last_updated, url, edits_pending, id, gid) VALUES ('2011-01-18 17:23:38+01', 'http://en.wikipedia.org/wiki/Matador_Records', 0, 211986, 'd5ffde38-9907-49cc-bab0-66d6360cf762');
INSERT INTO link_type (priority, last_updated, parent, name, description, short_link_phrase, link_phrase, entity_type1, entity_type0, id, reverse_link_phrase, child_order, gid) VALUES (0, '2011-01-18 16:31:00.495651+01', NULL, 'other databases', '', 'other databases', 'other databases', 'url', 'label', 231, 'other databases', 1, '83eca2b3-5ae1-43f5-a732-56fa9a8591b1');
INSERT INTO link_type (priority, last_updated, parent, name, description, short_link_phrase, link_phrase, entity_type1, entity_type0, id, reverse_link_phrase, child_order, gid) VALUES (0, '2011-01-18 16:31:00.495651+01', 231, 'wikipedia', 'This is used to link a label to its corresponding Wikipedia page. (<a href="http://musicbrainz.org/doc/Wikipedia_Relationship_Type">Details</a>)', 'wikipedia', 'Wikipedia', 'url', 'label', 225, 'Wikipedia page for', 0, '51e9db21-8864-49b3-aa58-470d7b81fa50');
INSERT INTO link (begin_date_day, attribute_count, begin_date_year, created, link_type, ended, end_date_day, begin_date_month, end_date_month, id, end_date_year) VALUES (NULL, 0, NULL, '2011-01-18 16:31:00.495651+01', 225, '0', NULL, NULL, NULL, 23776, NULL);
INSERT INTO url (last_updated, url, edits_pending, id, gid) VALUES ('2011-01-18 17:23:38+01', 'http://www.matadorrecords.com/', 0, 211985, '17f36294-d7b5-4427-8ecd-3b44373b7a3d');
INSERT INTO link_type (priority, last_updated, parent, name, description, short_link_phrase, link_phrase, entity_type1, entity_type0, id, reverse_link_phrase, child_order, gid) VALUES (0, '2011-01-18 16:31:00.495651+01', 230, 'official site', 'This link points to (one of) the official website(s) of the label (<a href="http://musicbrainz.org/doc/Official_Site_Relationship_Type">Details</a>).', 'official site', 'official homepages', 'url', 'label', 228, 'official homepage for', 0, 'fe108f43-acb9-4ad1-8be3-57e6ec5b17b6');
INSERT INTO link (begin_date_day, attribute_count, begin_date_year, created, link_type, ended, end_date_day, begin_date_month, end_date_month, id, end_date_year) VALUES (NULL, 0, NULL, '2011-01-18 16:31:00.495651+01', 228, '0', NULL, NULL, NULL, 23777, NULL);
INSERT INTO url (last_updated, url, edits_pending, id, gid) VALUES ('2011-01-18 17:23:38+01', 'http://www.discogs.com/label/Matador', 0, 194146, '27adde25-743a-4b92-bb16-fc1b00179166');
INSERT INTO link_type (priority, last_updated, parent, name, description, short_link_phrase, link_phrase, entity_type1, entity_type0, id, reverse_link_phrase, child_order, gid) VALUES (0, '2011-01-18 16:31:00.495651+01', 231, 'discogs', 'This is used to link a Label to the equivalent entry in Discogs. In addition to providing a link for users to find more information, this will hopefully eventually provide an index between the two systems, allowing MusicBrainz and Discogs to share data. (<a href="http://musicbrainz.org/doc/Discogs_Relationship_Type">Details</a>)', 'discogs', 'Discogs', 'url', 'label', 226, 'Discogs page for', 1, '5b987f87-25bc-4a2d-b3f1-3618795b8207');
INSERT INTO link (begin_date_day, attribute_count, begin_date_year, created, link_type, ended, end_date_day, begin_date_month, end_date_month, id, end_date_year) VALUES (NULL, 0, NULL, '2011-01-18 16:31:00.495651+01', 226, '0', NULL, NULL, NULL, 23778, NULL);
INSERT INTO l_label_url (link, last_updated, entity1, entity0, edits_pending, id) VALUES (23775, '2011-01-18 17:23:37.789736+01', 304383, 124, 0, 16552);
INSERT INTO l_label_url (link, last_updated, entity1, entity0, edits_pending, id) VALUES (23776, '2011-01-18 17:23:37.789736+01', 211986, 124, 0, 9156);
INSERT INTO l_label_url (link, last_updated, entity1, entity0, edits_pending, id) VALUES (23777, '2011-01-18 17:23:37.789736+01', 211985, 124, 0, 9157);
INSERT INTO l_label_url (link, last_updated, entity1, entity0, edits_pending, id) VALUES (23778, '2011-01-18 17:23:37.789736+01', 194146, 124, 0, 24952);
INSERT INTO url (last_updated, url, edits_pending, id, gid) VALUES ('2011-01-18 17:23:38+01', 'http://www.bsnpubs.com/atlantic/', 0, 188096, 'f1ff9e6b-c9b5-4b21-b0c4-6c46e7103894');
INSERT INTO url (last_updated, url, edits_pending, id, gid) VALUES ('2011-01-18 17:23:38+01', 'http://jazzdisco.org/atlantic/', 0, 193591, '0fcb8ff3-a764-4344-8dfc-4866de20a712');
INSERT INTO url (last_updated, url, edits_pending, id, gid) VALUES ('2011-01-18 17:23:38+01', 'http://en.wikipedia.org/wiki/Atlantic_Records', 0, 187469, '0a5808ac-72c3-423e-b926-455234aaff81');
INSERT INTO url (last_updated, url, edits_pending, id, gid) VALUES ('2011-01-18 17:23:38+01', 'http://www.atlanticrecords.com/', 0, 188095, '47169a19-0d92-4f09-a3a8-32b2501c2073');
INSERT INTO url (last_updated, url, edits_pending, id, gid) VALUES ('2011-01-18 17:23:38+01', 'http://www.discogs.com/label/Atlantic', 0, 188115, 'd8b2f37b-a8f9-432c-adec-99ed002862b5');
INSERT INTO url (last_updated, url, edits_pending, id, gid) VALUES ('2011-01-18 17:23:38+01', 'http://www.bsnpubs.com/atlantic/atlanticstory.html', 0, 188097, 'e927be72-9190-49fa-8cc4-003167495810');
INSERT INTO link_type (priority, last_updated, parent, name, description, short_link_phrase, link_phrase, entity_type1, entity_type0, id, reverse_link_phrase, child_order, gid) VALUES (0, '2011-01-18 16:31:00.495651+01', 230, 'history site', 'This link points to a site describing relevant facts about the label history. (<a href="http://musicbrainz.org/doc/History_Site_Relationship_Type">Details</a>)', 'history site', 'history page', 'url', 'label', 220, 'history page for', 1, '5261835c-0c23-4a63-94db-ad3a86bda846');
INSERT INTO link (begin_date_day, attribute_count, begin_date_year, created, link_type, ended, end_date_day, begin_date_month, end_date_month, id, end_date_year) VALUES (NULL, 0, NULL, '2011-01-18 16:31:00.495651+01', 220, '0', NULL, NULL, NULL, 23781, NULL);
INSERT INTO l_label_url (link, last_updated, entity1, entity0, edits_pending, id) VALUES (23775, '2011-01-18 17:23:37.789736+01', 188096, 33, 0, 24026);
INSERT INTO l_label_url (link, last_updated, entity1, entity0, edits_pending, id) VALUES (23775, '2011-01-18 17:23:37.789736+01', 193591, 33, 0, 18376);
INSERT INTO l_label_url (link, last_updated, entity1, entity0, edits_pending, id) VALUES (23776, '2011-01-18 17:23:37.789736+01', 187469, 33, 0, 24966);
INSERT INTO l_label_url (link, last_updated, entity1, entity0, edits_pending, id) VALUES (23777, '2011-01-18 17:23:37.789736+01', 188095, 33, 0, 24025);
INSERT INTO l_label_url (link, last_updated, entity1, entity0, edits_pending, id) VALUES (23778, '2011-01-18 17:23:37.789736+01', 188115, 33, 0, 23244);
INSERT INTO l_label_url (link, last_updated, entity1, entity0, edits_pending, id) VALUES (23781, '2011-01-18 17:23:37.789736+01', 188097, 33, 0, 23226);
INSERT INTO url (last_updated, url, edits_pending, id, gid) VALUES ('2011-01-18 17:23:38+01', 'http://en.wikipedia.org/wiki/Ram_Records_(UK)', 0, 447791, '78c34a6e-4022-43b7-a727-cc30d9e3b46d');
INSERT INTO url (last_updated, url, edits_pending, id, gid) VALUES ('2011-01-18 17:23:38+01', 'http://www.ramrecords.co.uk/', 0, 192299, '9fab9df3-7fea-471a-8815-6740bcf50afe');
INSERT INTO url (last_updated, url, edits_pending, id, gid) VALUES ('2011-01-18 17:23:38+01', 'http://www.discogs.com/label/RAM+Records', 0, 192298, '503bee09-9392-4bbe-8e7d-b514dc7ab801');
INSERT INTO url (last_updated, url, edits_pending, id, gid) VALUES ('2011-01-18 17:23:38+01', 'http://www.myspace.com/ramrecordsltd', 0, 447790, '98e8fa6d-c976-4b50-ad82-684f64ab5ca1');
INSERT INTO link_type (priority, last_updated, parent, name, description, short_link_phrase, link_phrase, entity_type1, entity_type0, id, reverse_link_phrase, child_order, gid) VALUES (0, '2011-01-18 16:31:00.495651+01', 230, 'myspace', 'This relationship type can be used to link a MusicBrainz label to the equivalent entry in MySpace. (<a href="http://musicbrainz.org/doc/MySpace_Relationship_Type">Details</a>)', 'myspace', 'MySpace', 'url', 'label', 224, 'MySpace page for', 5, '240ba9dc-9898-4505-9bf7-32a53a695612');
INSERT INTO link (begin_date_day, attribute_count, begin_date_year, created, link_type, ended, end_date_day, begin_date_month, end_date_month, id, end_date_year) VALUES (NULL, 0, NULL, '2011-01-18 16:31:00.495651+01', 224, '0', NULL, NULL, NULL, 23779, NULL);
INSERT INTO l_label_url (link, last_updated, entity1, entity0, edits_pending, id) VALUES (23776, '2011-01-18 17:23:37.789736+01', 447791, 1949, 0, 6505);
INSERT INTO l_label_url (link, last_updated, entity1, entity0, edits_pending, id) VALUES (23777, '2011-01-18 17:23:37.789736+01', 192299, 1949, 0, 19632);
INSERT INTO l_label_url (link, last_updated, entity1, entity0, edits_pending, id) VALUES (23778, '2011-01-18 17:23:37.789736+01', 192298, 1949, 0, 19631);
INSERT INTO l_label_url (link, last_updated, entity1, entity0, edits_pending, id) VALUES (23779, '2011-01-18 17:23:37.789736+01', 447790, 1949, 0, 25391);
INSERT INTO url (last_updated, url, edits_pending, id, gid) VALUES ('2011-01-18 17:23:38+01', 'http://en.wikipedia.org/wiki/East_West_Records', 0, 657961, '7f19d1cd-c778-4e95-9c3d-36a4217fd2bf');
INSERT INTO url (last_updated, url, edits_pending, id, gid) VALUES ('2011-01-18 17:23:38+01', 'http://www.eastwestrock.com/', 0, 189173, 'c8bfa4b7-c7f8-46fd-a838-54490000a311');
INSERT INTO url (last_updated, url, edits_pending, id, gid) VALUES ('2011-01-18 17:23:38+01', 'http://www.discogs.com/label/EastWest+Records+America', 0, 189172, '5e2a097f-e7fe-43f8-95bc-1a35cc2c2ab0');
INSERT INTO url (last_updated, url, edits_pending, id, gid) VALUES ('2011-01-18 17:23:38+01', 'http://www.myspace.com/eastwestrecords', 0, 669770, '6a0ec21e-817b-474d-8a94-87f1f1fae7fc');
INSERT INTO l_label_url (link, last_updated, entity1, entity0, edits_pending, id) VALUES (23776, '2011-01-18 17:23:37.789736+01', 657961, 839, 0, 22713);
INSERT INTO l_label_url (link, last_updated, entity1, entity0, edits_pending, id) VALUES (23777, '2011-01-18 17:23:37.789736+01', 189173, 839, 0, 22559);
INSERT INTO l_label_url (link, last_updated, entity1, entity0, edits_pending, id) VALUES (23778, '2011-01-18 17:23:37.789736+01', 189172, 839, 0, 16838);
INSERT INTO l_label_url (link, last_updated, entity1, entity0, edits_pending, id) VALUES (23779, '2011-01-18 17:23:37.789736+01', 669770, 839, 0, 20215);
INSERT INTO url (last_updated, url, edits_pending, id, gid) VALUES ('2011-01-18 17:23:38+01', 'http://en.wikipedia.org/wiki/MCA_Records', 0, 188281, '81142be6-2361-463b-b049-f124a0c6b9d7');
INSERT INTO url (last_updated, url, edits_pending, id, gid) VALUES ('2011-01-18 17:23:38+01', 'http://www.discogs.com/label/MCA+Records', 0, 280534, '5ae9d0f1-0813-406b-8d8b-edc8f70d872b');
INSERT INTO l_label_url (link, last_updated, entity1, entity0, edits_pending, id) VALUES (23776, '2011-01-18 17:23:37.789736+01', 188281, 347, 0, 23045);
INSERT INTO l_label_url (link, last_updated, entity1, entity0, edits_pending, id) VALUES (23778, '2011-01-18 17:23:37.789736+01', 280534, 347, 0, 2035);
INSERT INTO url (last_updated, url, edits_pending, id, gid) VALUES ('2011-01-18 17:23:38+01', 'http://en.wikipedia.org/wiki/Hospital_Records', 0, 252353, '30d312d4-80bd-4f99-bb84-260f1be912db');
INSERT INTO url (last_updated, url, edits_pending, id, gid) VALUES ('2011-01-18 17:23:38+01', 'http://www.hospitalrecords.com/', 0, 199936, 'cebe2c3f-06d2-43cc-8538-6f69546e2c78');
INSERT INTO url (last_updated, url, edits_pending, id, gid) VALUES ('2011-01-18 17:23:38+01', 'http://www.discogs.com/label/Hospital+Records', 0, 187944, 'b4ce3a3c-772f-4670-a1bc-8b3f1ad678e6');
INSERT INTO url (last_updated, url, edits_pending, id, gid) VALUES ('2011-01-18 17:23:38+01', 'http://www.myspace.com/hospitalrecords', 0, 662311, '647f7e60-6ff2-489c-b9a5-d2c7638d57c0');
INSERT INTO l_label_url (link, last_updated, entity1, entity0, edits_pending, id) VALUES (23776, '2011-01-18 17:23:37.789736+01', 252353, 288, 0, 2809);
INSERT INTO l_label_url (link, last_updated, entity1, entity0, edits_pending, id) VALUES (23777, '2011-01-18 17:23:37.789736+01', 199936, 288, 0, 13394);
INSERT INTO l_label_url (link, last_updated, entity1, entity0, edits_pending, id) VALUES (23778, '2011-01-18 17:23:37.789736+01', 187944, 288, 0, 18203);
INSERT INTO l_label_url (link, last_updated, entity1, entity0, edits_pending, id) VALUES (23779, '2011-01-18 17:23:37.789736+01', 662311, 288, 0, 15063);
INSERT INTO url (last_updated, url, edits_pending, id, gid) VALUES ('2011-01-18 17:23:38+01', 'http://www.discogs.com/label/Frequency', 0, 197683, 'c12f925c-bebd-4969-bbfe-a919ffd25cf4');
INSERT INTO l_label_url (link, last_updated, entity1, entity0, edits_pending, id) VALUES (23778, '2011-01-18 17:23:37.789736+01', 197683, 3545, 0, 14330);
INSERT INTO url (last_updated, url, edits_pending, id, gid) VALUES ('2011-01-18 17:23:38+01', 'http://en.wikipedia.org/wiki/Warp_(record_label)', 0, 272299, 'ce53cf82-192a-4d0a-af0b-57d6c51ba7d0');
INSERT INTO url (last_updated, url, edits_pending, id, gid) VALUES ('2011-01-18 17:23:38+01', 'http://www.warprecords.com/', 0, 188070, 'e5b1f047-cb7b-40f4-be94-4e182830ae3d');
INSERT INTO url (last_updated, url, edits_pending, id, gid) VALUES ('2011-01-18 17:23:38+01', 'http://warp.net/', 0, 576270, '708e91cc-7d98-4288-9e34-b6d73ff6bbb7');
INSERT INTO url (last_updated, url, edits_pending, id, gid) VALUES ('2011-01-18 17:23:38+01', 'http://www.discogs.com/label/Warp+Records', 0, 188540, '8111fc77-6286-42d3-9ab1-58b6bccf71bc');
INSERT INTO l_label_url (link, last_updated, entity1, entity0, edits_pending, id) VALUES (23776, '2011-01-18 17:23:37.789736+01', 272299, 46, 0, 22317);
INSERT INTO l_label_url (link, last_updated, entity1, entity0, edits_pending, id) VALUES (23777, '2011-01-18 17:23:37.789736+01', 188070, 46, 0, 18099);
INSERT INTO l_label_url (link, last_updated, entity1, entity0, edits_pending, id) VALUES (23777, '2011-01-18 17:23:37.789736+01', 576270, 46, 0, 20813);
INSERT INTO l_label_url (link, last_updated, entity1, entity0, edits_pending, id) VALUES (23778, '2011-01-18 17:23:37.789736+01', 188540, 46, 0, 22470);
INSERT INTO url (last_updated, url, edits_pending, id, gid) VALUES ('2011-01-18 17:23:38+01', 'http://en.wikipedia.org/wiki/Ace_Records_(UK)', 0, 455097, 'ee9ecb85-3b60-4977-96aa-79385ccd385d');
INSERT INTO url (last_updated, url, edits_pending, id, gid) VALUES ('2011-01-18 17:23:38+01', 'http://www.acerecords.co.uk/', 0, 217313, '2ca5725d-032b-40a6-a92c-f96a9f0b5db9');
INSERT INTO url (last_updated, url, edits_pending, id, gid) VALUES ('2011-01-18 17:23:38+01', 'http://www.discogs.com/label/Ace+Records+(UK)', 0, 779346, 'ded303b3-1013-4429-9c12-05e0b061e273');
INSERT INTO l_label_url (link, last_updated, entity1, entity0, edits_pending, id) VALUES (23776, '2011-01-18 17:23:37.789736+01', 455097, 6553, 0, 25314);
INSERT INTO l_label_url (link, last_updated, entity1, entity0, edits_pending, id) VALUES (23777, '2011-01-18 17:23:37.789736+01', 217313, 6553, 0, 8094);
INSERT INTO l_label_url (link, last_updated, entity1, entity0, edits_pending, id) VALUES (23778, '2011-01-18 17:23:37.789736+01', 779346, 6553, 0, 26043);
INSERT INTO url (last_updated, url, edits_pending, id, gid) VALUES ('2011-01-18 17:23:38+01', 'http://www.classicrecords.com/', 0, 228559, 'ed9d2928-6b91-4214-8b85-898c4d1131f6');
INSERT INTO url (last_updated, url, edits_pending, id, gid) VALUES ('2011-01-18 17:23:38+01', 'http://www.discogs.com/label/Classic+Records', 0, 528577, '8798c44f-8be6-42bb-8a6a-9978361a35f3');
INSERT INTO l_label_url (link, last_updated, entity1, entity0, edits_pending, id) VALUES (23777, '2011-01-18 17:23:37.789736+01', 228559, 8092, 0, 6978);
INSERT INTO l_label_url (link, last_updated, entity1, entity0, edits_pending, id) VALUES (23778, '2011-01-18 17:23:37.789736+01', 528577, 8092, 0, 16281);
INSERT INTO url (last_updated, url, edits_pending, id, gid) VALUES ('2011-01-18 17:23:38+01', 'http://www.rolldabeats.com/label/commercial_suicide', 0, 337590, '43ae7c11-bd48-439f-b072-1d7e75ae173d');
INSERT INTO url (last_updated, url, edits_pending, id, gid) VALUES ('2011-01-18 17:23:38+01', 'http://www.commercialsuicide.org/', 0, 107027, '4352f6d5-77d6-4bd9-b4cd-ca32b099ed63');
INSERT INTO url (last_updated, url, edits_pending, id, gid) VALUES ('2011-01-18 17:23:38+01', 'http://www.discogs.com/label/Commercial+Suicide', 0, 312133, '27bbe3aa-111e-42ec-8b1e-f38e09bdb410');
INSERT INTO l_label_url (link, last_updated, entity1, entity0, edits_pending, id) VALUES (23775, '2011-01-18 17:23:37.789736+01', 337590, 3592, 0, 15626);
INSERT INTO l_label_url (link, last_updated, entity1, entity0, edits_pending, id) VALUES (23777, '2011-01-18 17:23:37.789736+01', 107027, 3592, 0, 15774);
INSERT INTO l_label_url (link, last_updated, entity1, entity0, edits_pending, id) VALUES (23778, '2011-01-18 17:23:37.789736+01', 312133, 3592, 0, 15930);
INSERT INTO url (last_updated, url, edits_pending, id, gid) VALUES ('2011-01-18 17:23:38+01', 'http://ja.wikipedia.org/wiki/Avex_trax', 0, 196160, '0a2529b9-ad26-4a81-aa1d-a9636cc76a86');
INSERT INTO url (last_updated, url, edits_pending, id, gid) VALUES ('2011-01-18 17:23:38+01', 'http://avexnet.jp/', 0, 188071, '3e92ef96-b756-49c3-a2a3-91ced66c21ec');
INSERT INTO url (last_updated, url, edits_pending, id, gid) VALUES ('2011-01-18 17:23:38+01', 'http://www.discogs.com/label/Avex+Trax', 0, 187454, '94d69df8-1ee2-4750-93da-d3c7ef212e0d');
INSERT INTO url (last_updated, url, edits_pending, id, gid) VALUES ('2011-01-18 17:23:38+01', 'http://www.youtube.com/user/avexnetwork', 0, 543359, '630ebc87-5ff0-45a0-b705-3eb64614d243');
INSERT INTO link_type (priority, last_updated, parent, name, description, short_link_phrase, link_phrase, entity_type1, entity_type0, id, reverse_link_phrase, child_order, gid) VALUES (0, '2011-01-18 16:31:00.495651+01', 230, 'youtube', 'This relationship type can be used to link a label to the equivalent entry in YouTube. URLs should follow the format http://www.youtube.com/user/&lt;username&gt;. (<a href="http://musicbrainz.org/doc/YouTube_Relationship_Type">Details</a>)', 'youtube', 'YouTube channels', 'url', 'label', 234, 'YouTube channel for', 7, 'd9c71059-ba9d-4135-b909-481d12cf84e3');
INSERT INTO link (begin_date_day, attribute_count, begin_date_year, created, link_type, ended, end_date_day, begin_date_month, end_date_month, id, end_date_year) VALUES (NULL, 0, NULL, '2011-01-18 16:31:00.495651+01', 234, '0', NULL, NULL, NULL, 23782, NULL);
INSERT INTO url (last_updated, url, edits_pending, id, gid) VALUES ('2011-01-18 17:23:38+01', 'http://vgmdb.net/org/222', 0, 716589, '3aaefa5f-5fbd-4391-b978-98f6188bed6a');
INSERT INTO link_type (priority, last_updated, parent, name, description, short_link_phrase, link_phrase, entity_type1, entity_type0, id, reverse_link_phrase, child_order, gid) VALUES (0, '2011-01-18 16:31:00.495651+01', 231, 'vgmdb', 'This relationship links a label to its corresponding page on VGMdb.', 'VGMdb', 'VGMdb', 'url', 'label', 219, 'VGMdb page for', 0, '8a2d3e55-d291-4b99-87a0-c59c6b121762');
INSERT INTO link (begin_date_day, attribute_count, begin_date_year, created, link_type, ended, end_date_day, begin_date_month, end_date_month, id, end_date_year) VALUES (NULL, 0, NULL, '2011-01-18 16:31:00.495651+01', 219, '0', NULL, NULL, NULL, 23785, NULL);
INSERT INTO l_label_url (link, last_updated, entity1, entity0, edits_pending, id) VALUES (23776, '2011-01-18 17:23:37.789736+01', 196160, 28, 0, 14502);
INSERT INTO l_label_url (link, last_updated, entity1, entity0, edits_pending, id) VALUES (23777, '2011-01-18 17:23:37.789736+01', 188071, 28, 0, 17272);
INSERT INTO l_label_url (link, last_updated, entity1, entity0, edits_pending, id) VALUES (23778, '2011-01-18 17:23:37.789736+01', 187454, 28, 0, 25086);
INSERT INTO l_label_url (link, last_updated, entity1, entity0, edits_pending, id) VALUES (23782, '2011-01-18 17:23:37.789736+01', 543359, 28, 0, 12225);
INSERT INTO l_label_url (link, last_updated, entity1, entity0, edits_pending, id) VALUES (23785, '2011-01-18 17:23:37.789736+01', 716589, 28, 0, 18665);
INSERT INTO url (last_updated, url, edits_pending, id, gid) VALUES ('2011-01-18 17:23:38+01', 'http://www.collectable-records.ru/groups/collect_labels/virgin/index.htm', 0, 250562, '82a66f54-4d15-4151-af1d-24534b278bc3');
INSERT INTO url (last_updated, url, edits_pending, id, gid) VALUES ('2011-01-18 17:23:38+01', 'http://en.wikipedia.org/wiki/Virgin_Records', 0, 188046, '76adb2e0-c0ab-4b19-8644-e79db9ae808c');
INSERT INTO url (last_updated, url, edits_pending, id, gid) VALUES ('2011-01-18 17:23:38+01', 'http://www.virginrecords.com/', 0, 188047, '2a8b4b95-d9b6-4e54-9136-5b8c72dc4141');
INSERT INTO url (last_updated, url, edits_pending, id, gid) VALUES ('2011-01-18 17:23:38+01', 'http://www.discogs.com/label/Virgin', 0, 192791, '7ada5185-3d21-46c4-bc45-2b968fc125ef');
INSERT INTO url (last_updated, url, edits_pending, id, gid) VALUES ('2011-01-18 17:23:38+01', 'http://www.discogs.com/label/Virgin+Records+(Japan)', 0, 198425, 'd9240223-b6af-4dfd-9603-04596dc1ba67');
INSERT INTO l_label_url (link, last_updated, entity1, entity0, edits_pending, id) VALUES (23775, '2011-01-18 17:23:37.789736+01', 250562, 95, 0, 2619);
INSERT INTO l_label_url (link, last_updated, entity1, entity0, edits_pending, id) VALUES (23776, '2011-01-18 17:23:37.789736+01', 188046, 95, 0, 23877);
INSERT INTO l_label_url (link, last_updated, entity1, entity0, edits_pending, id) VALUES (23777, '2011-01-18 17:23:37.789736+01', 188047, 95, 0, 23878);
INSERT INTO l_label_url (link, last_updated, entity1, entity0, edits_pending, id) VALUES (23778, '2011-01-18 17:23:37.789736+01', 192791, 95, 0, 19176);
INSERT INTO l_label_url (link, last_updated, entity1, entity0, edits_pending, id) VALUES (23778, '2011-01-18 17:23:37.789736+01', 198425, 95, 0, 25915);
INSERT INTO url (last_updated, url, edits_pending, id, gid) VALUES ('2011-01-18 17:23:38+01', 'http://ja.wikipedia.org/wiki/%E3%83%AF%E3%83%BC%E3%83%8A%E3%83%BC%E3%83%9F%E3%83%A5%E3%83%BC%E3%82%B8%E3%83%83%E3%82%AF%E3%83%BB%E3%82%B8%E3%83%A3%E3%83%91%E3%83%B3', 0, 210459, 'e87c10cf-4557-4a00-baf2-084592e7a235');
INSERT INTO url (last_updated, url, edits_pending, id, gid) VALUES ('2011-01-18 17:23:38+01', 'http://wmg.jp/', 0, 210458, '015397f3-7d2e-4fa7-866b-203f71821075');
INSERT INTO url (last_updated, url, edits_pending, id, gid) VALUES ('2011-01-18 17:23:38+01', 'http://www.discogs.com/label/Warner+Music+(Japan)', 0, 575949, '6ab5e8bf-879a-49bf-aafd-ec9e55cf371d');
INSERT INTO url (last_updated, url, edits_pending, id, gid) VALUES ('2011-01-18 17:23:38+01', 'http://vgmdb.net/org/73', 0, 716203, '57482be0-b408-48a7-a0bc-602e3f94e7f9');
INSERT INTO l_label_url (link, last_updated, entity1, entity0, edits_pending, id) VALUES (23776, '2011-01-18 17:23:37.789736+01', 210459, 369, 0, 9330);
INSERT INTO l_label_url (link, last_updated, entity1, entity0, edits_pending, id) VALUES (23777, '2011-01-18 17:23:37.789736+01', 210458, 369, 0, 9331);
INSERT INTO l_label_url (link, last_updated, entity1, entity0, edits_pending, id) VALUES (23778, '2011-01-18 17:23:37.789736+01', 575949, 369, 0, 19877);
INSERT INTO l_label_url (link, last_updated, entity1, entity0, edits_pending, id) VALUES (23785, '2011-01-18 17:23:37.789736+01', 716203, 369, 0, 27226);
INSERT INTO url (last_updated, url, edits_pending, id, gid) VALUES ('2011-01-18 17:23:38+01', 'http://en.wikipedia.org/wiki/Zetima', 0, 272300, '771564bf-98a8-4afc-b891-78d353a799b7');
INSERT INTO url (last_updated, url, edits_pending, id, gid) VALUES ('2011-01-18 17:23:38+01', 'http://zh.wikipedia.org/wiki/Zetima', 0, 344826, '5868e33a-1981-4e16-bcef-efe31382405b');
INSERT INTO url (last_updated, url, edits_pending, id, gid) VALUES ('2011-01-18 17:23:38+01', 'http://www.discogs.com/label/Zetima', 0, 344840, '6ac9bcf5-9a31-4751-becb-31fbfe61dbf8');
INSERT INTO url (last_updated, url, edits_pending, id, gid) VALUES ('2011-01-18 17:23:38+01', 'http://www.up-front-works.jp/img/zetima-logo.jpg', 0, 827387, '4ee0bb3d-c59b-47b3-a767-1c59f2a5e0d1');
INSERT INTO link_type (priority, last_updated, parent, name, description, short_link_phrase, link_phrase, entity_type1, entity_type0, id, reverse_link_phrase, child_order, gid) VALUES (0, '2011-01-18 16:31:00.495651+01', 230, 'logo', 'This is used to provide a logo for the label. (<a href="http://musicbrainz.org/doc/Logo_Relationship_Type">Details</a>)', 'logo', 'logos', 'url', 'label', 222, 'logo of', 3, 'b35f7822-bf3c-4148-b306-fb723c63ee8b');
INSERT INTO link (begin_date_day, attribute_count, begin_date_year, created, link_type, ended, end_date_day, begin_date_month, end_date_month, id, end_date_year) VALUES (NULL, 0, NULL, '2011-01-18 16:31:00.495651+01', 222, '0', NULL, NULL, NULL, 23780, NULL);
INSERT INTO l_label_url (link, last_updated, entity1, entity0, edits_pending, id) VALUES (23776, '2011-01-18 17:23:37.789736+01', 272300, 381, 0, 22474);
INSERT INTO l_label_url (link, last_updated, entity1, entity0, edits_pending, id) VALUES (23776, '2011-01-18 17:23:37.789736+01', 344826, 381, 0, 1582);
INSERT INTO l_label_url (link, last_updated, entity1, entity0, edits_pending, id) VALUES (23778, '2011-01-18 17:23:37.789736+01', 344840, 381, 0, 2517);
INSERT INTO l_label_url (link, last_updated, entity1, entity0, edits_pending, id) VALUES (23780, '2011-01-18 17:23:37.789736+01', 827387, 381, 0, 27803);
INSERT INTO url (last_updated, url, edits_pending, id, gid) VALUES ('2011-01-18 17:23:38+01', 'http://www.bsnpubs.com/abc/', 0, 216602, '29790e05-42fd-4d9e-833a-404a40ccfed4');
INSERT INTO url (last_updated, url, edits_pending, id, gid) VALUES ('2011-01-18 17:23:38+01', 'http://en.wikipedia.org/wiki/ABC_Records', 0, 227782, 'bf204d01-90a7-43a0-aa24-ebac3016d066');
INSERT INTO url (last_updated, url, edits_pending, id, gid) VALUES ('2011-01-18 17:23:38+01', 'http://www.discogs.com/label/ABC+Records', 0, 216601, 'f019584a-33d3-4e05-856f-6177c2861902');
INSERT INTO l_label_url (link, last_updated, entity1, entity0, edits_pending, id) VALUES (23775, '2011-01-18 17:23:37.789736+01', 216602, 2333, 0, 8547);
INSERT INTO l_label_url (link, last_updated, entity1, entity0, edits_pending, id) VALUES (23776, '2011-01-18 17:23:37.789736+01', 227782, 2333, 0, 7930);
INSERT INTO l_label_url (link, last_updated, entity1, entity0, edits_pending, id) VALUES (23778, '2011-01-18 17:23:37.789736+01', 216601, 2333, 0, 9363);
INSERT INTO url (last_updated, url, edits_pending, id, gid) VALUES ('2011-01-18 17:23:38+01', 'http://www.kounterfeit.com/', 0, 483691, '015b61d8-ba16-4e6e-877b-fef8d92595a2');
INSERT INTO url (last_updated, url, edits_pending, id, gid) VALUES ('2011-01-18 17:23:38+01', 'http://kounterfeit.com/', 0, 483688, '506b9767-cf18-4180-aec1-0cb36834ee64');
INSERT INTO url (last_updated, url, edits_pending, id, gid) VALUES ('2011-01-18 17:23:38+01', 'http://www.last.fm/label/KOUNTERFEIT+RECORDS', 0, 483703, '85c7767d-2527-4129-9a41-4c08ff92ce79');
INSERT INTO l_label_url (link, last_updated, entity1, entity0, edits_pending, id) VALUES (23775, '2011-01-18 17:23:37.789736+01', 483691, 3933, 0, 13153);
INSERT INTO l_label_url (link, last_updated, entity1, entity0, edits_pending, id) VALUES (23777, '2011-01-18 17:23:37.789736+01', 483688, 3933, 0, 12996);
INSERT INTO l_label_url (link, last_updated, entity1, entity0, edits_pending, id) VALUES (23780, '2011-01-18 17:23:37.789736+01', 483691, 3933, 0, 13309);
INSERT INTO l_label_url (link, last_updated, entity1, entity0, edits_pending, id) VALUES (23781, '2011-01-18 17:23:37.789736+01', 483703, 3933, 0, 13464);
INSERT INTO url (last_updated, url, edits_pending, id, gid) VALUES ('2011-01-18 17:23:38+01', 'http://en.wikipedia.org/wiki/Epitaph_Records', 0, 188140, 'a0305239-3af2-48e5-8e9e-1ebf9d3270b6');
INSERT INTO url (last_updated, url, edits_pending, id, gid) VALUES ('2011-01-18 17:23:38+01', 'http://www.epitaph.com/', 0, 188141, '76a4435f-9bab-4c38-9a4a-272d942d0a72');
INSERT INTO url (last_updated, url, edits_pending, id, gid) VALUES ('2011-01-18 17:23:38+01', 'http://www.discogs.com/label/Epitaph+Records', 0, 610808, 'f87a88fe-3b43-45b0-be90-0e3f288341c8');
INSERT INTO url (last_updated, url, edits_pending, id, gid) VALUES ('2011-01-18 17:23:38+01', 'http://upload.wikimedia.org/wikipedia/en/c/c1/Epitaph_Records_logo.jpg', 0, 194658, 'f6fea25e-d879-412d-a41e-dc5f9ef674f0');
INSERT INTO url (last_updated, url, edits_pending, id, gid) VALUES ('2011-01-18 17:23:38+01', 'http://www.youtube.com/user/EpitaphRecords', 0, 578123, '1f7ae016-0374-4aa5-a46e-ed16b6b8a156');
INSERT INTO l_label_url (link, last_updated, entity1, entity0, edits_pending, id) VALUES (23776, '2011-01-18 17:23:37.789736+01', 188140, 395, 0, 23558);
INSERT INTO l_label_url (link, last_updated, entity1, entity0, edits_pending, id) VALUES (23777, '2011-01-18 17:23:37.789736+01', 188141, 395, 0, 23559);
INSERT INTO l_label_url (link, last_updated, entity1, entity0, edits_pending, id) VALUES (23778, '2011-01-18 17:23:37.789736+01', 610808, 395, 0, 6780);
INSERT INTO l_label_url (link, last_updated, entity1, entity0, edits_pending, id) VALUES (23780, '2011-01-18 17:23:37.789736+01', 194658, 395, 0, 18840);
INSERT INTO l_label_url (link, last_updated, entity1, entity0, edits_pending, id) VALUES (23782, '2011-01-18 17:23:37.789736+01', 578123, 395, 0, 2407);
INSERT INTO url (last_updated, url, edits_pending, id, gid) VALUES ('2011-01-18 17:23:38+01', 'http://en.wikipedia.org/wiki/Rhythm_Zone', 0, 194973, '4e5f8e53-a6fc-46e2-8fe4-2b3192be57e1');
INSERT INTO url (last_updated, url, edits_pending, id, gid) VALUES ('2011-01-18 17:23:38+01', 'http://ja.wikipedia.org/wiki/Rhythm_zone', 0, 194976, 'e697226c-7752-47d5-9192-5722babd9c32');
INSERT INTO url (last_updated, url, edits_pending, id, gid) VALUES ('2011-01-18 17:23:38+01', 'http://rzn.jp/', 0, 445083, '2a545d02-5447-4f16-a9c5-6239d98ea3f0');
INSERT INTO url (last_updated, url, edits_pending, id, gid) VALUES ('2011-01-18 17:23:38+01', 'http://www.discogs.com/label/Rhythm+Zone', 0, 194975, 'baaf9d35-392a-407a-b1bb-564015b146c6');
INSERT INTO l_label_url (link, last_updated, entity1, entity0, edits_pending, id) VALUES (23776, '2011-01-18 17:23:37.789736+01', 194973, 2882, 0, 15099);
INSERT INTO l_label_url (link, last_updated, entity1, entity0, edits_pending, id) VALUES (23776, '2011-01-18 17:23:37.789736+01', 194976, 2882, 0, 15096);
INSERT INTO l_label_url (link, last_updated, entity1, entity0, edits_pending, id) VALUES (23777, '2011-01-18 17:23:37.789736+01', 445083, 2882, 0, 13458);
INSERT INTO l_label_url (link, last_updated, entity1, entity0, edits_pending, id) VALUES (23778, '2011-01-18 17:23:37.789736+01', 194975, 2882, 0, 15097);
INSERT INTO url (last_updated, url, edits_pending, id, gid) VALUES ('2011-01-18 17:23:38+01', 'http://en.wikipedia.org/wiki/Planet_Mu', 0, 272431, '7066ac0c-2162-4a78-8d98-90336c86570a');
INSERT INTO url (last_updated, url, edits_pending, id, gid) VALUES ('2011-01-18 17:23:38+01', 'http://www.planet-mu.com/', 0, 190240, 'b1e4dffa-1274-4ed6-907a-c23951acb583');
INSERT INTO url (last_updated, url, edits_pending, id, gid) VALUES ('2011-01-18 17:23:38+01', 'http://www.discogs.com/label/Planet+Mu', 0, 190234, '7e234e7f-c05d-4342-a766-6cc0a10b5105');
INSERT INTO url (last_updated, url, edits_pending, id, gid) VALUES ('2011-01-18 17:23:38+01', 'http://www.myspace.com/childrenofthemu', 0, 190241, 'ab8c9682-1721-4a4f-aab6-63c72ff7794b');
INSERT INTO l_label_url (link, last_updated, entity1, entity0, edits_pending, id) VALUES (23776, '2011-01-18 17:23:37.789736+01', 272431, 132, 0, 24660);
INSERT INTO l_label_url (link, last_updated, entity1, entity0, edits_pending, id) VALUES (23777, '2011-01-18 17:23:37.789736+01', 190240, 132, 0, 21503);
INSERT INTO l_label_url (link, last_updated, entity1, entity0, edits_pending, id) VALUES (23778, '2011-01-18 17:23:37.789736+01', 190234, 132, 0, 21498);
INSERT INTO l_label_url (link, last_updated, entity1, entity0, edits_pending, id) VALUES (23779, '2011-01-18 17:23:37.789736+01', 190241, 132, 0, 21504);
INSERT INTO url (last_updated, url, edits_pending, id, gid) VALUES ('2011-01-18 17:23:38+01', 'http://www.bsnpubs.com/la/mofi/mofi.html', 0, 458872, 'a995b005-124d-4384-bb4b-cd67968c4cc2');
INSERT INTO url (last_updated, url, edits_pending, id, gid) VALUES ('2011-01-18 17:23:38+01', 'http://en.wikipedia.org/wiki/Mobile_Fidelity_Sound_Lab', 0, 197521, 'e20922ba-dba2-4531-8c78-a308bb451d64');
INSERT INTO url (last_updated, url, edits_pending, id, gid) VALUES ('2011-01-18 17:23:38+01', 'http://www.mofi.com/', 0, 201512, '5881f38c-7169-4946-84e2-afae51de2408');
INSERT INTO url (last_updated, url, edits_pending, id, gid) VALUES ('2011-01-18 17:23:38+01', 'http://www.discogs.com/label/Mobile+Fidelity+Sound+Lab', 0, 612649, '6a868be3-e84b-40d8-b461-3d55bf8508c1');
INSERT INTO l_label_url (link, last_updated, entity1, entity0, edits_pending, id) VALUES (23775, '2011-01-18 17:23:37.789736+01', 458872, 4349, 0, 20166);
INSERT INTO l_label_url (link, last_updated, entity1, entity0, edits_pending, id) VALUES (23776, '2011-01-18 17:23:37.789736+01', 197521, 4349, 0, 12756);
INSERT INTO l_label_url (link, last_updated, entity1, entity0, edits_pending, id) VALUES (23777, '2011-01-18 17:23:37.789736+01', 201512, 4349, 0, 13059);
INSERT INTO l_label_url (link, last_updated, entity1, entity0, edits_pending, id) VALUES (23778, '2011-01-18 17:23:37.789736+01', 612649, 4349, 0, 20975);
INSERT INTO url (last_updated, url, edits_pending, id, gid) VALUES ('2011-01-18 17:23:38+01', 'http://en.wikipedia.org/wiki/Astralwerks', 0, 194156, 'ebb5fcec-30f3-41af-a7ed-5bd77adadab6');
INSERT INTO url (last_updated, url, edits_pending, id, gid) VALUES ('2011-01-18 17:23:38+01', 'http://www.astralwerks.com/', 0, 187787, '24eff79c-3efb-4fd7-a062-7517d5216f2a');
INSERT INTO url (last_updated, url, edits_pending, id, gid) VALUES ('2011-01-18 17:23:38+01', 'http://www.discogs.com/label/Astralwerks', 0, 191819, '17569994-16c4-482a-8fe7-3851115985ed');
INSERT INTO url (last_updated, url, edits_pending, id, gid) VALUES ('2011-01-18 17:23:38+01', 'http://www.myspace.com/astralwerks', 0, 191818, '8157b386-6c5b-46b3-9f28-652221068605');
INSERT INTO l_label_url (link, last_updated, entity1, entity0, edits_pending, id) VALUES (23776, '2011-01-18 17:23:37.789736+01', 194156, 187, 0, 20733);
INSERT INTO l_label_url (link, last_updated, entity1, entity0, edits_pending, id) VALUES (23777, '2011-01-18 17:23:37.789736+01', 187787, 187, 0, 24912);
INSERT INTO l_label_url (link, last_updated, entity1, entity0, edits_pending, id) VALUES (23778, '2011-01-18 17:23:37.789736+01', 191819, 187, 0, 20111);
INSERT INTO l_label_url (link, last_updated, entity1, entity0, edits_pending, id) VALUES (23779, '2011-01-18 17:23:37.789736+01', 191818, 187, 0, 20110);
INSERT INTO url (last_updated, url, edits_pending, id, gid) VALUES ('2011-01-18 17:23:38+01', 'http://en.wikipedia.org/wiki/Freestyle_Dust', 0, 195251, '97248598-7b73-40a0-8595-452dc0bb76e0');
INSERT INTO url (last_updated, url, edits_pending, id, gid) VALUES ('2011-01-18 17:23:38+01', 'http://www.discogs.com/label/Freestyle+Dust', 0, 195250, 'a35fac8e-11c7-4001-8990-fa6a13fa0878');
INSERT INTO l_label_url (link, last_updated, entity1, entity0, edits_pending, id) VALUES (23776, '2011-01-18 17:23:37.789736+01', 195251, 2988, 0, 21646);
INSERT INTO l_label_url (link, last_updated, entity1, entity0, edits_pending, id) VALUES (23778, '2011-01-18 17:23:37.789736+01', 195250, 2988, 0, 17124);

UPDATE medium
SET track_count = tc.count
FROM (SELECT count(id),medium FROM track GROUP BY medium) tc
WHERE tc.medium = medium.id;

INSERT INTO gender (name, id) VALUES ('Female', 2);
INSERT INTO artist_name (name, id) VALUES ('Goto, Maki', 438952);
INSERT INTO artist_name (name, id) VALUES ('後藤真希', 235500);
INSERT INTO artist (edits_pending, ended, id, sort_name, gender, country, begin_date_day, last_updated, name, begin_date_year, end_date_day, comment, begin_date_month, end_date_month, type, end_date_year, gid) VALUES (0, '0', 82524, 438952, 2, 107, 23, '2012-08-27 03:34:50.942403+02', 235500, 1985, NULL, '', 9, NULL, 1, NULL, '678ba12a-e485-44c7-8eaf-25e61a78a61b');
INSERT INTO link (begin_date_day, attribute_count, begin_date_year, link_type, created, ended, end_date_day, begin_date_month, end_date_month, id, end_date_year) VALUES (NULL, 0, 2001, 111, '2011-05-16 17:03:23.368437+02', '0', NULL, NULL, NULL, 6490, NULL);
INSERT INTO l_artist_artist (link, last_updated, entity1, entity0, id, edits_pending) VALUES (6490, '2011-05-16 17:03:23.368437+02', 265420, 82524, 127517, 0);

SELECT setval('edit_id_seq', (SELECT max(id) FROM edit));

