BEGIN;
SET client_min_messages TO 'warning';
SET search_path TO musicbrainz_test;

TRUNCATE release_group_type CASCADE;
TRUNCATE release_name CASCADE;
TRUNCATE artist_name CASCADE;
TRUNCATE artist_credit CASCADE;
TRUNCATE artist_type CASCADE;
TRUNCATE artist CASCADE;
TRUNCATE artist_alias CASCADE;
TRUNCATE artist_credit_name CASCADE;
TRUNCATE release_group CASCADE;
TRUNCATE release_status CASCADE;
TRUNCATE country CASCADE;
TRUNCATE language CASCADE;
TRUNCATE script CASCADE;
TRUNCATE release CASCADE;
TRUNCATE medium_format CASCADE;
TRUNCATE tracklist CASCADE;
TRUNCATE track_name CASCADE;
TRUNCATE recording CASCADE;
TRUNCATE track CASCADE;
TRUNCATE medium CASCADE;

INSERT INTO release_group_type (name, id) VALUES ('Soundtrack', 6);
INSERT INTO release_name (name, id) VALUES ('ゲームボーイ ポケモンのサウンドがまるごと入って遊べるCD', 688013);
INSERT INTO artist_name (name, id) VALUES ('増田順一', 847087);
INSERT INTO artist_credit (artistcount, refcount, name, id) VALUES (1, 883, 847087, 179588);
INSERT INTO artist_name (name, id) VALUES ('Masuda, Jun''ichi', 482934);
INSERT INTO artist_type (name, id) VALUES ('Person', 1);
INSERT INTO artist (country, sortname, name, enddate_day, begindate_day, comment, begindate_year, begindate_month, enddate_year, type, id, editpending, gender, enddate_month, gid) VALUES (NULL, 482934, 847087, NULL, 12, NULL, 1968, 1, NULL, 1, 179588, 0, NULL, NULL, 'af5499e0-8a48-4a53-bedd-3c4c67e688b6');
INSERT INTO artist_name (name, id) VALUES ('ますだ じゅんいち', 2605);
INSERT INTO artist_name (name, id) VALUES ('ますだじゅんいち', 5319);
INSERT INTO artist_name (name, id) VALUES ('Masuda Junichi', 482932);
INSERT INTO artist_name (name, id) VALUES ('Masuda Jun''ichi', 482933);
INSERT INTO artist_name (name, id) VALUES ('増田 順一', 847088);
INSERT INTO artist_alias (artist, name, locale, id, editpending) VALUES (179588, 2605, NULL, 37211, 0);
INSERT INTO artist_alias (artist, name, locale, id, editpending) VALUES (179588, 5319, NULL, 37212, 0);
INSERT INTO artist_alias (artist, name, locale, id, editpending) VALUES (179588, 482932, NULL, 37213, 0);
INSERT INTO artist_alias (artist, name, locale, id, editpending) VALUES (179588, 482933, NULL, 37214, 0);
INSERT INTO artist_alias (artist, name, locale, id, editpending) VALUES (179588, 847088, NULL, 37215, 0);
INSERT INTO artist_credit_name (artist, name, position, artist_credit, joinphrase) VALUES (179588, 847087, 0, 179588, NULL);
INSERT INTO release_group (comment, name, type, artist_credit, id, editpending, gid) VALUES (NULL, 688013, 6, 179588, 609746, 0, '370fb2f6-9f43-3933-b089-8a6b4f92d7df');
INSERT INTO release_status (name, id) VALUES ('Pseudo-Release', 4);
INSERT INTO country (isocode, name, id) VALUES ('JP', 'Japan', 107);
INSERT INTO language (frequency, isocode_3t, isocode_2, name, id, isocode_3b) VALUES (2, 'eng', 'en', 'English', 120, 'eng');
INSERT INTO script (frequency, isonumber, isocode, name, id) VALUES (4, '215', 'Latn', 'Latin', 28);
INSERT INTO release_name (name, id) VALUES ('Pocket Monsters Gameboy Sound Collection (disc 1)', 438151);
INSERT INTO release_status (name, id) VALUES ('Official', 1);
INSERT INTO language (frequency, isocode_3t, isocode_2, name, id, isocode_3b) VALUES (2, 'jpn', 'ja', 'Japanese', 198, 'jpn');
INSERT INTO script (frequency, isonumber, isocode, name, id) VALUES (4, '413', 'Jpan', 'Japanese', 85);
INSERT INTO release_name (name, id) VALUES ('Gameboy Pokemon no Sound gamaru goto itte asoberu (disc 1)', 227971);
INSERT INTO release_name (name, id) VALUES ('Gameboy Pokemon no Sound gamaru goto itte asoberu (disc 2)', 227972);
INSERT INTO release_name (name, id) VALUES ('Pocket Monsters Gameboy Sound Collection (disc 2)', 438152);
INSERT INTO release (date_day, status, release_group, packaging, id, quality, country, script, language, name, artist_credit, barcode, comment, date_year, date_month, gid, editpending) VALUES (1, 4, 609746, NULL, 261969, -1, 107, 28, 120, 438151, 179588, NULL, NULL, 1997, 11, '9039465e-baeb-44b0-af3f-1da15fff94bf', 0);
INSERT INTO release (date_day, status, release_group, packaging, id, quality, country, script, language, name, artist_credit, barcode, comment, date_year, date_month, gid, editpending) VALUES (1, 1, 609746, NULL, 261959, -1, 107, 85, 198, 688013, 179588, NULL, NULL, 1997, 11, 'a0d9fef4-78e4-414e-9346-de0fef450d69', 0);
INSERT INTO release (date_day, status, release_group, packaging, id, quality, country, script, language, name, artist_credit, barcode, comment, date_year, date_month, gid, editpending) VALUES (1, 4, 609746, NULL, 261976, -1, 107, 28, 198, 227971, 179588, NULL, NULL, 1997, 11, 'a9161431-2a38-4331-ad31-263307c7b23f', 0);
INSERT INTO release (date_day, status, release_group, packaging, id, quality, country, script, language, name, artist_credit, barcode, comment, date_year, date_month, gid, editpending) VALUES (1, 4, 609746, NULL, 261972, -1, 107, 28, 198, 227972, 179588, NULL, NULL, 1997, 11, '808d7389-6bc6-43b2-acad-86facff14e70', 0);
INSERT INTO release (date_day, status, release_group, packaging, id, quality, country, script, language, name, artist_credit, barcode, comment, date_year, date_month, gid, editpending) VALUES (1, 4, 609746, NULL, 261981, -1, 107, 28, 120, 438152, 179588, NULL, NULL, 1997, 11, 'd03568bf-f161-4d9c-b08d-b637035845d0', 0);
INSERT INTO medium_format (name, id, year) VALUES ('CD', 1, 1982);
INSERT INTO tracklist (trackcount, id) VALUES (98, 609754);
INSERT INTO track_name (name, id) VALUES ('Opening', 2745489);
INSERT INTO track_name (name, id) VALUES ('〜オープニング〜', 13858);
INSERT INTO recording (length, comment, name, artist_credit, id, editpending, gid) VALUES (118493, NULL, 13858, 179588, 6876732, 0, '8e509294-1d7f-4f72-8be1-9a4fe592ba15');
INSERT INTO track_name (name, id) VALUES ('Theme of Masara Town', 3790193);
INSERT INTO track_name (name, id) VALUES ('マサラタウンのテーマ', 17585);
INSERT INTO recording (length, comment, name, artist_credit, id, editpending, gid) VALUES (78040, NULL, 17585, 179588, 6876733, 0, '769491ab-eb38-4f6a-986a-c857078794d3');
INSERT INTO track_name (name, id) VALUES ('Professor Ohkido', 2960751);
INSERT INTO track_name (name, id) VALUES ('オーキド博士', 4483320);
INSERT INTO recording (length, comment, name, artist_credit, id, editpending, gid) VALUES (48466, NULL, 4483320, 179588, 6876734, 0, '853ce3f2-347d-4069-9a8b-b8499f24ead1');
INSERT INTO track_name (name, id) VALUES ('Ohkido''s Laboratory', 2696040);
INSERT INTO track_name (name, id) VALUES ('オーキド研究所', 4522896);
INSERT INTO recording (length, comment, name, artist_credit, id, editpending, gid) VALUES (46200, NULL, 4522896, 179588, 6876735, 0, 'f9d97061-2bfc-4b3a-aa71-1e355f854b75');
INSERT INTO track_name (name, id) VALUES ('Your Rival Appears', 4383225);
INSERT INTO track_name (name, id) VALUES ('ライバルあらわる', 15217);
INSERT INTO recording (length, comment, name, artist_credit, id, editpending, gid) VALUES (43160, NULL, 15217, 179588, 6876736, 0, '8e7831de-e1ea-4afa-b551-5cc4302e3c41');
INSERT INTO track_name (name, id) VALUES ('The Road to Tokiwa ~ from Masara', 3832022);
INSERT INTO track_name (name, id) VALUES ('トキワへの道', 4536140);
INSERT INTO recording (length, comment, name, artist_credit, id, editpending, gid) VALUES (59640, NULL, 4536140, 179588, 6876737, 0, 'bcb6e3d4-17cd-4c17-ac48-639f9ae0ff8f');
INSERT INTO track_name (name, id) VALUES ('Fight (VS Wild Pokemon)', 1260806);
INSERT INTO track_name (name, id) VALUES ('戦い', 4504140);
INSERT INTO recording (length, comment, name, artist_credit, id, editpending, gid) VALUES (90333, NULL, 4504140, 179588, 6876738, 0, 'ff690bfc-726b-401b-b48e-5b09bb707a7a');
INSERT INTO track_name (name, id) VALUES ('Victory (VS Wild Pokemon)', 4124346);
INSERT INTO track_name (name, id) VALUES ('勝利', 4482493);
INSERT INTO recording (length, comment, name, artist_credit, id, editpending, gid) VALUES (37066, NULL, 4482493, 179588, 6876739, 0, '62f6419d-58d1-4bd9-a57a-6ca1cb7bced9');
INSERT INTO track_name (name, id) VALUES ('Theme of Nibi City', 3790224);
INSERT INTO track_name (name, id) VALUES ('ニビシティのテーマ', 16324);
INSERT INTO recording (length, comment, name, artist_credit, id, editpending, gid) VALUES (130800, NULL, 16324, 179588, 6876740, 0, '34bf3f1d-cb59-4b0a-882b-21ea4212033d');
INSERT INTO track_name (name, id) VALUES ('Pokemon Center', 2908225);
INSERT INTO track_name (name, id) VALUES ('ポケモンセンター', 15105);
INSERT INTO recording (length, comment, name, artist_credit, id, editpending, gid) VALUES (73826, NULL, 15105, 179588, 6876741, 0, 'ada0fdb0-3cf4-4922-b18c-42934c2baf72');
INSERT INTO track_name (name, id) VALUES ('Pokemon Recovery', 2908251);
INSERT INTO track_name (name, id) VALUES ('ポケモン回復', 4486675);
INSERT INTO recording (length, comment, name, artist_credit, id, editpending, gid) VALUES (7466, NULL, 4486675, 179588, 6876742, 0, '6eb0de4f-633a-492b-abcd-c4d9e9d124fd');
INSERT INTO track_name (name, id) VALUES ('Tokiwa Forest', 3940738);
INSERT INTO track_name (name, id) VALUES ('トキワの森', 4512574);
INSERT INTO recording (length, comment, name, artist_credit, id, editpending, gid) VALUES (113200, NULL, 4512574, 179588, 6876743, 0, '76c4bb9d-80c6-4261-8313-0398a28e81b9');
INSERT INTO track_name (name, id) VALUES ('Directions', 961299);
INSERT INTO track_name (name, id) VALUES ('道案内', 4536208);
INSERT INTO recording (length, comment, name, artist_credit, id, editpending, gid) VALUES (37973, NULL, 4536208, 179588, 6876744, 0, '1f5ee840-3563-4475-aac5-0810606c96e7');
INSERT INTO track_name (name, id) VALUES ('A Trainer Appears (Girl Edit)', 306422);
INSERT INTO track_name (name, id) VALUES ('トレーナーあらわる', 16290);
INSERT INTO recording (length, comment, name, artist_credit, id, editpending, gid) VALUES (25333, NULL, 16290, 179588, 6876745, 0, '815a86e2-0b76-47fe-a9f4-56a23cef35bc');
INSERT INTO track_name (name, id) VALUES ('Fight (VS Trainer)', 1260805);
INSERT INTO recording (length, comment, name, artist_credit, id, editpending, gid) VALUES (196733, NULL, 4504140, 179588, 6876746, 0, 'bb766925-6671-49ab-a2fc-7d9c92cf60c8');
INSERT INTO track_name (name, id) VALUES ('Victory (VS Trainer)', 4124345);
INSERT INTO recording (length, comment, name, artist_credit, id, editpending, gid) VALUES (31426, NULL, 4482493, 179588, 6876747, 0, '67693d12-adb2-44a6-9de7-cea4a83ac7ca');
INSERT INTO track_name (name, id) VALUES ('Mt. Otsukimi Cave', 2504935);
INSERT INTO track_name (name, id) VALUES ('おつきみ山のどうくつ', 4495251);
INSERT INTO recording (length, comment, name, artist_credit, id, editpending, gid) VALUES (99733, NULL, 4495251, 179588, 6876748, 0, 'c7a519db-82ca-4070-8ee6-4e22e36a28a7');
INSERT INTO track_name (name, id) VALUES ('The Road to Hanada ~ from Mt. Otsukimi', 3831856);
INSERT INTO track_name (name, id) VALUES ('ハナダへの道', 4536141);
INSERT INTO recording (length, comment, name, artist_credit, id, editpending, gid) VALUES (88640, NULL, 4536141, 179588, 6876749, 0, '1cd4eabb-2f7a-4c75-a461-1f94d44db768');
INSERT INTO track_name (name, id) VALUES ('Theme of Hanada City', 3790116);
INSERT INTO track_name (name, id) VALUES ('ハナダシティのテーマ', 17449);
INSERT INTO recording (length, comment, name, artist_credit, id, editpending, gid) VALUES (76866, NULL, 17449, 179588, 6876750, 0, 'febfc007-eea9-45fb-ab49-f127e5ab17f3');
INSERT INTO track_name (name, id) VALUES ('Pokemon Gym', 2908234);
INSERT INTO track_name (name, id) VALUES ('ポケモンジム', 11280);
INSERT INTO recording (length, comment, name, artist_credit, id, editpending, gid) VALUES (75400, NULL, 11280, 179588, 6876751, 0, '6d9a8ad0-bf66-4e7d-9298-077c51e32ed5');
INSERT INTO track_name (name, id) VALUES ('To the Bottom of Masaki ~ from Hanada', 3959915);
INSERT INTO track_name (name, id) VALUES ('マサキのもとへ', 13349);
INSERT INTO recording (length, comment, name, artist_credit, id, editpending, gid) VALUES (51800, NULL, 13349, 179588, 6876752, 0, '6c60a361-ae67-44bd-b549-cad841777e42');
INSERT INTO track_name (name, id) VALUES ('Purin''s Song', 2982790);
INSERT INTO track_name (name, id) VALUES ('プリンの歌', 4513212);
INSERT INTO recording (length, comment, name, artist_credit, id, editpending, gid) VALUES (10560, NULL, 4513212, 179588, 6876753, 0, 'a38f6930-d9d9-4f61-aa24-6126f5fc4838');
INSERT INTO track_name (name, id) VALUES ('Theme of Kuchiba City', 3790159);
INSERT INTO track_name (name, id) VALUES ('クチバシティのテーマ', 17188);
INSERT INTO recording (length, comment, name, artist_credit, id, editpending, gid) VALUES (62973, NULL, 17188, 179588, 6876754, 0, 'e5de916b-eeef-49e7-b7aa-a5bc46692891');
INSERT INTO track_name (name, id) VALUES ('The Sainte-Anna', 3834489);
INSERT INTO track_name (name, id) VALUES ('サントアンヌ号', 4484229);
INSERT INTO recording (length, comment, name, artist_credit, id, editpending, gid) VALUES (84066, NULL, 4484229, 179588, 6876755, 0, 'c74c4c74-3624-45f8-8f30-2821e06a8461');
INSERT INTO track_name (name, id) VALUES ('The Road to Shion ~ from Kuchiba', 3831990);
INSERT INTO track_name (name, id) VALUES ('シオンへの道', 4536139);
INSERT INTO recording (length, comment, name, artist_credit, id, editpending, gid) VALUES (77026, NULL, 4536139, 179588, 6876756, 0, '3c141ff4-6b1d-48a3-b61e-b6b420aa1ac5');
INSERT INTO track_name (name, id) VALUES ('Pokemon Flute', 2908230);
INSERT INTO track_name (name, id) VALUES ('ポケモンの笛', 4525225);
INSERT INTO recording (length, comment, name, artist_credit, id, editpending, gid) VALUES (14773, NULL, 4525225, 179588, 6876757, 0, 'b4cae854-d8e6-418e-8dbc-0cf7eb4bf73e');
INSERT INTO track_name (name, id) VALUES ('A Trainer Appears (Boy Edit)', 306421);
INSERT INTO recording (length, comment, name, artist_credit, id, editpending, gid) VALUES (29560, NULL, 16290, 179588, 6876758, 0, '4f4470a4-e865-4c30-bf12-4fa6bda24e9a');
INSERT INTO track_name (name, id) VALUES ('Fight (VS Gym Leader)', 1260804);
INSERT INTO recording (length, comment, name, artist_credit, id, editpending, gid) VALUES (119973, NULL, 4504140, 179588, 6876759, 0, '83d3b69f-4e32-42d9-b2a3-ceecc9014c65');
INSERT INTO track_name (name, id) VALUES ('Victory (VS Gym Leader)', 4124344);
INSERT INTO recording (length, comment, name, artist_credit, id, editpending, gid) VALUES (56893, NULL, 4482493, 179588, 6876760, 0, '86d47108-d7f2-4283-94d3-2a134b53a5da');
INSERT INTO track_name (name, id) VALUES ('Cycling', 819495);
INSERT INTO track_name (name, id) VALUES ('サイクリング', 10761);
INSERT INTO recording (length, comment, name, artist_credit, id, editpending, gid) VALUES (84506, NULL, 10761, 179588, 6876761, 0, 'aec273fd-13a8-498a-b8d5-e50a9185198f');
INSERT INTO track_name (name, id) VALUES ('Theme of Shion Town', 3790311);
INSERT INTO track_name (name, id) VALUES ('シオンタウンのテーマ', 17264);
INSERT INTO recording (length, comment, name, artist_credit, id, editpending, gid) VALUES (108826, NULL, 17264, 179588, 6876762, 0, '57b6a257-bc0c-4c36-bfb8-1205cbb00c56');
INSERT INTO track_name (name, id) VALUES ('Pokemon Tower', 2908262);
INSERT INTO track_name (name, id) VALUES ('ポケモンタワー', 13329);
INSERT INTO recording (length, comment, name, artist_credit, id, editpending, gid) VALUES (140666, NULL, 13329, 179588, 6876763, 0, '06b67d37-d762-4114-80df-2fc19231dfea');
INSERT INTO track_name (name, id) VALUES ('Theme of Tamamu City', 3790352);
INSERT INTO track_name (name, id) VALUES ('タマムシシティのテーマ', 18160);
INSERT INTO recording (length, comment, name, artist_credit, id, editpending, gid) VALUES (77400, NULL, 18160, 179588, 6876764, 0, 'ee386c1b-b31c-48ca-925c-bafcd63abd32');
INSERT INTO track_name (name, id) VALUES ('Casion', 609070);
INSERT INTO track_name (name, id) VALUES ('カジノ', 2869);
INSERT INTO recording (length, comment, name, artist_credit, id, editpending, gid) VALUES (90200, NULL, 2869, 179588, 6876765, 0, 'efa01b0a-a5b1-4142-87af-56fa0f122722');
INSERT INTO track_name (name, id) VALUES ('A Trainer Appears (Bad Guy Edit)', 306420);
INSERT INTO recording (length, comment, name, artist_credit, id, editpending, gid) VALUES (27733, NULL, 16290, 179588, 6876766, 0, '7ef71419-c7a0-4fb1-a0bc-44d9da5da205');
INSERT INTO track_name (name, id) VALUES ('Team Rocket Hideout', 3648672);
INSERT INTO track_name (name, id) VALUES ('ロケット団アジト', 4486789);
INSERT INTO recording (length, comment, name, artist_credit, id, editpending, gid) VALUES (148840, NULL, 4486789, 179588, 6876767, 0, '2f70f9ee-5575-4d76-aed4-a08baeb064ec');
INSERT INTO track_name (name, id) VALUES ('Sylph Company', 3589507);
INSERT INTO track_name (name, id) VALUES ('シルフカンパニー', 14627);
INSERT INTO recording (length, comment, name, artist_credit, id, editpending, gid) VALUES (81400, NULL, 14627, 179588, 6876768, 0, 'c45cd12f-c069-4e59-b5d5-998a19d04914');
INSERT INTO track_name (name, id) VALUES ('Sea', 3216559);
INSERT INTO track_name (name, id) VALUES ('海', 4516152);
INSERT INTO recording (length, comment, name, artist_credit, id, editpending, gid) VALUES (90333, NULL, 4516152, 179588, 6876769, 0, '29c03e11-75c9-4e24-9222-5bddfdc49777');
INSERT INTO track_name (name, id) VALUES ('Theme of Guren Town', 3790114);
INSERT INTO track_name (name, id) VALUES ('グレンタウンのテーマ', 17207);
INSERT INTO recording (length, comment, name, artist_credit, id, editpending, gid) VALUES (59226, NULL, 17207, 179588, 6876770, 0, '741dc0fc-ebab-4656-aecc-98fc759b6841');
INSERT INTO track_name (name, id) VALUES ('Pokemon Mansion', 2908246);
INSERT INTO track_name (name, id) VALUES ('ポケモン屋敷', 4495205);
INSERT INTO recording (length, comment, name, artist_credit, id, editpending, gid) VALUES (83840, NULL, 4495205, 179588, 6876771, 0, 'b3a19fec-7fb4-42d9-9a66-5a60accf4a9e');
INSERT INTO track_name (name, id) VALUES ('Evolution', 1197968);
INSERT INTO track_name (name, id) VALUES ('進化', 4535843);
INSERT INTO recording (length, comment, name, artist_credit, id, editpending, gid) VALUES (35426, NULL, 4535843, 179588, 6876772, 0, '431bdffc-6b4e-4147-8e55-90ab6239c4da');
INSERT INTO track_name (name, id) VALUES ('The Final Road', 3738833);
INSERT INTO track_name (name, id) VALUES ('最後の道', 4509604);
INSERT INTO recording (length, comment, name, artist_credit, id, editpending, gid) VALUES (74333, NULL, 4509604, 179588, 6876773, 0, '59ecd57c-736c-48cf-8b95-e4d7086cf55d');
INSERT INTO track_name (name, id) VALUES ('Last Battle (VS Rival)', 2094493);
INSERT INTO track_name (name, id) VALUES ('ラストバトル', 11430);
INSERT INTO recording (length, comment, name, artist_credit, id, editpending, gid) VALUES (150040, NULL, 11430, 179588, 6876774, 0, 'fdd28623-5634-481a-8859-965894d2c917');
INSERT INTO track_name (name, id) VALUES ('Entering the Hall', 1146573);
INSERT INTO track_name (name, id) VALUES ('殿堂入り', 4513940);
INSERT INTO recording (length, comment, name, artist_credit, id, editpending, gid) VALUES (63866, NULL, 4513940, 179588, 6876775, 0, '92149cbd-2a91-4c8a-8c25-cea5e9f8cd7f');
INSERT INTO track_name (name, id) VALUES ('Ending', 1133750);
INSERT INTO track_name (name, id) VALUES ('〜エンディング〜', 13857);
INSERT INTO recording (length, comment, name, artist_credit, id, editpending, gid) VALUES (105666, NULL, 13857, 179588, 6876776, 0, '3253d37e-7961-4800-a4c9-f0d069266965');
INSERT INTO track_name (name, id) VALUES ('Bulbasaur', 539032);
INSERT INTO track_name (name, id) VALUES ('フシギダネ', 9185);
INSERT INTO recording (length, comment, name, artist_credit, id, editpending, gid) VALUES (18826, NULL, 9185, 179588, 6876777, 0, '32b6dee7-48e8-48cc-95ee-91089b549773');
INSERT INTO track_name (name, id) VALUES ('Ivysaur', 1864355);
INSERT INTO track_name (name, id) VALUES ('フシギソウ', 9184);
INSERT INTO recording (length, comment, name, artist_credit, id, editpending, gid) VALUES (18600, NULL, 9184, 179588, 6876778, 0, 'a2bac052-ce5b-4e62-a725-5fa719532430');
INSERT INTO track_name (name, id) VALUES ('Venusaur', 4113407);
INSERT INTO track_name (name, id) VALUES ('フシギバナ', 9186);
INSERT INTO recording (length, comment, name, artist_credit, id, editpending, gid) VALUES (18840, NULL, 9186, 179588, 6876779, 0, 'b71c0a33-1299-42a4-b641-946b74db7ae8');
INSERT INTO track_name (name, id) VALUES ('Charmander', 654679);
INSERT INTO track_name (name, id) VALUES ('ヒトカゲ', 6365);
INSERT INTO recording (length, comment, name, artist_credit, id, editpending, gid) VALUES (20426, NULL, 6365, 179588, 6876780, 0, '375f7fbc-8e2a-404c-a830-37ce0a6527bb');
INSERT INTO track_name (name, id) VALUES ('Charmeleon', 654737);
INSERT INTO track_name (name, id) VALUES ('リザード', 6641);
INSERT INTO recording (length, comment, name, artist_credit, id, editpending, gid) VALUES (19133, NULL, 6641, 179588, 6876781, 0, '7cd83bc1-f0c4-445b-98ed-05010cb136b6');
INSERT INTO track_name (name, id) VALUES ('Charizard', 653617);
INSERT INTO track_name (name, id) VALUES ('リザードン', 9443);
INSERT INTO recording (length, comment, name, artist_credit, id, editpending, gid) VALUES (19933, NULL, 9443, 179588, 6876782, 0, '8131faa8-9aaa-4b62-ba23-9d1e831488e3');
INSERT INTO track_name (name, id) VALUES ('Squirtle', 3468411);
INSERT INTO track_name (name, id) VALUES ('ゼニガメ', 6080);
INSERT INTO recording (length, comment, name, artist_credit, id, editpending, gid) VALUES (18506, NULL, 6080, 179588, 6876783, 0, 'b968cb75-7c68-4aaf-9d53-10a4378b9561');
INSERT INTO track_name (name, id) VALUES ('Wartortle', 4184906);
INSERT INTO track_name (name, id) VALUES ('カメール', 5799);
INSERT INTO recording (length, comment, name, artist_credit, id, editpending, gid) VALUES (19626, NULL, 5799, 179588, 6876784, 0, '04d04648-5cf1-4d5e-a2b4-4b7f8314f6ee');
INSERT INTO track_name (name, id) VALUES ('Blastoise', 454975);
INSERT INTO track_name (name, id) VALUES ('カメックス', 8588);
INSERT INTO recording (length, comment, name, artist_credit, id, editpending, gid) VALUES (19866, NULL, 8588, 179588, 6876785, 0, '15496fac-7c18-4bc1-beb8-7ab2b8bec339');
INSERT INTO track_name (name, id) VALUES ('Caterpie', 612943);
INSERT INTO track_name (name, id) VALUES ('キャタピー', 8630);
INSERT INTO recording (length, comment, name, artist_credit, id, editpending, gid) VALUES (19173, NULL, 8630, 179588, 6876786, 0, '7f0269f2-627e-47e8-aa65-d334b4faa9b7');
INSERT INTO track_name (name, id) VALUES ('Metapod', 2407284);
INSERT INTO track_name (name, id) VALUES ('トランセル', 8985);
INSERT INTO recording (length, comment, name, artist_credit, id, editpending, gid) VALUES (19866, NULL, 8985, 179588, 6876787, 0, '9920f01e-7ca2-4662-9410-c7ba6eff5074');
INSERT INTO track_name (name, id) VALUES ('Butterfree', 551310);
INSERT INTO track_name (name, id) VALUES ('バタフリー', 9093);
INSERT INTO recording (length, comment, name, artist_credit, id, editpending, gid) VALUES (19160, NULL, 9093, 179588, 6876788, 0, '9749f8c1-54cb-49a0-bf7f-6c0ccf1fe691');
INSERT INTO track_name (name, id) VALUES ('Weedle', 4205695);
INSERT INTO track_name (name, id) VALUES ('ビードル', 6384);
INSERT INTO recording (length, comment, name, artist_credit, id, editpending, gid) VALUES (19573, NULL, 6384, 179588, 6876789, 0, 'de86a36b-63fc-46b8-b094-be0a8cf26357');
INSERT INTO track_name (name, id) VALUES ('Kakuna', 1954943);
INSERT INTO track_name (name, id) VALUES ('コクーン', 5885);
INSERT INTO recording (length, comment, name, artist_credit, id, editpending, gid) VALUES (18733, NULL, 5885, 179588, 6876790, 0, 'd6f83e48-92cc-4eca-89f1-fa29db27c329');
INSERT INTO track_name (name, id) VALUES ('Beedrill', 395617);
INSERT INTO track_name (name, id) VALUES ('スピアー', 6055);
INSERT INTO recording (length, comment, name, artist_credit, id, editpending, gid) VALUES (19893, NULL, 6055, 179588, 6876791, 0, '2bac7a1d-0c26-430e-94f7-9f7fad9fbdaa');
INSERT INTO track_name (name, id) VALUES ('Pidgey', 2875166);
INSERT INTO track_name (name, id) VALUES ('ポッポ', 3202);
INSERT INTO recording (length, comment, name, artist_credit, id, editpending, gid) VALUES (18173, NULL, 3202, 179588, 6876792, 0, 'dce3f757-ff29-470d-90c9-8a31063c44b0');
INSERT INTO track_name (name, id) VALUES ('Pidgeotto', 2875165);
INSERT INTO track_name (name, id) VALUES ('ピジョン', 6389);
INSERT INTO recording (length, comment, name, artist_credit, id, editpending, gid) VALUES (19160, NULL, 6389, 179588, 6876793, 0, 'd454d5a2-2813-4f37-ba95-297292f3cf12');
INSERT INTO track_name (name, id) VALUES ('Pidgeot', 2875164);
INSERT INTO track_name (name, id) VALUES ('ピジョット', 9154);
INSERT INTO recording (length, comment, name, artist_credit, id, editpending, gid) VALUES (18733, NULL, 9154, 179588, 6876794, 0, '0bdbc226-0dff-4724-a06f-76c723803d41');
INSERT INTO track_name (name, id) VALUES ('Rattata', 3034317);
INSERT INTO track_name (name, id) VALUES ('コラッタ', 5899);
INSERT INTO recording (length, comment, name, artist_credit, id, editpending, gid) VALUES (18133, NULL, 5899, 179588, 6876795, 0, '46676b33-50da-4e5b-a9bd-4ec7f63e2ca0');
INSERT INTO track_name (name, id) VALUES ('Raticate', 3033816);
INSERT INTO track_name (name, id) VALUES ('ラッタ', 3269);
INSERT INTO recording (length, comment, name, artist_credit, id, editpending, gid) VALUES (18200, NULL, 3269, 179588, 6876796, 0, '1b49e3bf-364b-41cb-88ac-1b8897a2d5c1');
INSERT INTO track_name (name, id) VALUES ('Spearow', 3450617);
INSERT INTO track_name (name, id) VALUES ('オニスズメ', 8545);
INSERT INTO recording (length, comment, name, artist_credit, id, editpending, gid) VALUES (19040, NULL, 8545, 179588, 6876797, 0, 'f0ae4ebc-a05f-403a-8e24-a796e21e5ebc');
INSERT INTO track_name (name, id) VALUES ('Fearow', 1241937);
INSERT INTO track_name (name, id) VALUES ('オニドリル', 8546);
INSERT INTO recording (length, comment, name, artist_credit, id, editpending, gid) VALUES (19093, NULL, 8546, 179588, 6876798, 0, '7e64bea3-975c-4d43-9be3-f378ce411b90');
INSERT INTO track_name (name, id) VALUES ('Ekans', 1095558);
INSERT INTO track_name (name, id) VALUES ('アーボ', 2832);
INSERT INTO recording (length, comment, name, artist_credit, id, editpending, gid) VALUES (18706, NULL, 2832, 179588, 6876799, 0, 'a838b27f-c58a-4e6b-b19f-0a73860f4936');
INSERT INTO track_name (name, id) VALUES ('Arbok', 266411);
INSERT INTO track_name (name, id) VALUES ('アーボック', 8454);
INSERT INTO recording (length, comment, name, artist_credit, id, editpending, gid) VALUES (19760, NULL, 8454, 179588, 6876800, 0, '8aef1d0c-2464-48fc-90eb-e0c1ed9b8977');
INSERT INTO track_name (name, id) VALUES ('Pikachu', 2879636);
INSERT INTO track_name (name, id) VALUES ('ピカチュウ', 9152);
INSERT INTO recording (length, comment, name, artist_credit, id, editpending, gid) VALUES (18906, NULL, 9152, 179588, 6876801, 0, '0e353f2d-26b4-40a4-a111-7199d368076d');
INSERT INTO track_name (name, id) VALUES ('Raichu', 3020630);
INSERT INTO track_name (name, id) VALUES ('ライチュウ', 9411);
INSERT INTO recording (length, comment, name, artist_credit, id, editpending, gid) VALUES (19026, NULL, 9411, 179588, 6876802, 0, '6695aa5e-4d62-43b6-8d33-8d4fea8d568d');
INSERT INTO track_name (name, id) VALUES ('Sandshrew', 3179466);
INSERT INTO track_name (name, id) VALUES ('サンド', 2965);
INSERT INTO recording (length, comment, name, artist_credit, id, editpending, gid) VALUES (18266, NULL, 2965, 179588, 6876803, 0, 'd34857ed-db05-4a00-8694-608ac25ba082');
INSERT INTO track_name (name, id) VALUES ('Sandslash', 3179477);
INSERT INTO track_name (name, id) VALUES ('サンドパン', 8771);
INSERT INTO recording (length, comment, name, artist_credit, id, editpending, gid) VALUES (18400, NULL, 8771, 179588, 6876804, 0, '8dcc2dc4-2d9f-4ca0-b734-f181d317e754');
INSERT INTO track_name (name, id) VALUES ('Nidoran♀', 2600846);
INSERT INTO track_name (name, id) VALUES ('ニドラン♀', 9025);
INSERT INTO recording (length, comment, name, artist_credit, id, editpending, gid) VALUES (19240, NULL, 9025, 179588, 6876805, 0, '6cec7dd4-1bd7-4d11-b445-367813d80a18');
INSERT INTO track_name (name, id) VALUES ('Nidorina', 2600848);
INSERT INTO track_name (name, id) VALUES ('ニドリーナ', 9027);
INSERT INTO recording (length, comment, name, artist_credit, id, editpending, gid) VALUES (19293, NULL, 9027, 179588, 6876806, 0, 'c49237c6-f407-48f4-a30a-9b86529a378e');
INSERT INTO track_name (name, id) VALUES ('Nidoqueen', 2600845);
INSERT INTO track_name (name, id) VALUES ('ニドクイン', 9024);
INSERT INTO recording (length, comment, name, artist_credit, id, editpending, gid) VALUES (19173, NULL, 9024, 179588, 6876807, 0, '7b905e5a-eb2e-491e-b6a9-31dcd2902a49');
INSERT INTO track_name (name, id) VALUES ('Nidoran♂', 2600847);
INSERT INTO track_name (name, id) VALUES ('ニドラン♂', 9026);
INSERT INTO recording (length, comment, name, artist_credit, id, editpending, gid) VALUES (19400, NULL, 9026, 179588, 6876808, 0, 'bd3094c1-a436-4eea-81d9-48400573e0e2');
INSERT INTO track_name (name, id) VALUES ('Nidorino', 2600849);
INSERT INTO track_name (name, id) VALUES ('ニドリーノ', 9028);
INSERT INTO recording (length, comment, name, artist_credit, id, editpending, gid) VALUES (19160, NULL, 9028, 179588, 6876809, 0, 'b8f2165f-c5d3-4502-b8d7-7d9609ad2b75');
INSERT INTO track_name (name, id) VALUES ('Nidoking', 2600842);
INSERT INTO track_name (name, id) VALUES ('ニドキング', 9023);
INSERT INTO recording (length, comment, name, artist_credit, id, editpending, gid) VALUES (20306, NULL, 9023, 179588, 6876810, 0, '86181747-e762-4aaf-80ed-717a83a8178b');
INSERT INTO track_name (name, id) VALUES ('Clefairy', 699646);
INSERT INTO track_name (name, id) VALUES ('ピッピ', 3148);
INSERT INTO recording (length, comment, name, artist_credit, id, editpending, gid) VALUES (18800, NULL, 3148, 179588, 6876811, 0, '5ea5a69f-9f9e-4d27-8afc-00b3e3539d33');
INSERT INTO track_name (name, id) VALUES ('Clefable', 699645);
INSERT INTO track_name (name, id) VALUES ('ピクシー', 6386);
INSERT INTO recording (length, comment, name, artist_credit, id, editpending, gid) VALUES (18266, NULL, 6386, 179588, 6876812, 0, 'ae6e011a-236e-4aa6-96f1-4427899166db');
INSERT INTO track_name (name, id) VALUES ('Vulpix', 4160398);
INSERT INTO track_name (name, id) VALUES ('ロコン', 3316);
INSERT INTO recording (length, comment, name, artist_credit, id, editpending, gid) VALUES (19666, NULL, 3316, 179588, 6876813, 0, 'c9692d27-f003-4ab3-a272-430e27e23e4e');
INSERT INTO track_name (name, id) VALUES ('Ninetales', 2611772);
INSERT INTO track_name (name, id) VALUES ('キュウコン', 8639);
INSERT INTO recording (length, comment, name, artist_credit, id, editpending, gid) VALUES (19960, NULL, 8639, 179588, 6876814, 0, '1a36ebcd-bfd6-4ae0-a096-c9e12948705e');
INSERT INTO track_name (name, id) VALUES ('Jigglypuff', 1912340);
INSERT INTO track_name (name, id) VALUES ('プリン', 3168);
INSERT INTO recording (length, comment, name, artist_credit, id, editpending, gid) VALUES (17733, NULL, 3168, 179588, 6876815, 0, '13e16e99-0725-446d-b355-52127d6518dd');
INSERT INTO track_name (name, id) VALUES ('Wigglytuff', 4289031);
INSERT INTO track_name (name, id) VALUES ('プクリン', 6450);
INSERT INTO recording (length, comment, name, artist_credit, id, editpending, gid) VALUES (18440, NULL, 6450, 179588, 6876816, 0, 'def51c3d-14e3-42ca-9109-6810d3e66eb8');
INSERT INTO track_name (name, id) VALUES ('Zubat', 4408558);
INSERT INTO track_name (name, id) VALUES ('ズバット', 6070);
INSERT INTO recording (length, comment, name, artist_credit, id, editpending, gid) VALUES (18400, NULL, 6070, 179588, 6876817, 0, 'e0acbbf7-d544-438b-b047-b82f2a23d472');
INSERT INTO track_name (name, id) VALUES ('Golbat', 1439814);
INSERT INTO track_name (name, id) VALUES ('ゴルバット', 8723);
INSERT INTO recording (length, comment, name, artist_credit, id, editpending, gid) VALUES (18560, NULL, 8723, 179588, 6876818, 0, '0153d012-0be9-4586-9ce0-f53ef0d7ee82');
INSERT INTO track_name (name, id) VALUES ('Oddish', 2684478);
INSERT INTO track_name (name, id) VALUES ('ナゾノクサ', 9013);
INSERT INTO recording (length, comment, name, artist_credit, id, editpending, gid) VALUES (19333, NULL, 9013, 179588, 6876819, 0, 'e0223672-cd73-493c-b0a7-7b357429c5f5');
INSERT INTO track_name (name, id) VALUES ('Gloom', 1425072);
INSERT INTO track_name (name, id) VALUES ('クサイハナ', 8659);
INSERT INTO recording (length, comment, name, artist_credit, id, editpending, gid) VALUES (18506, NULL, 8659, 179588, 6876820, 0, 'd31d4208-de82-4ee9-ae7d-4d6cb627d658');
INSERT INTO track_name (name, id) VALUES ('Vileplume', 4130167);
INSERT INTO track_name (name, id) VALUES ('ラフレシア', 9422);
INSERT INTO recording (length, comment, name, artist_credit, id, editpending, gid) VALUES (18800, NULL, 9422, 179588, 6876821, 0, '3c6fa5ae-12c8-44c7-b42c-51f03dacdf51');
INSERT INTO track_name (name, id) VALUES ('Paras', 2805797);
INSERT INTO track_name (name, id) VALUES ('パラス', 3124);
INSERT INTO recording (length, comment, name, artist_credit, id, editpending, gid) VALUES (19293, NULL, 3124, 179588, 6876822, 0, '1801d242-e3fd-4068-bd49-c2664b268fdd');
INSERT INTO track_name (name, id) VALUES ('Parasect', 2805827);
INSERT INTO track_name (name, id) VALUES ('パラセクト', 9126);
INSERT INTO recording (length, comment, name, artist_credit, id, editpending, gid) VALUES (20400, NULL, 9126, 179588, 6876823, 0, '6098de35-a1a5-463c-ae30-bd8353661446');
INSERT INTO track_name (name, id) VALUES ('Venonat', 4112716);
INSERT INTO track_name (name, id) VALUES ('コンパン', 5904);
INSERT INTO recording (length, comment, name, artist_credit, id, editpending, gid) VALUES (18866, NULL, 5904, 179588, 6876824, 0, '65fbc44d-8edf-49ba-9e52-0d3c5b5a9212');
INSERT INTO track_name (name, id) VALUES ('Venomoth', 4112676);
INSERT INTO track_name (name, id) VALUES ('モルフォン', 9384);
INSERT INTO recording (length, comment, name, artist_credit, id, editpending, gid) VALUES (18733, NULL, 9384, 179588, 6876825, 0, '92b1406f-6dd8-49e7-93da-9db7c761e2a9');
INSERT INTO track_name (name, id) VALUES ('Diglett', 955361);
INSERT INTO track_name (name, id) VALUES ('ディグダ', 6168);
INSERT INTO recording (length, comment, name, artist_credit, id, editpending, gid) VALUES (18640, NULL, 6168, 179588, 6876826, 0, '1555a32e-044f-4275-8233-6612c348a1b6');
INSERT INTO track_name (name, id) VALUES ('Dugtrio', 1056799);
INSERT INTO track_name (name, id) VALUES ('ダグトリオ', 8923);
INSERT INTO recording (length, comment, name, artist_credit, id, editpending, gid) VALUES (18693, NULL, 8923, 179588, 6876827, 0, 'ac5b95e0-07d5-4eb6-8fdd-af02605ac0e3');
INSERT INTO track_name (name, id) VALUES ('Meowth', 2396602);
INSERT INTO track_name (name, id) VALUES ('ニャース', 6250);
INSERT INTO recording (length, comment, name, artist_credit, id, editpending, gid) VALUES (17733, NULL, 6250, 179588, 6876828, 0, '374c7575-531f-4712-837d-ba348da96b25');
INSERT INTO track_name (name, id) VALUES ('Persian', 2848803);
INSERT INTO track_name (name, id) VALUES ('ペルシアン', 9255);
INSERT INTO recording (length, comment, name, artist_credit, id, editpending, gid) VALUES (20866, NULL, 9255, 179588, 6876829, 0, 'ce41a261-44ea-42be-8dc0-8c875860644d');
INSERT INTO track (length, recording, name, position, artist_credit, id, tracklist, editpending) VALUES (118493, 6876732, 2745489, 1, 179588, 6877011, 609754, 0);
INSERT INTO track (length, recording, name, position, artist_credit, id, tracklist, editpending) VALUES (78040, 6876733, 3790193, 2, 179588, 6877012, 609754, 0);
INSERT INTO track (length, recording, name, position, artist_credit, id, tracklist, editpending) VALUES (48466, 6876734, 2960751, 3, 179588, 6877013, 609754, 0);
INSERT INTO track (length, recording, name, position, artist_credit, id, tracklist, editpending) VALUES (46200, 6876735, 2696040, 4, 179588, 6877014, 609754, 0);
INSERT INTO track (length, recording, name, position, artist_credit, id, tracklist, editpending) VALUES (43160, 6876736, 4383225, 5, 179588, 6877015, 609754, 0);
INSERT INTO track (length, recording, name, position, artist_credit, id, tracklist, editpending) VALUES (59640, 6876737, 3832022, 6, 179588, 6877016, 609754, 0);
INSERT INTO track (length, recording, name, position, artist_credit, id, tracklist, editpending) VALUES (90333, 6876738, 1260806, 7, 179588, 6877017, 609754, 0);
INSERT INTO track (length, recording, name, position, artist_credit, id, tracklist, editpending) VALUES (37066, 6876739, 4124346, 8, 179588, 6877018, 609754, 0);
INSERT INTO track (length, recording, name, position, artist_credit, id, tracklist, editpending) VALUES (130800, 6876740, 3790224, 9, 179588, 6877019, 609754, 0);
INSERT INTO track (length, recording, name, position, artist_credit, id, tracklist, editpending) VALUES (73826, 6876741, 2908225, 10, 179588, 6877020, 609754, 0);
INSERT INTO track (length, recording, name, position, artist_credit, id, tracklist, editpending) VALUES (7466, 6876742, 2908251, 11, 179588, 6877021, 609754, 0);
INSERT INTO track (length, recording, name, position, artist_credit, id, tracklist, editpending) VALUES (113200, 6876743, 3940738, 12, 179588, 6877022, 609754, 0);
INSERT INTO track (length, recording, name, position, artist_credit, id, tracklist, editpending) VALUES (37973, 6876744, 961299, 13, 179588, 6877023, 609754, 0);
INSERT INTO track (length, recording, name, position, artist_credit, id, tracklist, editpending) VALUES (25333, 6876745, 306422, 14, 179588, 6877024, 609754, 0);
INSERT INTO track (length, recording, name, position, artist_credit, id, tracklist, editpending) VALUES (196733, 6876746, 1260805, 15, 179588, 6877025, 609754, 0);
INSERT INTO track (length, recording, name, position, artist_credit, id, tracklist, editpending) VALUES (31426, 6876747, 4124345, 16, 179588, 6877026, 609754, 0);
INSERT INTO track (length, recording, name, position, artist_credit, id, tracklist, editpending) VALUES (99733, 6876748, 2504935, 17, 179588, 6877027, 609754, 0);
INSERT INTO track (length, recording, name, position, artist_credit, id, tracklist, editpending) VALUES (88640, 6876749, 3831856, 18, 179588, 6877028, 609754, 0);
INSERT INTO track (length, recording, name, position, artist_credit, id, tracklist, editpending) VALUES (76866, 6876750, 3790116, 19, 179588, 6877029, 609754, 0);
INSERT INTO track (length, recording, name, position, artist_credit, id, tracklist, editpending) VALUES (75400, 6876751, 2908234, 20, 179588, 6877030, 609754, 0);
INSERT INTO track (length, recording, name, position, artist_credit, id, tracklist, editpending) VALUES (51800, 6876752, 3959915, 21, 179588, 6877031, 609754, 0);
INSERT INTO track (length, recording, name, position, artist_credit, id, tracklist, editpending) VALUES (10560, 6876753, 2982790, 22, 179588, 6877032, 609754, 0);
INSERT INTO track (length, recording, name, position, artist_credit, id, tracklist, editpending) VALUES (62973, 6876754, 3790159, 23, 179588, 6877033, 609754, 0);
INSERT INTO track (length, recording, name, position, artist_credit, id, tracklist, editpending) VALUES (84066, 6876755, 3834489, 24, 179588, 6877034, 609754, 0);
INSERT INTO track (length, recording, name, position, artist_credit, id, tracklist, editpending) VALUES (77026, 6876756, 3831990, 25, 179588, 6877035, 609754, 0);
INSERT INTO track (length, recording, name, position, artist_credit, id, tracklist, editpending) VALUES (14773, 6876757, 2908230, 26, 179588, 6877036, 609754, 0);
INSERT INTO track (length, recording, name, position, artist_credit, id, tracklist, editpending) VALUES (29560, 6876758, 306421, 27, 179588, 6877037, 609754, 0);
INSERT INTO track (length, recording, name, position, artist_credit, id, tracklist, editpending) VALUES (119973, 6876759, 1260804, 28, 179588, 6877038, 609754, 0);
INSERT INTO track (length, recording, name, position, artist_credit, id, tracklist, editpending) VALUES (56893, 6876760, 4124344, 29, 179588, 6877039, 609754, 0);
INSERT INTO track (length, recording, name, position, artist_credit, id, tracklist, editpending) VALUES (84506, 6876761, 819495, 30, 179588, 6877040, 609754, 0);
INSERT INTO track (length, recording, name, position, artist_credit, id, tracklist, editpending) VALUES (108826, 6876762, 3790311, 31, 179588, 6877041, 609754, 0);
INSERT INTO track (length, recording, name, position, artist_credit, id, tracklist, editpending) VALUES (140666, 6876763, 2908262, 32, 179588, 6877042, 609754, 0);
INSERT INTO track (length, recording, name, position, artist_credit, id, tracklist, editpending) VALUES (77400, 6876764, 3790352, 33, 179588, 6877043, 609754, 0);
INSERT INTO track (length, recording, name, position, artist_credit, id, tracklist, editpending) VALUES (90200, 6876765, 609070, 34, 179588, 6877044, 609754, 0);
INSERT INTO track (length, recording, name, position, artist_credit, id, tracklist, editpending) VALUES (27733, 6876766, 306420, 35, 179588, 6877045, 609754, 0);
INSERT INTO track (length, recording, name, position, artist_credit, id, tracklist, editpending) VALUES (148840, 6876767, 3648672, 36, 179588, 6877046, 609754, 0);
INSERT INTO track (length, recording, name, position, artist_credit, id, tracklist, editpending) VALUES (81400, 6876768, 3589507, 37, 179588, 6877047, 609754, 0);
INSERT INTO track (length, recording, name, position, artist_credit, id, tracklist, editpending) VALUES (90333, 6876769, 3216559, 38, 179588, 6877048, 609754, 0);
INSERT INTO track (length, recording, name, position, artist_credit, id, tracklist, editpending) VALUES (59226, 6876770, 3790114, 39, 179588, 6877049, 609754, 0);
INSERT INTO track (length, recording, name, position, artist_credit, id, tracklist, editpending) VALUES (83840, 6876771, 2908246, 40, 179588, 6877050, 609754, 0);
INSERT INTO track (length, recording, name, position, artist_credit, id, tracklist, editpending) VALUES (35426, 6876772, 1197968, 41, 179588, 6877051, 609754, 0);
INSERT INTO track (length, recording, name, position, artist_credit, id, tracklist, editpending) VALUES (74333, 6876773, 3738833, 42, 179588, 6877052, 609754, 0);
INSERT INTO track (length, recording, name, position, artist_credit, id, tracklist, editpending) VALUES (150040, 6876774, 2094493, 43, 179588, 6877053, 609754, 0);
INSERT INTO track (length, recording, name, position, artist_credit, id, tracklist, editpending) VALUES (63866, 6876775, 1146573, 44, 179588, 6877054, 609754, 0);
INSERT INTO track (length, recording, name, position, artist_credit, id, tracklist, editpending) VALUES (105666, 6876776, 1133750, 45, 179588, 6877055, 609754, 0);
INSERT INTO track (length, recording, name, position, artist_credit, id, tracklist, editpending) VALUES (18826, 6876777, 539032, 46, 179588, 6877056, 609754, 0);
INSERT INTO track (length, recording, name, position, artist_credit, id, tracklist, editpending) VALUES (18600, 6876778, 1864355, 47, 179588, 6877057, 609754, 0);
INSERT INTO track (length, recording, name, position, artist_credit, id, tracklist, editpending) VALUES (18840, 6876779, 4113407, 48, 179588, 6877058, 609754, 0);
INSERT INTO track (length, recording, name, position, artist_credit, id, tracklist, editpending) VALUES (20426, 6876780, 654679, 49, 179588, 6877059, 609754, 0);
INSERT INTO track (length, recording, name, position, artist_credit, id, tracklist, editpending) VALUES (19133, 6876781, 654737, 50, 179588, 6877060, 609754, 0);
INSERT INTO track (length, recording, name, position, artist_credit, id, tracklist, editpending) VALUES (19933, 6876782, 653617, 51, 179588, 6877061, 609754, 0);
INSERT INTO track (length, recording, name, position, artist_credit, id, tracklist, editpending) VALUES (18506, 6876783, 3468411, 52, 179588, 6877062, 609754, 0);
INSERT INTO track (length, recording, name, position, artist_credit, id, tracklist, editpending) VALUES (19626, 6876784, 4184906, 53, 179588, 6877063, 609754, 0);
INSERT INTO track (length, recording, name, position, artist_credit, id, tracklist, editpending) VALUES (19866, 6876785, 454975, 54, 179588, 6877064, 609754, 0);
INSERT INTO track (length, recording, name, position, artist_credit, id, tracklist, editpending) VALUES (19173, 6876786, 612943, 55, 179588, 6877065, 609754, 0);
INSERT INTO track (length, recording, name, position, artist_credit, id, tracklist, editpending) VALUES (19866, 6876787, 2407284, 56, 179588, 6877066, 609754, 0);
INSERT INTO track (length, recording, name, position, artist_credit, id, tracklist, editpending) VALUES (19160, 6876788, 551310, 57, 179588, 6877067, 609754, 0);
INSERT INTO track (length, recording, name, position, artist_credit, id, tracklist, editpending) VALUES (19573, 6876789, 4205695, 58, 179588, 6877068, 609754, 0);
INSERT INTO track (length, recording, name, position, artist_credit, id, tracklist, editpending) VALUES (18733, 6876790, 1954943, 59, 179588, 6877069, 609754, 0);
INSERT INTO track (length, recording, name, position, artist_credit, id, tracklist, editpending) VALUES (19893, 6876791, 395617, 60, 179588, 6877070, 609754, 0);
INSERT INTO track (length, recording, name, position, artist_credit, id, tracklist, editpending) VALUES (18173, 6876792, 2875166, 61, 179588, 6877071, 609754, 0);
INSERT INTO track (length, recording, name, position, artist_credit, id, tracklist, editpending) VALUES (19160, 6876793, 2875165, 62, 179588, 6877072, 609754, 0);
INSERT INTO track (length, recording, name, position, artist_credit, id, tracklist, editpending) VALUES (18733, 6876794, 2875164, 63, 179588, 6877073, 609754, 0);
INSERT INTO track (length, recording, name, position, artist_credit, id, tracklist, editpending) VALUES (18133, 6876795, 3034317, 64, 179588, 6877074, 609754, 0);
INSERT INTO track (length, recording, name, position, artist_credit, id, tracklist, editpending) VALUES (18200, 6876796, 3033816, 65, 179588, 6877075, 609754, 0);
INSERT INTO track (length, recording, name, position, artist_credit, id, tracklist, editpending) VALUES (19040, 6876797, 3450617, 66, 179588, 6877076, 609754, 0);
INSERT INTO track (length, recording, name, position, artist_credit, id, tracklist, editpending) VALUES (19093, 6876798, 1241937, 67, 179588, 6877077, 609754, 0);
INSERT INTO track (length, recording, name, position, artist_credit, id, tracklist, editpending) VALUES (18706, 6876799, 1095558, 68, 179588, 6877078, 609754, 0);
INSERT INTO track (length, recording, name, position, artist_credit, id, tracklist, editpending) VALUES (19760, 6876800, 266411, 69, 179588, 6877079, 609754, 0);
INSERT INTO track (length, recording, name, position, artist_credit, id, tracklist, editpending) VALUES (18906, 6876801, 2879636, 70, 179588, 6877080, 609754, 0);
INSERT INTO track (length, recording, name, position, artist_credit, id, tracklist, editpending) VALUES (19026, 6876802, 3020630, 71, 179588, 6877081, 609754, 0);
INSERT INTO track (length, recording, name, position, artist_credit, id, tracklist, editpending) VALUES (18266, 6876803, 3179466, 72, 179588, 6877082, 609754, 0);
INSERT INTO track (length, recording, name, position, artist_credit, id, tracklist, editpending) VALUES (18400, 6876804, 3179477, 73, 179588, 6877083, 609754, 0);
INSERT INTO track (length, recording, name, position, artist_credit, id, tracklist, editpending) VALUES (19240, 6876805, 2600846, 74, 179588, 6877084, 609754, 0);
INSERT INTO track (length, recording, name, position, artist_credit, id, tracklist, editpending) VALUES (19293, 6876806, 2600848, 75, 179588, 6877085, 609754, 0);
INSERT INTO track (length, recording, name, position, artist_credit, id, tracklist, editpending) VALUES (19173, 6876807, 2600845, 76, 179588, 6877086, 609754, 0);
INSERT INTO track (length, recording, name, position, artist_credit, id, tracklist, editpending) VALUES (19400, 6876808, 2600847, 77, 179588, 6877087, 609754, 0);
INSERT INTO track (length, recording, name, position, artist_credit, id, tracklist, editpending) VALUES (19160, 6876809, 2600849, 78, 179588, 6877088, 609754, 0);
INSERT INTO track (length, recording, name, position, artist_credit, id, tracklist, editpending) VALUES (20306, 6876810, 2600842, 79, 179588, 6877089, 609754, 0);
INSERT INTO track (length, recording, name, position, artist_credit, id, tracklist, editpending) VALUES (18800, 6876811, 699646, 80, 179588, 6877090, 609754, 0);
INSERT INTO track (length, recording, name, position, artist_credit, id, tracklist, editpending) VALUES (18266, 6876812, 699645, 81, 179588, 6877091, 609754, 0);
INSERT INTO track (length, recording, name, position, artist_credit, id, tracklist, editpending) VALUES (19666, 6876813, 4160398, 82, 179588, 6877092, 609754, 0);
INSERT INTO track (length, recording, name, position, artist_credit, id, tracklist, editpending) VALUES (19960, 6876814, 2611772, 83, 179588, 6877093, 609754, 0);
INSERT INTO track (length, recording, name, position, artist_credit, id, tracklist, editpending) VALUES (17733, 6876815, 1912340, 84, 179588, 6877094, 609754, 0);
INSERT INTO track (length, recording, name, position, artist_credit, id, tracklist, editpending) VALUES (18440, 6876816, 4289031, 85, 179588, 6877095, 609754, 0);
INSERT INTO track (length, recording, name, position, artist_credit, id, tracklist, editpending) VALUES (18400, 6876817, 4408558, 86, 179588, 6877096, 609754, 0);
INSERT INTO track (length, recording, name, position, artist_credit, id, tracklist, editpending) VALUES (18560, 6876818, 1439814, 87, 179588, 6877097, 609754, 0);
INSERT INTO track (length, recording, name, position, artist_credit, id, tracklist, editpending) VALUES (19333, 6876819, 2684478, 88, 179588, 6877098, 609754, 0);
INSERT INTO track (length, recording, name, position, artist_credit, id, tracklist, editpending) VALUES (18506, 6876820, 1425072, 89, 179588, 6877099, 609754, 0);
INSERT INTO track (length, recording, name, position, artist_credit, id, tracklist, editpending) VALUES (18800, 6876821, 4130167, 90, 179588, 6877100, 609754, 0);
INSERT INTO track (length, recording, name, position, artist_credit, id, tracklist, editpending) VALUES (19293, 6876822, 2805797, 91, 179588, 6877101, 609754, 0);
INSERT INTO track (length, recording, name, position, artist_credit, id, tracklist, editpending) VALUES (20400, 6876823, 2805827, 92, 179588, 6877102, 609754, 0);
INSERT INTO track (length, recording, name, position, artist_credit, id, tracklist, editpending) VALUES (18866, 6876824, 4112716, 93, 179588, 6877103, 609754, 0);
INSERT INTO track (length, recording, name, position, artist_credit, id, tracklist, editpending) VALUES (18733, 6876825, 4112676, 94, 179588, 6877104, 609754, 0);
INSERT INTO track (length, recording, name, position, artist_credit, id, tracklist, editpending) VALUES (18640, 6876826, 955361, 95, 179588, 6877105, 609754, 0);
INSERT INTO track (length, recording, name, position, artist_credit, id, tracklist, editpending) VALUES (18693, 6876827, 1056799, 96, 179588, 6877106, 609754, 0);
INSERT INTO track (length, recording, name, position, artist_credit, id, tracklist, editpending) VALUES (17733, 6876828, 2396602, 97, 179588, 6877107, 609754, 0);
INSERT INTO track (length, recording, name, position, artist_credit, id, tracklist, editpending) VALUES (20866, 6876829, 2848803, 98, 179588, 6877108, 609754, 0);
INSERT INTO medium (format, name, position, release, id, tracklist, editpending) VALUES (1, NULL, 1, 261969, 261969, 609754, 0);
INSERT INTO tracklist (trackcount, id) VALUES (98, 609745);
INSERT INTO track (length, recording, name, position, artist_credit, id, tracklist, editpending) VALUES (118493, 6876732, 13858, 1, 179588, 6876732, 609745, 0);
INSERT INTO track (length, recording, name, position, artist_credit, id, tracklist, editpending) VALUES (78040, 6876733, 17585, 2, 179588, 6876733, 609745, 0);
INSERT INTO track (length, recording, name, position, artist_credit, id, tracklist, editpending) VALUES (48466, 6876734, 4483320, 3, 179588, 6876734, 609745, 0);
INSERT INTO track (length, recording, name, position, artist_credit, id, tracklist, editpending) VALUES (46200, 6876735, 4522896, 4, 179588, 6876735, 609745, 0);
INSERT INTO track (length, recording, name, position, artist_credit, id, tracklist, editpending) VALUES (43160, 6876736, 15217, 5, 179588, 6876736, 609745, 0);
INSERT INTO track (length, recording, name, position, artist_credit, id, tracklist, editpending) VALUES (59640, 6876737, 4536140, 6, 179588, 6876737, 609745, 0);
INSERT INTO track (length, recording, name, position, artist_credit, id, tracklist, editpending) VALUES (90333, 6876738, 4504140, 7, 179588, 6876738, 609745, 0);
INSERT INTO track (length, recording, name, position, artist_credit, id, tracklist, editpending) VALUES (37066, 6876739, 4482493, 8, 179588, 6876739, 609745, 0);
INSERT INTO track (length, recording, name, position, artist_credit, id, tracklist, editpending) VALUES (130800, 6876740, 16324, 9, 179588, 6876740, 609745, 0);
INSERT INTO track (length, recording, name, position, artist_credit, id, tracklist, editpending) VALUES (73826, 6876741, 15105, 10, 179588, 6876741, 609745, 0);
INSERT INTO track (length, recording, name, position, artist_credit, id, tracklist, editpending) VALUES (7466, 6876742, 4486675, 11, 179588, 6876742, 609745, 0);
INSERT INTO track (length, recording, name, position, artist_credit, id, tracklist, editpending) VALUES (113200, 6876743, 4512574, 12, 179588, 6876743, 609745, 0);
INSERT INTO track (length, recording, name, position, artist_credit, id, tracklist, editpending) VALUES (37973, 6876744, 4536208, 13, 179588, 6876744, 609745, 0);
INSERT INTO track (length, recording, name, position, artist_credit, id, tracklist, editpending) VALUES (25333, 6876745, 16290, 14, 179588, 6876745, 609745, 0);
INSERT INTO track (length, recording, name, position, artist_credit, id, tracklist, editpending) VALUES (196733, 6876746, 4504140, 15, 179588, 6876746, 609745, 0);
INSERT INTO track (length, recording, name, position, artist_credit, id, tracklist, editpending) VALUES (31426, 6876747, 4482493, 16, 179588, 6876747, 609745, 0);
INSERT INTO track (length, recording, name, position, artist_credit, id, tracklist, editpending) VALUES (99733, 6876748, 4495251, 17, 179588, 6876748, 609745, 0);
INSERT INTO track (length, recording, name, position, artist_credit, id, tracklist, editpending) VALUES (88640, 6876749, 4536141, 18, 179588, 6876749, 609745, 0);
INSERT INTO track (length, recording, name, position, artist_credit, id, tracklist, editpending) VALUES (76866, 6876750, 17449, 19, 179588, 6876750, 609745, 0);
INSERT INTO track (length, recording, name, position, artist_credit, id, tracklist, editpending) VALUES (75400, 6876751, 11280, 20, 179588, 6876751, 609745, 0);
INSERT INTO track (length, recording, name, position, artist_credit, id, tracklist, editpending) VALUES (51800, 6876752, 13349, 21, 179588, 6876752, 609745, 0);
INSERT INTO track (length, recording, name, position, artist_credit, id, tracklist, editpending) VALUES (10560, 6876753, 4513212, 22, 179588, 6876753, 609745, 0);
INSERT INTO track (length, recording, name, position, artist_credit, id, tracklist, editpending) VALUES (62973, 6876754, 17188, 23, 179588, 6876754, 609745, 0);
INSERT INTO track (length, recording, name, position, artist_credit, id, tracklist, editpending) VALUES (84066, 6876755, 4484229, 24, 179588, 6876755, 609745, 0);
INSERT INTO track (length, recording, name, position, artist_credit, id, tracklist, editpending) VALUES (77026, 6876756, 4536139, 25, 179588, 6876756, 609745, 0);
INSERT INTO track (length, recording, name, position, artist_credit, id, tracklist, editpending) VALUES (14773, 6876757, 4525225, 26, 179588, 6876757, 609745, 0);
INSERT INTO track (length, recording, name, position, artist_credit, id, tracklist, editpending) VALUES (29560, 6876758, 16290, 27, 179588, 6876758, 609745, 0);
INSERT INTO track (length, recording, name, position, artist_credit, id, tracklist, editpending) VALUES (119973, 6876759, 4504140, 28, 179588, 6876759, 609745, 0);
INSERT INTO track (length, recording, name, position, artist_credit, id, tracklist, editpending) VALUES (56893, 6876760, 4482493, 29, 179588, 6876760, 609745, 0);
INSERT INTO track (length, recording, name, position, artist_credit, id, tracklist, editpending) VALUES (84506, 6876761, 10761, 30, 179588, 6876761, 609745, 0);
INSERT INTO track (length, recording, name, position, artist_credit, id, tracklist, editpending) VALUES (108826, 6876762, 17264, 31, 179588, 6876762, 609745, 0);
INSERT INTO track (length, recording, name, position, artist_credit, id, tracklist, editpending) VALUES (140666, 6876763, 13329, 32, 179588, 6876763, 609745, 0);
INSERT INTO track (length, recording, name, position, artist_credit, id, tracklist, editpending) VALUES (77400, 6876764, 18160, 33, 179588, 6876764, 609745, 0);
INSERT INTO track (length, recording, name, position, artist_credit, id, tracklist, editpending) VALUES (90200, 6876765, 2869, 34, 179588, 6876765, 609745, 0);
INSERT INTO track (length, recording, name, position, artist_credit, id, tracklist, editpending) VALUES (27733, 6876766, 16290, 35, 179588, 6876766, 609745, 0);
INSERT INTO track (length, recording, name, position, artist_credit, id, tracklist, editpending) VALUES (148840, 6876767, 4486789, 36, 179588, 6876767, 609745, 0);
INSERT INTO track (length, recording, name, position, artist_credit, id, tracklist, editpending) VALUES (81400, 6876768, 14627, 37, 179588, 6876768, 609745, 0);
INSERT INTO track (length, recording, name, position, artist_credit, id, tracklist, editpending) VALUES (90333, 6876769, 4516152, 38, 179588, 6876769, 609745, 0);
INSERT INTO track (length, recording, name, position, artist_credit, id, tracklist, editpending) VALUES (59226, 6876770, 17207, 39, 179588, 6876770, 609745, 0);
INSERT INTO track (length, recording, name, position, artist_credit, id, tracklist, editpending) VALUES (83840, 6876771, 4495205, 40, 179588, 6876771, 609745, 0);
INSERT INTO track (length, recording, name, position, artist_credit, id, tracklist, editpending) VALUES (35426, 6876772, 4535843, 41, 179588, 6876772, 609745, 0);
INSERT INTO track (length, recording, name, position, artist_credit, id, tracklist, editpending) VALUES (74333, 6876773, 4509604, 42, 179588, 6876773, 609745, 0);
INSERT INTO track (length, recording, name, position, artist_credit, id, tracklist, editpending) VALUES (150040, 6876774, 11430, 43, 179588, 6876774, 609745, 0);
INSERT INTO track (length, recording, name, position, artist_credit, id, tracklist, editpending) VALUES (63866, 6876775, 4513940, 44, 179588, 6876775, 609745, 0);
INSERT INTO track (length, recording, name, position, artist_credit, id, tracklist, editpending) VALUES (105666, 6876776, 13857, 45, 179588, 6876776, 609745, 0);
INSERT INTO track (length, recording, name, position, artist_credit, id, tracklist, editpending) VALUES (18826, 6876777, 9185, 46, 179588, 6876777, 609745, 0);
INSERT INTO track (length, recording, name, position, artist_credit, id, tracklist, editpending) VALUES (18600, 6876778, 9184, 47, 179588, 6876778, 609745, 0);
INSERT INTO track (length, recording, name, position, artist_credit, id, tracklist, editpending) VALUES (18840, 6876779, 9186, 48, 179588, 6876779, 609745, 0);
INSERT INTO track (length, recording, name, position, artist_credit, id, tracklist, editpending) VALUES (20426, 6876780, 6365, 49, 179588, 6876780, 609745, 0);
INSERT INTO track (length, recording, name, position, artist_credit, id, tracklist, editpending) VALUES (19133, 6876781, 6641, 50, 179588, 6876781, 609745, 0);
INSERT INTO track (length, recording, name, position, artist_credit, id, tracklist, editpending) VALUES (19933, 6876782, 9443, 51, 179588, 6876782, 609745, 0);
INSERT INTO track (length, recording, name, position, artist_credit, id, tracklist, editpending) VALUES (18506, 6876783, 6080, 52, 179588, 6876783, 609745, 0);
INSERT INTO track (length, recording, name, position, artist_credit, id, tracklist, editpending) VALUES (19626, 6876784, 5799, 53, 179588, 6876784, 609745, 0);
INSERT INTO track (length, recording, name, position, artist_credit, id, tracklist, editpending) VALUES (19866, 6876785, 8588, 54, 179588, 6876785, 609745, 0);
INSERT INTO track (length, recording, name, position, artist_credit, id, tracklist, editpending) VALUES (19173, 6876786, 8630, 55, 179588, 6876786, 609745, 0);
INSERT INTO track (length, recording, name, position, artist_credit, id, tracklist, editpending) VALUES (19866, 6876787, 8985, 56, 179588, 6876787, 609745, 0);
INSERT INTO track (length, recording, name, position, artist_credit, id, tracklist, editpending) VALUES (19160, 6876788, 9093, 57, 179588, 6876788, 609745, 0);
INSERT INTO track (length, recording, name, position, artist_credit, id, tracklist, editpending) VALUES (19573, 6876789, 6384, 58, 179588, 6876789, 609745, 0);
INSERT INTO track (length, recording, name, position, artist_credit, id, tracklist, editpending) VALUES (18733, 6876790, 5885, 59, 179588, 6876790, 609745, 0);
INSERT INTO track (length, recording, name, position, artist_credit, id, tracklist, editpending) VALUES (19893, 6876791, 6055, 60, 179588, 6876791, 609745, 0);
INSERT INTO track (length, recording, name, position, artist_credit, id, tracklist, editpending) VALUES (18173, 6876792, 3202, 61, 179588, 6876792, 609745, 0);
INSERT INTO track (length, recording, name, position, artist_credit, id, tracklist, editpending) VALUES (19160, 6876793, 6389, 62, 179588, 6876793, 609745, 0);
INSERT INTO track (length, recording, name, position, artist_credit, id, tracklist, editpending) VALUES (18733, 6876794, 9154, 63, 179588, 6876794, 609745, 0);
INSERT INTO track (length, recording, name, position, artist_credit, id, tracklist, editpending) VALUES (18133, 6876795, 5899, 64, 179588, 6876795, 609745, 0);
INSERT INTO track (length, recording, name, position, artist_credit, id, tracklist, editpending) VALUES (18200, 6876796, 3269, 65, 179588, 6876796, 609745, 0);
INSERT INTO track (length, recording, name, position, artist_credit, id, tracklist, editpending) VALUES (19040, 6876797, 8545, 66, 179588, 6876797, 609745, 0);
INSERT INTO track (length, recording, name, position, artist_credit, id, tracklist, editpending) VALUES (19093, 6876798, 8546, 67, 179588, 6876798, 609745, 0);
INSERT INTO track (length, recording, name, position, artist_credit, id, tracklist, editpending) VALUES (18706, 6876799, 2832, 68, 179588, 6876799, 609745, 0);
INSERT INTO track (length, recording, name, position, artist_credit, id, tracklist, editpending) VALUES (19760, 6876800, 8454, 69, 179588, 6876800, 609745, 0);
INSERT INTO track (length, recording, name, position, artist_credit, id, tracklist, editpending) VALUES (18906, 6876801, 9152, 70, 179588, 6876801, 609745, 0);
INSERT INTO track (length, recording, name, position, artist_credit, id, tracklist, editpending) VALUES (19026, 6876802, 9411, 71, 179588, 6876802, 609745, 0);
INSERT INTO track (length, recording, name, position, artist_credit, id, tracklist, editpending) VALUES (18266, 6876803, 2965, 72, 179588, 6876803, 609745, 0);
INSERT INTO track (length, recording, name, position, artist_credit, id, tracklist, editpending) VALUES (18400, 6876804, 8771, 73, 179588, 6876804, 609745, 0);
INSERT INTO track (length, recording, name, position, artist_credit, id, tracklist, editpending) VALUES (19240, 6876805, 9025, 74, 179588, 6876805, 609745, 0);
INSERT INTO track (length, recording, name, position, artist_credit, id, tracklist, editpending) VALUES (19293, 6876806, 9027, 75, 179588, 6876806, 609745, 0);
INSERT INTO track (length, recording, name, position, artist_credit, id, tracklist, editpending) VALUES (19173, 6876807, 9024, 76, 179588, 6876807, 609745, 0);
INSERT INTO track (length, recording, name, position, artist_credit, id, tracklist, editpending) VALUES (19400, 6876808, 9026, 77, 179588, 6876808, 609745, 0);
INSERT INTO track (length, recording, name, position, artist_credit, id, tracklist, editpending) VALUES (19160, 6876809, 9028, 78, 179588, 6876809, 609745, 0);
INSERT INTO track (length, recording, name, position, artist_credit, id, tracklist, editpending) VALUES (20306, 6876810, 9023, 79, 179588, 6876810, 609745, 0);
INSERT INTO track (length, recording, name, position, artist_credit, id, tracklist, editpending) VALUES (18800, 6876811, 3148, 80, 179588, 6876811, 609745, 0);
INSERT INTO track (length, recording, name, position, artist_credit, id, tracklist, editpending) VALUES (18266, 6876812, 6386, 81, 179588, 6876812, 609745, 0);
INSERT INTO track (length, recording, name, position, artist_credit, id, tracklist, editpending) VALUES (19666, 6876813, 3316, 82, 179588, 6876813, 609745, 0);
INSERT INTO track (length, recording, name, position, artist_credit, id, tracklist, editpending) VALUES (19960, 6876814, 8639, 83, 179588, 6876814, 609745, 0);
INSERT INTO track (length, recording, name, position, artist_credit, id, tracklist, editpending) VALUES (17733, 6876815, 3168, 84, 179588, 6876815, 609745, 0);
INSERT INTO track (length, recording, name, position, artist_credit, id, tracklist, editpending) VALUES (18440, 6876816, 6450, 85, 179588, 6876816, 609745, 0);
INSERT INTO track (length, recording, name, position, artist_credit, id, tracklist, editpending) VALUES (18400, 6876817, 6070, 86, 179588, 6876817, 609745, 0);
INSERT INTO track (length, recording, name, position, artist_credit, id, tracklist, editpending) VALUES (18560, 6876818, 8723, 87, 179588, 6876818, 609745, 0);
INSERT INTO track (length, recording, name, position, artist_credit, id, tracklist, editpending) VALUES (19333, 6876819, 9013, 88, 179588, 6876819, 609745, 0);
INSERT INTO track (length, recording, name, position, artist_credit, id, tracklist, editpending) VALUES (18506, 6876820, 8659, 89, 179588, 6876820, 609745, 0);
INSERT INTO track (length, recording, name, position, artist_credit, id, tracklist, editpending) VALUES (18800, 6876821, 9422, 90, 179588, 6876821, 609745, 0);
INSERT INTO track (length, recording, name, position, artist_credit, id, tracklist, editpending) VALUES (19293, 6876822, 3124, 91, 179588, 6876822, 609745, 0);
INSERT INTO track (length, recording, name, position, artist_credit, id, tracklist, editpending) VALUES (20400, 6876823, 9126, 92, 179588, 6876823, 609745, 0);
INSERT INTO track (length, recording, name, position, artist_credit, id, tracklist, editpending) VALUES (18866, 6876824, 5904, 93, 179588, 6876824, 609745, 0);
INSERT INTO track (length, recording, name, position, artist_credit, id, tracklist, editpending) VALUES (18733, 6876825, 9384, 94, 179588, 6876825, 609745, 0);
INSERT INTO track (length, recording, name, position, artist_credit, id, tracklist, editpending) VALUES (18640, 6876826, 6168, 95, 179588, 6876826, 609745, 0);
INSERT INTO track (length, recording, name, position, artist_credit, id, tracklist, editpending) VALUES (18693, 6876827, 8923, 96, 179588, 6876827, 609745, 0);
INSERT INTO track (length, recording, name, position, artist_credit, id, tracklist, editpending) VALUES (17733, 6876828, 6250, 97, 179588, 6876828, 609745, 0);
INSERT INTO track (length, recording, name, position, artist_credit, id, tracklist, editpending) VALUES (20866, 6876829, 9255, 98, 179588, 6876829, 609745, 0);
INSERT INTO tracklist (trackcount, id) VALUES (99, 609746);
INSERT INTO track_name (name, id) VALUES ('コダック', 5889);
INSERT INTO recording (length, comment, name, artist_credit, id, editpending, gid) VALUES (19160, NULL, 5889, 179588, 6876830, 0, '9e5885d2-e873-4b6a-a03c-293cf3c03593');
INSERT INTO track_name (name, id) VALUES ('ゴルダック', 8722);
INSERT INTO recording (length, comment, name, artist_credit, id, editpending, gid) VALUES (19973, NULL, 8722, 179588, 6876831, 0, '6492d5f6-1554-40d8-b8b6-7005f1513142');
INSERT INTO track_name (name, id) VALUES ('マンキー', 6534);
INSERT INTO recording (length, comment, name, artist_credit, id, editpending, gid) VALUES (18533, NULL, 6534, 179588, 6876832, 0, 'c5da2eff-ceac-4436-a221-3ba3aafa7801');
INSERT INTO track_name (name, id) VALUES ('オコリザル', 8541);
INSERT INTO recording (length, comment, name, artist_credit, id, editpending, gid) VALUES (18600, NULL, 8541, 179588, 6876833, 0, 'ed4ebeee-d9c5-4ee9-83c0-959d3efd3819');
INSERT INTO track_name (name, id) VALUES ('ガーディ', 5821);
INSERT INTO recording (length, comment, name, artist_credit, id, editpending, gid) VALUES (18493, NULL, 5821, 179588, 6876834, 0, '77757b34-b22a-4923-ad20-8dd8b7dcc34e');
INSERT INTO track_name (name, id) VALUES ('ウインディ', 8481);
INSERT INTO recording (length, comment, name, artist_credit, id, editpending, gid) VALUES (19173, NULL, 8481, 179588, 6876835, 0, '68506d08-e7cb-4923-ba05-9da4f779c210');
INSERT INTO track_name (name, id) VALUES ('ニョロモ', 6253);
INSERT INTO recording (length, comment, name, artist_credit, id, editpending, gid) VALUES (19133, NULL, 6253, 179588, 6876836, 0, 'ed609c60-1a85-46b1-9a80-542164100f4d');
INSERT INTO track_name (name, id) VALUES ('ニョロゾ', 6252);
INSERT INTO recording (length, comment, name, artist_credit, id, editpending, gid) VALUES (18866, NULL, 6252, 179588, 6876837, 0, '684aa634-652f-41ae-a96c-43ef1b51c46e');
INSERT INTO track_name (name, id) VALUES ('ニョロボン', 9032);
INSERT INTO recording (length, comment, name, artist_credit, id, editpending, gid) VALUES (19400, NULL, 9032, 179588, 6876838, 0, '427f8384-6374-4ee9-bc1a-0de97785a88a');
INSERT INTO track_name (name, id) VALUES ('ケーシィ', 5874);
INSERT INTO recording (length, comment, name, artist_credit, id, editpending, gid) VALUES (19826, NULL, 5874, 179588, 6876839, 0, '7c948484-8d41-46dd-ba47-04a985211596');
INSERT INTO track_name (name, id) VALUES ('ユンゲラー', 9402);
INSERT INTO recording (length, comment, name, artist_credit, id, editpending, gid) VALUES (20440, NULL, 9402, 179588, 6876840, 0, '4daff104-ff90-4330-86d0-64c9988a938d');
INSERT INTO track_name (name, id) VALUES ('フーディン', 9201);
INSERT INTO recording (length, comment, name, artist_credit, id, editpending, gid) VALUES (19026, NULL, 9201, 179588, 6876841, 0, '90ac29af-5c21-4f45-ac6d-33248aeeeff5');
INSERT INTO track_name (name, id) VALUES ('ワンリキー', 9506);
INSERT INTO recording (length, comment, name, artist_credit, id, editpending, gid) VALUES (18640, NULL, 9506, 179588, 6876842, 0, 'c2d810e0-1c9a-4d9e-9456-655a476411d6');
INSERT INTO track_name (name, id) VALUES ('ゴーリキー', 8726);
INSERT INTO recording (length, comment, name, artist_credit, id, editpending, gid) VALUES (18693, NULL, 8726, 179588, 6876843, 0, 'fd9a0023-b8e7-4b9f-b1c1-0502d7fdc9ff');
INSERT INTO track_name (name, id) VALUES ('カイリキー', 8567);
INSERT INTO recording (length, comment, name, artist_credit, id, editpending, gid) VALUES (18733, NULL, 8567, 179588, 6876844, 0, 'e9f5af83-ea1d-4353-8e08-f21f899af44e');
INSERT INTO track_name (name, id) VALUES ('マダツボミ', 9310);
INSERT INTO recording (length, comment, name, artist_credit, id, editpending, gid) VALUES (18240, NULL, 9310, 179588, 6876845, 0, 'b42b46f1-4508-49e7-b4b4-2de07edcdb5b');
INSERT INTO track_name (name, id) VALUES ('ウツドン', 5723);
INSERT INTO recording (length, comment, name, artist_credit, id, editpending, gid) VALUES (19333, NULL, 5723, 179588, 6876846, 0, '078244d7-8d76-43c1-8c75-2f3d9b49a169');
INSERT INTO track_name (name, id) VALUES ('ウツボット', 8491);
INSERT INTO recording (length, comment, name, artist_credit, id, editpending, gid) VALUES (19493, NULL, 8491, 179588, 6876847, 0, '3096f78c-9555-4980-bab5-0e725fdaa01b');
INSERT INTO track_name (name, id) VALUES ('メノクラゲ', 9368);
INSERT INTO recording (length, comment, name, artist_credit, id, editpending, gid) VALUES (18266, NULL, 9368, 179588, 6876848, 0, '8b019103-c340-44f7-80d1-88dbe1284bd3');
INSERT INTO track_name (name, id) VALUES ('ドククラゲ', 8994);
INSERT INTO recording (length, comment, name, artist_credit, id, editpending, gid) VALUES (20866, NULL, 8994, 179588, 6876849, 0, '9a1169a1-802f-4284-8595-192f2d846f09');
INSERT INTO track_name (name, id) VALUES ('イシツブテ', 8459);
INSERT INTO recording (length, comment, name, artist_credit, id, editpending, gid) VALUES (19173, NULL, 8459, 179588, 6876850, 0, 'b7a357c8-7f9d-4ab7-9217-0fa3bbf8b880');
INSERT INTO track_name (name, id) VALUES ('ゴローン', 5909);
INSERT INTO recording (length, comment, name, artist_credit, id, editpending, gid) VALUES (18760, NULL, 5909, 179588, 6876851, 0, '19965988-439d-45e6-b7a3-c779831f820c');
INSERT INTO track_name (name, id) VALUES ('ゴローニャ', 8724);
INSERT INTO recording (length, comment, name, artist_credit, id, editpending, gid) VALUES (19666, NULL, 8724, 179588, 6876852, 0, 'a4dc2410-2090-44cf-9eda-57f5ec2d73d6');
INSERT INTO track_name (name, id) VALUES ('ポニータ', 6504);
INSERT INTO recording (length, comment, name, artist_credit, id, editpending, gid) VALUES (18933, NULL, 6504, 179588, 6876853, 0, 'a9eb46e7-af06-4262-9cd7-f442d420492b');
INSERT INTO track_name (name, id) VALUES ('ギャロップ', 8655);
INSERT INTO recording (length, comment, name, artist_credit, id, editpending, gid) VALUES (20173, NULL, 8655, 179588, 6876854, 0, '446c27cf-dae4-4c6f-bcfb-bb7fe0f15e45');
INSERT INTO track_name (name, id) VALUES ('ヤドン', 3256);
INSERT INTO recording (length, comment, name, artist_credit, id, editpending, gid) VALUES (18560, NULL, 3256, 179588, 6876855, 0, '8f40318a-02ea-44b4-92d1-2ed189e3c33c');
INSERT INTO track_name (name, id) VALUES ('ヤドラン', 6592);
INSERT INTO recording (length, comment, name, artist_credit, id, editpending, gid) VALUES (19133, NULL, 6592, 179588, 6876856, 0, 'a0e824ba-9c08-4bd0-991a-9c3efbdff8bb');
INSERT INTO track_name (name, id) VALUES ('コイル', 2932);
INSERT INTO recording (length, comment, name, artist_credit, id, editpending, gid) VALUES (17866, NULL, 2932, 179588, 6876857, 0, '10ccd80a-88bb-460c-8f06-b8ac29a1cb4b');
INSERT INTO track_name (name, id) VALUES ('レアコイル', 9472);
INSERT INTO recording (length, comment, name, artist_credit, id, editpending, gid) VALUES (18600, NULL, 9472, 179588, 6876858, 0, '3fe60247-a8b1-4470-91df-80109959a2d7');
INSERT INTO track_name (name, id) VALUES ('カモネギ', 5800);
INSERT INTO recording (length, comment, name, artist_credit, id, editpending, gid) VALUES (17600, NULL, 5800, 179588, 6876859, 0, '4fa5fe7d-8e9f-4ee4-beb1-2dd9f39cdce8');
INSERT INTO track_name (name, id) VALUES ('ドードー', 6233);
INSERT INTO recording (length, comment, name, artist_credit, id, editpending, gid) VALUES (18906, NULL, 6233, 179588, 6876860, 0, '8c70a1b4-8dcb-47b8-8d0c-677e99ea6679');
INSERT INTO track_name (name, id) VALUES ('ドードリオ', 9007);
INSERT INTO recording (length, comment, name, artist_credit, id, editpending, gid) VALUES (20733, NULL, 9007, 179588, 6876861, 0, 'ef91fcaf-66c9-433c-af6a-36e85cb5d965');
INSERT INTO track_name (name, id) VALUES ('パウワウ', 6338);
INSERT INTO recording (length, comment, name, artist_credit, id, editpending, gid) VALUES (19693, NULL, 6338, 179588, 6876862, 0, '29458cf0-eb1b-40d6-9ed1-1ba852d8bf35');
INSERT INTO track_name (name, id) VALUES ('ジュゴン', 6013);
INSERT INTO recording (length, comment, name, artist_credit, id, editpending, gid) VALUES (20173, NULL, 6013, 179588, 6876863, 0, 'eeed9ff6-c48f-48cd-8634-d03f87545056');
INSERT INTO track_name (name, id) VALUES ('ベトベター', 9243);
INSERT INTO recording (length, comment, name, artist_credit, id, editpending, gid) VALUES (19000, NULL, 9243, 179588, 6876864, 0, '3e0cc1a9-0265-4079-981d-c19570fe1abe');
INSERT INTO track_name (name, id) VALUES ('ベトベトン', 9244);
INSERT INTO recording (length, comment, name, artist_credit, id, editpending, gid) VALUES (18626, NULL, 9244, 179588, 6876865, 0, 'ab65b311-0a7b-48e5-a842-ab603191af78');
INSERT INTO track_name (name, id) VALUES ('シェルダー', 8779);
INSERT INTO recording (length, comment, name, artist_credit, id, editpending, gid) VALUES (18640, NULL, 8779, 179588, 6876866, 0, '3c867ac6-f356-4915-9092-a54dc2ac77c7');
INSERT INTO track_name (name, id) VALUES ('パルシェン', 9130);
INSERT INTO recording (length, comment, name, artist_credit, id, editpending, gid) VALUES (19466, NULL, 9130, 179588, 6876867, 0, 'b2000225-0a5a-47a6-a592-69a5bc5183cd');
INSERT INTO track_name (name, id) VALUES ('ゴース', 2949);
INSERT INTO recording (length, comment, name, artist_credit, id, editpending, gid) VALUES (19400, NULL, 2949, 179588, 6876868, 0, '7eae7902-a0a2-4940-8610-5fd3b9a605a8');
INSERT INTO track_name (name, id) VALUES ('ゴースト', 5912);
INSERT INTO recording (length, comment, name, artist_credit, id, editpending, gid) VALUES (19000, NULL, 5912, 179588, 6876869, 0, 'dbe39246-f186-4ef5-bd91-7e51a8706c6c');
INSERT INTO track_name (name, id) VALUES ('ゲンガー', 5877);
INSERT INTO recording (length, comment, name, artist_credit, id, editpending, gid) VALUES (18893, NULL, 5877, 179588, 6876870, 0, '5f21bc76-727e-4ebb-b6e3-9b47b2ee0c34');
INSERT INTO track_name (name, id) VALUES ('イワーク', 5709);
INSERT INTO recording (length, comment, name, artist_credit, id, editpending, gid) VALUES (19333, NULL, 5709, 179588, 6876871, 0, 'b99b210e-b8b7-4e6d-b104-020b5de47829');
INSERT INTO track_name (name, id) VALUES ('スリープ', 6063);
INSERT INTO recording (length, comment, name, artist_credit, id, editpending, gid) VALUES (20400, NULL, 6063, 179588, 6876872, 0, 'f5e07d7e-f361-41cb-929c-dc1890870a2f');
INSERT INTO track_name (name, id) VALUES ('スリーパー', 8887);
INSERT INTO recording (length, comment, name, artist_credit, id, editpending, gid) VALUES (20640, NULL, 8887, 179588, 6876873, 0, '57b89585-dbae-4ef3-ae6b-1aa7d7ba6056');
INSERT INTO track_name (name, id) VALUES ('クラブ', 2920);
INSERT INTO recording (length, comment, name, artist_credit, id, editpending, gid) VALUES (18933, NULL, 2920, 179588, 6876874, 0, 'b0618a0d-a85f-464a-ad85-473ae46593a2');
INSERT INTO track_name (name, id) VALUES ('キングラー', 8646);
INSERT INTO recording (length, comment, name, artist_credit, id, editpending, gid) VALUES (19200, NULL, 8646, 179588, 6876875, 0, '67aef591-68bd-4ab3-a66d-53f90ba2bdcb');
INSERT INTO track_name (name, id) VALUES ('ビリリダマ', 9148);
INSERT INTO recording (length, comment, name, artist_credit, id, editpending, gid) VALUES (19226, NULL, 9148, 179588, 6876876, 0, '90206439-efbf-4fd6-82cd-a982a50d1c1a');
INSERT INTO track_name (name, id) VALUES ('マルマイン', 9325);
INSERT INTO recording (length, comment, name, artist_credit, id, editpending, gid) VALUES (20600, NULL, 9325, 179588, 6876877, 0, '8c8aa4be-8d6f-485b-a2ef-02b9fa01abed');
INSERT INTO track_name (name, id) VALUES ('タマタマ', 6117);
INSERT INTO recording (length, comment, name, artist_credit, id, editpending, gid) VALUES (19600, NULL, 6117, 179588, 6876878, 0, 'bd28f43b-f121-4c8b-a463-564e73d6b868');
INSERT INTO track_name (name, id) VALUES ('ナッシー', 6239);
INSERT INTO recording (length, comment, name, artist_credit, id, editpending, gid) VALUES (21640, NULL, 6239, 179588, 6876879, 0, '7685f4e5-f542-4aea-ac44-75d3b1f0430d');
INSERT INTO track_name (name, id) VALUES ('カラカラ', 5801);
INSERT INTO recording (length, comment, name, artist_credit, id, editpending, gid) VALUES (19560, NULL, 5801, 179588, 6876880, 0, 'd6187e29-6fd8-41b3-a531-725978e5d3a4');
INSERT INTO track_name (name, id) VALUES ('ガラガラ', 5814);
INSERT INTO recording (length, comment, name, artist_credit, id, editpending, gid) VALUES (20973, NULL, 5814, 179588, 6876881, 0, 'ddcc9dd4-351b-45fb-b144-6a0e33b79b72');
INSERT INTO track_name (name, id) VALUES ('サワムラー', 8761);
INSERT INTO recording (length, comment, name, artist_credit, id, editpending, gid) VALUES (20826, NULL, 8761, 179588, 6876882, 0, 'cb60ce86-cff8-4aa1-a040-863e4204c520');
INSERT INTO track_name (name, id) VALUES ('エビワラー', 8519);
INSERT INTO recording (length, comment, name, artist_credit, id, editpending, gid) VALUES (19773, NULL, 8519, 179588, 6876883, 0, '5cc17d0c-50ea-4300-b305-ddba88b5a2bf');
INSERT INTO track_name (name, id) VALUES ('ベロリンガ', 9251);
INSERT INTO recording (length, comment, name, artist_credit, id, editpending, gid) VALUES (20800, NULL, 9251, 179588, 6876884, 0, '85eb23ad-a1c2-4baf-aca4-c01bcd300a5e');
INSERT INTO track_name (name, id) VALUES ('ドガース', 6217);
INSERT INTO recording (length, comment, name, artist_credit, id, editpending, gid) VALUES (20360, NULL, 6217, 179588, 6876885, 0, 'a6abf8d2-35fb-4e78-b836-90fae75cf049');
INSERT INTO track_name (name, id) VALUES ('マタドガス', 9309);
INSERT INTO recording (length, comment, name, artist_credit, id, editpending, gid) VALUES (19573, NULL, 9309, 179588, 6876886, 0, '02276636-67ae-4ac6-8ea7-a357572b1468');
INSERT INTO track_name (name, id) VALUES ('サイホーン', 8730);
INSERT INTO recording (length, comment, name, artist_credit, id, editpending, gid) VALUES (20200, NULL, 8730, 179588, 6876887, 0, '3ce8f282-8531-4de5-8e06-8dac73399461');
INSERT INTO track_name (name, id) VALUES ('サイドン', 5918);
INSERT INTO recording (length, comment, name, artist_credit, id, editpending, gid) VALUES (20666, NULL, 5918, 179588, 6876888, 0, '6103f9d8-4da9-461f-86ec-a25a85949709');
INSERT INTO track_name (name, id) VALUES ('ラッキー', 6618);
INSERT INTO recording (length, comment, name, artist_credit, id, editpending, gid) VALUES (20133, NULL, 6618, 179588, 6876889, 0, '06632dbc-9991-4897-a383-8651241c35f6');
INSERT INTO track_name (name, id) VALUES ('モンジャラ', 9385);
INSERT INTO recording (length, comment, name, artist_credit, id, editpending, gid) VALUES (19533, NULL, 9385, 179588, 6876890, 0, '8e81c6dd-1897-4bc9-ac7b-67fd205bf290');
INSERT INTO track_name (name, id) VALUES ('ガルーラ', 5818);
INSERT INTO recording (length, comment, name, artist_credit, id, editpending, gid) VALUES (19200, NULL, 5818, 179588, 6876891, 0, '38c5a762-460a-4bac-bdc7-205da1487aad');
INSERT INTO track_name (name, id) VALUES ('タッツー', 6113);
INSERT INTO recording (length, comment, name, artist_credit, id, editpending, gid) VALUES (20466, NULL, 6113, 179588, 6876892, 0, 'a9c64cae-8b46-44ed-bb46-1072a39abc5e');
INSERT INTO track_name (name, id) VALUES ('シードラ', 5999);
INSERT INTO recording (length, comment, name, artist_credit, id, editpending, gid) VALUES (18666, NULL, 5999, 179588, 6876893, 0, 'ed95f26c-6b69-4f42-8fce-ef381b43a075');
INSERT INTO track_name (name, id) VALUES ('トサキント', 8978);
INSERT INTO recording (length, comment, name, artist_credit, id, editpending, gid) VALUES (20000, NULL, 8978, 179588, 6876894, 0, 'efde2c9b-7d2a-4812-bae7-d0e137335abd');
INSERT INTO track_name (name, id) VALUES ('アズマオウ', 8403);
INSERT INTO recording (length, comment, name, artist_credit, id, editpending, gid) VALUES (20093, NULL, 8403, 179588, 6876895, 0, 'd502e1bb-3259-42aa-9913-7376c298fccc');
INSERT INTO track_name (name, id) VALUES ('ヒトデマン', 9138);
INSERT INTO recording (length, comment, name, artist_credit, id, editpending, gid) VALUES (19173, NULL, 9138, 179588, 6876896, 0, 'b3d92f48-c0a5-45e5-a935-3d8c6ded2eaf');
INSERT INTO track_name (name, id) VALUES ('スターミー', 8854);
INSERT INTO recording (length, comment, name, artist_credit, id, editpending, gid) VALUES (19160, NULL, 8854, 179588, 6876897, 0, '3e2f4051-8e45-433b-9f14-a633606b7a63');
INSERT INTO track_name (name, id) VALUES ('バリヤード', 9102);
INSERT INTO recording (length, comment, name, artist_credit, id, editpending, gid) VALUES (20040, NULL, 9102, 179588, 6876898, 0, '77072ed2-ddcc-4628-a886-eaec41600612');
INSERT INTO track_name (name, id) VALUES ('ストライク', 8858);
INSERT INTO recording (length, comment, name, artist_credit, id, editpending, gid) VALUES (20266, NULL, 8858, 179588, 6876899, 0, '873516c4-8979-4c23-8484-e230c7db6236');
INSERT INTO track_name (name, id) VALUES ('ルージュラ', 9468);
INSERT INTO recording (length, comment, name, artist_credit, id, editpending, gid) VALUES (21866, NULL, 9468, 179588, 6876900, 0, 'd4143268-f723-4b17-8563-2e68b2415666');
INSERT INTO track_name (name, id) VALUES ('エレブー', 5748);
INSERT INTO recording (length, comment, name, artist_credit, id, editpending, gid) VALUES (19133, NULL, 5748, 179588, 6876901, 0, 'ecb3d209-7e6f-411e-a3d1-9488929bf497');
INSERT INTO track_name (name, id) VALUES ('ブーバー', 6446);
INSERT INTO recording (length, comment, name, artist_credit, id, editpending, gid) VALUES (21160, NULL, 6446, 179588, 6876902, 0, '74bb4bff-6550-4653-af69-ac9e60488d2c');
INSERT INTO track_name (name, id) VALUES ('カイロス', 5773);
INSERT INTO recording (length, comment, name, artist_credit, id, editpending, gid) VALUES (19733, NULL, 5773, 179588, 6876903, 0, '9a80a336-392b-4450-a5a0-184e5d282050');
INSERT INTO track_name (name, id) VALUES ('ケンタロス', 8696);
INSERT INTO recording (length, comment, name, artist_credit, id, editpending, gid) VALUES (19666, NULL, 8696, 179588, 6876904, 0, 'd6926dd5-8b9f-4560-97a9-e9d69195b9ec');
INSERT INTO track_name (name, id) VALUES ('コイキング', 8700);
INSERT INTO recording (length, comment, name, artist_credit, id, editpending, gid) VALUES (19773, NULL, 8700, 179588, 6876905, 0, 'dbdd1257-39db-4454-9c6c-64f688aa361a');
INSERT INTO track_name (name, id) VALUES ('ギャラドス', 8653);
INSERT INTO recording (length, comment, name, artist_credit, id, editpending, gid) VALUES (20426, NULL, 8653, 179588, 6876906, 0, '964ff74d-6976-41d3-89d2-146609f0b545');
INSERT INTO track_name (name, id) VALUES ('ラプラス', 6625);
INSERT INTO recording (length, comment, name, artist_credit, id, editpending, gid) VALUES (20306, NULL, 6625, 179588, 6876907, 0, 'ee42c0d9-10c7-4292-8159-b1c9ea4b4790');
INSERT INTO track_name (name, id) VALUES ('メタモン', 6565);
INSERT INTO recording (length, comment, name, artist_credit, id, editpending, gid) VALUES (18026, NULL, 6565, 179588, 6876908, 0, 'd1a32419-9bde-4a48-b8a8-c4a02d5dd7ca');
INSERT INTO track_name (name, id) VALUES ('イーブイ', 5712);
INSERT INTO recording (length, comment, name, artist_credit, id, editpending, gid) VALUES (18240, NULL, 5712, 179588, 6876909, 0, '846e7104-e0e8-4cba-9457-f8228b5571fe');
INSERT INTO track_name (name, id) VALUES ('シャワーズ', 8793);
INSERT INTO recording (length, comment, name, artist_credit, id, editpending, gid) VALUES (20133, NULL, 8793, 179588, 6876910, 0, 'a947d23c-849e-499d-be33-73095c8f5dd0');
INSERT INTO track_name (name, id) VALUES ('サンダース', 8767);
INSERT INTO recording (length, comment, name, artist_credit, id, editpending, gid) VALUES (20933, NULL, 8767, 179588, 6876911, 0, '960e573d-65da-4157-a300-334a2415bda9');
INSERT INTO track_name (name, id) VALUES ('ブースター', 9217);
INSERT INTO recording (length, comment, name, artist_credit, id, editpending, gid) VALUES (20760, NULL, 9217, 179588, 6876912, 0, 'e36126de-ce10-49df-af74-64442e6fdb5a');
INSERT INTO track_name (name, id) VALUES ('ポリゴン', 6506);
INSERT INTO recording (length, comment, name, artist_credit, id, editpending, gid) VALUES (19733, NULL, 6506, 179588, 6876913, 0, '1046001e-8e2b-4c5c-8f1b-89fd536dbdca');
INSERT INTO track_name (name, id) VALUES ('オムナイト', 8552);
INSERT INTO recording (length, comment, name, artist_credit, id, editpending, gid) VALUES (19133, NULL, 8552, 179588, 6876914, 0, '0db9a6cb-532c-45b4-86ff-50985fb2bc44');
INSERT INTO track_name (name, id) VALUES ('オムスター', 8551);
INSERT INTO recording (length, comment, name, artist_credit, id, editpending, gid) VALUES (21066, NULL, 8551, 179588, 6876915, 0, 'a9073909-20ab-4e09-a7ed-f286d8f8c05f');
INSERT INTO track_name (name, id) VALUES ('カブト', 2875);
INSERT INTO recording (length, comment, name, artist_credit, id, editpending, gid) VALUES (19266, NULL, 2875, 179588, 6876916, 0, 'f09ce1ff-03d5-4bcd-a269-bc65921c5110');
INSERT INTO track_name (name, id) VALUES ('カブトプス', 8585);
INSERT INTO recording (length, comment, name, artist_credit, id, editpending, gid) VALUES (20333, NULL, 8585, 179588, 6876917, 0, 'bc4c5c90-aaa8-44fd-9a47-009ed13d0879');
INSERT INTO track_name (name, id) VALUES ('プテラ', 3167);
INSERT INTO recording (length, comment, name, artist_credit, id, editpending, gid) VALUES (20000, NULL, 3167, 179588, 6876918, 0, '4d49c4ed-20f1-48af-a588-8440f3ec5c4b');
INSERT INTO track_name (name, id) VALUES ('カビゴン', 5795);
INSERT INTO recording (length, comment, name, artist_credit, id, editpending, gid) VALUES (20973, NULL, 5795, 179588, 6876919, 0, '2aab93dd-d211-495c-a7b4-5ba6ac5ae7b7');
INSERT INTO track_name (name, id) VALUES ('フリーザー', 9195);
INSERT INTO recording (length, comment, name, artist_credit, id, editpending, gid) VALUES (20160, NULL, 9195, 179588, 6876920, 0, '66db0843-5ad3-4aa2-b858-b143350378b0');
INSERT INTO track_name (name, id) VALUES ('サンダー', 5944);
INSERT INTO recording (length, comment, name, artist_credit, id, editpending, gid) VALUES (20306, NULL, 5944, 179588, 6876921, 0, '249b8f2c-176b-473c-9366-948130a139dc');
INSERT INTO track_name (name, id) VALUES ('ファイヤー', 9164);
INSERT INTO recording (length, comment, name, artist_credit, id, editpending, gid) VALUES (19800, NULL, 9164, 179588, 6876922, 0, '45ca5ae1-1d25-40c0-a424-67e02c151b40');
INSERT INTO track_name (name, id) VALUES ('ミニリュウ', 9344);
INSERT INTO recording (length, comment, name, artist_credit, id, editpending, gid) VALUES (19000, NULL, 9344, 179588, 6876923, 0, 'e57675fb-55e3-4be7-b015-eb765c8f5100');
INSERT INTO track_name (name, id) VALUES ('ハクリュー', 9055);
INSERT INTO recording (length, comment, name, artist_credit, id, editpending, gid) VALUES (20760, NULL, 9055, 179588, 6876924, 0, 'd15d2e72-3486-4b20-88a0-0b7c1c738684');
INSERT INTO track_name (name, id) VALUES ('カイリュー', 8568);
INSERT INTO recording (length, comment, name, artist_credit, id, editpending, gid) VALUES (20040, NULL, 8568, 179588, 6876925, 0, '9520d980-c4e5-47b4-84f7-c17725fcd33c');
INSERT INTO track_name (name, id) VALUES ('ミュウツー', 9345);
INSERT INTO recording (length, comment, name, artist_credit, id, editpending, gid) VALUES (21360, NULL, 9345, 179588, 6876926, 0, '096eec3b-8138-4ee8-bee4-1c339b4aa126');
INSERT INTO track_name (name, id) VALUES ('ミュウ', 3233);
INSERT INTO recording (length, comment, name, artist_credit, id, editpending, gid) VALUES (23800, NULL, 3233, 179588, 6876927, 0, '526e54e1-a727-4510-ab19-334103e67b67');
INSERT INTO track_name (name, id) VALUES ('ゲームボーイ「ポケモン」効果音集', 4482337);
INSERT INTO recording (length, comment, name, artist_credit, id, editpending, gid) VALUES (457573, NULL, 4482337, 179588, 6876928, 0, 'a28643eb-9b51-4c2f-96a5-76afb69390cf');
INSERT INTO track (length, recording, name, position, artist_credit, id, tracklist, editpending) VALUES (19160, 6876830, 5889, 1, 179588, 6876830, 609746, 0);
INSERT INTO track (length, recording, name, position, artist_credit, id, tracklist, editpending) VALUES (19973, 6876831, 8722, 2, 179588, 6876831, 609746, 0);
INSERT INTO track (length, recording, name, position, artist_credit, id, tracklist, editpending) VALUES (18533, 6876832, 6534, 3, 179588, 6876832, 609746, 0);
INSERT INTO track (length, recording, name, position, artist_credit, id, tracklist, editpending) VALUES (18600, 6876833, 8541, 4, 179588, 6876833, 609746, 0);
INSERT INTO track (length, recording, name, position, artist_credit, id, tracklist, editpending) VALUES (18493, 6876834, 5821, 5, 179588, 6876834, 609746, 0);
INSERT INTO track (length, recording, name, position, artist_credit, id, tracklist, editpending) VALUES (19173, 6876835, 8481, 6, 179588, 6876835, 609746, 0);
INSERT INTO track (length, recording, name, position, artist_credit, id, tracklist, editpending) VALUES (19133, 6876836, 6253, 7, 179588, 6876836, 609746, 0);
INSERT INTO track (length, recording, name, position, artist_credit, id, tracklist, editpending) VALUES (18866, 6876837, 6252, 8, 179588, 6876837, 609746, 0);
INSERT INTO track (length, recording, name, position, artist_credit, id, tracklist, editpending) VALUES (19400, 6876838, 9032, 9, 179588, 6876838, 609746, 0);
INSERT INTO track (length, recording, name, position, artist_credit, id, tracklist, editpending) VALUES (19826, 6876839, 5874, 10, 179588, 6876839, 609746, 0);
INSERT INTO track (length, recording, name, position, artist_credit, id, tracklist, editpending) VALUES (20440, 6876840, 9402, 11, 179588, 6876840, 609746, 0);
INSERT INTO track (length, recording, name, position, artist_credit, id, tracklist, editpending) VALUES (19026, 6876841, 9201, 12, 179588, 6876841, 609746, 0);
INSERT INTO track (length, recording, name, position, artist_credit, id, tracklist, editpending) VALUES (18640, 6876842, 9506, 13, 179588, 6876842, 609746, 0);
INSERT INTO track (length, recording, name, position, artist_credit, id, tracklist, editpending) VALUES (18693, 6876843, 8726, 14, 179588, 6876843, 609746, 0);
INSERT INTO track (length, recording, name, position, artist_credit, id, tracklist, editpending) VALUES (18733, 6876844, 8567, 15, 179588, 6876844, 609746, 0);
INSERT INTO track (length, recording, name, position, artist_credit, id, tracklist, editpending) VALUES (18240, 6876845, 9310, 16, 179588, 6876845, 609746, 0);
INSERT INTO track (length, recording, name, position, artist_credit, id, tracklist, editpending) VALUES (19333, 6876846, 5723, 17, 179588, 6876846, 609746, 0);
INSERT INTO track (length, recording, name, position, artist_credit, id, tracklist, editpending) VALUES (19493, 6876847, 8491, 18, 179588, 6876847, 609746, 0);
INSERT INTO track (length, recording, name, position, artist_credit, id, tracklist, editpending) VALUES (18266, 6876848, 9368, 19, 179588, 6876848, 609746, 0);
INSERT INTO track (length, recording, name, position, artist_credit, id, tracklist, editpending) VALUES (20866, 6876849, 8994, 20, 179588, 6876849, 609746, 0);
INSERT INTO track (length, recording, name, position, artist_credit, id, tracklist, editpending) VALUES (19173, 6876850, 8459, 21, 179588, 6876850, 609746, 0);
INSERT INTO track (length, recording, name, position, artist_credit, id, tracklist, editpending) VALUES (18760, 6876851, 5909, 22, 179588, 6876851, 609746, 0);
INSERT INTO track (length, recording, name, position, artist_credit, id, tracklist, editpending) VALUES (19666, 6876852, 8724, 23, 179588, 6876852, 609746, 0);
INSERT INTO track (length, recording, name, position, artist_credit, id, tracklist, editpending) VALUES (18933, 6876853, 6504, 24, 179588, 6876853, 609746, 0);
INSERT INTO track (length, recording, name, position, artist_credit, id, tracklist, editpending) VALUES (20173, 6876854, 8655, 25, 179588, 6876854, 609746, 0);
INSERT INTO track (length, recording, name, position, artist_credit, id, tracklist, editpending) VALUES (18560, 6876855, 3256, 26, 179588, 6876855, 609746, 0);
INSERT INTO track (length, recording, name, position, artist_credit, id, tracklist, editpending) VALUES (19133, 6876856, 6592, 27, 179588, 6876856, 609746, 0);
INSERT INTO track (length, recording, name, position, artist_credit, id, tracklist, editpending) VALUES (17866, 6876857, 2932, 28, 179588, 6876857, 609746, 0);
INSERT INTO track (length, recording, name, position, artist_credit, id, tracklist, editpending) VALUES (18600, 6876858, 9472, 29, 179588, 6876858, 609746, 0);
INSERT INTO track (length, recording, name, position, artist_credit, id, tracklist, editpending) VALUES (17600, 6876859, 5800, 30, 179588, 6876859, 609746, 0);
INSERT INTO track (length, recording, name, position, artist_credit, id, tracklist, editpending) VALUES (18906, 6876860, 6233, 31, 179588, 6876860, 609746, 0);
INSERT INTO track (length, recording, name, position, artist_credit, id, tracklist, editpending) VALUES (20733, 6876861, 9007, 32, 179588, 6876861, 609746, 0);
INSERT INTO track (length, recording, name, position, artist_credit, id, tracklist, editpending) VALUES (19693, 6876862, 6338, 33, 179588, 6876862, 609746, 0);
INSERT INTO track (length, recording, name, position, artist_credit, id, tracklist, editpending) VALUES (20173, 6876863, 6013, 34, 179588, 6876863, 609746, 0);
INSERT INTO track (length, recording, name, position, artist_credit, id, tracklist, editpending) VALUES (19000, 6876864, 9243, 35, 179588, 6876864, 609746, 0);
INSERT INTO track (length, recording, name, position, artist_credit, id, tracklist, editpending) VALUES (18626, 6876865, 9244, 36, 179588, 6876865, 609746, 0);
INSERT INTO track (length, recording, name, position, artist_credit, id, tracklist, editpending) VALUES (18640, 6876866, 8779, 37, 179588, 6876866, 609746, 0);
INSERT INTO track (length, recording, name, position, artist_credit, id, tracklist, editpending) VALUES (19466, 6876867, 9130, 38, 179588, 6876867, 609746, 0);
INSERT INTO track (length, recording, name, position, artist_credit, id, tracklist, editpending) VALUES (19400, 6876868, 2949, 39, 179588, 6876868, 609746, 0);
INSERT INTO track (length, recording, name, position, artist_credit, id, tracklist, editpending) VALUES (19000, 6876869, 5912, 40, 179588, 6876869, 609746, 0);
INSERT INTO track (length, recording, name, position, artist_credit, id, tracklist, editpending) VALUES (18893, 6876870, 5877, 41, 179588, 6876870, 609746, 0);
INSERT INTO track (length, recording, name, position, artist_credit, id, tracklist, editpending) VALUES (19333, 6876871, 5709, 42, 179588, 6876871, 609746, 0);
INSERT INTO track (length, recording, name, position, artist_credit, id, tracklist, editpending) VALUES (20400, 6876872, 6063, 43, 179588, 6876872, 609746, 0);
INSERT INTO track (length, recording, name, position, artist_credit, id, tracklist, editpending) VALUES (20640, 6876873, 8887, 44, 179588, 6876873, 609746, 0);
INSERT INTO track (length, recording, name, position, artist_credit, id, tracklist, editpending) VALUES (18933, 6876874, 2920, 45, 179588, 6876874, 609746, 0);
INSERT INTO track (length, recording, name, position, artist_credit, id, tracklist, editpending) VALUES (19200, 6876875, 8646, 46, 179588, 6876875, 609746, 0);
INSERT INTO track (length, recording, name, position, artist_credit, id, tracklist, editpending) VALUES (19226, 6876876, 9148, 47, 179588, 6876876, 609746, 0);
INSERT INTO track (length, recording, name, position, artist_credit, id, tracklist, editpending) VALUES (20600, 6876877, 9325, 48, 179588, 6876877, 609746, 0);
INSERT INTO track (length, recording, name, position, artist_credit, id, tracklist, editpending) VALUES (19600, 6876878, 6117, 49, 179588, 6876878, 609746, 0);
INSERT INTO track (length, recording, name, position, artist_credit, id, tracklist, editpending) VALUES (21640, 6876879, 6239, 50, 179588, 6876879, 609746, 0);
INSERT INTO track (length, recording, name, position, artist_credit, id, tracklist, editpending) VALUES (19560, 6876880, 5801, 51, 179588, 6876880, 609746, 0);
INSERT INTO track (length, recording, name, position, artist_credit, id, tracklist, editpending) VALUES (20973, 6876881, 5814, 52, 179588, 6876881, 609746, 0);
INSERT INTO track (length, recording, name, position, artist_credit, id, tracklist, editpending) VALUES (20826, 6876882, 8761, 53, 179588, 6876882, 609746, 0);
INSERT INTO track (length, recording, name, position, artist_credit, id, tracklist, editpending) VALUES (19773, 6876883, 8519, 54, 179588, 6876883, 609746, 0);
INSERT INTO track (length, recording, name, position, artist_credit, id, tracklist, editpending) VALUES (20800, 6876884, 9251, 55, 179588, 6876884, 609746, 0);
INSERT INTO track (length, recording, name, position, artist_credit, id, tracklist, editpending) VALUES (20360, 6876885, 6217, 56, 179588, 6876885, 609746, 0);
INSERT INTO track (length, recording, name, position, artist_credit, id, tracklist, editpending) VALUES (19573, 6876886, 9309, 57, 179588, 6876886, 609746, 0);
INSERT INTO track (length, recording, name, position, artist_credit, id, tracklist, editpending) VALUES (20200, 6876887, 8730, 58, 179588, 6876887, 609746, 0);
INSERT INTO track (length, recording, name, position, artist_credit, id, tracklist, editpending) VALUES (20666, 6876888, 5918, 59, 179588, 6876888, 609746, 0);
INSERT INTO track (length, recording, name, position, artist_credit, id, tracklist, editpending) VALUES (20133, 6876889, 6618, 60, 179588, 6876889, 609746, 0);
INSERT INTO track (length, recording, name, position, artist_credit, id, tracklist, editpending) VALUES (19533, 6876890, 9385, 61, 179588, 6876890, 609746, 0);
INSERT INTO track (length, recording, name, position, artist_credit, id, tracklist, editpending) VALUES (19200, 6876891, 5818, 62, 179588, 6876891, 609746, 0);
INSERT INTO track (length, recording, name, position, artist_credit, id, tracklist, editpending) VALUES (20466, 6876892, 6113, 63, 179588, 6876892, 609746, 0);
INSERT INTO track (length, recording, name, position, artist_credit, id, tracklist, editpending) VALUES (18666, 6876893, 5999, 64, 179588, 6876893, 609746, 0);
INSERT INTO track (length, recording, name, position, artist_credit, id, tracklist, editpending) VALUES (20000, 6876894, 8978, 65, 179588, 6876894, 609746, 0);
INSERT INTO track (length, recording, name, position, artist_credit, id, tracklist, editpending) VALUES (20093, 6876895, 8403, 66, 179588, 6876895, 609746, 0);
INSERT INTO track (length, recording, name, position, artist_credit, id, tracklist, editpending) VALUES (19173, 6876896, 9138, 67, 179588, 6876896, 609746, 0);
INSERT INTO track (length, recording, name, position, artist_credit, id, tracklist, editpending) VALUES (19160, 6876897, 8854, 68, 179588, 6876897, 609746, 0);
INSERT INTO track (length, recording, name, position, artist_credit, id, tracklist, editpending) VALUES (20040, 6876898, 9102, 69, 179588, 6876898, 609746, 0);
INSERT INTO track (length, recording, name, position, artist_credit, id, tracklist, editpending) VALUES (20266, 6876899, 8858, 70, 179588, 6876899, 609746, 0);
INSERT INTO track (length, recording, name, position, artist_credit, id, tracklist, editpending) VALUES (21866, 6876900, 9468, 71, 179588, 6876900, 609746, 0);
INSERT INTO track (length, recording, name, position, artist_credit, id, tracklist, editpending) VALUES (19133, 6876901, 5748, 72, 179588, 6876901, 609746, 0);
INSERT INTO track (length, recording, name, position, artist_credit, id, tracklist, editpending) VALUES (21160, 6876902, 6446, 73, 179588, 6876902, 609746, 0);
INSERT INTO track (length, recording, name, position, artist_credit, id, tracklist, editpending) VALUES (19733, 6876903, 5773, 74, 179588, 6876903, 609746, 0);
INSERT INTO track (length, recording, name, position, artist_credit, id, tracklist, editpending) VALUES (19666, 6876904, 8696, 75, 179588, 6876904, 609746, 0);
INSERT INTO track (length, recording, name, position, artist_credit, id, tracklist, editpending) VALUES (19773, 6876905, 8700, 76, 179588, 6876905, 609746, 0);
INSERT INTO track (length, recording, name, position, artist_credit, id, tracklist, editpending) VALUES (20426, 6876906, 8653, 77, 179588, 6876906, 609746, 0);
INSERT INTO track (length, recording, name, position, artist_credit, id, tracklist, editpending) VALUES (20306, 6876907, 6625, 78, 179588, 6876907, 609746, 0);
INSERT INTO track (length, recording, name, position, artist_credit, id, tracklist, editpending) VALUES (18026, 6876908, 6565, 79, 179588, 6876908, 609746, 0);
INSERT INTO track (length, recording, name, position, artist_credit, id, tracklist, editpending) VALUES (18240, 6876909, 5712, 80, 179588, 6876909, 609746, 0);
INSERT INTO track (length, recording, name, position, artist_credit, id, tracklist, editpending) VALUES (20133, 6876910, 8793, 81, 179588, 6876910, 609746, 0);
INSERT INTO track (length, recording, name, position, artist_credit, id, tracklist, editpending) VALUES (20933, 6876911, 8767, 82, 179588, 6876911, 609746, 0);
INSERT INTO track (length, recording, name, position, artist_credit, id, tracklist, editpending) VALUES (20760, 6876912, 9217, 83, 179588, 6876912, 609746, 0);
INSERT INTO track (length, recording, name, position, artist_credit, id, tracklist, editpending) VALUES (19733, 6876913, 6506, 84, 179588, 6876913, 609746, 0);
INSERT INTO track (length, recording, name, position, artist_credit, id, tracklist, editpending) VALUES (19133, 6876914, 8552, 85, 179588, 6876914, 609746, 0);
INSERT INTO track (length, recording, name, position, artist_credit, id, tracklist, editpending) VALUES (21066, 6876915, 8551, 86, 179588, 6876915, 609746, 0);
INSERT INTO track (length, recording, name, position, artist_credit, id, tracklist, editpending) VALUES (19266, 6876916, 2875, 87, 179588, 6876916, 609746, 0);
INSERT INTO track (length, recording, name, position, artist_credit, id, tracklist, editpending) VALUES (20333, 6876917, 8585, 88, 179588, 6876917, 609746, 0);
INSERT INTO track (length, recording, name, position, artist_credit, id, tracklist, editpending) VALUES (20000, 6876918, 3167, 89, 179588, 6876918, 609746, 0);
INSERT INTO track (length, recording, name, position, artist_credit, id, tracklist, editpending) VALUES (20973, 6876919, 5795, 90, 179588, 6876919, 609746, 0);
INSERT INTO track (length, recording, name, position, artist_credit, id, tracklist, editpending) VALUES (20160, 6876920, 9195, 91, 179588, 6876920, 609746, 0);
INSERT INTO track (length, recording, name, position, artist_credit, id, tracklist, editpending) VALUES (20306, 6876921, 5944, 92, 179588, 6876921, 609746, 0);
INSERT INTO track (length, recording, name, position, artist_credit, id, tracklist, editpending) VALUES (19800, 6876922, 9164, 93, 179588, 6876922, 609746, 0);
INSERT INTO track (length, recording, name, position, artist_credit, id, tracklist, editpending) VALUES (19000, 6876923, 9344, 94, 179588, 6876923, 609746, 0);
INSERT INTO track (length, recording, name, position, artist_credit, id, tracklist, editpending) VALUES (20760, 6876924, 9055, 95, 179588, 6876924, 609746, 0);
INSERT INTO track (length, recording, name, position, artist_credit, id, tracklist, editpending) VALUES (20040, 6876925, 8568, 96, 179588, 6876925, 609746, 0);
INSERT INTO track (length, recording, name, position, artist_credit, id, tracklist, editpending) VALUES (21360, 6876926, 9345, 97, 179588, 6876926, 609746, 0);
INSERT INTO track (length, recording, name, position, artist_credit, id, tracklist, editpending) VALUES (23800, 6876927, 3233, 98, 179588, 6876927, 609746, 0);
INSERT INTO track (length, recording, name, position, artist_credit, id, tracklist, editpending) VALUES (457573, 6876928, 4482337, 99, 179588, 6876928, 609746, 0);
INSERT INTO medium (format, name, position, release, id, tracklist, editpending) VALUES (1, NULL, 1, 261959, 261959, 609745, 0);
INSERT INTO medium (format, name, position, release, id, tracklist, editpending) VALUES (1, NULL, 2, 261959, 261964, 609746, 0);
INSERT INTO tracklist (trackcount, id) VALUES (98, 609763);
INSERT INTO track_name (name, id) VALUES ('Masara Town no Thema', 2351363);
INSERT INTO track_name (name, id) VALUES ('Ohkido-hakase', 2696038);
INSERT INTO track_name (name, id) VALUES ('Ohkido Kenkyuusho', 2696039);
INSERT INTO track_name (name, id) VALUES ('Rival Arawaru', 3104684);
INSERT INTO track_name (name, id) VALUES ('Tokiwa e no Michi ~ Masara yori', 3940737);
INSERT INTO track_name (name, id) VALUES ('Tatakai (VS Yasei Pokemon)', 3644369);
INSERT INTO track_name (name, id) VALUES ('Shouri (VS Yasei Pokemon)', 3293890);
INSERT INTO track_name (name, id) VALUES ('Nibi City no Thema', 2598314);
INSERT INTO track_name (name, id) VALUES ('Pokemon Kaifuku', 2908242);
INSERT INTO track_name (name, id) VALUES ('Tokiwa no Michi', 3940740);
INSERT INTO track_name (name, id) VALUES ('Michi An''nai', 2414279);
INSERT INTO track_name (name, id) VALUES ('Trainer Arawaru (Onna no Ko Hen)', 3972586);
INSERT INTO track_name (name, id) VALUES ('Tatakai (VS Trainer)', 3644368);
INSERT INTO track_name (name, id) VALUES ('Shouri (VS Trainer)', 3293889);
INSERT INTO track_name (name, id) VALUES ('Otsukimi-yama no Doukutsu', 2766585);
INSERT INTO track_name (name, id) VALUES ('Hanada e no Michi ~ Otsukimi-yama yori', 1506845);
INSERT INTO track_name (name, id) VALUES ('Hanada City no Thema', 1506844);
INSERT INTO track_name (name, id) VALUES ('Masaki no Moto e ~ Hanada yori', 2351198);
INSERT INTO track_name (name, id) VALUES ('Purin no Uta', 2982788);
INSERT INTO track_name (name, id) VALUES ('Kuchiba City no Thema', 2033037);
INSERT INTO track_name (name, id) VALUES ('Santoanna-gou', 3183936);
INSERT INTO track_name (name, id) VALUES ('Shion e no Michi ~ Kuchiba yori', 3286443);
INSERT INTO track_name (name, id) VALUES ('Pokemon no Fue', 2908248);
INSERT INTO track_name (name, id) VALUES ('Trainer Arawaru (Otoko no Ko Hen)', 3972587);
INSERT INTO track_name (name, id) VALUES ('Tatakai (VS Gym Leader)', 3644367);
INSERT INTO track_name (name, id) VALUES ('Shouri (VS Gym Leader)', 3293888);
INSERT INTO track_name (name, id) VALUES ('Shion Town no Thema', 3286452);
INSERT INTO track_name (name, id) VALUES ('Tamamu City no Thema', 3633439);
INSERT INTO track_name (name, id) VALUES ('Trainer Arawaru (Kuroi Yatsu Hen)', 3972585);
INSERT INTO track_name (name, id) VALUES ('Rocket-dan Ajito', 3112805);
INSERT INTO track_name (name, id) VALUES ('Umi', 4044477);
INSERT INTO track_name (name, id) VALUES ('Guren Town no Thema', 1490532);
INSERT INTO track_name (name, id) VALUES ('Pokemon Yashiki', 2908269);
INSERT INTO track_name (name, id) VALUES ('Shinka', 3285940);
INSERT INTO track_name (name, id) VALUES ('Saigo no Michi', 3164440);
INSERT INTO track_name (name, id) VALUES ('Dendou Hairi', 896806);
INSERT INTO track_name (name, id) VALUES ('Fushigidane', 1363515);
INSERT INTO track_name (name, id) VALUES ('Fushigisou', 1363546);
INSERT INTO track_name (name, id) VALUES ('Fushigibana', 1363514);
INSERT INTO track_name (name, id) VALUES ('Hitokage', 1596063);
INSERT INTO track_name (name, id) VALUES ('Lizardo', 2220434);
INSERT INTO track_name (name, id) VALUES ('Lizardon', 2220436);
INSERT INTO track_name (name, id) VALUES ('Zenigame', 4399706);
INSERT INTO track_name (name, id) VALUES ('Kameil', 1957266);
INSERT INTO track_name (name, id) VALUES ('Kamex', 1957443);
INSERT INTO track_name (name, id) VALUES ('Transel', 3975811);
INSERT INTO track_name (name, id) VALUES ('Beedle', 395607);
INSERT INTO track_name (name, id) VALUES ('Cocoon', 710905);
INSERT INTO track_name (name, id) VALUES ('Spear', 3450575);
INSERT INTO track_name (name, id) VALUES ('Poppo', 2918332);
INSERT INTO track_name (name, id) VALUES ('Pigeon', 2878723);
INSERT INTO track_name (name, id) VALUES ('Pigeot', 2878868);
INSERT INTO track_name (name, id) VALUES ('Koratta', 2025686);
INSERT INTO track_name (name, id) VALUES ('Ratta', 3034298);
INSERT INTO track_name (name, id) VALUES ('Onisuzume', 2731321);
INSERT INTO track_name (name, id) VALUES ('Onidrill', 2731097);
INSERT INTO track_name (name, id) VALUES ('Arbo', 266403);
INSERT INTO track_name (name, id) VALUES ('Sand', 3178612);
INSERT INTO track_name (name, id) VALUES ('Sandpan', 3179303);
INSERT INTO track_name (name, id) VALUES ('Pippy', 2885260);
INSERT INTO track_name (name, id) VALUES ('Pixy', 2888620);
INSERT INTO track_name (name, id) VALUES ('Rokon', 3122278);
INSERT INTO track_name (name, id) VALUES ('Kyukon', 2040623);
INSERT INTO track_name (name, id) VALUES ('Purin', 2982783);
INSERT INTO track_name (name, id) VALUES ('Pukurin', 2975942);
INSERT INTO track_name (name, id) VALUES ('Nazonokusa', 2568278);
INSERT INTO track_name (name, id) VALUES ('Kusaihana', 2037628);
INSERT INTO track_name (name, id) VALUES ('Ruffresia', 3144095);
INSERT INTO track_name (name, id) VALUES ('Kongpang', 2022201);
INSERT INTO track_name (name, id) VALUES ('Morphon', 2483326);
INSERT INTO track_name (name, id) VALUES ('Digda', 953791);
INSERT INTO track_name (name, id) VALUES ('Nyarth', 2673971);
INSERT INTO track (length, recording, name, position, artist_credit, id, tracklist, editpending) VALUES (118493, 6876732, 2745489, 1, 179588, 6877285, 609763, 0);
INSERT INTO track (length, recording, name, position, artist_credit, id, tracklist, editpending) VALUES (78040, 6876733, 2351363, 2, 179588, 6877286, 609763, 0);
INSERT INTO track (length, recording, name, position, artist_credit, id, tracklist, editpending) VALUES (48466, 6876734, 2696038, 3, 179588, 6877287, 609763, 0);
INSERT INTO track (length, recording, name, position, artist_credit, id, tracklist, editpending) VALUES (46200, 6876735, 2696039, 4, 179588, 6877288, 609763, 0);
INSERT INTO track (length, recording, name, position, artist_credit, id, tracklist, editpending) VALUES (43160, 6876736, 3104684, 5, 179588, 6877289, 609763, 0);
INSERT INTO track (length, recording, name, position, artist_credit, id, tracklist, editpending) VALUES (59640, 6876737, 3940737, 6, 179588, 6877290, 609763, 0);
INSERT INTO track (length, recording, name, position, artist_credit, id, tracklist, editpending) VALUES (90333, 6876738, 3644369, 7, 179588, 6877291, 609763, 0);
INSERT INTO track (length, recording, name, position, artist_credit, id, tracklist, editpending) VALUES (37066, 6876739, 3293890, 8, 179588, 6877292, 609763, 0);
INSERT INTO track (length, recording, name, position, artist_credit, id, tracklist, editpending) VALUES (130800, 6876740, 2598314, 9, 179588, 6877293, 609763, 0);
INSERT INTO track (length, recording, name, position, artist_credit, id, tracklist, editpending) VALUES (73826, 6876741, 2908225, 10, 179588, 6877294, 609763, 0);
INSERT INTO track (length, recording, name, position, artist_credit, id, tracklist, editpending) VALUES (7466, 6876742, 2908242, 11, 179588, 6877295, 609763, 0);
INSERT INTO track (length, recording, name, position, artist_credit, id, tracklist, editpending) VALUES (113200, 6876743, 3940740, 12, 179588, 6877296, 609763, 0);
INSERT INTO track (length, recording, name, position, artist_credit, id, tracklist, editpending) VALUES (37973, 6876744, 2414279, 13, 179588, 6877297, 609763, 0);
INSERT INTO track (length, recording, name, position, artist_credit, id, tracklist, editpending) VALUES (25333, 6876745, 3972586, 14, 179588, 6877298, 609763, 0);
INSERT INTO track (length, recording, name, position, artist_credit, id, tracklist, editpending) VALUES (196733, 6876746, 3644368, 15, 179588, 6877299, 609763, 0);
INSERT INTO track (length, recording, name, position, artist_credit, id, tracklist, editpending) VALUES (31426, 6876747, 3293889, 16, 179588, 6877300, 609763, 0);
INSERT INTO track (length, recording, name, position, artist_credit, id, tracklist, editpending) VALUES (99733, 6876748, 2766585, 17, 179588, 6877301, 609763, 0);
INSERT INTO track (length, recording, name, position, artist_credit, id, tracklist, editpending) VALUES (88640, 6876749, 1506845, 18, 179588, 6877302, 609763, 0);
INSERT INTO track (length, recording, name, position, artist_credit, id, tracklist, editpending) VALUES (76866, 6876750, 1506844, 19, 179588, 6877303, 609763, 0);
INSERT INTO track (length, recording, name, position, artist_credit, id, tracklist, editpending) VALUES (75400, 6876751, 2908234, 20, 179588, 6877304, 609763, 0);
INSERT INTO track (length, recording, name, position, artist_credit, id, tracklist, editpending) VALUES (51800, 6876752, 2351198, 21, 179588, 6877305, 609763, 0);
INSERT INTO track (length, recording, name, position, artist_credit, id, tracklist, editpending) VALUES (10560, 6876753, 2982788, 22, 179588, 6877306, 609763, 0);
INSERT INTO track (length, recording, name, position, artist_credit, id, tracklist, editpending) VALUES (62973, 6876754, 2033037, 23, 179588, 6877307, 609763, 0);
INSERT INTO track (length, recording, name, position, artist_credit, id, tracklist, editpending) VALUES (84066, 6876755, 3183936, 24, 179588, 6877308, 609763, 0);
INSERT INTO track (length, recording, name, position, artist_credit, id, tracklist, editpending) VALUES (77026, 6876756, 3286443, 25, 179588, 6877309, 609763, 0);
INSERT INTO track (length, recording, name, position, artist_credit, id, tracklist, editpending) VALUES (14773, 6876757, 2908248, 26, 179588, 6877310, 609763, 0);
INSERT INTO track (length, recording, name, position, artist_credit, id, tracklist, editpending) VALUES (29560, 6876758, 3972587, 27, 179588, 6877311, 609763, 0);
INSERT INTO track (length, recording, name, position, artist_credit, id, tracklist, editpending) VALUES (119973, 6876759, 3644367, 28, 179588, 6877312, 609763, 0);
INSERT INTO track (length, recording, name, position, artist_credit, id, tracklist, editpending) VALUES (56893, 6876760, 3293888, 29, 179588, 6877313, 609763, 0);
INSERT INTO track (length, recording, name, position, artist_credit, id, tracklist, editpending) VALUES (84506, 6876761, 819495, 30, 179588, 6877314, 609763, 0);
INSERT INTO track (length, recording, name, position, artist_credit, id, tracklist, editpending) VALUES (108826, 6876762, 3286452, 31, 179588, 6877315, 609763, 0);
INSERT INTO track (length, recording, name, position, artist_credit, id, tracklist, editpending) VALUES (140666, 6876763, 2908262, 32, 179588, 6877316, 609763, 0);
INSERT INTO track (length, recording, name, position, artist_credit, id, tracklist, editpending) VALUES (77400, 6876764, 3633439, 33, 179588, 6877317, 609763, 0);
INSERT INTO track (length, recording, name, position, artist_credit, id, tracklist, editpending) VALUES (90200, 6876765, 609070, 34, 179588, 6877318, 609763, 0);
INSERT INTO track (length, recording, name, position, artist_credit, id, tracklist, editpending) VALUES (27733, 6876766, 3972585, 35, 179588, 6877319, 609763, 0);
INSERT INTO track (length, recording, name, position, artist_credit, id, tracklist, editpending) VALUES (148840, 6876767, 3112805, 36, 179588, 6877320, 609763, 0);
INSERT INTO track (length, recording, name, position, artist_credit, id, tracklist, editpending) VALUES (81400, 6876768, 3589507, 37, 179588, 6877321, 609763, 0);
INSERT INTO track (length, recording, name, position, artist_credit, id, tracklist, editpending) VALUES (90333, 6876769, 4044477, 38, 179588, 6877322, 609763, 0);
INSERT INTO track (length, recording, name, position, artist_credit, id, tracklist, editpending) VALUES (59226, 6876770, 1490532, 39, 179588, 6877323, 609763, 0);
INSERT INTO track (length, recording, name, position, artist_credit, id, tracklist, editpending) VALUES (83840, 6876771, 2908269, 40, 179588, 6877324, 609763, 0);
INSERT INTO track (length, recording, name, position, artist_credit, id, tracklist, editpending) VALUES (35426, 6876772, 3285940, 41, 179588, 6877325, 609763, 0);
INSERT INTO track (length, recording, name, position, artist_credit, id, tracklist, editpending) VALUES (74333, 6876773, 3164440, 42, 179588, 6877326, 609763, 0);
INSERT INTO track (length, recording, name, position, artist_credit, id, tracklist, editpending) VALUES (150040, 6876774, 2094493, 43, 179588, 6877327, 609763, 0);
INSERT INTO track (length, recording, name, position, artist_credit, id, tracklist, editpending) VALUES (63866, 6876775, 896806, 44, 179588, 6877328, 609763, 0);
INSERT INTO track (length, recording, name, position, artist_credit, id, tracklist, editpending) VALUES (105666, 6876776, 1133750, 45, 179588, 6877329, 609763, 0);
INSERT INTO track (length, recording, name, position, artist_credit, id, tracklist, editpending) VALUES (18826, 6876777, 1363515, 46, 179588, 6877330, 609763, 0);
INSERT INTO track (length, recording, name, position, artist_credit, id, tracklist, editpending) VALUES (18600, 6876778, 1363546, 47, 179588, 6877331, 609763, 0);
INSERT INTO track (length, recording, name, position, artist_credit, id, tracklist, editpending) VALUES (18840, 6876779, 1363514, 48, 179588, 6877332, 609763, 0);
INSERT INTO track (length, recording, name, position, artist_credit, id, tracklist, editpending) VALUES (20426, 6876780, 1596063, 49, 179588, 6877333, 609763, 0);
INSERT INTO track (length, recording, name, position, artist_credit, id, tracklist, editpending) VALUES (19133, 6876781, 2220434, 50, 179588, 6877334, 609763, 0);
INSERT INTO track (length, recording, name, position, artist_credit, id, tracklist, editpending) VALUES (19933, 6876782, 2220436, 51, 179588, 6877335, 609763, 0);
INSERT INTO track (length, recording, name, position, artist_credit, id, tracklist, editpending) VALUES (18506, 6876783, 4399706, 52, 179588, 6877336, 609763, 0);
INSERT INTO track (length, recording, name, position, artist_credit, id, tracklist, editpending) VALUES (19626, 6876784, 1957266, 53, 179588, 6877337, 609763, 0);
INSERT INTO track (length, recording, name, position, artist_credit, id, tracklist, editpending) VALUES (19866, 6876785, 1957443, 54, 179588, 6877338, 609763, 0);
INSERT INTO track (length, recording, name, position, artist_credit, id, tracklist, editpending) VALUES (19173, 6876786, 612943, 55, 179588, 6877339, 609763, 0);
INSERT INTO track (length, recording, name, position, artist_credit, id, tracklist, editpending) VALUES (19866, 6876787, 3975811, 56, 179588, 6877340, 609763, 0);
INSERT INTO track (length, recording, name, position, artist_credit, id, tracklist, editpending) VALUES (19160, 6876788, 551310, 57, 179588, 6877341, 609763, 0);
INSERT INTO track (length, recording, name, position, artist_credit, id, tracklist, editpending) VALUES (19573, 6876789, 395607, 58, 179588, 6877342, 609763, 0);
INSERT INTO track (length, recording, name, position, artist_credit, id, tracklist, editpending) VALUES (18733, 6876790, 710905, 59, 179588, 6877343, 609763, 0);
INSERT INTO track (length, recording, name, position, artist_credit, id, tracklist, editpending) VALUES (19893, 6876791, 3450575, 60, 179588, 6877344, 609763, 0);
INSERT INTO track (length, recording, name, position, artist_credit, id, tracklist, editpending) VALUES (18173, 6876792, 2918332, 61, 179588, 6877345, 609763, 0);
INSERT INTO track (length, recording, name, position, artist_credit, id, tracklist, editpending) VALUES (19160, 6876793, 2878723, 62, 179588, 6877346, 609763, 0);
INSERT INTO track (length, recording, name, position, artist_credit, id, tracklist, editpending) VALUES (18733, 6876794, 2878868, 63, 179588, 6877347, 609763, 0);
INSERT INTO track (length, recording, name, position, artist_credit, id, tracklist, editpending) VALUES (18133, 6876795, 2025686, 64, 179588, 6877348, 609763, 0);
INSERT INTO track (length, recording, name, position, artist_credit, id, tracklist, editpending) VALUES (18200, 6876796, 3034298, 65, 179588, 6877349, 609763, 0);
INSERT INTO track (length, recording, name, position, artist_credit, id, tracklist, editpending) VALUES (19040, 6876797, 2731321, 66, 179588, 6877350, 609763, 0);
INSERT INTO track (length, recording, name, position, artist_credit, id, tracklist, editpending) VALUES (19093, 6876798, 2731097, 67, 179588, 6877351, 609763, 0);
INSERT INTO track (length, recording, name, position, artist_credit, id, tracklist, editpending) VALUES (18706, 6876799, 266403, 68, 179588, 6877352, 609763, 0);
INSERT INTO track (length, recording, name, position, artist_credit, id, tracklist, editpending) VALUES (19760, 6876800, 266411, 69, 179588, 6877353, 609763, 0);
INSERT INTO track (length, recording, name, position, artist_credit, id, tracklist, editpending) VALUES (18906, 6876801, 2879636, 70, 179588, 6877354, 609763, 0);
INSERT INTO track (length, recording, name, position, artist_credit, id, tracklist, editpending) VALUES (19026, 6876802, 3020630, 71, 179588, 6877355, 609763, 0);
INSERT INTO track (length, recording, name, position, artist_credit, id, tracklist, editpending) VALUES (18266, 6876803, 3178612, 72, 179588, 6877356, 609763, 0);
INSERT INTO track (length, recording, name, position, artist_credit, id, tracklist, editpending) VALUES (18400, 6876804, 3179303, 73, 179588, 6877357, 609763, 0);
INSERT INTO track (length, recording, name, position, artist_credit, id, tracklist, editpending) VALUES (19240, 6876805, 2600846, 74, 179588, 6877358, 609763, 0);
INSERT INTO track (length, recording, name, position, artist_credit, id, tracklist, editpending) VALUES (19293, 6876806, 2600848, 75, 179588, 6877359, 609763, 0);
INSERT INTO track (length, recording, name, position, artist_credit, id, tracklist, editpending) VALUES (19173, 6876807, 2600845, 76, 179588, 6877360, 609763, 0);
INSERT INTO track (length, recording, name, position, artist_credit, id, tracklist, editpending) VALUES (19400, 6876808, 2600847, 77, 179588, 6877361, 609763, 0);
INSERT INTO track (length, recording, name, position, artist_credit, id, tracklist, editpending) VALUES (19160, 6876809, 2600849, 78, 179588, 6877362, 609763, 0);
INSERT INTO track (length, recording, name, position, artist_credit, id, tracklist, editpending) VALUES (20306, 6876810, 2600842, 79, 179588, 6877363, 609763, 0);
INSERT INTO track (length, recording, name, position, artist_credit, id, tracklist, editpending) VALUES (18800, 6876811, 2885260, 80, 179588, 6877364, 609763, 0);
INSERT INTO track (length, recording, name, position, artist_credit, id, tracklist, editpending) VALUES (18266, 6876812, 2888620, 81, 179588, 6877365, 609763, 0);
INSERT INTO track (length, recording, name, position, artist_credit, id, tracklist, editpending) VALUES (19666, 6876813, 3122278, 82, 179588, 6877366, 609763, 0);
INSERT INTO track (length, recording, name, position, artist_credit, id, tracklist, editpending) VALUES (19960, 6876814, 2040623, 83, 179588, 6877367, 609763, 0);
INSERT INTO track (length, recording, name, position, artist_credit, id, tracklist, editpending) VALUES (17733, 6876815, 2982783, 84, 179588, 6877368, 609763, 0);
INSERT INTO track (length, recording, name, position, artist_credit, id, tracklist, editpending) VALUES (18440, 6876816, 2975942, 85, 179588, 6877369, 609763, 0);
INSERT INTO track (length, recording, name, position, artist_credit, id, tracklist, editpending) VALUES (18400, 6876817, 4408558, 86, 179588, 6877370, 609763, 0);
INSERT INTO track (length, recording, name, position, artist_credit, id, tracklist, editpending) VALUES (18560, 6876818, 1439814, 87, 179588, 6877371, 609763, 0);
INSERT INTO track (length, recording, name, position, artist_credit, id, tracklist, editpending) VALUES (19333, 6876819, 2568278, 88, 179588, 6877372, 609763, 0);
INSERT INTO track (length, recording, name, position, artist_credit, id, tracklist, editpending) VALUES (18506, 6876820, 2037628, 89, 179588, 6877373, 609763, 0);
INSERT INTO track (length, recording, name, position, artist_credit, id, tracklist, editpending) VALUES (18800, 6876821, 3144095, 90, 179588, 6877374, 609763, 0);
INSERT INTO track (length, recording, name, position, artist_credit, id, tracklist, editpending) VALUES (19293, 6876822, 2805797, 91, 179588, 6877375, 609763, 0);
INSERT INTO track (length, recording, name, position, artist_credit, id, tracklist, editpending) VALUES (20400, 6876823, 2805827, 92, 179588, 6877376, 609763, 0);
INSERT INTO track (length, recording, name, position, artist_credit, id, tracklist, editpending) VALUES (18866, 6876824, 2022201, 93, 179588, 6877377, 609763, 0);
INSERT INTO track (length, recording, name, position, artist_credit, id, tracklist, editpending) VALUES (18733, 6876825, 2483326, 94, 179588, 6877378, 609763, 0);
INSERT INTO track (length, recording, name, position, artist_credit, id, tracklist, editpending) VALUES (18640, 6876826, 953791, 95, 179588, 6877379, 609763, 0);
INSERT INTO track (length, recording, name, position, artist_credit, id, tracklist, editpending) VALUES (18693, 6876827, 1056799, 96, 179588, 6877380, 609763, 0);
INSERT INTO track (length, recording, name, position, artist_credit, id, tracklist, editpending) VALUES (17733, 6876828, 2673971, 97, 179588, 6877381, 609763, 0);
INSERT INTO track (length, recording, name, position, artist_credit, id, tracklist, editpending) VALUES (20866, 6876829, 2848803, 98, 179588, 6877382, 609763, 0);
INSERT INTO medium (format, name, position, release, id, tracklist, editpending) VALUES (1, NULL, 1, 261976, 261976, 609763, 0);
INSERT INTO tracklist (trackcount, id) VALUES (99, 609759);
INSERT INTO track_name (name, id) VALUES ('Koduck', 2016590);
INSERT INTO track_name (name, id) VALUES ('Golduck', 1443070);
INSERT INTO track_name (name, id) VALUES ('Mankey', 2331005);
INSERT INTO track_name (name, id) VALUES ('Okorizaru', 2703822);
INSERT INTO track_name (name, id) VALUES ('Gardie', 1375751);
INSERT INTO track_name (name, id) VALUES ('Windie', 4295805);
INSERT INTO track_name (name, id) VALUES ('Nyoromo', 2674851);
INSERT INTO track_name (name, id) VALUES ('Nyorozo', 2674853);
INSERT INTO track_name (name, id) VALUES ('Nyorobon', 2674850);
INSERT INTO track_name (name, id) VALUES ('Casey', 608434);
INSERT INTO track_name (name, id) VALUES ('Yungerer', 4392383);
INSERT INTO track_name (name, id) VALUES ('Foodin', 1301467);
INSERT INTO track_name (name, id) VALUES ('Wanriky', 4179481);
INSERT INTO track_name (name, id) VALUES ('Goriky', 1455278);
INSERT INTO track_name (name, id) VALUES ('Kairiky', 1954066);
INSERT INTO track_name (name, id) VALUES ('Madatsubomi', 2298291);
INSERT INTO track_name (name, id) VALUES ('Utsudon', 4087087);
INSERT INTO track_name (name, id) VALUES ('Utsubot', 4087086);
INSERT INTO track_name (name, id) VALUES ('Menokurage', 2394248);
INSERT INTO track_name (name, id) VALUES ('Dokukurage', 987870);
INSERT INTO track_name (name, id) VALUES ('Ishitsubute', 1830513);
INSERT INTO track_name (name, id) VALUES ('Golone', 1443603);
INSERT INTO track_name (name, id) VALUES ('Golonya', 1443613);
INSERT INTO track_name (name, id) VALUES ('Ponyta', 2915178);
INSERT INTO track_name (name, id) VALUES ('Gallop', 1370324);
INSERT INTO track_name (name, id) VALUES ('Yadon', 4338404);
INSERT INTO track_name (name, id) VALUES ('Yadoran', 4338426);
INSERT INTO track_name (name, id) VALUES ('Coil', 712921);
INSERT INTO track_name (name, id) VALUES ('Rarecoil', 3032126);
INSERT INTO track_name (name, id) VALUES ('Kamonegi', 1957913);
INSERT INTO track_name (name, id) VALUES ('Dodo', 982556);
INSERT INTO track_name (name, id) VALUES ('Dodorio', 982687);
INSERT INTO track_name (name, id) VALUES ('Pawou', 2829397);
INSERT INTO track_name (name, id) VALUES ('Jugon', 1933499);
INSERT INTO track_name (name, id) VALUES ('Betbeter', 416711);
INSERT INTO track_name (name, id) VALUES ('Betbeton', 416712);
INSERT INTO track_name (name, id) VALUES ('Shellder', 3275894);
INSERT INTO track_name (name, id) VALUES ('Parshen', 2810143);
INSERT INTO track_name (name, id) VALUES ('Ghos', 1403791);
INSERT INTO track_name (name, id) VALUES ('Ghost', 1403797);
INSERT INTO track_name (name, id) VALUES ('Gangar', 1372888);
INSERT INTO track_name (name, id) VALUES ('Iwark', 1869679);
INSERT INTO track_name (name, id) VALUES ('Sleepe', 3348376);
INSERT INTO track_name (name, id) VALUES ('Sleeper', 3348394);
INSERT INTO track_name (name, id) VALUES ('Crab', 788961);
INSERT INTO track_name (name, id) VALUES ('Kingler', 1999786);
INSERT INTO track_name (name, id) VALUES ('Biriridama', 439692);
INSERT INTO track_name (name, id) VALUES ('Marumine', 2349440);
INSERT INTO track_name (name, id) VALUES ('Tamatama', 3633654);
INSERT INTO track_name (name, id) VALUES ('Nassy', 2562185);
INSERT INTO track_name (name, id) VALUES ('Karakara', 1966886);
INSERT INTO track_name (name, id) VALUES ('Garagara', 1374609);
INSERT INTO track_name (name, id) VALUES ('Sawamular', 3194628);
INSERT INTO track_name (name, id) VALUES ('Ebiwalar', 1076077);
INSERT INTO track_name (name, id) VALUES ('Beroringa', 413656);
INSERT INTO track_name (name, id) VALUES ('Dogars', 983796);
INSERT INTO track_name (name, id) VALUES ('Matadogas', 2357431);
INSERT INTO track_name (name, id) VALUES ('Sihorn', 3307597);
INSERT INTO track_name (name, id) VALUES ('Sidon', 3302404);
INSERT INTO track_name (name, id) VALUES ('Lucky', 2280081);
INSERT INTO track_name (name, id) VALUES ('Monjara', 2466560);
INSERT INTO track_name (name, id) VALUES ('Garura', 1376612);
INSERT INTO track_name (name, id) VALUES ('Tattu', 3645078);
INSERT INTO track_name (name, id) VALUES ('Seadra', 3216871);
INSERT INTO track_name (name, id) VALUES ('Tosakinto', 3957017);
INSERT INTO track_name (name, id) VALUES ('Azumao', 335760);
INSERT INTO track_name (name, id) VALUES ('Hitodeman', 1596054);
INSERT INTO track_name (name, id) VALUES ('Starmie', 3478388);
INSERT INTO track_name (name, id) VALUES ('Barrierd', 374649);
INSERT INTO track_name (name, id) VALUES ('Strike', 3517118);
INSERT INTO track_name (name, id) VALUES ('Rougela', 3136855);
INSERT INTO track_name (name, id) VALUES ('Eleboo', 1102806);
INSERT INTO track_name (name, id) VALUES ('Boober', 489468);
INSERT INTO track_name (name, id) VALUES ('Kailios', 1953839);
INSERT INTO track_name (name, id) VALUES ('Kentauros', 1982831);
INSERT INTO track_name (name, id) VALUES ('Koiking', 2017227);
INSERT INTO track_name (name, id) VALUES ('Gyarados', 1492836);
INSERT INTO track_name (name, id) VALUES ('Laplace', 2083466);
INSERT INTO track_name (name, id) VALUES ('Metamon', 2406851);
INSERT INTO track_name (name, id) VALUES ('Eievui', 1087187);
INSERT INTO track_name (name, id) VALUES ('Showers', 3295035);
INSERT INTO track_name (name, id) VALUES ('Thunders', 3909182);
INSERT INTO track_name (name, id) VALUES ('Booster', 493409);
INSERT INTO track_name (name, id) VALUES ('Porygon', 2924465);
INSERT INTO track_name (name, id) VALUES ('Omnite', 2714483);
INSERT INTO track_name (name, id) VALUES ('Omstar', 2714974);
INSERT INTO track_name (name, id) VALUES ('Kabuto', 1951636);
INSERT INTO track_name (name, id) VALUES ('Kabutops', 1951643);
INSERT INTO track_name (name, id) VALUES ('Ptera', 2973462);
INSERT INTO track_name (name, id) VALUES ('Kabigon', 1951414);
INSERT INTO track_name (name, id) VALUES ('Freezer', 1333477);
INSERT INTO track_name (name, id) VALUES ('Thunder', 3908497);
INSERT INTO track_name (name, id) VALUES ('Fire', 1270094);
INSERT INTO track_name (name, id) VALUES ('Miniryu', 2433072);
INSERT INTO track_name (name, id) VALUES ('Hakuryu', 1500073);
INSERT INTO track_name (name, id) VALUES ('Kairyu', 1954090);
INSERT INTO track_name (name, id) VALUES ('Mewtwo', 2410620);
INSERT INTO track_name (name, id) VALUES ('Mew', 2410556);
INSERT INTO track_name (name, id) VALUES ('Junichi Masuda''s Original "Pokemon Techno" / Fanfare / Sound Effects / Battle Skills S.E. / Special Abilities S.E.', 1939522);
INSERT INTO track (length, recording, name, position, artist_credit, id, tracklist, editpending) VALUES (19160, 6876830, 2016590, 1, 179588, 6877141, 609759, 0);
INSERT INTO track (length, recording, name, position, artist_credit, id, tracklist, editpending) VALUES (19973, 6876831, 1443070, 2, 179588, 6877142, 609759, 0);
INSERT INTO track (length, recording, name, position, artist_credit, id, tracklist, editpending) VALUES (18533, 6876832, 2331005, 3, 179588, 6877143, 609759, 0);
INSERT INTO track (length, recording, name, position, artist_credit, id, tracklist, editpending) VALUES (18600, 6876833, 2703822, 4, 179588, 6877144, 609759, 0);
INSERT INTO track (length, recording, name, position, artist_credit, id, tracklist, editpending) VALUES (18493, 6876834, 1375751, 5, 179588, 6877145, 609759, 0);
INSERT INTO track (length, recording, name, position, artist_credit, id, tracklist, editpending) VALUES (19173, 6876835, 4295805, 6, 179588, 6877146, 609759, 0);
INSERT INTO track (length, recording, name, position, artist_credit, id, tracklist, editpending) VALUES (19133, 6876836, 2674851, 7, 179588, 6877147, 609759, 0);
INSERT INTO track (length, recording, name, position, artist_credit, id, tracklist, editpending) VALUES (18866, 6876837, 2674853, 8, 179588, 6877148, 609759, 0);
INSERT INTO track (length, recording, name, position, artist_credit, id, tracklist, editpending) VALUES (19400, 6876838, 2674850, 9, 179588, 6877149, 609759, 0);
INSERT INTO track (length, recording, name, position, artist_credit, id, tracklist, editpending) VALUES (19826, 6876839, 608434, 10, 179588, 6877150, 609759, 0);
INSERT INTO track (length, recording, name, position, artist_credit, id, tracklist, editpending) VALUES (20440, 6876840, 4392383, 11, 179588, 6877151, 609759, 0);
INSERT INTO track (length, recording, name, position, artist_credit, id, tracklist, editpending) VALUES (19026, 6876841, 1301467, 12, 179588, 6877152, 609759, 0);
INSERT INTO track (length, recording, name, position, artist_credit, id, tracklist, editpending) VALUES (18640, 6876842, 4179481, 13, 179588, 6877153, 609759, 0);
INSERT INTO track (length, recording, name, position, artist_credit, id, tracklist, editpending) VALUES (18693, 6876843, 1455278, 14, 179588, 6877154, 609759, 0);
INSERT INTO track (length, recording, name, position, artist_credit, id, tracklist, editpending) VALUES (18733, 6876844, 1954066, 15, 179588, 6877155, 609759, 0);
INSERT INTO track (length, recording, name, position, artist_credit, id, tracklist, editpending) VALUES (18240, 6876845, 2298291, 16, 179588, 6877156, 609759, 0);
INSERT INTO track (length, recording, name, position, artist_credit, id, tracklist, editpending) VALUES (19333, 6876846, 4087087, 17, 179588, 6877157, 609759, 0);
INSERT INTO track (length, recording, name, position, artist_credit, id, tracklist, editpending) VALUES (19493, 6876847, 4087086, 18, 179588, 6877158, 609759, 0);
INSERT INTO track (length, recording, name, position, artist_credit, id, tracklist, editpending) VALUES (18266, 6876848, 2394248, 19, 179588, 6877159, 609759, 0);
INSERT INTO track (length, recording, name, position, artist_credit, id, tracklist, editpending) VALUES (20866, 6876849, 987870, 20, 179588, 6877160, 609759, 0);
INSERT INTO track (length, recording, name, position, artist_credit, id, tracklist, editpending) VALUES (19173, 6876850, 1830513, 21, 179588, 6877161, 609759, 0);
INSERT INTO track (length, recording, name, position, artist_credit, id, tracklist, editpending) VALUES (18760, 6876851, 1443603, 22, 179588, 6877162, 609759, 0);
INSERT INTO track (length, recording, name, position, artist_credit, id, tracklist, editpending) VALUES (19666, 6876852, 1443613, 23, 179588, 6877163, 609759, 0);
INSERT INTO track (length, recording, name, position, artist_credit, id, tracklist, editpending) VALUES (18933, 6876853, 2915178, 24, 179588, 6877164, 609759, 0);
INSERT INTO track (length, recording, name, position, artist_credit, id, tracklist, editpending) VALUES (20173, 6876854, 1370324, 25, 179588, 6877165, 609759, 0);
INSERT INTO track (length, recording, name, position, artist_credit, id, tracklist, editpending) VALUES (18560, 6876855, 4338404, 26, 179588, 6877166, 609759, 0);
INSERT INTO track (length, recording, name, position, artist_credit, id, tracklist, editpending) VALUES (19133, 6876856, 4338426, 27, 179588, 6877167, 609759, 0);
INSERT INTO track (length, recording, name, position, artist_credit, id, tracklist, editpending) VALUES (17866, 6876857, 712921, 28, 179588, 6877168, 609759, 0);
INSERT INTO track (length, recording, name, position, artist_credit, id, tracklist, editpending) VALUES (18600, 6876858, 3032126, 29, 179588, 6877169, 609759, 0);
INSERT INTO track (length, recording, name, position, artist_credit, id, tracklist, editpending) VALUES (17600, 6876859, 1957913, 30, 179588, 6877170, 609759, 0);
INSERT INTO track (length, recording, name, position, artist_credit, id, tracklist, editpending) VALUES (18906, 6876860, 982556, 31, 179588, 6877171, 609759, 0);
INSERT INTO track (length, recording, name, position, artist_credit, id, tracklist, editpending) VALUES (20733, 6876861, 982687, 32, 179588, 6877172, 609759, 0);
INSERT INTO track (length, recording, name, position, artist_credit, id, tracklist, editpending) VALUES (19693, 6876862, 2829397, 33, 179588, 6877173, 609759, 0);
INSERT INTO track (length, recording, name, position, artist_credit, id, tracklist, editpending) VALUES (20173, 6876863, 1933499, 34, 179588, 6877174, 609759, 0);
INSERT INTO track (length, recording, name, position, artist_credit, id, tracklist, editpending) VALUES (19000, 6876864, 416711, 35, 179588, 6877175, 609759, 0);
INSERT INTO track (length, recording, name, position, artist_credit, id, tracklist, editpending) VALUES (18626, 6876865, 416712, 36, 179588, 6877176, 609759, 0);
INSERT INTO track (length, recording, name, position, artist_credit, id, tracklist, editpending) VALUES (18640, 6876866, 3275894, 37, 179588, 6877177, 609759, 0);
INSERT INTO track (length, recording, name, position, artist_credit, id, tracklist, editpending) VALUES (19466, 6876867, 2810143, 38, 179588, 6877178, 609759, 0);
INSERT INTO track (length, recording, name, position, artist_credit, id, tracklist, editpending) VALUES (19400, 6876868, 1403791, 39, 179588, 6877179, 609759, 0);
INSERT INTO track (length, recording, name, position, artist_credit, id, tracklist, editpending) VALUES (19000, 6876869, 1403797, 40, 179588, 6877180, 609759, 0);
INSERT INTO track (length, recording, name, position, artist_credit, id, tracklist, editpending) VALUES (18893, 6876870, 1372888, 41, 179588, 6877181, 609759, 0);
INSERT INTO track (length, recording, name, position, artist_credit, id, tracklist, editpending) VALUES (19333, 6876871, 1869679, 42, 179588, 6877182, 609759, 0);
INSERT INTO track (length, recording, name, position, artist_credit, id, tracklist, editpending) VALUES (20400, 6876872, 3348376, 43, 179588, 6877183, 609759, 0);
INSERT INTO track (length, recording, name, position, artist_credit, id, tracklist, editpending) VALUES (20640, 6876873, 3348394, 44, 179588, 6877184, 609759, 0);
INSERT INTO track (length, recording, name, position, artist_credit, id, tracklist, editpending) VALUES (18933, 6876874, 788961, 45, 179588, 6877185, 609759, 0);
INSERT INTO track (length, recording, name, position, artist_credit, id, tracklist, editpending) VALUES (19200, 6876875, 1999786, 46, 179588, 6877186, 609759, 0);
INSERT INTO track (length, recording, name, position, artist_credit, id, tracklist, editpending) VALUES (19226, 6876876, 439692, 47, 179588, 6877187, 609759, 0);
INSERT INTO track (length, recording, name, position, artist_credit, id, tracklist, editpending) VALUES (20600, 6876877, 2349440, 48, 179588, 6877188, 609759, 0);
INSERT INTO track (length, recording, name, position, artist_credit, id, tracklist, editpending) VALUES (19600, 6876878, 3633654, 49, 179588, 6877189, 609759, 0);
INSERT INTO track (length, recording, name, position, artist_credit, id, tracklist, editpending) VALUES (21640, 6876879, 2562185, 50, 179588, 6877190, 609759, 0);
INSERT INTO track (length, recording, name, position, artist_credit, id, tracklist, editpending) VALUES (19560, 6876880, 1966886, 51, 179588, 6877191, 609759, 0);
INSERT INTO track (length, recording, name, position, artist_credit, id, tracklist, editpending) VALUES (20973, 6876881, 1374609, 52, 179588, 6877192, 609759, 0);
INSERT INTO track (length, recording, name, position, artist_credit, id, tracklist, editpending) VALUES (20826, 6876882, 3194628, 53, 179588, 6877193, 609759, 0);
INSERT INTO track (length, recording, name, position, artist_credit, id, tracklist, editpending) VALUES (19773, 6876883, 1076077, 54, 179588, 6877194, 609759, 0);
INSERT INTO track (length, recording, name, position, artist_credit, id, tracklist, editpending) VALUES (20800, 6876884, 413656, 55, 179588, 6877195, 609759, 0);
INSERT INTO track (length, recording, name, position, artist_credit, id, tracklist, editpending) VALUES (20360, 6876885, 983796, 56, 179588, 6877196, 609759, 0);
INSERT INTO track (length, recording, name, position, artist_credit, id, tracklist, editpending) VALUES (19573, 6876886, 2357431, 57, 179588, 6877197, 609759, 0);
INSERT INTO track (length, recording, name, position, artist_credit, id, tracklist, editpending) VALUES (20200, 6876887, 3307597, 58, 179588, 6877198, 609759, 0);
INSERT INTO track (length, recording, name, position, artist_credit, id, tracklist, editpending) VALUES (20666, 6876888, 3302404, 59, 179588, 6877199, 609759, 0);
INSERT INTO track (length, recording, name, position, artist_credit, id, tracklist, editpending) VALUES (20133, 6876889, 2280081, 60, 179588, 6877200, 609759, 0);
INSERT INTO track (length, recording, name, position, artist_credit, id, tracklist, editpending) VALUES (19533, 6876890, 2466560, 61, 179588, 6877201, 609759, 0);
INSERT INTO track (length, recording, name, position, artist_credit, id, tracklist, editpending) VALUES (19200, 6876891, 1376612, 62, 179588, 6877202, 609759, 0);
INSERT INTO track (length, recording, name, position, artist_credit, id, tracklist, editpending) VALUES (20466, 6876892, 3645078, 63, 179588, 6877203, 609759, 0);
INSERT INTO track (length, recording, name, position, artist_credit, id, tracklist, editpending) VALUES (18666, 6876893, 3216871, 64, 179588, 6877204, 609759, 0);
INSERT INTO track (length, recording, name, position, artist_credit, id, tracklist, editpending) VALUES (20000, 6876894, 3957017, 65, 179588, 6877205, 609759, 0);
INSERT INTO track (length, recording, name, position, artist_credit, id, tracklist, editpending) VALUES (20093, 6876895, 335760, 66, 179588, 6877206, 609759, 0);
INSERT INTO track (length, recording, name, position, artist_credit, id, tracklist, editpending) VALUES (19173, 6876896, 1596054, 67, 179588, 6877207, 609759, 0);
INSERT INTO track (length, recording, name, position, artist_credit, id, tracklist, editpending) VALUES (19160, 6876897, 3478388, 68, 179588, 6877208, 609759, 0);
INSERT INTO track (length, recording, name, position, artist_credit, id, tracklist, editpending) VALUES (20040, 6876898, 374649, 69, 179588, 6877209, 609759, 0);
INSERT INTO track (length, recording, name, position, artist_credit, id, tracklist, editpending) VALUES (20266, 6876899, 3517118, 70, 179588, 6877210, 609759, 0);
INSERT INTO track (length, recording, name, position, artist_credit, id, tracklist, editpending) VALUES (21866, 6876900, 3136855, 71, 179588, 6877211, 609759, 0);
INSERT INTO track (length, recording, name, position, artist_credit, id, tracklist, editpending) VALUES (19133, 6876901, 1102806, 72, 179588, 6877212, 609759, 0);
INSERT INTO track (length, recording, name, position, artist_credit, id, tracklist, editpending) VALUES (21160, 6876902, 489468, 73, 179588, 6877213, 609759, 0);
INSERT INTO track (length, recording, name, position, artist_credit, id, tracklist, editpending) VALUES (19733, 6876903, 1953839, 74, 179588, 6877214, 609759, 0);
INSERT INTO track (length, recording, name, position, artist_credit, id, tracklist, editpending) VALUES (19666, 6876904, 1982831, 75, 179588, 6877215, 609759, 0);
INSERT INTO track (length, recording, name, position, artist_credit, id, tracklist, editpending) VALUES (19773, 6876905, 2017227, 76, 179588, 6877216, 609759, 0);
INSERT INTO track (length, recording, name, position, artist_credit, id, tracklist, editpending) VALUES (20426, 6876906, 1492836, 77, 179588, 6877217, 609759, 0);
INSERT INTO track (length, recording, name, position, artist_credit, id, tracklist, editpending) VALUES (20306, 6876907, 2083466, 78, 179588, 6877218, 609759, 0);
INSERT INTO track (length, recording, name, position, artist_credit, id, tracklist, editpending) VALUES (18026, 6876908, 2406851, 79, 179588, 6877219, 609759, 0);
INSERT INTO track (length, recording, name, position, artist_credit, id, tracklist, editpending) VALUES (18240, 6876909, 1087187, 80, 179588, 6877220, 609759, 0);
INSERT INTO track (length, recording, name, position, artist_credit, id, tracklist, editpending) VALUES (20133, 6876910, 3295035, 81, 179588, 6877221, 609759, 0);
INSERT INTO track (length, recording, name, position, artist_credit, id, tracklist, editpending) VALUES (20933, 6876911, 3909182, 82, 179588, 6877222, 609759, 0);
INSERT INTO track (length, recording, name, position, artist_credit, id, tracklist, editpending) VALUES (20760, 6876912, 493409, 83, 179588, 6877223, 609759, 0);
INSERT INTO track (length, recording, name, position, artist_credit, id, tracklist, editpending) VALUES (19733, 6876913, 2924465, 84, 179588, 6877224, 609759, 0);
INSERT INTO track (length, recording, name, position, artist_credit, id, tracklist, editpending) VALUES (19133, 6876914, 2714483, 85, 179588, 6877225, 609759, 0);
INSERT INTO track (length, recording, name, position, artist_credit, id, tracklist, editpending) VALUES (21066, 6876915, 2714974, 86, 179588, 6877226, 609759, 0);
INSERT INTO track (length, recording, name, position, artist_credit, id, tracklist, editpending) VALUES (19266, 6876916, 1951636, 87, 179588, 6877227, 609759, 0);
INSERT INTO track (length, recording, name, position, artist_credit, id, tracklist, editpending) VALUES (20333, 6876917, 1951643, 88, 179588, 6877228, 609759, 0);
INSERT INTO track (length, recording, name, position, artist_credit, id, tracklist, editpending) VALUES (20000, 6876918, 2973462, 89, 179588, 6877229, 609759, 0);
INSERT INTO track (length, recording, name, position, artist_credit, id, tracklist, editpending) VALUES (20973, 6876919, 1951414, 90, 179588, 6877230, 609759, 0);
INSERT INTO track (length, recording, name, position, artist_credit, id, tracklist, editpending) VALUES (20160, 6876920, 1333477, 91, 179588, 6877231, 609759, 0);
INSERT INTO track (length, recording, name, position, artist_credit, id, tracklist, editpending) VALUES (20306, 6876921, 3908497, 92, 179588, 6877232, 609759, 0);
INSERT INTO track (length, recording, name, position, artist_credit, id, tracklist, editpending) VALUES (19800, 6876922, 1270094, 93, 179588, 6877233, 609759, 0);
INSERT INTO track (length, recording, name, position, artist_credit, id, tracklist, editpending) VALUES (19000, 6876923, 2433072, 94, 179588, 6877234, 609759, 0);
INSERT INTO track (length, recording, name, position, artist_credit, id, tracklist, editpending) VALUES (20760, 6876924, 1500073, 95, 179588, 6877235, 609759, 0);
INSERT INTO track (length, recording, name, position, artist_credit, id, tracklist, editpending) VALUES (20040, 6876925, 1954090, 96, 179588, 6877236, 609759, 0);
INSERT INTO track (length, recording, name, position, artist_credit, id, tracklist, editpending) VALUES (21360, 6876926, 2410620, 97, 179588, 6877237, 609759, 0);
INSERT INTO track (length, recording, name, position, artist_credit, id, tracklist, editpending) VALUES (23800, 6876927, 2410556, 98, 179588, 6877238, 609759, 0);
INSERT INTO track (length, recording, name, position, artist_credit, id, tracklist, editpending) VALUES (457573, 6876928, 1939522, 99, 179588, 6877239, 609759, 0);
INSERT INTO medium (format, name, position, release, id, tracklist, editpending) VALUES (1, NULL, 1, 261972, 261972, 609759, 0);
INSERT INTO tracklist (trackcount, id) VALUES (99, 609778);
INSERT INTO track_name (name, id) VALUES ('Psyduck', 2973150);
INSERT INTO track_name (name, id) VALUES ('Primeape', 2954362);
INSERT INTO track_name (name, id) VALUES ('Growlithe', 1481335);
INSERT INTO track_name (name, id) VALUES ('Arcanine', 266794);
INSERT INTO track_name (name, id) VALUES ('Poliwag', 2910641);
INSERT INTO track_name (name, id) VALUES ('Poliwhirl', 2910642);
INSERT INTO track_name (name, id) VALUES ('Poliwrath', 2910644);
INSERT INTO track_name (name, id) VALUES ('Abra', 87123);
INSERT INTO track_name (name, id) VALUES ('Kadabra', 1951810);
INSERT INTO track_name (name, id) VALUES ('Alakazam', 152717);
INSERT INTO track_name (name, id) VALUES ('Machop', 2296223);
INSERT INTO track_name (name, id) VALUES ('Machoke', 2296170);
INSERT INTO track_name (name, id) VALUES ('Machamp', 2294877);
INSERT INTO track_name (name, id) VALUES ('Bellsprout', 406677);
INSERT INTO track_name (name, id) VALUES ('Weepinbell', 4206599);
INSERT INTO track_name (name, id) VALUES ('Victreebell', 4124356);
INSERT INTO track_name (name, id) VALUES ('Tentacool', 3667975);
INSERT INTO track_name (name, id) VALUES ('Tentacruel', 3667976);
INSERT INTO track_name (name, id) VALUES ('Geodude', 1388892);
INSERT INTO track_name (name, id) VALUES ('Graveler', 1469037);
INSERT INTO track_name (name, id) VALUES ('Golem', 1443173);
INSERT INTO track_name (name, id) VALUES ('Rapidash', 3030355);
INSERT INTO track_name (name, id) VALUES ('Slowpoke', 3356364);
INSERT INTO track_name (name, id) VALUES ('Slowbro', 3354783);
INSERT INTO track_name (name, id) VALUES ('Magnemite', 2305818);
INSERT INTO track_name (name, id) VALUES ('Magneton', 2306113);
INSERT INTO track_name (name, id) VALUES ('Farfetch''d', 1232238);
INSERT INTO track_name (name, id) VALUES ('Doduo', 982794);
INSERT INTO track_name (name, id) VALUES ('Dodrio', 982732);
INSERT INTO track_name (name, id) VALUES ('Seel', 3227838);
INSERT INTO track_name (name, id) VALUES ('Dewgong', 930644);
INSERT INTO track_name (name, id) VALUES ('Grimer', 1476726);
INSERT INTO track_name (name, id) VALUES ('Muk', 2508149);
INSERT INTO track_name (name, id) VALUES ('Cloyster', 706190);
INSERT INTO track_name (name, id) VALUES ('Gastly', 1377505);
INSERT INTO track_name (name, id) VALUES ('Haunter', 1529098);
INSERT INTO track_name (name, id) VALUES ('Gengar', 1386994);
INSERT INTO track_name (name, id) VALUES ('Onix', 2731353);
INSERT INTO track_name (name, id) VALUES ('Drowzee', 1046293);
INSERT INTO track_name (name, id) VALUES ('Hypno', 1655935);
INSERT INTO track_name (name, id) VALUES ('Krabby', 2028557);
INSERT INTO track_name (name, id) VALUES ('Voltorb', 4152146);
INSERT INTO track_name (name, id) VALUES ('Electrode', 1105135);
INSERT INTO track_name (name, id) VALUES ('Exeggcute', 1201097);
INSERT INTO track_name (name, id) VALUES ('Exeggutor', 1201098);
INSERT INTO track_name (name, id) VALUES ('Cubone', 811147);
INSERT INTO track_name (name, id) VALUES ('Marowak', 2346767);
INSERT INTO track_name (name, id) VALUES ('Hitmonlee', 1595991);
INSERT INTO track_name (name, id) VALUES ('Hitmonchan', 1595990);
INSERT INTO track_name (name, id) VALUES ('Lickitung', 2179342);
INSERT INTO track_name (name, id) VALUES ('Koffing', 2016772);
INSERT INTO track_name (name, id) VALUES ('Weezing', 4207049);
INSERT INTO track_name (name, id) VALUES ('Rhyhorn', 3087070);
INSERT INTO track_name (name, id) VALUES ('Rhydon', 3087064);
INSERT INTO track_name (name, id) VALUES ('Chansey', 636577);
INSERT INTO track_name (name, id) VALUES ('Tangela', 3635659);
INSERT INTO track_name (name, id) VALUES ('Kangaskhan', 1958997);
INSERT INTO track_name (name, id) VALUES ('Horsea', 1623033);
INSERT INTO track_name (name, id) VALUES ('Goldeen', 1441171);
INSERT INTO track_name (name, id) VALUES ('Seaking', 3217180);
INSERT INTO track_name (name, id) VALUES ('Staryu', 3482149);
INSERT INTO track_name (name, id) VALUES ('Mr. Mime', 2501092);
INSERT INTO track_name (name, id) VALUES ('Scyther', 3216264);
INSERT INTO track_name (name, id) VALUES ('Jynx', 1950597);
INSERT INTO track_name (name, id) VALUES ('Electabuzz', 1102853);
INSERT INTO track_name (name, id) VALUES ('Magmar', 2305743);
INSERT INTO track_name (name, id) VALUES ('Pinsir', 2883957);
INSERT INTO track_name (name, id) VALUES ('Tauros', 3645461);
INSERT INTO track_name (name, id) VALUES ('Magikarp', 2305560);
INSERT INTO track_name (name, id) VALUES ('Lapras', 2084460);
INSERT INTO track_name (name, id) VALUES ('Ditto', 973389);
INSERT INTO track_name (name, id) VALUES ('Eevee', 1083584);
INSERT INTO track_name (name, id) VALUES ('Vaporeon', 4099359);
INSERT INTO track_name (name, id) VALUES ('Jolteon', 1924285);
INSERT INTO track_name (name, id) VALUES ('Flareon', 1282138);
INSERT INTO track_name (name, id) VALUES ('Omanyte', 2712200);
INSERT INTO track_name (name, id) VALUES ('Omastar', 2712422);
INSERT INTO track_name (name, id) VALUES ('Aerodactyl', 119379);
INSERT INTO track_name (name, id) VALUES ('Snorlax', 3367598);
INSERT INTO track_name (name, id) VALUES ('Articuno', 280869);
INSERT INTO track_name (name, id) VALUES ('Zapdos', 4395805);
INSERT INTO track_name (name, id) VALUES ('Moltres', 2460868);
INSERT INTO track_name (name, id) VALUES ('Dratini', 1030330);
INSERT INTO track_name (name, id) VALUES ('Dragonair', 1028141);
INSERT INTO track_name (name, id) VALUES ('Dragonite', 1028457);
INSERT INTO track (length, recording, name, position, artist_credit, id, tracklist, editpending) VALUES (19160, 6876830, 2973150, 1, 179588, 6877594, 609778, 0);
INSERT INTO track (length, recording, name, position, artist_credit, id, tracklist, editpending) VALUES (19973, 6876831, 1443070, 2, 179588, 6877595, 609778, 0);
INSERT INTO track (length, recording, name, position, artist_credit, id, tracklist, editpending) VALUES (18533, 6876832, 2331005, 3, 179588, 6877596, 609778, 0);
INSERT INTO track (length, recording, name, position, artist_credit, id, tracklist, editpending) VALUES (18600, 6876833, 2954362, 4, 179588, 6877597, 609778, 0);
INSERT INTO track (length, recording, name, position, artist_credit, id, tracklist, editpending) VALUES (18493, 6876834, 1481335, 5, 179588, 6877598, 609778, 0);
INSERT INTO track (length, recording, name, position, artist_credit, id, tracklist, editpending) VALUES (19173, 6876835, 266794, 6, 179588, 6877599, 609778, 0);
INSERT INTO track (length, recording, name, position, artist_credit, id, tracklist, editpending) VALUES (19133, 6876836, 2910641, 7, 179588, 6877600, 609778, 0);
INSERT INTO track (length, recording, name, position, artist_credit, id, tracklist, editpending) VALUES (18866, 6876837, 2910642, 8, 179588, 6877601, 609778, 0);
INSERT INTO track (length, recording, name, position, artist_credit, id, tracklist, editpending) VALUES (19400, 6876838, 2910644, 9, 179588, 6877602, 609778, 0);
INSERT INTO track (length, recording, name, position, artist_credit, id, tracklist, editpending) VALUES (19826, 6876839, 87123, 10, 179588, 6877603, 609778, 0);
INSERT INTO track (length, recording, name, position, artist_credit, id, tracklist, editpending) VALUES (20440, 6876840, 1951810, 11, 179588, 6877604, 609778, 0);
INSERT INTO track (length, recording, name, position, artist_credit, id, tracklist, editpending) VALUES (19026, 6876841, 152717, 12, 179588, 6877605, 609778, 0);
INSERT INTO track (length, recording, name, position, artist_credit, id, tracklist, editpending) VALUES (18640, 6876842, 2296223, 13, 179588, 6877606, 609778, 0);
INSERT INTO track (length, recording, name, position, artist_credit, id, tracklist, editpending) VALUES (18693, 6876843, 2296170, 14, 179588, 6877607, 609778, 0);
INSERT INTO track (length, recording, name, position, artist_credit, id, tracklist, editpending) VALUES (18733, 6876844, 2294877, 15, 179588, 6877608, 609778, 0);
INSERT INTO track (length, recording, name, position, artist_credit, id, tracklist, editpending) VALUES (18240, 6876845, 406677, 16, 179588, 6877609, 609778, 0);
INSERT INTO track (length, recording, name, position, artist_credit, id, tracklist, editpending) VALUES (19333, 6876846, 4206599, 17, 179588, 6877610, 609778, 0);
INSERT INTO track (length, recording, name, position, artist_credit, id, tracklist, editpending) VALUES (19493, 6876847, 4124356, 18, 179588, 6877611, 609778, 0);
INSERT INTO track (length, recording, name, position, artist_credit, id, tracklist, editpending) VALUES (18266, 6876848, 3667975, 19, 179588, 6877612, 609778, 0);
INSERT INTO track (length, recording, name, position, artist_credit, id, tracklist, editpending) VALUES (20866, 6876849, 3667976, 20, 179588, 6877613, 609778, 0);
INSERT INTO track (length, recording, name, position, artist_credit, id, tracklist, editpending) VALUES (19173, 6876850, 1388892, 21, 179588, 6877614, 609778, 0);
INSERT INTO track (length, recording, name, position, artist_credit, id, tracklist, editpending) VALUES (18760, 6876851, 1469037, 22, 179588, 6877615, 609778, 0);
INSERT INTO track (length, recording, name, position, artist_credit, id, tracklist, editpending) VALUES (19666, 6876852, 1443173, 23, 179588, 6877616, 609778, 0);
INSERT INTO track (length, recording, name, position, artist_credit, id, tracklist, editpending) VALUES (18933, 6876853, 2915178, 24, 179588, 6877617, 609778, 0);
INSERT INTO track (length, recording, name, position, artist_credit, id, tracklist, editpending) VALUES (20173, 6876854, 3030355, 25, 179588, 6877618, 609778, 0);
INSERT INTO track (length, recording, name, position, artist_credit, id, tracklist, editpending) VALUES (18560, 6876855, 3356364, 26, 179588, 6877619, 609778, 0);
INSERT INTO track (length, recording, name, position, artist_credit, id, tracklist, editpending) VALUES (19133, 6876856, 3354783, 27, 179588, 6877620, 609778, 0);
INSERT INTO track (length, recording, name, position, artist_credit, id, tracklist, editpending) VALUES (17866, 6876857, 2305818, 28, 179588, 6877621, 609778, 0);
INSERT INTO track (length, recording, name, position, artist_credit, id, tracklist, editpending) VALUES (18600, 6876858, 2306113, 29, 179588, 6877622, 609778, 0);
INSERT INTO track (length, recording, name, position, artist_credit, id, tracklist, editpending) VALUES (17600, 6876859, 1232238, 30, 179588, 6877623, 609778, 0);
INSERT INTO track (length, recording, name, position, artist_credit, id, tracklist, editpending) VALUES (18906, 6876860, 982794, 31, 179588, 6877624, 609778, 0);
INSERT INTO track (length, recording, name, position, artist_credit, id, tracklist, editpending) VALUES (20733, 6876861, 982732, 32, 179588, 6877625, 609778, 0);
INSERT INTO track (length, recording, name, position, artist_credit, id, tracklist, editpending) VALUES (19693, 6876862, 3227838, 33, 179588, 6877626, 609778, 0);
INSERT INTO track (length, recording, name, position, artist_credit, id, tracklist, editpending) VALUES (20173, 6876863, 930644, 34, 179588, 6877627, 609778, 0);
INSERT INTO track (length, recording, name, position, artist_credit, id, tracklist, editpending) VALUES (19000, 6876864, 1476726, 35, 179588, 6877628, 609778, 0);
INSERT INTO track (length, recording, name, position, artist_credit, id, tracklist, editpending) VALUES (18626, 6876865, 2508149, 36, 179588, 6877629, 609778, 0);
INSERT INTO track (length, recording, name, position, artist_credit, id, tracklist, editpending) VALUES (18640, 6876866, 3275894, 37, 179588, 6877630, 609778, 0);
INSERT INTO track (length, recording, name, position, artist_credit, id, tracklist, editpending) VALUES (19466, 6876867, 706190, 38, 179588, 6877631, 609778, 0);
INSERT INTO track (length, recording, name, position, artist_credit, id, tracklist, editpending) VALUES (19400, 6876868, 1377505, 39, 179588, 6877632, 609778, 0);
INSERT INTO track (length, recording, name, position, artist_credit, id, tracklist, editpending) VALUES (19000, 6876869, 1529098, 40, 179588, 6877633, 609778, 0);
INSERT INTO track (length, recording, name, position, artist_credit, id, tracklist, editpending) VALUES (18893, 6876870, 1386994, 41, 179588, 6877634, 609778, 0);
INSERT INTO track (length, recording, name, position, artist_credit, id, tracklist, editpending) VALUES (19333, 6876871, 2731353, 42, 179588, 6877635, 609778, 0);
INSERT INTO track (length, recording, name, position, artist_credit, id, tracklist, editpending) VALUES (20400, 6876872, 1046293, 43, 179588, 6877636, 609778, 0);
INSERT INTO track (length, recording, name, position, artist_credit, id, tracklist, editpending) VALUES (20640, 6876873, 1655935, 44, 179588, 6877637, 609778, 0);
INSERT INTO track (length, recording, name, position, artist_credit, id, tracklist, editpending) VALUES (18933, 6876874, 2028557, 45, 179588, 6877638, 609778, 0);
INSERT INTO track (length, recording, name, position, artist_credit, id, tracklist, editpending) VALUES (19200, 6876875, 1999786, 46, 179588, 6877639, 609778, 0);
INSERT INTO track (length, recording, name, position, artist_credit, id, tracklist, editpending) VALUES (19226, 6876876, 4152146, 47, 179588, 6877640, 609778, 0);
INSERT INTO track (length, recording, name, position, artist_credit, id, tracklist, editpending) VALUES (20600, 6876877, 1105135, 48, 179588, 6877641, 609778, 0);
INSERT INTO track (length, recording, name, position, artist_credit, id, tracklist, editpending) VALUES (19600, 6876878, 1201097, 49, 179588, 6877642, 609778, 0);
INSERT INTO track (length, recording, name, position, artist_credit, id, tracklist, editpending) VALUES (21640, 6876879, 1201098, 50, 179588, 6877643, 609778, 0);
INSERT INTO track (length, recording, name, position, artist_credit, id, tracklist, editpending) VALUES (19560, 6876880, 811147, 51, 179588, 6877644, 609778, 0);
INSERT INTO track (length, recording, name, position, artist_credit, id, tracklist, editpending) VALUES (20973, 6876881, 2346767, 52, 179588, 6877645, 609778, 0);
INSERT INTO track (length, recording, name, position, artist_credit, id, tracklist, editpending) VALUES (20826, 6876882, 1595991, 53, 179588, 6877646, 609778, 0);
INSERT INTO track (length, recording, name, position, artist_credit, id, tracklist, editpending) VALUES (19773, 6876883, 1595990, 54, 179588, 6877647, 609778, 0);
INSERT INTO track (length, recording, name, position, artist_credit, id, tracklist, editpending) VALUES (20800, 6876884, 2179342, 55, 179588, 6877648, 609778, 0);
INSERT INTO track (length, recording, name, position, artist_credit, id, tracklist, editpending) VALUES (20360, 6876885, 2016772, 56, 179588, 6877649, 609778, 0);
INSERT INTO track (length, recording, name, position, artist_credit, id, tracklist, editpending) VALUES (19573, 6876886, 4207049, 57, 179588, 6877650, 609778, 0);
INSERT INTO track (length, recording, name, position, artist_credit, id, tracklist, editpending) VALUES (20200, 6876887, 3087070, 58, 179588, 6877651, 609778, 0);
INSERT INTO track (length, recording, name, position, artist_credit, id, tracklist, editpending) VALUES (20666, 6876888, 3087064, 59, 179588, 6877652, 609778, 0);
INSERT INTO track (length, recording, name, position, artist_credit, id, tracklist, editpending) VALUES (20133, 6876889, 636577, 60, 179588, 6877653, 609778, 0);
INSERT INTO track (length, recording, name, position, artist_credit, id, tracklist, editpending) VALUES (19533, 6876890, 3635659, 61, 179588, 6877654, 609778, 0);
INSERT INTO track (length, recording, name, position, artist_credit, id, tracklist, editpending) VALUES (19200, 6876891, 1958997, 62, 179588, 6877655, 609778, 0);
INSERT INTO track (length, recording, name, position, artist_credit, id, tracklist, editpending) VALUES (20466, 6876892, 1623033, 63, 179588, 6877656, 609778, 0);
INSERT INTO track (length, recording, name, position, artist_credit, id, tracklist, editpending) VALUES (18666, 6876893, 3216871, 64, 179588, 6877657, 609778, 0);
INSERT INTO track (length, recording, name, position, artist_credit, id, tracklist, editpending) VALUES (20000, 6876894, 1441171, 65, 179588, 6877658, 609778, 0);
INSERT INTO track (length, recording, name, position, artist_credit, id, tracklist, editpending) VALUES (20093, 6876895, 3217180, 66, 179588, 6877659, 609778, 0);
INSERT INTO track (length, recording, name, position, artist_credit, id, tracklist, editpending) VALUES (19173, 6876896, 3482149, 67, 179588, 6877660, 609778, 0);
INSERT INTO track (length, recording, name, position, artist_credit, id, tracklist, editpending) VALUES (19160, 6876897, 3478388, 68, 179588, 6877661, 609778, 0);
INSERT INTO track (length, recording, name, position, artist_credit, id, tracklist, editpending) VALUES (20040, 6876898, 2501092, 69, 179588, 6877662, 609778, 0);
INSERT INTO track (length, recording, name, position, artist_credit, id, tracklist, editpending) VALUES (20266, 6876899, 3216264, 70, 179588, 6877663, 609778, 0);
INSERT INTO track (length, recording, name, position, artist_credit, id, tracklist, editpending) VALUES (21866, 6876900, 1950597, 71, 179588, 6877664, 609778, 0);
INSERT INTO track (length, recording, name, position, artist_credit, id, tracklist, editpending) VALUES (19133, 6876901, 1102853, 72, 179588, 6877665, 609778, 0);
INSERT INTO track (length, recording, name, position, artist_credit, id, tracklist, editpending) VALUES (21160, 6876902, 2305743, 73, 179588, 6877666, 609778, 0);
INSERT INTO track (length, recording, name, position, artist_credit, id, tracklist, editpending) VALUES (19733, 6876903, 2883957, 74, 179588, 6877667, 609778, 0);
INSERT INTO track (length, recording, name, position, artist_credit, id, tracklist, editpending) VALUES (19666, 6876904, 3645461, 75, 179588, 6877668, 609778, 0);
INSERT INTO track (length, recording, name, position, artist_credit, id, tracklist, editpending) VALUES (19773, 6876905, 2305560, 76, 179588, 6877669, 609778, 0);
INSERT INTO track (length, recording, name, position, artist_credit, id, tracklist, editpending) VALUES (20426, 6876906, 1492836, 77, 179588, 6877670, 609778, 0);
INSERT INTO track (length, recording, name, position, artist_credit, id, tracklist, editpending) VALUES (20306, 6876907, 2084460, 78, 179588, 6877671, 609778, 0);
INSERT INTO track (length, recording, name, position, artist_credit, id, tracklist, editpending) VALUES (18026, 6876908, 973389, 79, 179588, 6877672, 609778, 0);
INSERT INTO track (length, recording, name, position, artist_credit, id, tracklist, editpending) VALUES (18240, 6876909, 1083584, 80, 179588, 6877673, 609778, 0);
INSERT INTO track (length, recording, name, position, artist_credit, id, tracklist, editpending) VALUES (20133, 6876910, 4099359, 81, 179588, 6877674, 609778, 0);
INSERT INTO track (length, recording, name, position, artist_credit, id, tracklist, editpending) VALUES (20933, 6876911, 1924285, 82, 179588, 6877675, 609778, 0);
INSERT INTO track (length, recording, name, position, artist_credit, id, tracklist, editpending) VALUES (20760, 6876912, 1282138, 83, 179588, 6877676, 609778, 0);
INSERT INTO track (length, recording, name, position, artist_credit, id, tracklist, editpending) VALUES (19733, 6876913, 2924465, 84, 179588, 6877677, 609778, 0);
INSERT INTO track (length, recording, name, position, artist_credit, id, tracklist, editpending) VALUES (19133, 6876914, 2712200, 85, 179588, 6877678, 609778, 0);
INSERT INTO track (length, recording, name, position, artist_credit, id, tracklist, editpending) VALUES (21066, 6876915, 2712422, 86, 179588, 6877679, 609778, 0);
INSERT INTO track (length, recording, name, position, artist_credit, id, tracklist, editpending) VALUES (19266, 6876916, 1951636, 87, 179588, 6877680, 609778, 0);
INSERT INTO track (length, recording, name, position, artist_credit, id, tracklist, editpending) VALUES (20333, 6876917, 1951643, 88, 179588, 6877681, 609778, 0);
INSERT INTO track (length, recording, name, position, artist_credit, id, tracklist, editpending) VALUES (20000, 6876918, 119379, 89, 179588, 6877682, 609778, 0);
INSERT INTO track (length, recording, name, position, artist_credit, id, tracklist, editpending) VALUES (20973, 6876919, 3367598, 90, 179588, 6877683, 609778, 0);
INSERT INTO track (length, recording, name, position, artist_credit, id, tracklist, editpending) VALUES (20160, 6876920, 280869, 91, 179588, 6877684, 609778, 0);
INSERT INTO track (length, recording, name, position, artist_credit, id, tracklist, editpending) VALUES (20306, 6876921, 4395805, 92, 179588, 6877685, 609778, 0);
INSERT INTO track (length, recording, name, position, artist_credit, id, tracklist, editpending) VALUES (19800, 6876922, 2460868, 93, 179588, 6877686, 609778, 0);
INSERT INTO track (length, recording, name, position, artist_credit, id, tracklist, editpending) VALUES (19000, 6876923, 1030330, 94, 179588, 6877687, 609778, 0);
INSERT INTO track (length, recording, name, position, artist_credit, id, tracklist, editpending) VALUES (20760, 6876924, 1028141, 95, 179588, 6877688, 609778, 0);
INSERT INTO track (length, recording, name, position, artist_credit, id, tracklist, editpending) VALUES (20040, 6876925, 1028457, 96, 179588, 6877689, 609778, 0);
INSERT INTO track (length, recording, name, position, artist_credit, id, tracklist, editpending) VALUES (21360, 6876926, 2410620, 97, 179588, 6877690, 609778, 0);
INSERT INTO track (length, recording, name, position, artist_credit, id, tracklist, editpending) VALUES (23800, 6876927, 2410556, 98, 179588, 6877691, 609778, 0);
INSERT INTO track (length, recording, name, position, artist_credit, id, tracklist, editpending) VALUES (457573, 6876928, 1939522, 99, 179588, 6877692, 609778, 0);
INSERT INTO medium (format, name, position, release, id, tracklist, editpending) VALUES (1, NULL, 1, 261981, 261981, 609778, 0);
INSERT INTO release_group_type (name, id) VALUES ('Album', 2);
INSERT INTO release_name (name, id) VALUES ('Louden Up Now', 348368);
INSERT INTO artist_name (name, id) VALUES ('!!!', 12);
INSERT INTO artist_credit (artistcount, refcount, name, id) VALUES (1, 232, 12, 109013);
INSERT INTO artist_type (name, id) VALUES ('Group', 2);
INSERT INTO artist (country, sortname, name, enddate_day, begindate_day, comment, begindate_year, begindate_month, enddate_year, type, id, editpending, gender, enddate_month, gid) VALUES (NULL, 12, 12, NULL, NULL, NULL, 1996, NULL, NULL, 2, 109013, 0, NULL, NULL, 'f26c72d3-e52c-467b-b651-679c73d8e1a7');
INSERT INTO artist_name (name, id) VALUES ('chick chick chick', 132917);
INSERT INTO artist_name (name, id) VALUES ('Chik Chik Chik', 133360);
INSERT INTO artist_name (name, id) VALUES ('ChkChk', 134319);
INSERT INTO artist_name (name, id) VALUES ('chk chk chk', 134320);
INSERT INTO artist_name (name, id) VALUES ('chk-chk-chk', 134321);
INSERT INTO artist_name (name, id) VALUES ('Chkchkchk', 134322);
INSERT INTO artist_name (name, id) VALUES ('Chkchkchk (!!!)', 134323);
INSERT INTO artist_name (name, id) VALUES ('exclamation exclamation exclamation', 240134);
INSERT INTO artist_name (name, id) VALUES ('pow pow pow', 596258);
INSERT INTO artist_alias (artist, name, locale, id, editpending) VALUES (109013, 132917, NULL, 25765, 0);
INSERT INTO artist_alias (artist, name, locale, id, editpending) VALUES (109013, 133360, NULL, 25766, 0);
INSERT INTO artist_alias (artist, name, locale, id, editpending) VALUES (109013, 134319, NULL, 25767, 0);
INSERT INTO artist_alias (artist, name, locale, id, editpending) VALUES (109013, 134320, NULL, 25768, 0);
INSERT INTO artist_alias (artist, name, locale, id, editpending) VALUES (109013, 134321, NULL, 25769, 0);
INSERT INTO artist_alias (artist, name, locale, id, editpending) VALUES (109013, 134322, NULL, 25770, 0);
INSERT INTO artist_alias (artist, name, locale, id, editpending) VALUES (109013, 134323, NULL, 25771, 0);
INSERT INTO artist_alias (artist, name, locale, id, editpending) VALUES (109013, 240134, NULL, 25772, 0);
INSERT INTO artist_alias (artist, name, locale, id, editpending) VALUES (109013, 596258, NULL, 25773, 0);
INSERT INTO artist_credit_name (artist, name, position, artist_credit, joinphrase) VALUES (109013, 12, 0, 109013, NULL);
INSERT INTO release_group (comment, name, type, artist_credit, id, editpending, gid) VALUES (NULL, 348368, 2, 109013, 244610, 0, '79e3ac21-8359-3761-ba35-251a1bd04d68');
INSERT INTO country (isocode, name, id) VALUES ('GB', 'United Kingdom', 221);
INSERT INTO country (isocode, name, id) VALUES ('US', 'United States', 222);
INSERT INTO release (date_day, status, release_group, packaging, id, quality, country, script, language, name, artist_credit, barcode, comment, date_year, date_month, gid, editpending) VALUES (7, 1, 244610, NULL, 10171, -1, 221, 28, 120, 348368, 109013, NULL, NULL, 2004, 6, '2f66811e-f41e-4ab1-aa72-13d41a16d045', 0);
INSERT INTO release (date_day, status, release_group, packaging, id, quality, country, script, language, name, artist_credit, barcode, comment, date_year, date_month, gid, editpending) VALUES (8, 1, 244610, NULL, 10172, -1, 222, 28, 120, 348368, 109013, '036172093427', NULL, 2004, 6, '401cf3c4-aa5f-3bff-b313-20afab5f6857', 0);
INSERT INTO release (date_day, status, release_group, packaging, id, quality, country, script, language, name, artist_credit, barcode, comment, date_year, date_month, gid, editpending) VALUES (7, 1, 244610, NULL, 258191, -1, 221, 28, 120, 348368, 109013, NULL, NULL, 2004, 6, '62ae6974-74b4-3f5a-a01e-2e56f2e92421', 0);
INSERT INTO tracklist (trackcount, id) VALUES (10, 231448);
INSERT INTO track_name (name, id) VALUES ('When the Going Gets Tough, the Tough Get Karazzee', 4254302);
INSERT INTO recording (length, comment, name, artist_credit, id, editpending, gid) VALUES (376866, NULL, 4254302, 109013, 2475598, 0, 'a5af8d54-32ac-4aad-a392-982edcdf4e21');
INSERT INTO track_name (name, id) VALUES ('Pardon My Freedom', 2806827);
INSERT INTO recording (length, comment, name, artist_credit, id, editpending, gid) VALUES (351093, NULL, 2806827, 109013, 2475599, 0, 'd944ecdc-7cab-46e8-b05b-9e00e15f965b');
INSERT INTO track_name (name, id) VALUES ('Dear Can', 870410);
INSERT INTO recording (length, comment, name, artist_credit, id, editpending, gid) VALUES (277133, NULL, 870410, 109013, 2475600, 0, '38e115f9-d20c-4dfd-b50b-f651632a6512');
INSERT INTO track_name (name, id) VALUES ('King''s Weed', 2002096);
INSERT INTO recording (length, comment, name, artist_credit, id, editpending, gid) VALUES (78706, NULL, 2002096, 109013, 2475601, 0, 'ccc611e9-e3c5-4d1f-b7ac-06a97b4db675');
INSERT INTO track_name (name, id) VALUES ('Hello? Is This Thing On?', 1554936);
INSERT INTO recording (length, comment, name, artist_credit, id, editpending, gid) VALUES (453426, NULL, 1554936, 109013, 2475602, 0, 'b7ea1600-2945-4507-a8dc-cac50f2a3d57');
INSERT INTO track_name (name, id) VALUES ('Shit Scheisse Merde, Part 1', 3287782);
INSERT INTO recording (length, comment, name, artist_credit, id, editpending, gid) VALUES (306040, NULL, 3287782, 109013, 2475603, 0, '8a7d0f32-2930-418b-8d3b-30a11380dc68');
INSERT INTO track_name (name, id) VALUES ('Shit Scheisse Merde, Part 2', 3287784);
INSERT INTO recording (length, comment, name, artist_credit, id, editpending, gid) VALUES (369666, NULL, 3287784, 109013, 2475604, 0, 'df45dab2-c52a-4cce-81b3-52aa319946af');
INSERT INTO track_name (name, id) VALUES ('Me and Giuliani Down by the School Yard (A True Story)', 2369403);
INSERT INTO recording (length, comment, name, artist_credit, id, editpending, gid) VALUES (542893, NULL, 2369403, 109013, 2475605, 0, '35254d86-41b7-4c2b-b5ca-22a74546e7c4');
INSERT INTO track_name (name, id) VALUES ('Theme From Space Island', 3788560);
INSERT INTO recording (length, comment, name, artist_credit, id, editpending, gid) VALUES (150666, NULL, 3788560, 109013, 2475606, 0, '08b9d061-6e8f-4b75-af76-7ade60c62c6b');
INSERT INTO track_name (name, id) VALUES ('Shit Scheisse Merde, Part 1 (special !!! instrumental mix)', 3287783);
INSERT INTO recording (length, comment, name, artist_credit, id, editpending, gid) VALUES (280507, NULL, 3287783, 109013, 2475607, 0, 'd84b82d1-56d8-4c23-b424-031873b3a5b1');
INSERT INTO track (length, recording, name, position, artist_credit, id, tracklist, editpending) VALUES (376866, 2475598, 4254302, 1, 109013, 2475598, 231448, 0);
INSERT INTO track (length, recording, name, position, artist_credit, id, tracklist, editpending) VALUES (351093, 2475599, 2806827, 2, 109013, 2475599, 231448, 0);
INSERT INTO track (length, recording, name, position, artist_credit, id, tracklist, editpending) VALUES (277133, 2475600, 870410, 3, 109013, 2475600, 231448, 0);
INSERT INTO track (length, recording, name, position, artist_credit, id, tracklist, editpending) VALUES (78706, 2475601, 2002096, 4, 109013, 2475601, 231448, 0);
INSERT INTO track (length, recording, name, position, artist_credit, id, tracklist, editpending) VALUES (453426, 2475602, 1554936, 5, 109013, 2475602, 231448, 0);
INSERT INTO track (length, recording, name, position, artist_credit, id, tracklist, editpending) VALUES (306040, 2475603, 3287782, 6, 109013, 2475603, 231448, 0);
INSERT INTO track (length, recording, name, position, artist_credit, id, tracklist, editpending) VALUES (369666, 2475604, 3287784, 7, 109013, 2475604, 231448, 0);
INSERT INTO track (length, recording, name, position, artist_credit, id, tracklist, editpending) VALUES (542893, 2475605, 2369403, 8, 109013, 2475605, 231448, 0);
INSERT INTO track (length, recording, name, position, artist_credit, id, tracklist, editpending) VALUES (150666, 2475606, 3788560, 9, 109013, 2475606, 231448, 0);
INSERT INTO track (length, recording, name, position, artist_credit, id, tracklist, editpending) VALUES (280507, 2475607, 3287783, 10, 109013, 2475607, 231448, 0);
INSERT INTO medium (format, name, position, release, id, tracklist, editpending) VALUES (1, NULL, 1, 10171, 10171, 231448, 0);
INSERT INTO medium (format, name, position, release, id, tracklist, editpending) VALUES (1, NULL, 1, 10172, 10172, 231448, 0);
INSERT INTO tracklist (trackcount, id) VALUES (4, 244610);
INSERT INTO track_name (name, id) VALUES ('Sunday 5.17 AM', 3554314);
INSERT INTO recording (length, comment, name, artist_credit, id, editpending, gid) VALUES (313666, NULL, 3554314, 109013, 2639200, 0, '89f618af-a3a8-4384-a2cc-ebb524001a18');
INSERT INTO track_name (name, id) VALUES ('Dear Can (Maurice Fulton vocal mix)', 870414);
INSERT INTO recording (length, comment, name, artist_credit, id, editpending, gid) VALUES (287426, NULL, 870414, 109013, 2639201, 0, '2632bdce-f117-4373-9e88-9f80016c3c67');
INSERT INTO track_name (name, id) VALUES ('When the Going Gets Tough, the Tough Get Karazzee (Serious Bonus Beats mix)', 4254303);
INSERT INTO recording (length, comment, name, artist_credit, id, editpending, gid) VALUES (419533, NULL, 4254303, 109013, 2639202, 0, 'c29cfcfb-4daf-4160-859a-dc0a98783b99');
INSERT INTO track_name (name, id) VALUES ('Pardon My Freedom (Maurice Fulton instrumental mix)', 2806829);
INSERT INTO recording (length, comment, name, artist_credit, id, editpending, gid) VALUES (355933, NULL, 2806829, 109013, 2639203, 0, 'c89dcdb8-00db-486b-af8f-058e5619ba08');
INSERT INTO track (length, recording, name, position, artist_credit, id, tracklist, editpending) VALUES (313666, 2639200, 3554314, 1, 109013, 2639200, 244610, 0);
INSERT INTO track (length, recording, name, position, artist_credit, id, tracklist, editpending) VALUES (287426, 2639201, 870414, 2, 109013, 2639201, 244610, 0);
INSERT INTO track (length, recording, name, position, artist_credit, id, tracklist, editpending) VALUES (419533, 2639202, 4254303, 3, 109013, 2639202, 244610, 0);
INSERT INTO track (length, recording, name, position, artist_credit, id, tracklist, editpending) VALUES (355933, 2639203, 2806829, 4, 109013, 2639203, 244610, 0);
INSERT INTO medium (format, name, position, release, id, tracklist, editpending) VALUES (1, NULL, 1, 258191, 258191, 231448, 0);
INSERT INTO medium (format, name, position, release, id, tracklist, editpending) VALUES (1, NULL, 2, 258191, 42548, 244610, 0);
INSERT INTO release_name (name, id) VALUES ('For Beginner Piano', 216910);
INSERT INTO artist_name (name, id) VALUES ('Plone', 591913);
INSERT INTO artist_credit (artistcount, refcount, name, id) VALUES (1, 81, 591913, 11545);
INSERT INTO artist (country, sortname, name, enddate_day, begindate_day, comment, begindate_year, begindate_month, enddate_year, type, id, editpending, gender, enddate_month, gid) VALUES (NULL, 591913, 591913, NULL, NULL, NULL, NULL, NULL, NULL, 2, 11545, 0, NULL, NULL, '3088b672-fba9-4b4b-8ae0-dce13babfbb4');
INSERT INTO artist_credit_name (artist, name, position, artist_credit, joinphrase) VALUES (11545, 591913, 0, 11545, NULL);
INSERT INTO release_group (comment, name, type, artist_credit, id, editpending, gid) VALUES (NULL, 216910, 2, 11545, 155364, 0, '202cad78-a2e1-3fa7-b8bc-77c1f737e3da');
INSERT INTO release (date_day, status, release_group, packaging, id, quality, country, script, language, name, artist_credit, barcode, comment, date_year, date_month, gid, editpending) VALUES (13, 1, 155364, NULL, 24752, -1, 221, 28, 120, 216910, 11545, '5021603064126', NULL, 1999, 9, '4f5a6b97-a09b-4893-80d1-eae1f3bfa221', 0);
INSERT INTO release (date_day, status, release_group, packaging, id, quality, country, script, language, name, artist_credit, barcode, comment, date_year, date_month, gid, editpending) VALUES (23, 1, 155364, NULL, 243064, -1, 222, 28, 120, 216910, 11545, NULL, NULL, 1999, 9, 'fbe4eb72-0f24-3875-942e-f581589713d4', 0);
INSERT INTO release (date_day, status, release_group, packaging, id, quality, country, script, language, name, artist_credit, barcode, comment, date_year, date_month, gid, editpending) VALUES (13, 1, 155364, NULL, 654729, -1, 221, 28, 120, 216910, 11545, NULL, NULL, 1999, 9, 'dd66bfdd-6097-32e3-91b6-67f47ba25d4c', 0);
INSERT INTO tracklist (trackcount, id) VALUES (10, 155364);
INSERT INTO track_name (name, id) VALUES ('On My Bus', 2734593);
INSERT INTO recording (length, comment, name, artist_credit, id, editpending, gid) VALUES (267560, NULL, 2734593, 11545, 1542682, 0, '44704dda-b877-4551-a2a8-c1f764476e65');
INSERT INTO track_name (name, id) VALUES ('Top & Low Rent', 3953751);
INSERT INTO recording (length, comment, name, artist_credit, id, editpending, gid) VALUES (230506, NULL, 3953751, 11545, 1542683, 0, '8920288e-7541-48a7-b23b-f80447c8b1ab');
INSERT INTO track_name (name, id) VALUES ('Plock', 2901134);
INSERT INTO recording (length, comment, name, artist_credit, id, editpending, gid) VALUES (237133, NULL, 2901134, 11545, 1542684, 0, '6e89c516-b0b6-4735-a758-38e31855dcb6');
INSERT INTO track_name (name, id) VALUES ('Marbles', 2337544);
INSERT INTO recording (length, comment, name, artist_credit, id, editpending, gid) VALUES (229826, NULL, 2337544, 11545, 1542685, 0, '791d9b27-ae1a-4295-8943-ded4284f2122');
INSERT INTO track_name (name, id) VALUES ('Busy Working', 549782);
INSERT INTO recording (length, comment, name, artist_credit, id, editpending, gid) VALUES (217440, NULL, 549782, 11545, 1542686, 0, '4f392ffb-d3df-4f8a-ba74-fdecbb1be877');
INSERT INTO track_name (name, id) VALUES ('The Greek Alphabet', 3754543);
INSERT INTO recording (length, comment, name, artist_credit, id, editpending, gid) VALUES (227293, NULL, 3754543, 11545, 1542687, 0, 'dc891eca-bf42-4103-8682-86068fe732a5');
INSERT INTO track_name (name, id) VALUES ('Press a Key', 2949854);
INSERT INTO recording (length, comment, name, artist_credit, id, editpending, gid) VALUES (244506, NULL, 2949854, 11545, 1542688, 0, '25e9ae0f-8b7d-4230-9cde-9a07f7680e4a');
INSERT INTO track_name (name, id) VALUES ('Bibi Plone', 425243);
INSERT INTO recording (length, comment, name, artist_credit, id, editpending, gid) VALUES (173960, NULL, 425243, 11545, 1542689, 0, '6f9c8c32-3aae-4dad-b023-56389361cf6b');
INSERT INTO track_name (name, id) VALUES ('Be Rude to Your School', 413978);
INSERT INTO recording (length, comment, name, artist_credit, id, editpending, gid) VALUES (208706, NULL, 413978, 11545, 1542690, 0, '7e379a1d-f2bc-47b8-964e-00723df34c8a');
INSERT INTO track_name (name, id) VALUES ('Summer Plays Out', 3551566);
INSERT INTO recording (length, comment, name, artist_credit, id, editpending, gid) VALUES (320067, NULL, 3551566, 11545, 1542691, 0, 'a8614bda-42dc-43c7-ac5f-4067acb6f1c5');
INSERT INTO track (length, recording, name, position, artist_credit, id, tracklist, editpending) VALUES (267560, 1542682, 2734593, 1, 11545, 1542682, 155364, 0);
INSERT INTO track (length, recording, name, position, artist_credit, id, tracklist, editpending) VALUES (230506, 1542683, 3953751, 2, 11545, 1542683, 155364, 0);
INSERT INTO track (length, recording, name, position, artist_credit, id, tracklist, editpending) VALUES (237133, 1542684, 2901134, 3, 11545, 1542684, 155364, 0);
INSERT INTO track (length, recording, name, position, artist_credit, id, tracklist, editpending) VALUES (229826, 1542685, 2337544, 4, 11545, 1542685, 155364, 0);
INSERT INTO track (length, recording, name, position, artist_credit, id, tracklist, editpending) VALUES (217440, 1542686, 549782, 5, 11545, 1542686, 155364, 0);
INSERT INTO track (length, recording, name, position, artist_credit, id, tracklist, editpending) VALUES (227293, 1542687, 3754543, 6, 11545, 1542687, 155364, 0);
INSERT INTO track (length, recording, name, position, artist_credit, id, tracklist, editpending) VALUES (244506, 1542688, 2949854, 7, 11545, 1542688, 155364, 0);
INSERT INTO track (length, recording, name, position, artist_credit, id, tracklist, editpending) VALUES (173960, 1542689, 425243, 8, 11545, 1542689, 155364, 0);
INSERT INTO track (length, recording, name, position, artist_credit, id, tracklist, editpending) VALUES (208706, 1542690, 413978, 9, 11545, 1542690, 155364, 0);
INSERT INTO track (length, recording, name, position, artist_credit, id, tracklist, editpending) VALUES (320067, 1542691, 3551566, 10, 11545, 1542691, 155364, 0);
INSERT INTO medium (format, name, position, release, id, tracklist, editpending) VALUES (1, NULL, 1, 24752, 24752, 155364, 0);
INSERT INTO medium (format, name, position, release, id, tracklist, editpending) VALUES (1, NULL, 1, 243064, 243064, 155364, 0);
INSERT INTO medium_format (name, id, year) VALUES ('Vinyl', 7, 1895);
INSERT INTO medium (format, name, position, release, id, tracklist, editpending) VALUES (7, NULL, 1, 654729, 654729, 155364, 0);
INSERT INTO release_name (name, id) VALUES ('My Demons', 388860);
INSERT INTO artist_name (name, id) VALUES ('Distance', 194779);
INSERT INTO artist_credit (artistcount, refcount, name, id) VALUES (1, 173, 194779, 427385);
INSERT INTO artist (country, sortname, name, enddate_day, begindate_day, comment, begindate_year, begindate_month, enddate_year, type, id, editpending, gender, enddate_month, gid) VALUES (NULL, 194779, 194779, NULL, NULL, 'UK dubstep artist Greg Sanders', NULL, NULL, NULL, 1, 427385, 0, NULL, NULL, '472bc127-8861-45e8-bc9e-31e8dd32de7a');
INSERT INTO artist_name (name, id) VALUES ('DJ Distance', 197097);
INSERT INTO artist_alias (artist, name, locale, id, editpending) VALUES (427385, 194779, NULL, 65226, 0);
INSERT INTO artist_alias (artist, name, locale, id, editpending) VALUES (427385, 197097, NULL, 65227, 0);
INSERT INTO artist_credit_name (artist, name, position, artist_credit, joinphrase) VALUES (427385, 194779, 0, 427385, NULL);
INSERT INTO release_group (comment, name, type, artist_credit, id, editpending, gid) VALUES (NULL, 388860, 2, 427385, 597897, 0, '22b54315-6e51-350b-bb34-e6e16f7688bd');
INSERT INTO release (date_day, status, release_group, packaging, id, quality, country, script, language, name, artist_credit, barcode, comment, date_year, date_month, gid, editpending) VALUES (29, 1, 597897, NULL, 246898, -1, 221, 28, 120, 388860, 427385, NULL, NULL, 2007, 1, 'adcf7b48-086e-48ee-b420-1001f88d672f', 0);
INSERT INTO tracklist (trackcount, id) VALUES (12, 597897);
INSERT INTO track_name (name, id) VALUES ('Night Vision', 2608461);
INSERT INTO recording (length, comment, name, artist_credit, id, editpending, gid) VALUES (369000, NULL, 2608461, 427385, 6750260, 0, 'c4ef59be-bfa1-4601-81f8-9a65e3d8c1c9');
INSERT INTO track_name (name, id) VALUES ('My Demons', 2527121);
INSERT INTO recording (length, comment, name, artist_credit, id, editpending, gid) VALUES (291000, NULL, 2527121, 427385, 6750261, 0, '290792d5-5b32-4ba7-bd06-272589ab9669');
INSERT INTO track_name (name, id) VALUES ('Weigh Down', 4209127);
INSERT INTO recording (length, comment, name, artist_credit, id, editpending, gid) VALUES (348000, NULL, 4209127, 427385, 6750262, 0, 'ccb347ea-5123-4bc8-a1a8-f60cf5fee9ad');
INSERT INTO track_name (name, id) VALUES ('Traffic', 3971076);
INSERT INTO recording (length, comment, name, artist_credit, id, editpending, gid) VALUES (319000, NULL, 3971076, 427385, 6750263, 0, '03144356-5c08-47f8-8590-39a623cc5f36');
INSERT INTO track_name (name, id) VALUES ('Mistral', 2449005);
INSERT INTO recording (length, comment, name, artist_credit, id, editpending, gid) VALUES (280000, NULL, 2449005, 427385, 6750264, 0, '35db5502-4937-4653-8494-c4291f1f22fe');
INSERT INTO track_name (name, id) VALUES ('Cyclops', 819608);
INSERT INTO recording (length, comment, name, artist_credit, id, editpending, gid) VALUES (265000, NULL, 819608, 427385, 6750265, 0, 'a4eb6323-519d-44e4-8ab7-df0a0f9df349');
INSERT INTO track_name (name, id) VALUES ('Cella', 620783);
INSERT INTO recording (length, comment, name, artist_credit, id, editpending, gid) VALUES (334000, NULL, 620783, 427385, 6750266, 0, '7a356856-9483-42c2-bed9-dc07cb555952');
INSERT INTO track_name (name, id) VALUES ('Ska', 3336196);
INSERT INTO recording (length, comment, name, artist_credit, id, editpending, gid) VALUES (300000, NULL, 3336196, 427385, 6750267, 0, '3b869875-6f4e-40e8-abda-d14184b073cd');
INSERT INTO track_name (name, id) VALUES ('Fractured', 1322242);
INSERT INTO recording (length, comment, name, artist_credit, id, editpending, gid) VALUES (311000, NULL, 1322242, 427385, 6750268, 0, '34061710-6ed8-4999-9ee6-177bad0af0a3');
INSERT INTO track_name (name, id) VALUES ('Tuning', 4013459);
INSERT INTO recording (length, comment, name, artist_credit, id, editpending, gid) VALUES (272000, NULL, 4013459, 427385, 6750269, 0, '4ce2ac82-56f6-4a8a-af9b-33af6c67f30d');
INSERT INTO track_name (name, id) VALUES ('Confined', 760694);
INSERT INTO recording (length, comment, name, artist_credit, id, editpending, gid) VALUES (314000, NULL, 760694, 427385, 6750270, 0, 'e5a5847b-451b-4051-a09b-8295329097e3');
INSERT INTO track_name (name, id) VALUES ('Delight', 891265);
INSERT INTO recording (length, comment, name, artist_credit, id, editpending, gid) VALUES (339000, NULL, 891265, 427385, 6750271, 0, '9011e90d-b7e3-400b-b932-305f94608772');
INSERT INTO track (length, recording, name, position, artist_credit, id, tracklist, editpending) VALUES (369000, 6750260, 2608461, 1, 427385, 6750260, 597897, 0);
INSERT INTO track (length, recording, name, position, artist_credit, id, tracklist, editpending) VALUES (291000, 6750261, 2527121, 2, 427385, 6750261, 597897, 0);
INSERT INTO track (length, recording, name, position, artist_credit, id, tracklist, editpending) VALUES (348000, 6750262, 4209127, 3, 427385, 6750262, 597897, 0);
INSERT INTO track (length, recording, name, position, artist_credit, id, tracklist, editpending) VALUES (319000, 6750263, 3971076, 4, 427385, 6750263, 597897, 0);
INSERT INTO track (length, recording, name, position, artist_credit, id, tracklist, editpending) VALUES (280000, 6750264, 2449005, 5, 427385, 6750264, 597897, 0);
INSERT INTO track (length, recording, name, position, artist_credit, id, tracklist, editpending) VALUES (265000, 6750265, 819608, 6, 427385, 6750265, 597897, 0);
INSERT INTO track (length, recording, name, position, artist_credit, id, tracklist, editpending) VALUES (334000, 6750266, 620783, 7, 427385, 6750266, 597897, 0);
INSERT INTO track (length, recording, name, position, artist_credit, id, tracklist, editpending) VALUES (300000, 6750267, 3336196, 8, 427385, 6750267, 597897, 0);
INSERT INTO track (length, recording, name, position, artist_credit, id, tracklist, editpending) VALUES (311000, 6750268, 1322242, 9, 427385, 6750268, 597897, 0);
INSERT INTO track (length, recording, name, position, artist_credit, id, tracklist, editpending) VALUES (272000, 6750269, 4013459, 10, 427385, 6750269, 597897, 0);
INSERT INTO track (length, recording, name, position, artist_credit, id, tracklist, editpending) VALUES (314000, 6750270, 760694, 11, 427385, 6750270, 597897, 0);
INSERT INTO track (length, recording, name, position, artist_credit, id, tracklist, editpending) VALUES (339000, 6750271, 891265, 12, 427385, 6750271, 597897, 0);
INSERT INTO medium (format, name, position, release, id, tracklist, editpending) VALUES (1, NULL, 1, 246898, 246898, 597897, 0);
INSERT INTO release_name (name, id) VALUES ('Repercussions', 463036);
INSERT INTO release_group (comment, name, type, artist_credit, id, editpending, gid) VALUES (NULL, 463036, 2, 427385, 761939, 0, '56683a0b-45b8-3664-a231-5b68efe2e7e2');
INSERT INTO release (date_day, status, release_group, packaging, id, quality, country, script, language, name, artist_credit, barcode, comment, date_year, date_month, gid, editpending) VALUES (17, 1, 761939, NULL, 446581, -1, 221, 28, 120, 463036, 427385, NULL, NULL, 2008, 11, '3b3d130a-87a8-4a47-b9fb-920f2530d134', 0);
INSERT INTO tracklist (trackcount, id) VALUES (9, 761939);
INSERT INTO track_name (name, id) VALUES ('Magnesium', 2305824);
INSERT INTO recording (length, comment, name, artist_credit, id, editpending, gid) VALUES (308706, NULL, 2305824, 427385, 8509231, 0, '4f3321a6-7277-4c0e-808f-423b81e083e0');
INSERT INTO track_name (name, id) VALUES ('Out of Mind', 2773183);
INSERT INTO recording (length, comment, name, artist_credit, id, editpending, gid) VALUES (340626, NULL, 2773183, 427385, 8509232, 0, '1468c415-12bd-4fb9-b9e9-ca8d3f1df161');
INSERT INTO track_name (name, id) VALUES ('Free Me', 1331394);
INSERT INTO recording (length, comment, name, artist_credit, id, editpending, gid) VALUES (326066, NULL, 1331394, 427385, 8509233, 0, '4abc57ff-035a-4612-9b53-6962f8216c9b');
INSERT INTO track_name (name, id) VALUES ('Koncrete', 2021860);
INSERT INTO recording (length, comment, name, artist_credit, id, editpending, gid) VALUES (340133, NULL, 2021860, 427385, 8509234, 0, 'cd836930-a4c7-45ac-821f-5642e99d4428');
INSERT INTO track_name (name, id) VALUES ('Loosen My Grip', 2240657);
INSERT INTO recording (length, comment, name, artist_credit, id, editpending, gid) VALUES (353773, NULL, 2240657, 427385, 8509235, 0, 'cbd9e885-b160-4c3c-9b87-468914839d45');
INSERT INTO track_name (name, id) VALUES ('Repercussions', 3069280);
INSERT INTO recording (length, comment, name, artist_credit, id, editpending, gid) VALUES (296000, NULL, 3069280, 427385, 8509236, 0, '5a9d7af8-b149-4764-ad98-cf839a376a60');
INSERT INTO track_name (name, id) VALUES ('Mirror Tell', 2438970);
INSERT INTO recording (length, comment, name, artist_credit, id, editpending, gid) VALUES (329026, NULL, 2438970, 427385, 8509237, 0, '7e97f000-b36d-463e-bc86-795999fc9146');
INSERT INTO track_name (name, id) VALUES ('Sending Chills', 3239155);
INSERT INTO recording (length, comment, name, artist_credit, id, editpending, gid) VALUES (295786, NULL, 3239155, 427385, 8509238, 0, 'f08c7c21-252b-46a3-9af1-ee53fb07fb56');
INSERT INTO track_name (name, id) VALUES ('Skeleton Grin', 3338154);
INSERT INTO recording (length, comment, name, artist_credit, id, editpending, gid) VALUES (276373, NULL, 3338154, 427385, 8509239, 0, '9e57a454-076e-4c2f-91f5-7c95efd3e05e');
INSERT INTO track (length, recording, name, position, artist_credit, id, tracklist, editpending) VALUES (308706, 8509231, 2305824, 1, 427385, 8509231, 761939, 0);
INSERT INTO track (length, recording, name, position, artist_credit, id, tracklist, editpending) VALUES (340626, 8509232, 2773183, 2, 427385, 8509232, 761939, 0);
INSERT INTO track (length, recording, name, position, artist_credit, id, tracklist, editpending) VALUES (326066, 8509233, 1331394, 3, 427385, 8509233, 761939, 0);
INSERT INTO track (length, recording, name, position, artist_credit, id, tracklist, editpending) VALUES (340133, 8509234, 2021860, 4, 427385, 8509234, 761939, 0);
INSERT INTO track (length, recording, name, position, artist_credit, id, tracklist, editpending) VALUES (353773, 8509235, 2240657, 5, 427385, 8509235, 761939, 0);
INSERT INTO track (length, recording, name, position, artist_credit, id, tracklist, editpending) VALUES (296000, 8509236, 3069280, 6, 427385, 8509236, 761939, 0);
INSERT INTO track (length, recording, name, position, artist_credit, id, tracklist, editpending) VALUES (329026, 8509237, 2438970, 7, 427385, 8509237, 761939, 0);
INSERT INTO track (length, recording, name, position, artist_credit, id, tracklist, editpending) VALUES (295786, 8509238, 3239155, 8, 427385, 8509238, 761939, 0);
INSERT INTO track (length, recording, name, position, artist_credit, id, tracklist, editpending) VALUES (276373, 8509239, 3338154, 9, 427385, 8509239, 761939, 0);
INSERT INTO tracklist (trackcount, id) VALUES (9, 778874);
INSERT INTO track_name (name, id) VALUES ('V', 4088543);
INSERT INTO recording (length, comment, name, artist_credit, id, editpending, gid) VALUES (355346, NULL, 4088543, 427385, 8692017, 0, 'a242aea7-7eff-41b2-9c83-a41f7e7b2c84');
INSERT INTO track_name (name, id) VALUES ('Headstrung', 1536749);
INSERT INTO recording (length, comment, name, artist_credit, id, editpending, gid) VALUES (209826, NULL, 1536749, 427385, 8692018, 0, '11536500-0baa-492d-a821-3075ed66a3bc');
INSERT INTO track_name (name, id) VALUES ('Misfit', 2440657);
INSERT INTO recording (length, comment, name, artist_credit, id, editpending, gid) VALUES (291773, NULL, 2440657, 427385, 8692019, 0, '5c1b7a3d-89bd-408b-a0f5-3d7482c7dead');
INSERT INTO track_name (name, id) VALUES ('Present Day', 2949164);
INSERT INTO recording (length, comment, name, artist_credit, id, editpending, gid) VALUES (350120, NULL, 2949164, 427385, 8692020, 0, 'f2f8c768-4a5a-48a8-a7e0-e3385870e7aa');
INSERT INTO track_name (name, id) VALUES ('Feel Me', 1246855);
INSERT INTO recording (length, comment, name, artist_credit, id, editpending, gid) VALUES (317733, NULL, 1246855, 427385, 8692021, 0, '14d5dfdb-6aa8-45a9-b2dd-bc5ed23e6211');
INSERT INTO track_name (name, id) VALUES ('Radical', 3015246);
INSERT INTO recording (length, comment, name, artist_credit, id, editpending, gid) VALUES (325720, NULL, 3015246, 427385, 8692022, 0, '4deca105-005e-442e-b60d-f0d04f7f4e9d');
INSERT INTO track_name (name, id) VALUES ('No Sunshine', 2648422);
INSERT INTO recording (length, comment, name, artist_credit, id, editpending, gid) VALUES (334266, NULL, 2648422, 427385, 8692023, 0, 'de6d544e-914e-4f28-8f17-e83a1da7caa8');
INSERT INTO track_name (name, id) VALUES ('Victim Support', 4123588);
INSERT INTO recording (length, comment, name, artist_credit, id, editpending, gid) VALUES (305600, NULL, 4123588, 427385, 8692024, 0, 'd96d5cc7-7c31-4b4a-b38a-7d8bab3725f4');
INSERT INTO track_name (name, id) VALUES ('Battle Sequence', 381989);
INSERT INTO recording (length, comment, name, artist_credit, id, editpending, gid) VALUES (286186, NULL, 381989, 427385, 8692025, 0, '3f7ea9f9-1a8e-4f30-bcf4-54f79d0f7417');
INSERT INTO track (length, recording, name, position, artist_credit, id, tracklist, editpending) VALUES (355346, 8692017, 4088543, 1, 427385, 8692017, 778874, 0);
INSERT INTO track (length, recording, name, position, artist_credit, id, tracklist, editpending) VALUES (209826, 8692018, 1536749, 2, 427385, 8692018, 778874, 0);
INSERT INTO track (length, recording, name, position, artist_credit, id, tracklist, editpending) VALUES (291773, 8692019, 2440657, 3, 427385, 8692019, 778874, 0);
INSERT INTO track (length, recording, name, position, artist_credit, id, tracklist, editpending) VALUES (350120, 8692020, 2949164, 4, 427385, 8692020, 778874, 0);
INSERT INTO track (length, recording, name, position, artist_credit, id, tracklist, editpending) VALUES (317733, 8692021, 1246855, 5, 427385, 8692021, 778874, 0);
INSERT INTO track (length, recording, name, position, artist_credit, id, tracklist, editpending) VALUES (325720, 8692022, 3015246, 6, 427385, 8692022, 778874, 0);
INSERT INTO track (length, recording, name, position, artist_credit, id, tracklist, editpending) VALUES (334266, 8692023, 2648422, 7, 427385, 8692023, 778874, 0);
INSERT INTO track (length, recording, name, position, artist_credit, id, tracklist, editpending) VALUES (305600, 8692024, 4123588, 8, 427385, 8692024, 778874, 0);
INSERT INTO track (length, recording, name, position, artist_credit, id, tracklist, editpending) VALUES (286186, 8692025, 381989, 9, 427385, 8692025, 778874, 0);
INSERT INTO medium (format, name, position, release, id, tracklist, editpending) VALUES (1, NULL, 1, 446581, 446581, 761939, 0);
INSERT INTO medium (format, name, position, release, id, tracklist, editpending) VALUES (1, 'Chestplate Singles', 2, 446581, 467794, 778874, 0);

COMMIT;

